household_id,settlement_id,settlement_name,ward_code,lga_code,head_of_household_initials,structure_number,children_under5_last_round,last_visit_date,consent_to_follow_up,gps_longitude,gps_latitude
BAN-000001,S01139,Yeluwa-Tudun,W015,LGA01,S. Sule,167,2,2025-10-17,yes,7.713123,11.272077
BAN-000002,S02142,Balawo-Kofar,W033,LGA03,A. Gani,31,1,2025-11-04,yes,7.986222,11.177865
BAN-000003,S02142,Balawo-Kofar,W033,LGA03,S. Jibo,68,3,2025-12-01,yes,7.986657,11.177671
BAN-000004,S02142,Balawo-Kofar,W033,LGA03,Z. Pama,42,0,2025-10-25,yes,7.985362,11.178429
BAN-000005,S02142,Balawo-Kofar,W033,LGA03,H. Jibo,234,4,2025-10-05,yes,7.985413,11.177094
BAN-000006,S00353,Sushadu-Yamma,W004,LGA02,M. Jibo,76,2,2025-11-03,yes,7.17898,10.686658
BAN-000007,S00958,Fatima-Kudu,W013,LGA02,S. Lami,69,2,2025-10-15,no,7.482555,10.560044
BAN-000008,S00958,Fatima-Kudu,W013,LGA02,M. Gani,105,3,2025-11-23,yes,7.483753,10.560363
BAN-000009,S01721,Longota,W026,LGA03,K. Nura,29,2,2025-11-09,yes,7.73699,11.53402
BAN-000010,S01721,Longota,W026,LGA03,A. Funo,38,1,2025-10-21,yes,7.737322,11.531143
BAN-000011,S01721,Longota,W026,LGA03,Y. Musa,35,1,2025-11-25,yes,7.738889,11.532088
BAN-000012,S01721,Longota,W026,LGA03,M. Oje,207,1,2025-10-01,yes,7.739056,11.530765
BAN-000013,S01721,Longota,W026,LGA03,S. Wada,53,3,2025-10-08,yes,7.738307,11.531259
BAN-000014,S01960,Taladu,W030,LGA04,F. Ede,126,1,2025-11-16,no,8.01397,10.544217
BAN-000015,S00403,Ekngofa,W005,LGA02,H. Bala,108,2,2025-11-28,yes,7.344127,10.734577
BAN-000016,S00337,Agrale,W004,LGA02,F. Sule,62,1,2025-10-03,yes,7.223706,10.631861
BAN-000017,S00337,Agrale,W004,LGA02,B. Ede,150,1,2025-10-31,yes,7.225619,10.635118
BAN-000018,S02310,Sarafa,W036,LGA04,F. Ede,60,2,2025-10-03,yes,8.109691,10.693652
BAN-000019,S00663,Adlari-Kofar,W008,LGA01,S. Sule,33,4,2025-11-20,yes,7.193085,10.928275
BAN-000020,S00488,Biluba,W006,LGA01,Y. Bala,8,1,2025-12-08,yes,7.263166,11.201825
BAN-000021,S00340,Hatiwo-Sabo,W004,LGA02,U. Jibo,80,1,2025-11-12,no,7.188611,10.664284
BAN-000022,S00541,Dadeyi,W007,LGA01,B. Ede,20,2,2025-12-03,no,7.398575,11.142949
BAN-000023,S00541,Dadeyi,W007,LGA01,K. Umar,252,2,2025-10-08,no,7.397486,11.142952
BAN-000024,S01110,Oltsija,W015,LGA01,M. Yaro,42,0,2025-10-03,no,7.515351,11.195997
BAN-000025,S01110,Oltsija,W015,LGA01,S. Umar,182,2,2025-10-16,yes,7.51567,11.192588
BAN-000026,S01110,Oltsija,W015,LGA01,F. Zubi,65,2,2025-11-01,yes,7.518104,11.195329
BAN-000027,S00505,Oldeko,W006,LGA01,M. Lami,146,3,2025-10-01,yes,7.253708,11.245345
BAN-000028,S00505,Oldeko,W006,LGA01,Z. Zubi,92,4,2025-10-12,yes,7.253055,11.247587
BAN-000029,S00505,Oldeko,W006,LGA01,I. Dogo,93,4,2025-10-18,yes,7.252538,11.244864
BAN-000030,S00505,Oldeko,W006,LGA01,B. Wada,154,3,2025-11-28,yes,7.253484,11.245426
BAN-000031,S00505,Oldeko,W006,LGA01,I. Dogo,32,3,2025-11-04,yes,7.253655,11.244655
BAN-000032,S00505,Oldeko,W006,LGA01,S. Sule,88,3,2025-11-27,yes,7.254796,11.246377
BAN-000033,S01861,Famata,W029,LGA04,U. Umar,23,2,2025-11-19,yes,7.962367,11.094277
BAN-000034,S01861,Famata,W029,LGA04,F. Umar,180,1,2025-10-06,no,7.964553,11.093447
BAN-000035,S01861,Famata,W029,LGA04,H. Nura,152,4,2025-11-28,no,7.963675,11.095599
BAN-000036,S01861,Famata,W029,LGA04,U. Isa,60,4,2025-10-27,yes,7.963209,11.096409
BAN-000037,S00987,Lozayi,W013,LGA02,Z. Gani,81,2,2025-11-02,yes,7.38766,10.563247
BAN-000038,S00987,Lozayi,W013,LGA02,Y. Jibo,156,0,2025-11-14,yes,7.386977,10.562178
BAN-000039,S01013,Olngoru,W014,LGA01,U. Bala,81,2,2025-11-28,yes,7.507639,11.511073
BAN-000040,S01630,Uzdudu,W023,LGA03,B. Kabo,15,2,2025-11-08,yes,7.812539,11.24658
BAN-000041,S00034,Jitifa,W001,LGA01,K. Ede,239,0,2025-12-06,yes,7.07215,10.966081
BAN-000042,S00034,Jitifa,W001,LGA01,F. Cham,190,3,2025-11-15,yes,7.072017,10.964175
BAN-000043,S00034,Jitifa,W001,LGA01,M. Rabi,53,3,2025-11-20,no,7.07231,10.965455
BAN-000044,S00034,Jitifa,W001,LGA01,K. Haru,59,3,2025-11-16,yes,7.073241,10.965828
BAN-000045,S01826,Dotsiba-Kudu,W028,LGA04,R. Lami,1,2,2025-11-02,yes,7.999353,10.80415
BAN-000046,S01826,Dotsiba-Kudu,W028,LGA04,I. Rabi,42,2,2025-10-15,no,7.999269,10.802458
BAN-000047,S02130,Batiru,W033,LGA03,Z. Umar,41,3,2025-10-08,yes,7.953796,11.193906
BAN-000048,S02237,Irlaba,W035,LGA04,K. Musa,67,0,2025-11-23,no,8.229413,11.009535
BAN-000049,S02237,Irlaba,W035,LGA04,H. Jibo,159,1,2025-11-18,yes,8.229663,11.011269
BAN-000050,S02237,Irlaba,W035,LGA04,H. Kabo,8,0,2025-11-13,yes,8.227918,11.011477
BAN-000051,S02237,Irlaba,W035,LGA04,I. Umar,256,3,2025-11-28,yes,8.22931,11.009099
BAN-000052,S02237,Irlaba,W035,LGA04,A. Musa,56,4,2025-10-09,yes,8.228941,11.011409
BAN-000053,S01948,Lokoma,W030,LGA04,H. Abu,179,4,2025-11-26,yes,7.891968,10.653842
BAN-000054,S01948,Lokoma,W030,LGA04,M. Umar,209,4,2025-12-08,yes,7.893744,10.655126
BAN-000055,S01948,Lokoma,W030,LGA04,R. Gani,10,0,2025-12-03,yes,7.89301,10.65496
BAN-000056,S02163,Zamaru,W033,LGA03,A. Ede,13,3,2025-10-29,no,7.967706,11.194827
BAN-000057,S00415,Yedeja-Arewa,W006,LGA01,U. Sule,232,3,2025-12-01,yes,7.264356,11.222887
BAN-000058,S00415,Yedeja-Arewa,W006,LGA01,M. Ede,153,1,2025-10-30,yes,7.265842,11.223275
BAN-000059,S00901,Dayoni-Kudu,W011,LGA02,U. Gani,77,2,2025-12-08,no,7.709642,10.477017
BAN-000060,S00901,Dayoni-Kudu,W011,LGA02,A. Nura,167,2,2025-11-05,yes,7.708362,10.474996
BAN-000061,S01476,Tayoni,W020,LGA01,Z. Ede,77,0,2025-11-09,yes,7.597023,11.13734
BAN-000062,S01894,Jikode,W029,LGA04,Y. Pama,176,4,2025-10-13,yes,7.953232,10.966569
BAN-000063,S01894,Jikode,W029,LGA04,U. Umar,17,2,2025-10-29,yes,7.953374,10.96672
BAN-000064,S01894,Jikode,W029,LGA04,A. Pama,53,3,2025-10-02,yes,7.953728,10.96665
BAN-000065,S01377,Adrishi,W019,LGA04,F. Pama,179,0,2025-10-22,yes,7.579805,10.976117
BAN-000066,S01377,Adrishi,W019,LGA04,Y. Kabo,42,4,2025-10-18,yes,7.577795,10.97593
BAN-000067,S01377,Adrishi,W019,LGA04,U. Wada,134,3,2025-11-19,yes,7.578454,10.975384
BAN-000068,S01680,Jishari,W025,LGA04,F. Cham,247,0,2025-11-29,yes,7.773077,11.115488
BAN-000069,S01680,Jishari,W025,LGA04,R. Zubi,175,0,2025-12-06,yes,7.772048,11.115785
BAN-000070,S01492,Umdumi-Tudun,W020,LGA01,Z. Cham,236,1,2025-11-14,yes,7.730924,11.188821
BAN-000071,S01492,Umdumi-Tudun,W020,LGA01,F. Umar,153,3,2025-10-12,yes,7.730917,11.191128
BAN-000072,S02320,Kutina,W037,LGA03,I. Jibo,18,2,2025-11-12,yes,8.205708,11.510067
BAN-000073,S02320,Kutina,W037,LGA03,R. Sule,22,2,2025-11-13,yes,8.205219,11.511166
BAN-000074,S02320,Kutina,W037,LGA03,B. Gani,233,0,2025-11-11,yes,8.205964,11.510714
BAN-000075,S02320,Kutina,W037,LGA03,B. Wada,140,1,2025-10-21,yes,8.204464,11.510609
BAN-000076,S01639,Irtiwo,W024,LGA04,B. Isa,52,4,2025-11-29,yes,7.813153,10.735268
BAN-000077,S01639,Irtiwo,W024,LGA04,Y. Dogo,255,4,2025-11-22,yes,7.811784,10.735964
BAN-000078,S01699,Sajiba-Tudun,W025,LGA04,R. Yaro,101,3,2025-11-13,yes,7.820456,11.053421
BAN-000079,S00749,Subadu,W008,LGA01,Y. Abu,90,3,2025-11-09,yes,7.170705,10.915117
BAN-000080,S00814,Kasami,W009,LGA02,I. Dogo,181,1,2025-10-17,yes,7.511415,10.998517
BAN-000081,S00814,Kasami,W009,LGA02,B. Haru,62,4,2025-10-08,yes,7.510892,10.9979
BAN-000082,S00814,Kasami,W009,LGA02,S. Pama,119,0,2025-12-08,yes,7.511352,10.998585
BAN-000083,S02385,Dashatu,W038,LGA03,B. Oje,29,0,2025-12-02,no,8.417843,11.261035
BAN-000084,S02199,Adshale,W034,LGA03,R. Haru,143,1,2025-10-12,yes,8.16979,11.307974
BAN-000085,S02303,Agbashi,W036,LGA04,B. Haru,125,4,2025-10-23,yes,8.107797,10.748386
BAN-000086,S01738,Irrani,W026,LGA03,I. Ede,232,1,2025-11-29,yes,7.757718,11.395295
BAN-000087,S00661,Oldema,W008,LGA01,S. Nura,255,0,2025-11-25,yes,7.22541,10.933246
BAN-000088,S01242,Olratu,W016,LGA02,R. Umar,82,0,2025-10-01,yes,7.570607,10.504859
BAN-000089,S01363,Bitina,W018,LGA02,S. Kabo,53,3,2025-12-04,yes,7.602558,10.618737
BAN-000090,S01363,Bitina,W018,LGA02,K. Cham,212,0,2025-10-30,yes,7.603354,10.619593
BAN-000091,S01363,Bitina,W018,LGA02,H. Abu,58,2,2025-11-08,yes,7.601269,10.619918
BAN-000092,S01363,Bitina,W018,LGA02,Y. Tanko,177,0,2025-11-25,yes,7.603402,10.619169
BAN-000093,S01035,Okberi,W014,LGA01,K. Gani,163,2,2025-12-09,yes,7.373517,11.474009
BAN-000094,S01035,Okberi,W014,LGA01,I. Kabo,42,3,2025-12-04,yes,7.373409,11.475132
BAN-000095,S01035,Okberi,W014,LGA01,H. Lami,232,3,2025-10-18,yes,7.373462,11.474119
BAN-000096,S01035,Okberi,W014,LGA01,A. Wada,82,4,2025-11-10,yes,7.375858,11.474511
BAN-000097,S01035,Okberi,W014,LGA01,K. Kabo,164,3,2025-11-18,yes,7.374824,11.475818
BAN-000098,S00687,Batsisa,W008,LGA01,R. Rabi,217,3,2025-10-16,yes,7.368001,10.870504
BAN-000099,S00789,Matsima,W009,LGA02,U. Kabo,169,2,2025-11-22,yes,7.58331,10.950438
BAN-000100,S00789,Matsima,W009,LGA02,Y. Haru,76,1,2025-10-25,yes,7.582672,10.950657
BAN-000101,S00789,Matsima,W009,LGA02,I. Rabi,159,2,2025-12-01,yes,7.582546,10.950002
BAN-000102,S00789,Matsima,W009,LGA02,U. Gani,252,4,2025-11-28,yes,7.58274,10.951181
BAN-000103,S01475,Ibwaja,W020,LGA01,F. Tanko,157,4,2025-11-10,yes,7.596586,11.053878
BAN-000104,S00250,Bajifa,W003,LGA01,B. Funo,256,2,2025-11-02,yes,7.28929,11.120844
BAN-000105,S00250,Bajifa,W003,LGA01,K. Zubi,83,0,2025-11-17,yes,7.286477,11.120132
BAN-000106,S00250,Bajifa,W003,LGA01,S. Musa,59,3,2025-11-07,yes,7.288526,11.120866
BAN-000107,S01881,Sulale,W029,LGA04,Z. Ede,138,0,2025-12-01,yes,7.934042,11.042631
BAN-000108,S01376,Yewaba,W019,LGA04,M. Tanko,238,1,2025-11-06,yes,7.725997,10.849742
BAN-000109,S01783,Badeko,W027,LGA03,K. Musa,180,3,2025-10-04,yes,7.917398,11.462346
BAN-000110,S01783,Badeko,W027,LGA03,R. Cham,186,0,2025-10-01,yes,7.917282,11.461512
BAN-000111,S01783,Badeko,W027,LGA03,R. Zubi,242,2,2025-10-05,yes,7.917963,11.46259
BAN-000112,S01783,Badeko,W027,LGA03,M. Oje,84,4,2025-10-15,yes,7.916615,11.461498
BAN-000113,S00709,Kayomi,W008,LGA01,F. Tanko,186,2,2025-12-01,yes,7.406442,10.956884
BAN-000114,S02227,Talafa,W035,LGA04,R. Funo,247,3,2025-10-21,yes,8.288328,10.9531
BAN-000115,S02227,Talafa,W035,LGA04,R. Isa,57,3,2025-10-14,yes,8.289625,10.952905
BAN-000116,S00296,Uzbata,W003,LGA01,Y. Bala,159,3,2025-10-26,yes,7.245827,11.040843
BAN-000117,S00296,Uzbata,W003,LGA01,M. Rabi,226,0,2025-11-08,yes,7.244803,11.041321
BAN-000118,S00296,Uzbata,W003,LGA01,M. Haru,187,4,2025-11-24,yes,7.246631,11.041651
BAN-000119,S00296,Uzbata,W003,LGA01,S. Dogo,74,0,2025-10-22,yes,7.245782,11.042888
BAN-000120,S00296,Uzbata,W003,LGA01,K. Sule,218,4,2025-11-29,yes,7.245751,11.041131
BAN-000121,S01514,Daradu-Kudu,W021,LGA02,R. Nura,36,3,2025-10-18,yes,7.879211,10.467077
BAN-000122,S01514,Daradu-Kudu,W021,LGA02,F. Lami,178,4,2025-10-07,yes,7.878852,10.469489
BAN-000123,S01602,Adluna,W023,LGA03,Y. Haru,33,2,2025-11-27,yes,7.837822,11.130442
BAN-000124,S02272,Bishata,W035,LGA04,K. Pama,94,3,2025-10-16,no,8.25418,11.041194
BAN-000125,S02272,Bishata,W035,LGA04,B. Kabo,128,2,2025-11-03,no,8.255417,11.039839
BAN-000126,S02272,Bishata,W035,LGA04,K. Kabo,97,0,2025-11-04,yes,8.257644,11.041764
BAN-000127,S02272,Bishata,W035,LGA04,Y. Gani,110,0,2025-10-15,yes,8.255021,11.041168
BAN-000128,S02272,Bishata,W035,LGA04,B. Funo,176,3,2025-10-04,yes,8.256572,11.042432
BAN-000129,S02272,Bishata,W035,LGA04,H. Umar,153,0,2025-11-20,yes,8.25418,11.040804
BAN-000130,S00409,Famako,W006,LGA01,M. Ede,12,1,2025-11-09,yes,7.282851,11.331543
BAN-000131,S00409,Famako,W006,LGA01,F. Cham,58,1,2025-11-03,yes,7.28356,11.332711
BAN-000132,S00452,Kalude,W006,LGA01,S. Sule,30,3,2025-10-19,yes,7.251112,11.265388
BAN-000133,S00452,Kalude,W006,LGA01,B. Nura,43,4,2025-10-11,yes,7.253334,11.26241
BAN-000134,S00452,Kalude,W006,LGA01,U. Nura,186,1,2025-11-13,no,7.25148,11.263537
BAN-000135,S00452,Kalude,W006,LGA01,S. Kabo,205,3,2025-10-05,yes,7.252112,11.263114
BAN-000136,S00179,Yezawo,W002,LGA01,S. Zubi,66,1,2025-10-12,yes,7.109725,10.727674
BAN-000137,S00179,Yezawo,W002,LGA01,R. Jibo,142,2,2025-11-10,yes,7.109991,10.727531
BAN-000138,S00179,Yezawo,W002,LGA01,K. Umar,37,3,2025-11-10,yes,7.107977,10.729008
BAN-000139,S01599,Umnasa,W023,LGA03,M. Rabi,151,2,2025-10-17,yes,7.839519,11.226721
BAN-000140,S01599,Umnasa,W023,LGA03,H. Haru,69,4,2025-10-17,yes,7.840011,11.227837
BAN-000141,S01548,Salaja,W021,LGA02,U. Wada,107,3,2025-10-01,yes,7.861259,10.471247
BAN-000142,S01548,Salaja,W021,LGA02,B. Isa,256,0,2025-10-10,yes,7.863109,10.471663
BAN-000143,S01731,Kurama,W026,LGA03,H. Nura,93,2,2025-11-21,yes,7.731562,11.379583
BAN-000144,S01483,Irtsishi,W020,LGA01,M. Abu,254,2,2025-11-10,yes,7.55262,11.128396
BAN-000145,S01483,Irtsishi,W020,LGA01,Z. Haru,217,3,2025-10-20,yes,7.552119,11.128282
BAN-000146,S01483,Irtsishi,W020,LGA01,Y. Oje,118,4,2025-11-17,yes,7.551436,11.125904
BAN-000147,S01483,Irtsishi,W020,LGA01,H. Cham,9,3,2025-10-19,yes,7.551844,11.129106
BAN-000148,S02062,Longosa,W032,LGA04,Z. Wada,258,1,2025-10-06,yes,8.053853,10.894341
BAN-000149,S02062,Longosa,W032,LGA04,F. Haru,166,4,2025-10-20,yes,8.052221,10.894587
BAN-000150,S02062,Longosa,W032,LGA04,I. Musa,150,1,2025-11-20,yes,8.053266,10.894177
BAN-000151,S02139,Tademi,W033,LGA03,K. Jibo,154,2,2025-12-05,yes,8.057041,11.075911
BAN-000152,S02139,Tademi,W033,LGA03,U. Bala,202,0,2025-10-04,no,8.05588,11.076805
BAN-000153,S00735,Zaduko-Arewa,W008,LGA01,I. Zubi,103,4,2025-10-17,yes,7.220987,10.92987
BAN-000154,S01456,Kujidu-Kofar,W020,LGA01,A. Haru,70,1,2025-10-30,yes,7.71873,11.118388
BAN-000155,S01456,Kujidu-Kofar,W020,LGA01,H. Dogo,70,3,2025-11-08,yes,7.716546,11.118739
BAN-000156,S01713,Adtsima,W026,LGA03,U. Rabi,109,4,2025-10-30,yes,7.648069,11.402464
BAN-000157,S01713,Adtsima,W026,LGA03,Z. Haru,178,2,2025-10-27,yes,7.649957,11.402688
BAN-000158,S01717,Adrari,W026,LGA03,K. Abu,126,2,2025-11-29,yes,7.699226,11.526141
BAN-000159,S01717,Adrari,W026,LGA03,I. Isa,147,3,2025-11-07,yes,7.700557,11.524
BAN-000160,S01145,Dangode,W015,LGA01,H. Ede,16,0,2025-11-02,yes,7.493179,11.356756
BAN-000161,S01145,Dangode,W015,LGA01,B. Kabo,32,4,2025-10-29,yes,7.493459,11.356568
BAN-000162,S01145,Dangode,W015,LGA01,A. Cham,26,0,2025-10-30,yes,7.492764,11.355456
BAN-000163,S01145,Dangode,W015,LGA01,Z. Bala,123,2,2025-11-30,yes,7.493499,11.357272
BAN-000164,S01145,Dangode,W015,LGA01,Y. Yaro,216,3,2025-11-24,no,7.49291,11.354613
BAN-000165,S00690,Nulade-Sabo,W008,LGA01,B. Rabi,161,2,2025-10-26,yes,7.349705,10.864647
BAN-000166,S01715,Jitsiri,W026,LGA03,U. Pama,109,1,2025-11-28,yes,7.750583,11.412542
BAN-000167,S01715,Jitsiri,W026,LGA03,K. Sule,128,1,2025-10-30,yes,7.750729,11.411039
BAN-000168,S01715,Jitsiri,W026,LGA03,A. Jibo,243,2,2025-10-14,yes,7.749675,11.410297
BAN-000169,S01939,Bizadu,W030,LGA04,H. Yaro,96,0,2025-10-12,yes,7.992667,10.520725
BAN-000170,S01939,Bizadu,W030,LGA04,S. Wada,81,1,2025-10-31,yes,7.993166,10.522716
BAN-000171,S01550,Kungosa-Arewa,W021,LGA02,B. Bala,93,3,2025-11-27,yes,7.894693,10.543679
BAN-000172,S01550,Kungosa-Arewa,W021,LGA02,M. Funo,112,2,2025-11-26,yes,7.893408,10.544067
BAN-000173,S01550,Kungosa-Arewa,W021,LGA02,S. Sule,111,4,2025-11-11,yes,7.894981,10.542583
BAN-000174,S01550,Kungosa-Arewa,W021,LGA02,U. Yaro,19,0,2025-10-16,yes,7.893532,10.543783
BAN-000175,S01901,Fabawa,W029,LGA04,M. Musa,205,2,2025-12-09,yes,7.973626,11.04553
BAN-000176,S01901,Fabawa,W029,LGA04,M. Isa,60,2,2025-10-10,yes,7.974144,11.044824
BAN-000177,S01901,Fabawa,W029,LGA04,B. Jibo,171,4,2025-11-05,yes,7.97427,11.04585
BAN-000178,S01996,Dararu,W031,LGA03,I. Cham,200,0,2025-12-07,no,8.081432,11.324633
BAN-000179,S01440,Jidudu,W020,LGA01,M. Jibo,15,2,2025-10-08,yes,7.585388,11.073965
BAN-000180,S01440,Jidudu,W020,LGA01,M. Tanko,63,3,2025-11-02,yes,7.585456,11.074499
BAN-000181,S01440,Jidudu,W020,LGA01,F. Oje,256,4,2025-10-12,yes,7.586535,11.072936
BAN-000182,S01440,Jidudu,W020,LGA01,S. Kabo,183,1,2025-10-23,yes,7.584802,11.073332
BAN-000183,S01440,Jidudu,W020,LGA01,H. Nura,47,0,2025-10-09,no,7.585445,11.075771
BAN-000184,S00702,Bilaba,W008,LGA01,H. Zubi,16,2,2025-10-13,yes,7.25755,10.887668
BAN-000185,S00702,Bilaba,W008,LGA01,A. Funo,144,0,2025-10-24,yes,7.256857,10.888249
BAN-000186,S02078,Adzaja,W032,LGA04,A. Tanko,96,0,2025-12-03,yes,8.086377,10.908765
BAN-000187,S02078,Adzaja,W032,LGA04,Z. Isa,202,1,2025-10-20,yes,8.085346,10.908662
BAN-000188,S02078,Adzaja,W032,LGA04,S. Jibo,26,2,2025-11-22,yes,8.085749,10.908545
BAN-000189,S00583,Bideba,W007,LGA01,K. Haru,171,2,2025-10-23,yes,7.410652,11.150249
BAN-000190,S00583,Bideba,W007,LGA01,Z. Tanko,197,0,2025-10-03,yes,7.410976,11.150662
BAN-000191,S00583,Bideba,W007,LGA01,H. Isa,226,0,2025-12-07,yes,7.412189,11.151337
BAN-000192,S00583,Bideba,W007,LGA01,F. Pama,157,3,2025-10-11,yes,7.411851,11.150551
BAN-000193,S01070,Irdeni-Arewa,W014,LGA01,B. Haru,240,4,2025-11-28,yes,7.525315,11.507519
BAN-000194,S01070,Irdeni-Arewa,W014,LGA01,R. Umar,94,2,2025-10-07,no,7.525322,11.50717
BAN-000195,S01070,Irdeni-Arewa,W014,LGA01,K. Abu,107,4,2025-10-30,yes,7.524956,11.507307
BAN-000196,S01070,Irdeni-Arewa,W014,LGA01,S. Jibo,237,1,2025-11-20,yes,7.525836,11.506482
BAN-000197,S01070,Irdeni-Arewa,W014,LGA01,K. Isa,30,3,2025-10-22,yes,7.526411,11.505576
BAN-000198,S01844,Dozasa,W029,LGA04,R. Abu,215,4,2025-11-12,yes,7.956112,11.065488
BAN-000199,S01844,Dozasa,W029,LGA04,B. Bala,64,1,2025-10-13,yes,7.955705,11.06466
BAN-000200,S01844,Dozasa,W029,LGA04,Z. Oje,66,2,2025-10-29,yes,7.953964,11.065527
BAN-000201,S00893,Sashaba,W011,LGA02,M. Nura,108,1,2025-10-15,yes,7.730508,10.472678
BAN-000202,S00893,Sashaba,W011,LGA02,B. Funo,127,0,2025-10-02,yes,7.730166,10.471421
BAN-000203,S01051,Okshami-Yamma,W014,LGA01,Z. Yaro,241,4,2025-10-14,yes,7.469496,11.473492
BAN-000204,S01051,Okshami-Yamma,W014,LGA01,A. Dogo,65,3,2025-11-04,yes,7.469738,11.474822
BAN-000205,S01051,Okshami-Yamma,W014,LGA01,M. Yaro,253,0,2025-11-20,yes,7.467992,11.473191
BAN-000206,S01037,Kabeyi-Arewa,W014,LGA01,U. Musa,194,1,2025-12-04,yes,7.488932,11.47117
BAN-000207,S01037,Kabeyi-Arewa,W014,LGA01,H. Nura,249,1,2025-10-09,yes,7.488892,11.470734
BAN-000208,S01974,Kaluba,W030,LGA04,S. Zubi,193,0,2025-12-08,yes,8.053267,10.574314
BAN-000209,S01974,Kaluba,W030,LGA04,R. Ede,218,1,2025-11-17,yes,8.052226,10.572869
BAN-000210,S01974,Kaluba,W030,LGA04,U. Oje,99,2,2025-11-19,no,8.05389,10.574608
BAN-000211,S00202,Kudema-Gabas,W002,LGA01,I. Tanko,83,0,2025-12-01,yes,7.221385,10.804156
BAN-000212,S00524,Umnana-Tudun,W006,LGA01,Z. Umar,130,2,2025-11-11,yes,7.285547,11.175203
BAN-000213,S00524,Umnana-Tudun,W006,LGA01,S. Gani,106,1,2025-12-01,yes,7.284725,11.175151
BAN-000214,S00712,Gulako,W008,LGA01,I. Dogo,136,4,2025-10-25,yes,7.441037,10.949185
BAN-000215,S00712,Gulako,W008,LGA01,I. Yaro,110,2,2025-11-23,yes,7.442012,10.949729
BAN-000216,S00712,Gulako,W008,LGA01,M. Zubi,32,1,2025-11-20,yes,7.439578,10.948993
BAN-000217,S00712,Gulako,W008,LGA01,M. Dogo,78,2,2025-12-05,yes,7.442258,10.949439
BAN-000218,S02376,Sutile,W038,LGA03,I. Sule,223,0,2025-12-06,yes,8.365111,11.423849
BAN-000219,S01956,Oltsiwa,W030,LGA04,U. Oje,55,1,2025-11-04,yes,8.036807,10.579961
BAN-000220,S01956,Oltsiwa,W030,LGA04,H. Dogo,250,2,2025-10-30,yes,8.038891,10.579125
BAN-000221,S01278,Agrimi,W017,LGA03,Y. Lami,60,4,2025-11-11,yes,7.526592,11.424277
BAN-000222,S01278,Agrimi,W017,LGA03,U. Oje,138,3,2025-10-22,yes,7.527661,11.42515
BAN-000223,S01278,Agrimi,W017,LGA03,R. Abu,130,3,2025-11-30,yes,7.527964,11.425917
BAN-000224,S01278,Agrimi,W017,LGA03,Z. Abu,179,4,2025-10-05,yes,7.526762,11.423281
BAN-000225,S02141,Umlari,W033,LGA03,A. Musa,56,1,2025-10-07,yes,7.959834,11.16038
BAN-000226,S02141,Umlari,W033,LGA03,F. Ede,167,4,2025-10-24,yes,7.958804,11.158932
BAN-000227,S01814,Yezashi,W028,LGA04,I. Funo,161,3,2025-10-14,yes,7.979254,10.788948
BAN-000228,S01814,Yezashi,W028,LGA04,I. Cham,185,4,2025-11-21,yes,7.978924,10.789862
BAN-000229,S01147,Kanale,W015,LGA01,B. Musa,56,2,2025-10-01,yes,7.537971,11.286823
BAN-000230,S01147,Kanale,W015,LGA01,S. Umar,224,4,2025-11-04,yes,7.537862,11.288389
BAN-000231,S01147,Kanale,W015,LGA01,H. Gani,102,4,2025-12-03,yes,7.538251,11.287948
BAN-000232,S01147,Kanale,W015,LGA01,F. Lami,2,1,2025-10-10,yes,7.538453,11.28796
BAN-000233,S02368,Zabadu,W038,LGA03,M. Tanko,199,2,2025-11-27,yes,8.414793,11.276656
BAN-000234,S02368,Zabadu,W038,LGA03,M. Musa,155,0,2025-12-07,yes,8.413393,11.276981
BAN-000235,S00656,Okbaba-Tsakiya,W007,LGA01,I. Bala,248,4,2025-11-14,yes,7.382891,11.181963
BAN-000236,S00656,Okbaba-Tsakiya,W007,LGA01,H. Kabo,163,2,2025-10-23,yes,7.383402,11.181966
BAN-000237,S00656,Okbaba-Tsakiya,W007,LGA01,M. Gani,99,3,2025-10-29,yes,7.382819,11.183691
BAN-000238,S00656,Okbaba-Tsakiya,W007,LGA01,Y. Dogo,84,1,2025-10-26,yes,7.382357,11.18462
BAN-000239,S00111,Biduja-Sabo,W001,LGA01,Y. Musa,157,0,2025-10-26,yes,7.155063,11.167498
BAN-000240,S01771,Yengodu,W027,LGA03,B. Rabi,234,1,2025-11-08,yes,7.924462,11.462788
BAN-000241,S02171,Umngota-Kudu,W034,LGA03,I. Oje,80,4,2025-10-05,yes,8.112383,11.198112
BAN-000242,S02171,Umngota-Kudu,W034,LGA03,R. Funo,101,2,2025-11-04,yes,8.112038,11.198767
BAN-000243,S01790,Irkona,W027,LGA03,F. Ede,16,4,2025-10-25,yes,7.943327,11.507108
BAN-000244,S01790,Irkona,W027,LGA03,S. Funo,89,0,2025-10-06,yes,7.945544,11.506684
BAN-000245,S01790,Irkona,W027,LGA03,A. Funo,194,0,2025-10-24,no,7.944125,11.5048
BAN-000246,S01790,Irkona,W027,LGA03,S. Zubi,73,4,2025-12-07,yes,7.944931,11.507196
BAN-000247,S01790,Irkona,W027,LGA03,I. Funo,216,3,2025-10-14,yes,7.945248,11.50457
BAN-000248,S01790,Irkona,W027,LGA03,K. Gani,123,1,2025-11-04,yes,7.945032,11.504776
BAN-000249,S01790,Irkona,W027,LGA03,S. Pama,27,1,2025-10-25,yes,7.944194,11.505714
BAN-000250,S01790,Irkona,W027,LGA03,K. Lami,97,1,2025-10-14,yes,7.944122,11.506071
BAN-000251,S01065,Enshana,W014,LGA01,I. Oje,259,4,2025-11-17,yes,7.402497,11.424458
BAN-000252,S01855,Nukoma,W029,LGA04,S. Oje,257,1,2025-12-08,yes,8.036155,10.956539
BAN-000253,S00774,Susako,W008,LGA01,A. Musa,215,3,2025-11-10,yes,7.392134,10.928374
BAN-000254,S00774,Susako,W008,LGA01,I. Lami,256,2,2025-11-04,yes,7.392244,10.928814
BAN-000255,S00072,Irzatu,W001,LGA01,A. Haru,23,3,2025-10-13,yes,7.034382,11.087604
BAN-000256,S00072,Irzatu,W001,LGA01,F. Haru,64,1,2025-11-18,yes,7.034355,11.086166
BAN-000257,S00072,Irzatu,W001,LGA01,M. Zubi,121,3,2025-11-26,yes,7.033997,11.088707
BAN-000258,S02430,Satiba,W039,LGA04,U. Jibo,10,2,2025-10-31,yes,8.304696,10.832379
BAN-000259,S02430,Satiba,W039,LGA04,K. Gani,130,4,2025-12-08,yes,8.306294,10.832848
BAN-000260,S02430,Satiba,W039,LGA04,S. Yaro,53,0,2025-10-27,yes,8.306315,10.833771
BAN-000261,S00923,Nulako,W011,LGA02,Y. Lami,19,3,2025-10-11,yes,7.741758,10.471401
BAN-000262,S00490,Ibsayi,W006,LGA01,H. Ede,140,0,2025-10-12,yes,7.176549,11.334431
BAN-000263,S00490,Ibsayi,W006,LGA01,S. Pama,168,3,2025-10-10,yes,7.177619,11.333183
BAN-000264,S00141,Ribafa,W002,LGA01,I. Yaro,107,4,2025-11-19,yes,7.234485,10.784096
BAN-000265,S00141,Ribafa,W002,LGA01,R. Isa,76,0,2025-11-15,yes,7.236774,10.784247
BAN-000266,S00766,Umngosa,W008,LGA01,S. Nura,12,2,2025-11-21,yes,7.194046,10.914188
BAN-000267,S00766,Umngosa,W008,LGA01,I. Funo,259,2,2025-10-21,yes,7.195374,10.913439
BAN-000268,S02412,Fanale,W038,LGA03,Z. Sule,197,0,2025-10-08,yes,8.353799,11.39672
BAN-000269,S02412,Fanale,W038,LGA03,S. Kabo,184,3,2025-11-14,yes,8.354464,11.396416
BAN-000270,S02068,Nuraba-Yamma,W032,LGA04,Z. Nura,247,2,2025-10-13,yes,8.093543,10.895291
BAN-000271,S02068,Nuraba-Yamma,W032,LGA04,S. Umar,216,1,2025-12-09,yes,8.093854,10.89528
BAN-000272,S02068,Nuraba-Yamma,W032,LGA04,S. Tanko,171,0,2025-12-07,yes,8.093461,10.894758
BAN-000273,S00453,Adlashi,W006,LGA01,Y. Zubi,213,4,2025-11-29,yes,7.2628,11.246448
BAN-000274,S00453,Adlashi,W006,LGA01,I. Haru,140,3,2025-10-01,yes,7.263646,11.246166
BAN-000275,S00453,Adlashi,W006,LGA01,U. Funo,133,4,2025-11-30,yes,7.26334,11.247682
BAN-000276,S02113,Adkoba,W033,LGA03,I. Ede,190,0,2025-10-24,yes,7.985569,11.158893
BAN-000277,S02113,Adkoba,W033,LGA03,Z. Haru,203,0,2025-12-09,yes,7.98628,11.158179
BAN-000278,S02113,Adkoba,W033,LGA03,B. Rabi,114,4,2025-12-08,no,7.984057,11.159764
BAN-000279,S01586,Walashi-Kudu,W022,LGA03,A. Umar,240,3,2025-11-25,yes,8.191858,11.453678
BAN-000280,S01586,Walashi-Kudu,W022,LGA03,R. Musa,91,1,2025-11-18,yes,8.192679,11.454404
BAN-000281,S00158,Hangoshi,W002,LGA01,H. Lami,167,1,2025-10-17,yes,7.130572,10.76208
BAN-000282,S00158,Hangoshi,W002,LGA01,K. Funo,115,2,2025-11-26,yes,7.129703,10.762148
BAN-000283,S00073,Riyoma-Gabas,W001,LGA01,B. Nura,130,1,2025-10-29,no,7.017524,11.004347
BAN-000284,S00073,Riyoma-Gabas,W001,LGA01,Y. Abu,223,3,2025-10-12,yes,7.017318,11.002521
BAN-000285,S01666,Irrayi,W024,LGA04,A. Gani,31,0,2025-11-15,yes,7.820044,10.763934
BAN-000286,S00347,Fabemi-Kofar,W004,LGA02,I. Oje,196,2,2025-11-23,yes,7.262926,10.607834
BAN-000287,S00319,Rikoshi,W003,LGA01,I. Rabi,205,4,2025-10-03,yes,7.451604,11.052782
BAN-000288,S00319,Rikoshi,W003,LGA01,A. Oje,206,0,2025-11-14,no,7.449947,11.052317
BAN-000289,S00319,Rikoshi,W003,LGA01,A. Funo,107,0,2025-10-28,yes,7.450313,11.052351
BAN-000290,S00319,Rikoshi,W003,LGA01,H. Wada,158,2,2025-10-26,yes,7.449155,11.051362
BAN-000291,S00319,Rikoshi,W003,LGA01,F. Nura,55,0,2025-11-24,yes,7.45,11.051703
BAN-000292,S00834,Susayi,W010,LGA02,U. Musa,116,3,2025-10-27,yes,7.426729,10.865898
BAN-000293,S00834,Susayi,W010,LGA02,B. Yaro,10,3,2025-11-15,yes,7.426986,10.8655
BAN-000294,S02501,Sangota-Kofar,W040,LGA04,U. Oje,12,3,2025-10-26,yes,8.293261,11.222417
BAN-000295,S02501,Sangota-Kofar,W040,LGA04,Z. Yaro,174,0,2025-10-15,yes,8.293579,11.222148
BAN-000296,S02501,Sangota-Kofar,W040,LGA04,M. Ede,17,4,2025-10-09,yes,8.29321,11.221919
BAN-000297,S01354,Bidefa,W018,LGA02,K. Ede,64,0,2025-12-09,yes,7.577361,10.635367
BAN-000298,S01354,Bidefa,W018,LGA02,S. Dogo,36,2,2025-12-03,yes,7.57657,10.635608
BAN-000299,S01354,Bidefa,W018,LGA02,Y. Kabo,61,3,2025-10-09,yes,7.578062,10.636557
BAN-000300,S01354,Bidefa,W018,LGA02,U. Bala,80,1,2025-10-23,yes,7.576687,10.634873
BAN-000301,S01843,Biberi,W028,LGA04,A. Bala,214,0,2025-10-12,yes,7.905482,10.814504
BAN-000302,S01843,Biberi,W028,LGA04,K. Abu,185,1,2025-11-10,yes,7.90491,10.814887
BAN-000303,S01843,Biberi,W028,LGA04,I. Rabi,55,4,2025-11-20,yes,7.906726,10.814885
BAN-000304,S00343,Oklale,W004,LGA02,F. Tanko,87,0,2025-11-03,yes,7.184443,10.674245
BAN-000305,S02504,Dolade-Tudun,W040,LGA04,F. Dogo,86,4,2025-10-17,no,8.316243,11.157261
BAN-000306,S01498,Zabeni,W020,LGA01,K. Isa,130,0,2025-11-12,yes,7.710709,11.25808
BAN-000307,S01027,Suwama,W014,LGA01,U. Umar,53,1,2025-11-15,yes,7.370347,11.452528
BAN-000308,S01027,Suwama,W014,LGA01,F. Dogo,137,0,2025-11-19,yes,7.372632,11.453109
BAN-000309,S00817,Jijiwo,W009,LGA02,Y. Wada,158,3,2025-12-03,yes,7.554945,10.955695
BAN-000310,S00817,Jijiwo,W009,LGA02,M. Kabo,91,0,2025-11-22,yes,7.555402,10.955756
BAN-000311,S00817,Jijiwo,W009,LGA02,H. Tanko,123,4,2025-11-17,yes,7.5557,10.955012
BAN-000312,S00441,Kangotu,W006,LGA01,S. Abu,143,4,2025-10-18,yes,7.271106,11.247347
BAN-000313,S00447,Ollule,W006,LGA01,Z. Umar,38,3,2025-10-13,yes,7.181755,11.349946
BAN-000314,S00941,Doyoru,W012,LGA02,S. Oje,47,4,2025-10-17,no,7.328843,10.495913
BAN-000315,S00941,Doyoru,W012,LGA02,I. Bala,255,0,2025-11-24,yes,7.326687,10.494907
BAN-000316,S00941,Doyoru,W012,LGA02,Z. Funo,41,0,2025-11-29,yes,7.328254,10.495674
BAN-000317,S00941,Doyoru,W012,LGA02,U. Dogo,239,0,2025-11-19,yes,7.328737,10.495525
BAN-000318,S00941,Doyoru,W012,LGA02,I. Yaro,141,4,2025-11-18,yes,7.327252,10.494295
BAN-000319,S01792,Guwawo,W028,LGA04,Z. Sule,67,0,2025-10-25,yes,8.029746,10.922538
BAN-000320,S01792,Guwawo,W028,LGA04,U. Oje,16,4,2025-10-17,yes,8.031042,10.920673
BAN-000321,S01140,Irbetu,W015,LGA01,K. Musa,80,1,2025-10-12,yes,7.499472,11.230182
BAN-000322,S01140,Irbetu,W015,LGA01,K. Umar,178,4,2025-11-23,yes,7.498613,11.231775
BAN-000323,S01140,Irbetu,W015,LGA01,A. Musa,258,3,2025-10-15,yes,7.501395,11.231075
BAN-000324,S01140,Irbetu,W015,LGA01,B. Umar,162,3,2025-10-12,yes,7.499431,11.230772
BAN-000325,S01612,Nungoma,W023,LGA03,M. Pama,50,2,2025-10-22,yes,7.826568,11.136455
BAN-000326,S01612,Nungoma,W023,LGA03,U. Dogo,105,1,2025-10-10,yes,7.827306,11.136393
BAN-000327,S00821,Oktini,W009,LGA02,Z. Cham,87,3,2025-10-07,yes,7.531438,11.027137
BAN-000328,S02505,Ekngotu-Kudu,W040,LGA04,M. Wada,218,3,2025-10-18,yes,8.394133,11.03037
BAN-000329,S01287,Dotsile,W017,LGA03,A. Yaro,165,4,2025-10-12,yes,7.553933,11.394982
BAN-000330,S01287,Dotsile,W017,LGA03,Z. Wada,93,4,2025-11-22,no,7.553664,11.395408
BAN-000331,S01287,Dotsile,W017,LGA03,B. Gani,57,4,2025-11-02,yes,7.555542,11.396023
BAN-000332,S01287,Dotsile,W017,LGA03,M. Haru,77,2,2025-11-11,yes,7.552498,11.394004
BAN-000333,S02209,Losashi,W034,LGA03,Y. Yaro,52,0,2025-10-23,yes,8.261528,11.180884
BAN-000334,S00907,Jibari,W011,LGA02,K. Tanko,76,4,2025-11-29,yes,7.734831,10.405255
BAN-000335,S00907,Jibari,W011,LGA02,F. Kabo,47,2,2025-10-07,yes,7.736826,10.40556
BAN-000336,S00732,Zakotu,W008,LGA01,K. Oje,237,1,2025-11-30,yes,7.384545,10.960604
BAN-000337,S00732,Zakotu,W008,LGA01,K. Rabi,37,3,2025-12-09,yes,7.385273,10.963725
BAN-000338,S00732,Zakotu,W008,LGA01,F. Isa,79,2,2025-12-08,yes,7.384667,10.964467
BAN-000339,S00669,Nushafa,W008,LGA01,K. Umar,118,2,2025-10-19,yes,7.434873,10.949841
BAN-000340,S00669,Nushafa,W008,LGA01,A. Zubi,53,4,2025-10-10,yes,7.434468,10.9513
BAN-000341,S00669,Nushafa,W008,LGA01,S. Dogo,240,1,2025-11-08,yes,7.435039,10.951144
BAN-000342,S02151,Adshata,W033,LGA03,Z. Rabi,140,3,2025-11-26,yes,7.984559,11.20216
BAN-000343,S02346,Matidu,W037,LGA03,R. Jibo,38,0,2025-11-11,yes,8.210282,11.540716
BAN-000344,S02346,Matidu,W037,LGA03,M. Zubi,141,2,2025-11-12,yes,8.210768,11.541676
BAN-000345,S01570,Ekrishi,W022,LGA03,H. Abu,41,0,2025-10-07,yes,8.185644,11.454923
BAN-000346,S01570,Ekrishi,W022,LGA03,K. Isa,244,2,2025-11-22,yes,8.185467,11.454258
BAN-000347,S01570,Ekrishi,W022,LGA03,S. Isa,95,2,2025-10-01,yes,8.187258,11.454449
BAN-000348,S01570,Ekrishi,W022,LGA03,A. Lami,45,4,2025-11-17,yes,8.186415,11.454191
BAN-000349,S00384,Yemani,W005,LGA02,B. Cham,239,1,2025-11-04,yes,7.315818,10.77054
BAN-000350,S00384,Yemani,W005,LGA02,M. Haru,255,4,2025-11-23,yes,7.31762,10.772129
BAN-000351,S00384,Yemani,W005,LGA02,K. Zubi,209,3,2025-10-01,yes,7.317501,10.770961
BAN-000352,S00806,Ribeta,W009,LGA02,R. Funo,5,0,2025-10-02,no,7.497576,11.027744
BAN-000353,S02065,Zadedu,W032,LGA04,A. Dogo,250,2,2025-10-28,yes,8.088927,10.83649
BAN-000354,S01404,Zamani,W019,LGA04,S. Funo,117,3,2025-12-03,yes,7.592194,10.988952
BAN-000355,S01404,Zamani,W019,LGA04,H. Rabi,42,3,2025-10-03,yes,7.592375,10.988334
BAN-000356,S01127,Ibrasa,W015,LGA01,I. Zubi,136,4,2025-10-18,yes,7.723308,11.276531
BAN-000357,S01127,Ibrasa,W015,LGA01,H. Nura,136,1,2025-11-10,yes,7.724767,11.276946
BAN-000358,S01487,Sayoba-Kofar,W020,LGA01,Y. Ede,126,1,2025-12-01,yes,7.632761,11.072624
BAN-000359,S01737,Adkowa,W026,LGA03,U. Ede,115,4,2025-11-28,yes,7.734316,11.409787
BAN-000360,S01737,Adkowa,W026,LGA03,H. Wada,219,0,2025-11-11,no,7.733993,11.409092
BAN-000361,S01737,Adkowa,W026,LGA03,A. Dogo,65,3,2025-11-18,yes,7.733529,11.410144
BAN-000362,S00857,Baludu-Gabas,W010,LGA02,F. Umar,66,2,2025-11-09,yes,7.421784,10.880961
BAN-000363,S00857,Baludu-Gabas,W010,LGA02,K. Pama,185,4,2025-11-06,yes,7.420768,10.878796
BAN-000364,S00425,Kawama,W006,LGA01,S. Lami,216,1,2025-11-21,no,7.13488,11.188517
BAN-000365,S00425,Kawama,W006,LGA01,F. Pama,41,1,2025-11-11,yes,7.133308,11.188587
BAN-000366,S00425,Kawama,W006,LGA01,Y. Isa,124,3,2025-10-28,yes,7.134133,11.189618
BAN-000367,S02366,Yesari,W038,LGA03,F. Kabo,43,0,2025-11-27,yes,8.315175,11.426067
BAN-000368,S02366,Yesari,W038,LGA03,K. Dogo,228,2,2025-10-03,yes,8.31599,11.42443
BAN-000369,S02366,Yesari,W038,LGA03,Y. Abu,185,3,2025-10-10,no,8.315061,11.42528
BAN-000370,S02366,Yesari,W038,LGA03,R. Ede,122,2,2025-10-19,yes,8.316524,11.423257
BAN-000371,S02366,Yesari,W038,LGA03,K. Gani,56,3,2025-11-16,yes,8.316114,11.424206
BAN-000372,S01916,Umsani-Kofar,W029,LGA04,H. Musa,17,4,2025-10-21,yes,7.972331,10.957145
BAN-000373,S02187,Gujimi,W034,LGA03,F. Umar,220,3,2025-10-22,yes,8.273245,11.247667
BAN-000374,S02187,Gujimi,W034,LGA03,K. Zubi,95,3,2025-10-26,yes,8.274212,11.247463
BAN-000375,S02187,Gujimi,W034,LGA03,Y. Abu,222,4,2025-10-20,yes,8.276127,11.248749
BAN-000376,S02187,Gujimi,W034,LGA03,Z. Musa,31,2,2025-12-05,yes,8.272964,11.248343
BAN-000377,S02187,Gujimi,W034,LGA03,M. Gani,251,1,2025-12-07,yes,8.274259,11.250291
BAN-000378,S02187,Gujimi,W034,LGA03,A. Umar,53,1,2025-11-14,yes,8.274868,11.248131
BAN-000379,S02187,Gujimi,W034,LGA03,B. Jibo,71,1,2025-11-01,yes,8.27403,11.248515
BAN-000380,S01307,Lotina-Tudun,W017,LGA03,B. Gani,41,3,2025-12-08,yes,7.553409,11.417549
BAN-000381,S01307,Lotina-Tudun,W017,LGA03,M. Dogo,172,4,2025-12-08,yes,7.557679,11.416215
BAN-000382,S01307,Lotina-Tudun,W017,LGA03,S. Sule,28,2,2025-10-10,yes,7.554858,11.418439
BAN-000383,S00232,Olbawo,W003,LGA01,K. Jibo,6,1,2025-10-29,no,7.216823,10.997918
BAN-000384,S00232,Olbawo,W003,LGA01,Y. Bala,254,3,2025-10-03,yes,7.218974,10.998838
BAN-000385,S02332,Kuyowo-Yamma,W037,LGA03,K. Isa,230,2,2025-11-07,yes,8.239307,11.466808
BAN-000386,S02332,Kuyowo-Yamma,W037,LGA03,I. Umar,179,3,2025-10-10,yes,8.24373,11.466919
BAN-000387,S02332,Kuyowo-Yamma,W037,LGA03,H. Oje,224,0,2025-11-03,yes,8.241169,11.465243
BAN-000388,S02024,Irtiru,W031,LGA03,K. Yaro,104,0,2025-11-02,yes,7.9437,11.382477
BAN-000389,S02024,Irtiru,W031,LGA03,Y. Sule,82,4,2025-10-30,yes,7.944612,11.381289
BAN-000390,S02024,Irtiru,W031,LGA03,Y. Kabo,172,0,2025-11-21,yes,7.944222,11.382955
BAN-000391,S02024,Irtiru,W031,LGA03,F. Pama,41,4,2025-10-15,yes,7.944302,11.384935
BAN-000392,S02024,Irtiru,W031,LGA03,R. Musa,167,4,2025-11-27,no,7.945319,11.382549
BAN-000393,S00558,Okdutu,W007,LGA01,U. Gani,178,2,2025-11-06,yes,7.378883,11.160856
BAN-000394,S01060,Okdedu,W014,LGA01,K. Lami,146,1,2025-11-20,yes,7.426154,11.489783
BAN-000395,S01060,Okdedu,W014,LGA01,H. Wada,8,0,2025-12-03,yes,7.427626,11.487028
BAN-000396,S00084,Faluni,W001,LGA01,M. Gani,125,2,2025-10-17,yes,7.21297,11.120633
BAN-000397,S00084,Faluni,W001,LGA01,Y. Tanko,59,0,2025-10-17,yes,7.21289,11.11999
BAN-000398,S00568,Kangoma,W007,LGA01,I. Cham,104,3,2025-12-07,yes,7.373272,11.23413
BAN-000399,S00568,Kangoma,W007,LGA01,R. Jibo,61,1,2025-11-17,yes,7.372915,11.232124
BAN-000400,S00568,Kangoma,W007,LGA01,S. Umar,18,3,2025-12-08,yes,7.369237,11.232076
BAN-000401,S01560,Sujiyi-Yamma,W022,LGA03,I. Abu,156,0,2025-10-22,yes,8.186952,11.515557
BAN-000402,S01560,Sujiyi-Yamma,W022,LGA03,K. Bala,173,4,2025-12-09,yes,8.185027,11.516857
BAN-000403,S02307,Agtitu-Tudun,W036,LGA04,R. Haru,128,0,2025-10-17,yes,8.167214,10.661699
BAN-000404,S02307,Agtitu-Tudun,W036,LGA04,F. Ede,85,3,2025-10-01,yes,8.168179,10.66088
BAN-000405,S01248,Dalawa,W016,LGA02,R. Yaro,184,2,2025-11-09,yes,7.641523,10.504123
BAN-000406,S01248,Dalawa,W016,LGA02,M. Lami,169,0,2025-11-13,yes,7.641095,10.503704
BAN-000407,S01248,Dalawa,W016,LGA02,B. Funo,115,4,2025-10-04,yes,7.64049,10.503988
BAN-000408,S01461,Zabetu-Gabas,W020,LGA01,M. Pama,3,1,2025-10-25,yes,7.742966,11.142415
BAN-000409,S01200,Ektina,W015,LGA01,B. Abu,125,0,2025-10-14,yes,7.716774,11.276592
BAN-000410,S00448,Bayode,W006,LGA01,A. Haru,137,0,2025-10-08,yes,7.278519,11.214862
BAN-000411,S00448,Bayode,W006,LGA01,F. Funo,239,2,2025-10-04,yes,7.277657,11.213897
BAN-000412,S00448,Bayode,W006,LGA01,H. Umar,18,4,2025-11-29,yes,7.279902,11.214253
BAN-000413,S00807,Domade,W009,LGA02,S. Jibo,170,1,2025-12-05,yes,7.480379,11.00848
BAN-000414,S00807,Domade,W009,LGA02,S. Umar,188,4,2025-11-18,yes,7.480453,11.007272
BAN-000415,S00807,Domade,W009,LGA02,Y. Cham,99,1,2025-10-16,yes,7.478534,11.009457
BAN-000416,S00335,Halani,W004,LGA02,A. Sule,89,2,2025-10-07,yes,7.214205,10.656737
BAN-000417,S00335,Halani,W004,LGA02,U. Cham,202,4,2025-11-03,yes,7.215599,10.659242
BAN-000418,S02319,Gutiri,W037,LGA03,M. Wada,87,0,2025-10-21,yes,8.227883,11.537672
BAN-000419,S02319,Gutiri,W037,LGA03,F. Pama,176,4,2025-10-01,yes,8.227905,11.53587
BAN-000420,S02319,Gutiri,W037,LGA03,F. Abu,146,2,2025-10-30,no,8.2275,11.537349
BAN-000421,S02319,Gutiri,W037,LGA03,U. Wada,134,3,2025-10-24,yes,8.227435,11.538471
BAN-000422,S00030,Suriru,W001,LGA01,Z. Funo,188,4,2025-10-28,yes,7.07104,11.030269
BAN-000423,S00697,Agngoba,W008,LGA01,M. Jibo,202,0,2025-11-21,yes,7.444622,10.958086
BAN-000424,S00697,Agngoba,W008,LGA01,F. Oje,65,3,2025-11-04,yes,7.444495,10.956124
BAN-000425,S00697,Agngoba,W008,LGA01,H. Kabo,52,4,2025-11-01,yes,7.44471,10.954337
BAN-000426,S00697,Agngoba,W008,LGA01,I. Isa,238,1,2025-11-04,yes,7.444652,10.956226
BAN-000427,S00697,Agngoba,W008,LGA01,B. Abu,45,3,2025-11-10,yes,7.445283,10.9556
BAN-000428,S02265,Hanale,W035,LGA04,A. Tanko,91,2,2025-10-13,yes,8.229037,10.977467
BAN-000429,S01849,Ritide,W029,LGA04,U. Ede,206,0,2025-11-27,yes,7.963999,11.063983
BAN-000430,S01849,Ritide,W029,LGA04,Z. Wada,37,3,2025-11-20,yes,7.964807,11.063005
BAN-000431,S00060,Fanaja,W001,LGA01,K. Gani,67,0,2025-10-15,yes,7.152943,11.044042
BAN-000432,S00060,Fanaja,W001,LGA01,I. Zubi,178,4,2025-11-27,yes,7.151496,11.046184
BAN-000433,S00060,Fanaja,W001,LGA01,U. Nura,243,1,2025-12-04,yes,7.151211,11.043205
BAN-000434,S01493,Kukoru,W020,LGA01,R. Cham,233,1,2025-10-22,yes,7.70014,11.158293
BAN-000435,S02233,Uzjiko-Kudu,W035,LGA04,I. Kabo,181,4,2025-10-19,yes,8.206272,11.014432
BAN-000436,S00271,Bishana,W003,LGA01,M. Musa,205,2,2025-11-09,yes,7.225662,10.992628
BAN-000437,S00271,Bishana,W003,LGA01,Y. Lami,128,2,2025-11-16,yes,7.227706,10.993665
BAN-000438,S02268,Kanako-Gabas,W035,LGA04,I. Funo,134,2,2025-11-24,yes,8.245311,11.007602
BAN-000439,S01808,Oljita,W028,LGA04,I. Musa,253,2,2025-10-08,yes,7.981337,10.814241
BAN-000440,S01808,Oljita,W028,LGA04,Y. Rabi,131,3,2025-11-16,yes,7.982835,10.813574
BAN-000441,S01706,Zamale,W025,LGA04,Y. Lami,118,4,2025-10-20,no,7.812116,11.134164
BAN-000442,S01706,Zamale,W025,LGA04,M. Lami,129,3,2025-11-04,yes,7.81176,11.131563
BAN-000443,S01706,Zamale,W025,LGA04,I. Pama,40,3,2025-10-09,yes,7.812258,11.133568
BAN-000444,S01396,Bayowa-Kudu,W019,LGA04,R. Musa,120,4,2025-10-04,yes,7.671209,10.822511
BAN-000445,S01229,Rikoni-Sabo,W015,LGA01,K. Lami,81,2,2025-12-01,yes,7.512926,11.197795
BAN-000446,S01565,Adlutu,W022,LGA03,I. Lami,178,0,2025-11-24,no,8.003784,11.492306
BAN-000447,S00392,Jidule,W005,LGA02,K. Dogo,198,2,2025-11-06,yes,7.29797,10.750453
BAN-000448,S00582,Gushama,W007,LGA01,H. Oje,133,4,2025-10-30,yes,7.40737,11.237523
BAN-000449,S00377,Olduyi-Kudu,W005,LGA02,I. Umar,66,4,2025-10-12,yes,7.329409,10.780299
BAN-000450,S00377,Olduyi-Kudu,W005,LGA02,R. Pama,90,0,2025-10-07,no,7.327624,10.780457
BAN-000451,S00377,Olduyi-Kudu,W005,LGA02,R. Oje,257,2,2025-12-03,yes,7.328009,10.78151
BAN-000452,S00048,Taduri,W001,LGA01,F. Gani,194,0,2025-10-05,yes,7.038569,11.048371
BAN-000453,S00957,Adsako,W013,LGA02,B. Lami,111,2,2025-11-03,yes,7.500093,10.667183
BAN-000454,S00957,Adsako,W013,LGA02,H. Haru,79,0,2025-10-01,no,7.501802,10.668017
BAN-000455,S00957,Adsako,W013,LGA02,S. Zubi,143,3,2025-10-24,yes,7.501817,10.66805
BAN-000456,S00724,Okwale,W008,LGA01,R. Kabo,213,1,2025-10-31,yes,7.428305,10.975194
BAN-000457,S00724,Okwale,W008,LGA01,Z. Yaro,70,1,2025-10-09,yes,7.429096,10.974707
BAN-000458,S00724,Okwale,W008,LGA01,R. Abu,239,0,2025-11-06,yes,7.42981,10.97632
BAN-000459,S00724,Okwale,W008,LGA01,F. Lami,69,2,2025-10-07,yes,7.430087,10.976169
BAN-000460,S02323,Gutsifa,W037,LGA03,F. Ede,244,3,2025-10-14,yes,8.185136,11.526785
BAN-000461,S00209,Yetsiwa-Kudu,W002,LGA01,B. Kabo,55,3,2025-11-16,yes,7.236839,10.784861
BAN-000462,S00209,Yetsiwa-Kudu,W002,LGA01,F. Musa,98,1,2025-10-08,yes,7.235133,10.786794
BAN-000463,S00209,Yetsiwa-Kudu,W002,LGA01,I. Bala,33,0,2025-10-13,yes,7.237333,10.785942
BAN-000464,S02463,Waduni,W039,LGA04,K. Yaro,257,4,2025-11-11,yes,8.233691,10.817708
BAN-000465,S02052,Oktsiru,W032,LGA04,H. Pama,30,4,2025-10-29,yes,8.090542,10.848419
BAN-000466,S02052,Oktsiru,W032,LGA04,U. Nura,255,3,2025-10-08,yes,8.088817,10.847973
BAN-000467,S02052,Oktsiru,W032,LGA04,S. Umar,28,0,2025-10-03,yes,8.088456,10.848999
BAN-000468,S02107,Ibkoru,W033,LGA03,H. Isa,216,3,2025-10-28,yes,7.988388,11.145254
BAN-000469,S01876,Malaru,W029,LGA04,Y. Abu,130,2,2025-12-07,yes,7.961672,11.097231
BAN-000470,S01876,Malaru,W029,LGA04,B. Gani,170,4,2025-12-05,yes,7.962197,11.096736
BAN-000471,S00769,Kushata,W008,LGA01,U. Bala,65,2,2025-11-12,yes,7.394356,10.962009
BAN-000472,S00769,Kushata,W008,LGA01,F. Pama,131,2,2025-12-02,yes,7.394423,10.962131
BAN-000473,S00260,Tadedu,W003,LGA01,I. Abu,117,0,2025-11-12,no,7.433992,10.995876
BAN-000474,S00260,Tadedu,W003,LGA01,S. Dogo,22,4,2025-11-11,yes,7.434517,10.995773
BAN-000475,S00260,Tadedu,W003,LGA01,I. Isa,218,1,2025-10-26,yes,7.436044,10.996611
BAN-000476,S01482,Saduma,W020,LGA01,U. Cham,241,0,2025-11-26,no,7.767257,11.132956
BAN-000477,S01482,Saduma,W020,LGA01,S. Dogo,155,2,2025-10-12,yes,7.766572,11.133649
BAN-000478,S01482,Saduma,W020,LGA01,R. Rabi,215,2,2025-12-08,yes,7.76655,11.132554
BAN-000479,S01482,Saduma,W020,LGA01,M. Jibo,112,3,2025-10-13,no,7.76803,11.132559
BAN-000480,S02479,Irngodu,W040,LGA04,A. Pama,225,1,2025-10-09,yes,8.381653,11.161865
BAN-000481,S02479,Irngodu,W040,LGA04,H. Nura,11,2,2025-11-21,yes,8.383383,11.161613
BAN-000482,S00865,Tashade-Gabas,W010,LGA02,R. Sule,2,0,2025-11-20,yes,7.421738,10.879258
BAN-000483,S00865,Tashade-Gabas,W010,LGA02,Y. Pama,120,1,2025-10-21,yes,7.422422,10.879113
BAN-000484,S00865,Tashade-Gabas,W010,LGA02,I. Bala,90,4,2025-11-25,yes,7.421561,10.879632
BAN-000485,S02381,Wangowa,W038,LGA03,B. Isa,120,2,2025-11-16,yes,8.418067,11.312646
BAN-000486,S02381,Wangowa,W038,LGA03,A. Gani,21,2,2025-10-04,yes,8.417871,11.312061
BAN-000487,S02381,Wangowa,W038,LGA03,Z. Lami,144,1,2025-10-30,yes,8.415352,11.311796
BAN-000488,S02291,Ringofa-Kofar,W036,LGA04,R. Dogo,60,0,2025-11-06,yes,8.093897,10.716033
BAN-000489,S00454,Bazasa,W006,LGA01,R. Sule,32,3,2025-10-21,yes,7.247041,11.226206
BAN-000490,S00454,Bazasa,W006,LGA01,Y. Ede,122,4,2025-10-13,yes,7.246556,11.226436
BAN-000491,S00454,Bazasa,W006,LGA01,M. Lami,4,0,2025-10-19,yes,7.246083,11.227955
BAN-000492,S00454,Bazasa,W006,LGA01,U. Gani,92,1,2025-12-02,yes,7.246796,11.226135
BAN-000493,S00317,Agmami,W003,LGA01,Z. Lami,34,2,2025-12-04,yes,7.369825,11.132649
BAN-000494,S00317,Agmami,W003,LGA01,F. Kabo,256,0,2025-10-11,yes,7.3698,11.131411
BAN-000495,S00317,Agmami,W003,LGA01,Z. Ede,96,0,2025-11-09,yes,7.369832,11.130834
BAN-000496,S00317,Agmami,W003,LGA01,K. Rabi,90,2,2025-11-25,yes,7.369961,11.131028
BAN-000497,S00236,Yetija,W003,LGA01,B. Yaro,100,3,2025-12-05,yes,7.279123,11.106652
BAN-000498,S00236,Yetija,W003,LGA01,K. Dogo,147,2,2025-10-05,yes,7.278745,11.105876
BAN-000499,S00236,Yetija,W003,LGA01,A. Ede,225,1,2025-10-22,yes,7.279935,11.104884
BAN-000500,S00984,Enlawo-Tudun,W013,LGA02,M. Musa,44,1,2025-11-23,yes,7.524069,10.64268
BAN-000501,S01407,Sasadu,W019,LGA04,A. Oje,92,4,2025-10-10,yes,7.712696,10.864726
BAN-000502,S01847,Dajitu-Yamma,W029,LGA04,M. Tanko,137,3,2025-11-04,no,7.88264,10.979227
BAN-000503,S01847,Dajitu-Yamma,W029,LGA04,Y. Umar,169,0,2025-11-14,no,7.88417,10.982323
BAN-000504,S01847,Dajitu-Yamma,W029,LGA04,Y. Bala,70,4,2025-11-15,yes,7.884913,10.980102
BAN-000505,S01847,Dajitu-Yamma,W029,LGA04,Z. Abu,142,2,2025-11-18,yes,7.883867,10.979052
BAN-000506,S01847,Dajitu-Yamma,W029,LGA04,R. Haru,206,2,2025-11-27,yes,7.883622,10.982885
BAN-000507,S00637,Sutita,W007,LGA01,I. Pama,158,2,2025-10-11,yes,7.408522,11.150282
BAN-000508,S01403,Nunawa-Kofar,W019,LGA04,F. Pama,2,2,2025-10-31,no,7.712129,10.860001
BAN-000509,S01403,Nunawa-Kofar,W019,LGA04,U. Kabo,134,0,2025-10-20,yes,7.712203,10.857459
BAN-000510,S00615,Ekkoyi,W007,LGA01,Y. Rabi,252,2,2025-10-22,yes,7.359757,11.234187
BAN-000511,S00469,Oksawa,W006,LGA01,Z. Dogo,156,2,2025-10-20,yes,7.191224,11.29977
BAN-000512,S00469,Oksawa,W006,LGA01,M. Bala,184,2,2025-10-25,yes,7.190983,11.301831
BAN-000513,S00469,Oksawa,W006,LGA01,H. Musa,144,4,2025-11-21,yes,7.188698,11.298807
BAN-000514,S02191,Agyosa-Yamma,W034,LGA03,A. Tanko,146,0,2025-11-21,yes,8.237173,11.219129
BAN-000515,S02191,Agyosa-Yamma,W034,LGA03,Z. Sule,67,4,2025-11-04,yes,8.239129,11.219653
BAN-000516,S01600,Dashami,W023,LGA03,B. Nura,140,3,2025-11-30,yes,7.827095,11.262094
BAN-000517,S01600,Dashami,W023,LGA03,R. Tanko,55,2,2025-11-10,yes,7.826025,11.260283
BAN-000518,S01600,Dashami,W023,LGA03,K. Dogo,193,4,2025-10-27,yes,7.826504,11.261216
BAN-000519,S01892,Gubewo,W029,LGA04,F. Yaro,174,1,2025-10-17,yes,7.962943,10.958614
BAN-000520,S02510,Adlude,W040,LGA04,A. Sule,188,1,2025-11-02,yes,8.402903,11.203938
BAN-000521,S02510,Adlude,W040,LGA04,I. Umar,137,1,2025-11-14,yes,8.403115,11.203682
BAN-000522,S02510,Adlude,W040,LGA04,B. Musa,96,0,2025-11-04,yes,8.403061,11.203069
BAN-000523,S01860,Haduwa,W029,LGA04,S. Funo,109,3,2025-11-19,yes,7.960046,11.080914
BAN-000524,S01860,Haduwa,W029,LGA04,Y. Pama,132,4,2025-10-28,yes,7.959512,11.081219
BAN-000525,S01519,Zasale,W021,LGA02,F. Haru,142,3,2025-10-29,yes,7.749535,10.607987
BAN-000526,S01519,Zasale,W021,LGA02,F. Funo,131,2,2025-10-06,yes,7.749007,10.61235
BAN-000527,S01519,Zasale,W021,LGA02,H. Rabi,34,2,2025-10-10,yes,7.750626,10.610866
BAN-000528,S01519,Zasale,W021,LGA02,A. Tanko,191,0,2025-11-03,yes,7.749917,10.60992
BAN-000529,S01614,Jilani-Gabas,W023,LGA03,Y. Wada,174,3,2025-10-22,yes,7.875197,11.216888
BAN-000530,S01614,Jilani-Gabas,W023,LGA03,S. Yaro,209,1,2025-10-10,yes,7.874745,11.218903
BAN-000531,S01614,Jilani-Gabas,W023,LGA03,Y. Nura,239,4,2025-10-03,no,7.873941,11.219803
BAN-000532,S01455,Zazata,W020,LGA01,I. Bala,72,4,2025-11-26,yes,7.672304,11.067579
BAN-000533,S01455,Zazata,W020,LGA01,K. Zubi,139,0,2025-11-24,yes,7.672684,11.068703
BAN-000534,S01441,Lolako,W020,LGA01,S. Funo,76,4,2025-12-08,yes,7.711283,11.149716
BAN-000535,S01441,Lolako,W020,LGA01,Y. Ede,117,0,2025-11-01,yes,7.711353,11.149225
BAN-000536,S01441,Lolako,W020,LGA01,M. Pama,97,0,2025-10-11,yes,7.709745,11.149855
BAN-000537,S02037,Yemata,W031,LGA03,H. Kabo,179,2,2025-10-16,yes,7.979166,11.418562
BAN-000538,S02037,Yemata,W031,LGA03,Z. Jibo,221,4,2025-10-20,yes,7.975534,11.417047
BAN-000539,S02037,Yemata,W031,LGA03,K. Kabo,223,2,2025-11-04,yes,7.97909,11.419138
BAN-000540,S00331,Bawari-Yamma,W004,LGA02,S. Lami,192,0,2025-10-07,yes,7.228458,10.585759
BAN-000541,S00331,Bawari-Yamma,W004,LGA02,U. Sule,72,1,2025-10-22,yes,7.226713,10.585487
BAN-000542,S00331,Bawari-Yamma,W004,LGA02,Y. Bala,234,0,2025-11-03,yes,7.228752,10.586355
BAN-000543,S00331,Bawari-Yamma,W004,LGA02,R. Jibo,195,3,2025-10-14,no,7.228343,10.585694
BAN-000544,S00376,Yerita,W005,LGA02,K. Oje,93,3,2025-10-02,yes,7.337112,10.776667
BAN-000545,S00376,Yerita,W005,LGA02,K. Gani,164,4,2025-11-13,yes,7.337631,10.776985
BAN-000546,S00376,Yerita,W005,LGA02,Z. Lami,149,0,2025-11-02,yes,7.337568,10.774987
BAN-000547,S00053,Hatsiwo,W001,LGA01,M. Rabi,144,2,2025-12-03,yes,7.063741,11.056062
BAN-000548,S00053,Hatsiwo,W001,LGA01,F. Lami,143,1,2025-11-23,no,7.064264,11.056055
BAN-000549,S00053,Hatsiwo,W001,LGA01,I. Bala,213,4,2025-10-26,no,7.064869,11.055573
BAN-000550,S00053,Hatsiwo,W001,LGA01,I. Sule,197,3,2025-11-13,yes,7.06422,11.055546
BAN-000551,S00053,Hatsiwo,W001,LGA01,Y. Nura,117,1,2025-11-09,yes,7.065299,11.056124
BAN-000552,S00342,Okbele,W004,LGA02,B. Gani,184,2,2025-10-27,yes,7.195816,10.670543
BAN-000553,S00342,Okbele,W004,LGA02,H. Jibo,212,1,2025-10-16,yes,7.195446,10.67052
BAN-000554,S01723,Ibjidu,W026,LGA03,Z. Rabi,155,1,2025-12-02,yes,7.729286,11.514908
BAN-000555,S01723,Ibjidu,W026,LGA03,H. Haru,169,2,2025-11-26,yes,7.728816,11.516217
BAN-000556,S01723,Ibjidu,W026,LGA03,F. Zubi,155,3,2025-11-23,yes,7.72828,11.515487
BAN-000557,S01723,Ibjidu,W026,LGA03,I. Cham,99,1,2025-12-04,yes,7.726292,11.515856
BAN-000558,S01723,Ibjidu,W026,LGA03,K. Dogo,190,1,2025-11-25,yes,7.728564,11.51737
BAN-000559,S01723,Ibjidu,W026,LGA03,U. Pama,221,3,2025-11-13,yes,7.72754,11.517172
BAN-000560,S01723,Ibjidu,W026,LGA03,F. Sule,108,0,2025-10-27,yes,7.729599,11.516874
BAN-000561,S02469,Guwari,W039,LGA04,A. Rabi,177,3,2025-10-31,no,8.344349,10.937069
BAN-000562,S02469,Guwari,W039,LGA04,I. Pama,33,0,2025-11-25,yes,8.344976,10.937483
BAN-000563,S00122,Zajija,W002,LGA01,B. Rabi,17,1,2025-10-21,yes,7.1929,10.733192
BAN-000564,S00978,Mangoko,W013,LGA02,K. Isa,135,1,2025-11-01,yes,7.492452,10.650753
BAN-000565,S01205,Tatsiwo,W015,LGA01,K. Haru,172,0,2025-12-08,yes,7.491301,11.214228
BAN-000566,S01205,Tatsiwo,W015,LGA01,I. Lami,39,3,2025-11-02,yes,7.492585,11.214452
BAN-000567,S01205,Tatsiwo,W015,LGA01,Y. Kabo,211,2,2025-11-09,yes,7.493649,11.213753
BAN-000568,S01205,Tatsiwo,W015,LGA01,S. Funo,128,2,2025-10-30,yes,7.495017,11.215004
BAN-000569,S01205,Tatsiwo,W015,LGA01,F. Ede,30,0,2025-11-25,yes,7.49533,11.214485
BAN-000570,S00123,Mabani,W002,LGA01,R. Yaro,48,3,2025-11-07,yes,7.034976,10.880141
BAN-000571,S00123,Mabani,W002,LGA01,A. Wada,99,2,2025-12-04,yes,7.035705,10.880479
BAN-000572,S00123,Mabani,W002,LGA01,A. Kabo,70,0,2025-10-02,yes,7.033196,10.88196
BAN-000573,S02472,Uzmaja,W040,LGA04,R. Pama,224,3,2025-11-13,yes,8.326732,11.212354
BAN-000574,S02357,Wajiwo,W037,LGA03,Z. Ede,168,4,2025-10-16,yes,8.218904,11.504229
BAN-000575,S02357,Wajiwo,W037,LGA03,U. Lami,94,0,2025-11-30,yes,8.221265,11.502735
BAN-000576,S02357,Wajiwo,W037,LGA03,F. Yaro,183,2,2025-11-18,yes,8.220691,11.504092
BAN-000577,S02357,Wajiwo,W037,LGA03,H. Gani,251,4,2025-11-29,yes,8.222343,11.505644
BAN-000578,S02462,Dowadu-Kudu,W039,LGA04,I. Zubi,68,0,2025-11-28,yes,8.323452,10.918046
BAN-000579,S02462,Dowadu-Kudu,W039,LGA04,R. Zubi,225,1,2025-10-17,yes,8.325018,10.91702
BAN-000580,S02462,Dowadu-Kudu,W039,LGA04,M. Kabo,178,1,2025-11-04,yes,8.32374,10.920002
BAN-000581,S01302,Lojiwa,W017,LGA03,K. Tanko,137,0,2025-10-13,yes,7.516651,11.418629
BAN-000582,S01302,Lojiwa,W017,LGA03,I. Sule,120,0,2025-10-26,yes,7.514721,11.418296
BAN-000583,S01302,Lojiwa,W017,LGA03,M. Tanko,13,4,2025-10-29,yes,7.514924,11.418344
BAN-000584,S01302,Lojiwa,W017,LGA03,U. Haru,78,0,2025-11-28,yes,7.514309,11.417895
BAN-000585,S00110,Ekyosa,W001,LGA01,B. Pama,17,3,2025-11-03,yes,7.221995,11.129925
BAN-000586,S01521,Majija-Gabas,W021,LGA02,Y. Funo,103,0,2025-10-02,yes,7.86478,10.536284
BAN-000587,S01521,Majija-Gabas,W021,LGA02,I. Pama,19,4,2025-10-02,yes,7.8645,10.537561
BAN-000588,S01521,Majija-Gabas,W021,LGA02,A. Cham,215,3,2025-10-28,yes,7.86409,10.535355
BAN-000589,S00797,Ringosa-Gabas,W009,LGA02,F. Bala,134,1,2025-10-26,yes,7.536082,10.920237
BAN-000590,S02038,Ribesa,W031,LGA03,F. Wada,55,3,2025-10-19,yes,7.982835,11.329893
BAN-000591,S00051,Kulama,W001,LGA01,F. Funo,186,3,2025-11-27,yes,7.148349,11.040068
BAN-000592,S00051,Kulama,W001,LGA01,A. Haru,245,1,2025-10-27,yes,7.149127,11.040756
BAN-000593,S00051,Kulama,W001,LGA01,H. Umar,125,1,2025-10-25,yes,7.147068,11.040905
BAN-000594,S00051,Kulama,W001,LGA01,Z. Cham,126,2,2025-11-29,yes,7.146512,11.04277
BAN-000595,S00327,Bawawa-Kofar,W003,LGA01,S. Abu,168,4,2025-10-03,yes,7.435675,11.041222
BAN-000596,S00327,Bawawa-Kofar,W003,LGA01,I. Yaro,215,0,2025-10-28,yes,7.43726,11.039913
BAN-000597,S00327,Bawawa-Kofar,W003,LGA01,M. Wada,257,0,2025-12-03,yes,7.435455,11.04111
BAN-000598,S00327,Bawawa-Kofar,W003,LGA01,F. Isa,254,0,2025-10-20,yes,7.435404,11.042737
BAN-000599,S02316,Jishawa,W037,LGA03,Z. Oje,5,4,2025-11-07,yes,8.235818,11.516598
BAN-000600,S02316,Jishawa,W037,LGA03,R. Yaro,74,4,2025-10-25,yes,8.234202,11.517598
BAN-000601,S02405,Sanawo,W038,LGA03,M. Oje,102,4,2025-11-19,yes,8.340954,11.427518
BAN-000602,S02405,Sanawo,W038,LGA03,F. Jibo,127,2,2025-11-07,yes,8.34322,11.427099
BAN-000603,S01451,Lojini-Tsakiya,W020,LGA01,S. Pama,111,4,2025-10-21,yes,7.759758,11.188261
BAN-000604,S01451,Lojini-Tsakiya,W020,LGA01,R. Cham,53,2,2025-11-11,yes,7.758581,11.189142
BAN-000605,S01451,Lojini-Tsakiya,W020,LGA01,I. Isa,59,2,2025-11-26,yes,7.758487,11.185634
BAN-000606,S00879,Enluwa,W011,LGA02,Z. Cham,256,3,2025-11-23,yes,7.593764,10.371528
BAN-000607,S00879,Enluwa,W011,LGA02,M. Nura,207,1,2025-11-17,yes,7.593056,10.371118
BAN-000608,S00745,Enyoba,W008,LGA01,I. Umar,53,4,2025-12-05,yes,7.241086,10.892122
BAN-000609,S01412,Rinasa,W019,LGA04,R. Haru,258,4,2025-10-19,yes,7.611975,10.99386
BAN-000610,S01412,Rinasa,W019,LGA04,K. Oje,244,2,2025-11-05,no,7.613615,10.993844
BAN-000611,S01412,Rinasa,W019,LGA04,A. Lami,231,0,2025-10-05,yes,7.611787,10.992573
BAN-000612,S02242,Binaba,W035,LGA04,M. Funo,193,3,2025-10-14,yes,8.284013,10.934817
BAN-000613,S02242,Binaba,W035,LGA04,H. Ede,250,2,2025-10-14,yes,8.285801,10.933859
BAN-000614,S02242,Binaba,W035,LGA04,A. Musa,102,4,2025-11-11,yes,8.285312,10.935299
BAN-000615,S01984,Umrade,W030,LGA04,Z. Lami,180,2,2025-12-01,no,7.883041,10.674889
BAN-000616,S01984,Umrade,W030,LGA04,K. Ede,155,4,2025-11-18,yes,7.883306,10.673116
BAN-000617,S02396,Adluta,W038,LGA03,H. Jibo,212,2,2025-12-08,yes,8.257422,11.392942
BAN-000618,S02396,Adluta,W038,LGA03,F. Zubi,37,0,2025-12-09,yes,8.257054,11.394451
BAN-000619,S00004,Dosari,W001,LGA01,B. Dogo,50,1,2025-10-21,yes,7.161362,11.094299
BAN-000620,S00910,Bizatu,W011,LGA02,F. Yaro,107,3,2025-12-07,yes,7.61232,10.413907
BAN-000621,S01770,Oldedu,W027,LGA03,A. Haru,183,2,2025-10-28,yes,7.805873,11.455419
BAN-000622,S01770,Oldedu,W027,LGA03,H. Tanko,28,4,2025-10-25,yes,7.805306,11.454426
BAN-000623,S01770,Oldedu,W027,LGA03,Z. Cham,197,3,2025-10-11,yes,7.805243,11.455253
BAN-000624,S01770,Oldedu,W027,LGA03,U. Nura,42,3,2025-10-08,yes,7.806281,11.455787
BAN-000625,S01770,Oldedu,W027,LGA03,K. Nura,158,3,2025-11-09,yes,7.805579,11.454376
BAN-000626,S01770,Oldedu,W027,LGA03,A. Oje,254,0,2025-11-28,yes,7.805388,11.455928
BAN-000627,S00510,Umtima,W006,LGA01,I. Ede,151,0,2025-10-18,yes,7.277508,11.223823
BAN-000628,S00510,Umtima,W006,LGA01,B. Tanko,162,4,2025-10-12,yes,7.276608,11.222327
BAN-000629,S01875,Kazaba,W029,LGA04,H. Musa,172,1,2025-11-11,yes,7.87861,10.963833
BAN-000630,S01875,Kazaba,W029,LGA04,A. Jibo,193,1,2025-10-27,yes,7.878516,10.963004
BAN-000631,S01875,Kazaba,W029,LGA04,S. Musa,258,3,2025-10-21,yes,7.877703,10.962429
BAN-000632,S01875,Kazaba,W029,LGA04,Z. Haru,50,3,2025-10-28,yes,7.879903,10.963072
BAN-000633,S01875,Kazaba,W029,LGA04,Z. Tanko,33,3,2025-12-08,yes,7.880799,10.96236
BAN-000634,S01875,Kazaba,W029,LGA04,F. Zubi,67,0,2025-10-01,yes,7.878946,10.962562
BAN-000635,S01190,Jikoni,W015,LGA01,R. Funo,174,3,2025-10-06,yes,7.561957,11.254482
BAN-000636,S01190,Jikoni,W015,LGA01,M. Pama,242,3,2025-10-31,yes,7.561339,11.255264
BAN-000637,S01190,Jikoni,W015,LGA01,Z. Rabi,129,0,2025-10-23,yes,7.561326,11.254792
BAN-000638,S02205,Ekluwo,W034,LGA03,Y. Kabo,215,1,2025-11-04,yes,8.250251,11.222364
BAN-000639,S02205,Ekluwo,W034,LGA03,K. Bala,191,1,2025-10-21,yes,8.249673,11.221567
BAN-000640,S02205,Ekluwo,W034,LGA03,M. Dogo,253,3,2025-10-04,yes,8.247347,11.2229
BAN-000641,S02205,Ekluwo,W034,LGA03,U. Dogo,29,4,2025-12-04,no,8.251571,11.221862
BAN-000642,S02205,Ekluwo,W034,LGA03,S. Cham,253,3,2025-10-22,yes,8.248222,11.2236
BAN-000643,S00631,Kabale,W007,LGA01,U. Cham,87,2,2025-11-16,yes,7.437194,11.246852
BAN-000644,S01836,Famayi,W028,LGA04,Y. Umar,158,2,2025-10-20,yes,7.900971,10.841381
BAN-000645,S01836,Famayi,W028,LGA04,F. Funo,204,0,2025-11-09,yes,7.899448,10.842785
BAN-000646,S01836,Famayi,W028,LGA04,Z. Lami,202,1,2025-10-25,yes,7.90132,10.840754
BAN-000647,S01836,Famayi,W028,LGA04,A. Tanko,238,0,2025-11-20,no,7.90011,10.840899
BAN-000648,S00911,Kuride,W011,LGA02,F. Rabi,10,0,2025-10-27,yes,7.713874,10.493109
BAN-000649,S00144,Zazashi,W002,LGA01,K. Haru,181,2,2025-11-16,no,7.233008,10.80794
BAN-000650,S00144,Zazashi,W002,LGA01,A. Cham,103,3,2025-11-02,yes,7.232668,10.805579
BAN-000651,S00144,Zazashi,W002,LGA01,Z. Yaro,100,4,2025-10-28,yes,7.234358,10.806434
BAN-000652,S00144,Zazashi,W002,LGA01,A. Dogo,60,0,2025-10-07,no,7.231673,10.806105
BAN-000653,S00144,Zazashi,W002,LGA01,A. Yaro,133,2,2025-10-04,yes,7.233406,10.806613
BAN-000654,S00751,Kusayi,W008,LGA01,R. Musa,38,4,2025-10-20,yes,7.198497,10.93342
BAN-000655,S00751,Kusayi,W008,LGA01,M. Bala,177,3,2025-10-29,yes,7.200439,10.933351
BAN-000656,S00751,Kusayi,W008,LGA01,A. Oje,148,1,2025-11-30,yes,7.198691,10.934941
BAN-000657,S00751,Kusayi,W008,LGA01,U. Wada,45,2,2025-11-12,yes,7.197428,10.934993
BAN-000658,S00357,Umjiri,W004,LGA02,I. Isa,113,2,2025-11-05,yes,7.219066,10.589719
BAN-000659,S00357,Umjiri,W004,LGA02,F. Zubi,140,1,2025-12-06,yes,7.218576,10.588592
BAN-000660,S00357,Umjiri,W004,LGA02,I. Gani,146,2,2025-10-24,yes,7.217871,10.58869
BAN-000661,S00526,Sujiri,W006,LGA01,K. Oje,96,4,2025-10-08,yes,7.20462,11.35895
BAN-000662,S01450,Sabewo-Gabas,W020,LGA01,K. Haru,133,2,2025-12-01,yes,7.697361,11.144055
BAN-000663,S01450,Sabewo-Gabas,W020,LGA01,F. Musa,254,3,2025-10-27,yes,7.698642,11.144157
BAN-000664,S02312,Olbewa,W036,LGA04,B. Ede,209,2,2025-10-17,yes,8.090727,10.708825
BAN-000665,S02312,Olbewa,W036,LGA04,H. Haru,65,1,2025-12-04,yes,8.09056,10.70765
BAN-000666,S02511,Riyoma,W040,LGA04,U. Musa,179,2,2025-12-07,yes,8.371788,11.207798
BAN-000667,S01931,Umrifa,W030,LGA04,I. Funo,145,3,2025-10-23,yes,7.938933,10.66268
BAN-000668,S01931,Umrifa,W030,LGA04,H. Wada,122,3,2025-10-18,yes,7.939897,10.665411
BAN-000669,S01931,Umrifa,W030,LGA04,R. Bala,127,4,2025-10-09,yes,7.940541,10.662189
BAN-000670,S01931,Umrifa,W030,LGA04,I. Haru,148,0,2025-11-05,yes,7.940572,10.662288
BAN-000671,S00410,Watsija,W006,LGA01,Y. Nura,239,3,2025-12-08,yes,7.282981,11.223201
BAN-000672,S00410,Watsija,W006,LGA01,B. Kabo,173,4,2025-10-18,yes,7.28303,11.223619
BAN-000673,S01189,Ekratu-Kudu,W015,LGA01,Z. Cham,15,1,2025-11-05,no,7.660317,11.26475
BAN-000674,S00929,Jikoko,W012,LGA02,S. Musa,51,3,2025-11-01,yes,7.325261,10.497759
BAN-000675,S00929,Jikoko,W012,LGA02,H. Zubi,16,4,2025-11-11,yes,7.324649,10.496869
BAN-000676,S00929,Jikoko,W012,LGA02,B. Rabi,204,4,2025-12-03,yes,7.325444,10.498078
BAN-000677,S01664,Yetiri,W024,LGA04,U. Lami,175,2,2025-12-06,yes,7.81678,10.733934
BAN-000678,S01664,Yetiri,W024,LGA04,K. Tanko,162,2,2025-10-20,yes,7.815544,10.734735
BAN-000679,S00956,Irjiba-Yamma,W013,LGA02,U. Haru,3,0,2025-11-06,yes,7.488828,10.532562
BAN-000680,S00956,Irjiba-Yamma,W013,LGA02,H. Oje,213,1,2025-11-16,yes,7.487274,10.530622
BAN-000681,S01692,Irngona,W025,LGA04,K. Zubi,57,1,2025-11-26,yes,7.799763,11.133239
BAN-000682,S01692,Irngona,W025,LGA04,Z. Sule,173,1,2025-11-11,yes,7.800705,11.13337
BAN-000683,S01269,Umtiyi,W016,LGA02,B. Pama,180,0,2025-12-08,yes,7.585415,10.446457
BAN-000684,S01269,Umtiyi,W016,LGA02,M. Sule,192,4,2025-11-24,no,7.58435,10.445303
BAN-000685,S01511,Oknani,W020,LGA01,I. Nura,137,0,2025-11-25,yes,7.682997,11.183722
BAN-000686,S01511,Oknani,W020,LGA01,Z. Nura,146,1,2025-11-19,yes,7.684682,11.183757
BAN-000687,S01511,Oknani,W020,LGA01,A. Nura,238,0,2025-11-23,yes,7.683144,11.184433
BAN-000688,S01511,Oknani,W020,LGA01,I. Nura,205,4,2025-10-13,yes,7.683705,11.184576
BAN-000689,S01511,Oknani,W020,LGA01,F. Ede,204,2,2025-10-19,yes,7.683108,11.184111
BAN-000690,S01740,Uzkori,W026,LGA03,Z. Jibo,161,1,2025-10-27,yes,7.736656,11.379351
BAN-000691,S01740,Uzkori,W026,LGA03,K. Rabi,21,0,2025-11-19,yes,7.736455,11.381773
BAN-000692,S01740,Uzkori,W026,LGA03,U. Lami,206,0,2025-11-23,yes,7.738118,11.382384
BAN-000693,S01529,Hakoma,W021,LGA02,K. Haru,141,1,2025-11-26,yes,7.889363,10.517428
BAN-000694,S01529,Hakoma,W021,LGA02,R. Yaro,161,2,2025-10-21,no,7.888104,10.516001
BAN-000695,S01529,Hakoma,W021,LGA02,S. Kabo,81,3,2025-11-26,yes,7.888817,10.516655
BAN-000696,S01529,Hakoma,W021,LGA02,H. Rabi,88,4,2025-12-01,yes,7.889575,10.515924
BAN-000697,S02456,Wazawo,W039,LGA04,Z. Wada,120,4,2025-11-22,yes,8.250416,10.849057
BAN-000698,S02456,Wazawo,W039,LGA04,S. Yaro,53,2,2025-12-03,no,8.248913,10.846751
BAN-000699,S02456,Wazawo,W039,LGA04,U. Oje,192,1,2025-11-23,yes,8.248562,10.848716
BAN-000700,S02507,Uzjita,W040,LGA04,A. Oje,26,3,2025-11-13,yes,8.286939,11.212608
BAN-000701,S02507,Uzjita,W040,LGA04,B. Gani,211,0,2025-10-17,yes,8.28543,11.211868
BAN-000702,S02507,Uzjita,W040,LGA04,Z. Bala,88,4,2025-12-06,yes,8.284667,11.211134
BAN-000703,S02507,Uzjita,W040,LGA04,A. Funo,120,3,2025-12-02,yes,8.285426,11.21142
BAN-000704,S02507,Uzjita,W040,LGA04,H. Rabi,26,1,2025-10-06,yes,8.285938,11.212494
BAN-000705,S01161,Kumako-Sabo,W015,LGA01,Y. Haru,95,0,2025-11-14,yes,7.493207,11.204331
BAN-000706,S01161,Kumako-Sabo,W015,LGA01,U. Abu,116,4,2025-11-15,yes,7.493887,11.204482
BAN-000707,S01161,Kumako-Sabo,W015,LGA01,K. Sule,171,0,2025-12-05,yes,7.491595,11.204325
BAN-000708,S01161,Kumako-Sabo,W015,LGA01,S. Lami,146,1,2025-11-16,yes,7.493099,11.204601
BAN-000709,S01484,Wajiri,W020,LGA01,K. Abu,200,0,2025-10-07,yes,7.747624,11.067472
BAN-000710,S01360,Kukota-Yamma,W018,LGA02,I. Rabi,242,0,2025-11-21,yes,7.629156,10.622735
BAN-000711,S01360,Kukota-Yamma,W018,LGA02,A. Yaro,115,2,2025-11-17,yes,7.627714,10.621129
BAN-000712,S00809,Irngoma-Arewa,W009,LGA02,I. Wada,84,2,2025-11-25,yes,7.602461,10.822685
BAN-000713,S02089,Kuzasa,W032,LGA04,U. Nura,173,1,2025-11-05,yes,8.07347,10.947389
BAN-000714,S00985,Salako,W013,LGA02,Z. Rabi,30,4,2025-10-25,yes,7.499107,10.557252
BAN-000715,S00985,Salako,W013,LGA02,A. Sule,148,0,2025-12-03,yes,7.50074,10.556886
BAN-000716,S01306,Hatsima-Tudun,W017,LGA03,I. Kabo,130,3,2025-10-25,yes,7.636349,11.524437
BAN-000717,S01306,Hatsima-Tudun,W017,LGA03,M. Lami,125,1,2025-11-05,yes,7.637359,11.52567
BAN-000718,S00438,Biyoru,W006,LGA01,R. Abu,92,2,2025-11-18,yes,7.253801,11.205225
BAN-000719,S00438,Biyoru,W006,LGA01,A. Zubi,92,1,2025-12-01,no,7.254549,11.207361
BAN-000720,S00438,Biyoru,W006,LGA01,A. Ede,228,3,2025-10-16,yes,7.252963,11.205472
BAN-000721,S00438,Biyoru,W006,LGA01,F. Kabo,84,1,2025-11-29,yes,7.253125,11.204695
BAN-000722,S00569,Doludu,W007,LGA01,S. Dogo,61,4,2025-11-01,yes,7.427877,11.264803
BAN-000723,S00569,Doludu,W007,LGA01,B. Bala,255,3,2025-10-24,yes,7.430114,11.264549
BAN-000724,S00813,Uzshaja-Arewa,W009,LGA02,M. Funo,123,0,2025-10-01,yes,7.590969,10.936152
BAN-000725,S00813,Uzshaja-Arewa,W009,LGA02,M. Isa,45,2,2025-11-11,yes,7.589017,10.935793
BAN-000726,S00813,Uzshaja-Arewa,W009,LGA02,U. Gani,166,3,2025-10-15,yes,7.58949,10.935088
BAN-000727,S00646,Ekluwa,W007,LGA01,Z. Nura,133,3,2025-11-21,yes,7.387821,11.23146
BAN-000728,S00646,Ekluwa,W007,LGA01,F. Jibo,103,1,2025-10-28,yes,7.386358,11.232903
BAN-000729,S01449,Jiwako,W020,LGA01,M. Dogo,121,4,2025-11-11,yes,7.635066,11.196356
BAN-000730,S02392,Olsadu,W038,LGA03,R. Yaro,125,4,2025-10-15,yes,8.2784,11.401243
BAN-000731,S02392,Olsadu,W038,LGA03,B. Kabo,210,0,2025-12-01,yes,8.279235,11.401141
BAN-000732,S02392,Olsadu,W038,LGA03,R. Tanko,23,1,2025-11-30,no,8.277924,11.401777
BAN-000733,S02392,Olsadu,W038,LGA03,B. Tanko,235,0,2025-11-02,yes,8.278983,11.400919
BAN-000734,S02392,Olsadu,W038,LGA03,R. Kabo,40,3,2025-12-09,no,8.27624,11.402126
BAN-000735,S01636,Tazasa,W024,LGA04,A. Oje,183,3,2025-11-09,yes,7.777317,10.774303
BAN-000736,S01636,Tazasa,W024,LGA04,F. Wada,173,0,2025-10-16,yes,7.778287,10.776316
BAN-000737,S01636,Tazasa,W024,LGA04,K. Cham,192,2,2025-10-25,yes,7.77775,10.773925
BAN-000738,S01636,Tazasa,W024,LGA04,B. Bala,44,3,2025-11-04,yes,7.779305,10.774528
BAN-000739,S02440,Dakosa,W039,LGA04,B. Rabi,217,2,2025-10-30,yes,8.345372,10.914979
BAN-000740,S02440,Dakosa,W039,LGA04,F. Haru,60,4,2025-11-09,yes,8.347592,10.913665
BAN-000741,S02440,Dakosa,W039,LGA04,S. Zubi,7,4,2025-12-06,yes,8.345024,10.914343
BAN-000742,S00312,Rilafa,W003,LGA01,M. Rabi,71,1,2025-10-10,yes,7.224473,10.990316
BAN-000743,S00312,Rilafa,W003,LGA01,K. Dogo,173,4,2025-10-17,yes,7.222848,10.98933
BAN-000744,S01983,Kudeko,W030,LGA04,Z. Funo,44,4,2025-10-20,yes,8.049572,10.58189
BAN-000745,S01983,Kudeko,W030,LGA04,M. Sule,214,4,2025-10-31,yes,8.048661,10.583443
BAN-000746,S01983,Kudeko,W030,LGA04,Z. Gani,184,1,2025-10-15,yes,8.049753,10.582606
BAN-000747,S01983,Kudeko,W030,LGA04,M. Umar,202,3,2025-11-29,yes,8.049948,10.582011
BAN-000748,S00212,Sanana,W002,LGA01,S. Tanko,2,3,2025-10-12,yes,7.108496,10.793877
BAN-000749,S00758,Oktsiyi,W008,LGA01,Z. Yaro,126,2,2025-10-01,yes,7.189644,10.910078
BAN-000750,S00758,Oktsiyi,W008,LGA01,M. Lami,50,1,2025-11-12,yes,7.1864,10.910482
BAN-000751,S00758,Oktsiyi,W008,LGA01,Z. Umar,74,4,2025-11-09,yes,7.188863,10.909721
BAN-000752,S01556,Jikoru,W022,LGA03,S. Abu,93,4,2025-11-14,yes,7.99612,11.572432
BAN-000753,S01556,Jikoru,W022,LGA03,B. Dogo,88,1,2025-11-05,yes,7.996153,11.574031
BAN-000754,S01049,Talusa,W014,LGA01,H. Wada,52,4,2025-10-28,yes,7.548767,11.515981
BAN-000755,S01049,Talusa,W014,LGA01,S. Jibo,164,4,2025-11-21,yes,7.548541,11.518271
BAN-000756,S00913,Nuradu,W011,LGA02,U. Bala,66,1,2025-10-20,yes,7.678101,10.435282
BAN-000757,S00913,Nuradu,W011,LGA02,H. Yaro,88,3,2025-11-19,no,7.675325,10.435147
BAN-000758,S02031,Ekjishi-Sabo,W031,LGA03,Y. Cham,117,2,2025-10-25,yes,7.986954,11.336269
BAN-000759,S02031,Ekjishi-Sabo,W031,LGA03,U. Nura,1,4,2025-11-27,yes,7.98453,11.335698
BAN-000760,S02031,Ekjishi-Sabo,W031,LGA03,M. Cham,59,2,2025-10-10,yes,7.986921,11.335405
BAN-000761,S00351,Eklufa,W004,LGA02,B. Yaro,80,4,2025-10-25,yes,7.186753,10.695736
BAN-000762,S00509,Damashi,W006,LGA01,Y. Musa,12,0,2025-11-25,yes,7.200252,11.260618
BAN-000763,S01262,Tangoshi,W016,LGA02,U. Ede,233,2,2025-11-28,yes,7.632104,10.501306
BAN-000764,S00863,Sarawo,W010,LGA02,U. Sule,8,0,2025-10-03,yes,7.457559,10.858582
BAN-000765,S00863,Sarawo,W010,LGA02,M. Wada,151,2,2025-10-18,yes,7.457605,10.858943
BAN-000766,S00863,Sarawo,W010,LGA02,R. Haru,29,2,2025-10-25,yes,7.456632,10.861647
BAN-000767,S01778,Ibwama,W027,LGA03,M. Oje,82,1,2025-11-05,yes,7.924112,11.484712
BAN-000768,S01778,Ibwama,W027,LGA03,A. Gani,186,3,2025-10-19,yes,7.925584,11.484585
BAN-000769,S01778,Ibwama,W027,LGA03,U. Musa,24,1,2025-10-29,yes,7.923244,11.483167
BAN-000770,S01778,Ibwama,W027,LGA03,B. Haru,110,4,2025-11-16,yes,7.923034,11.484506
BAN-000771,S01294,Habayi,W017,LGA03,F. Nura,103,0,2025-10-16,yes,7.549116,11.430168
BAN-000772,S01294,Habayi,W017,LGA03,U. Jibo,176,0,2025-11-18,yes,7.549925,11.430262
BAN-000773,S01294,Habayi,W017,LGA03,M. Gani,191,1,2025-12-05,yes,7.550963,11.429963
BAN-000774,S01494,Bikoyi,W020,LGA01,R. Pama,68,2,2025-10-03,yes,7.730116,11.164632
BAN-000775,S01494,Bikoyi,W020,LGA01,I. Funo,142,3,2025-10-10,yes,7.729241,11.163413
BAN-000776,S01494,Bikoyi,W020,LGA01,Y. Kabo,134,3,2025-11-11,no,7.731237,11.16614
BAN-000777,S01494,Bikoyi,W020,LGA01,I. Tanko,114,0,2025-10-14,yes,7.729633,11.164396
BAN-000778,S01494,Bikoyi,W020,LGA01,R. Dogo,95,2,2025-11-17,yes,7.730514,11.164009
BAN-000779,S00230,Entile-Yamma,W003,LGA01,R. Wada,231,3,2025-10-23,yes,7.441249,11.038449
BAN-000780,S00230,Entile-Yamma,W003,LGA01,H. Rabi,28,3,2025-10-31,yes,7.441941,11.036416
BAN-000781,S00692,Kurana,W008,LGA01,U. Isa,18,1,2025-11-01,yes,7.182107,10.928245
BAN-000782,S00692,Kurana,W008,LGA01,F. Zubi,87,1,2025-10-19,yes,7.182944,10.930477
BAN-000783,S00692,Kurana,W008,LGA01,S. Funo,22,1,2025-11-08,yes,7.183014,10.927459
BAN-000784,S00692,Kurana,W008,LGA01,Z. Ede,191,0,2025-11-03,yes,7.183177,10.93005
BAN-000785,S02496,Dadushi,W040,LGA04,U. Oje,175,3,2025-11-10,yes,8.378979,11.124793
BAN-000786,S02496,Dadushi,W040,LGA04,Y. Bala,171,2,2025-10-28,yes,8.378804,11.124928
BAN-000787,S02496,Dadushi,W040,LGA04,U. Lami,233,4,2025-10-14,yes,8.379768,11.121284
BAN-000788,S02496,Dadushi,W040,LGA04,H. Umar,224,2,2025-10-24,yes,8.37949,11.123408
BAN-000789,S02496,Dadushi,W040,LGA04,S. Zubi,182,1,2025-10-13,yes,8.378373,11.122885
BAN-000790,S01963,Fadena,W030,LGA04,U. Pama,36,2,2025-11-22,yes,7.940573,10.656344
BAN-000791,S01963,Fadena,W030,LGA04,U. Musa,37,2,2025-10-16,yes,7.939268,10.65587
BAN-000792,S01963,Fadena,W030,LGA04,S. Abu,40,0,2025-11-26,yes,7.939141,10.655893
BAN-000793,S01963,Fadena,W030,LGA04,Y. Gani,81,4,2025-11-20,yes,7.939375,10.656837
BAN-000794,S00412,Gutina,W006,LGA01,A. Tanko,6,4,2025-11-05,yes,7.193562,11.34544
BAN-000795,S00412,Gutina,W006,LGA01,M. Jibo,55,0,2025-11-18,yes,7.195176,11.34455
BAN-000796,S00412,Gutina,W006,LGA01,U. Pama,142,1,2025-11-07,yes,7.193578,11.343837
BAN-000797,S00412,Gutina,W006,LGA01,F. Musa,125,1,2025-10-31,yes,7.195185,11.34576
BAN-000798,S00412,Gutina,W006,LGA01,B. Umar,233,1,2025-10-09,yes,7.195542,11.344919
BAN-000799,S00412,Gutina,W006,LGA01,K. Rabi,46,0,2025-10-31,yes,7.195274,11.343792
BAN-000800,S00412,Gutina,W006,LGA01,B. Dogo,218,4,2025-10-02,yes,7.193521,11.345297
BAN-000801,S00322,Yezaba,W003,LGA01,U. Umar,98,4,2025-10-24,yes,7.410349,11.037207
BAN-000802,S00322,Yezaba,W003,LGA01,R. Pama,251,1,2025-11-12,yes,7.411786,11.036638
BAN-000803,S00322,Yezaba,W003,LGA01,F. Jibo,213,1,2025-10-26,yes,7.411405,11.036705
BAN-000804,S00322,Yezaba,W003,LGA01,B. Haru,85,3,2025-11-13,yes,7.412206,11.036112
BAN-000805,S01212,Yezari-Kudu,W015,LGA01,R. Kabo,253,2,2025-11-12,yes,7.645684,11.304341
BAN-000806,S02297,Domako,W036,LGA04,A. Rabi,227,4,2025-11-16,yes,8.096875,10.683515
BAN-000807,S01415,Nuluwa,W019,LGA04,R. Nura,231,2,2025-11-02,yes,7.579171,11.009448
BAN-000808,S01415,Nuluwa,W019,LGA04,B. Funo,100,1,2025-11-19,yes,7.579197,11.011456
BAN-000809,S01415,Nuluwa,W019,LGA04,I. Nura,91,2,2025-10-10,yes,7.579948,11.009586
BAN-000810,S00320,Gusawo,W003,LGA01,S. Cham,178,4,2025-11-22,yes,7.192874,11.028197
BAN-000811,S00320,Gusawo,W003,LGA01,B. Jibo,131,4,2025-10-08,yes,7.193034,11.028728
BAN-000812,S00320,Gusawo,W003,LGA01,F. Oje,148,2,2025-10-21,yes,7.191711,11.028277
BAN-000813,S00518,Hajiri,W006,LGA01,I. Wada,186,2,2025-11-08,yes,7.257728,11.233912
BAN-000814,S01682,Yedewo,W025,LGA04,F. Gani,250,1,2025-10-12,yes,7.851039,11.025455
BAN-000815,S01682,Yedewo,W025,LGA04,A. Wada,38,4,2025-10-15,no,7.851138,11.028751
BAN-000816,S01489,Kaludu-Sabo,W020,LGA01,R. Funo,67,2,2025-11-24,yes,7.693994,11.138442
BAN-000817,S01489,Kaludu-Sabo,W020,LGA01,Z. Funo,75,0,2025-11-05,no,7.696871,11.138701
BAN-000818,S01490,Biyoba,W020,LGA01,F. Musa,80,4,2025-12-03,yes,7.577823,11.096173
BAN-000819,S01490,Biyoba,W020,LGA01,H. Nura,9,3,2025-10-08,yes,7.577873,11.094816
BAN-000820,S01490,Biyoba,W020,LGA01,K. Umar,166,3,2025-11-21,yes,7.57981,11.094859
BAN-000821,S01490,Biyoba,W020,LGA01,I. Lami,241,0,2025-11-21,yes,7.578638,11.096211
BAN-000822,S01490,Biyoba,W020,LGA01,M. Umar,15,0,2025-10-27,yes,7.58171,11.096872
BAN-000823,S00966,Adrale,W013,LGA02,Y. Dogo,219,1,2025-10-24,yes,7.493497,10.549164
BAN-000824,S00966,Adrale,W013,LGA02,F. Lami,19,4,2025-10-09,yes,7.493161,10.547195
BAN-000825,S00966,Adrale,W013,LGA02,Z. Musa,143,1,2025-11-02,yes,7.495059,10.547902
BAN-000826,S00966,Adrale,W013,LGA02,I. Wada,200,2,2025-11-02,yes,7.49448,10.548668
BAN-000827,S00443,Ibtiba,W006,LGA01,M. Rabi,27,0,2025-11-09,yes,7.177763,11.309066
BAN-000828,S00443,Ibtiba,W006,LGA01,Z. Nura,108,2,2025-10-29,yes,7.178305,11.309247
BAN-000829,S01977,Kushama,W030,LGA04,B. Jibo,99,4,2025-11-17,yes,7.883326,10.63094
BAN-000830,S01332,Kubema,W018,LGA02,U. Gani,249,3,2025-11-30,yes,7.615822,10.629872
BAN-000831,S01332,Kubema,W018,LGA02,B. Haru,196,0,2025-10-02,yes,7.617299,10.629836
BAN-000832,S01332,Kubema,W018,LGA02,B. Zubi,165,4,2025-12-04,yes,7.616696,10.630987
BAN-000833,S01195,Dorana,W015,LGA01,B. Wada,190,3,2025-11-08,yes,7.533437,11.298266
BAN-000834,S01195,Dorana,W015,LGA01,H. Nura,179,2,2025-10-21,yes,7.534504,11.299904
BAN-000835,S01195,Dorana,W015,LGA01,R. Gani,78,3,2025-11-20,yes,7.533403,11.299389
BAN-000836,S00362,Agtsiwa,W004,LGA02,A. Haru,105,4,2025-11-01,yes,7.236506,10.571323
BAN-000837,S01002,Dayoyi-Kofar,W014,LGA01,S. Tanko,29,1,2025-11-08,yes,7.348303,11.447876
BAN-000838,S01002,Dayoyi-Kofar,W014,LGA01,M. Umar,170,3,2025-10-23,no,7.34934,11.448468
BAN-000839,S02314,Nutsifa-Gabas,W037,LGA03,U. Wada,29,2,2025-11-29,yes,8.241288,11.46197
BAN-000840,S00494,Kasashi,W006,LGA01,B. Ede,3,1,2025-10-24,yes,7.245386,11.164371
BAN-000841,S00494,Kasashi,W006,LGA01,A. Dogo,224,4,2025-12-09,yes,7.244295,11.163701
BAN-000842,S02127,Adtini,W033,LGA03,F. Rabi,24,2,2025-11-26,yes,7.994362,11.198834
BAN-000843,S02127,Adtini,W033,LGA03,H. Wada,153,3,2025-11-19,yes,7.994221,11.200848
BAN-000844,S02127,Adtini,W033,LGA03,U. Jibo,99,4,2025-11-14,yes,7.995952,11.201379
BAN-000845,S02127,Adtini,W033,LGA03,Z. Haru,168,1,2025-10-30,yes,7.993232,11.201281
BAN-000846,S00704,Walatu,W008,LGA01,S. Lami,36,1,2025-10-22,yes,7.376702,10.86445
BAN-000847,S00704,Walatu,W008,LGA01,S. Lami,144,2,2025-10-15,yes,7.375599,10.866678
BAN-000848,S01453,Bingoyi,W020,LGA01,I. Kabo,236,3,2025-11-15,yes,7.644952,11.057883
BAN-000849,S01453,Bingoyi,W020,LGA01,I. Funo,190,0,2025-10-29,yes,7.644498,11.059693
BAN-000850,S01453,Bingoyi,W020,LGA01,F. Oje,196,4,2025-10-22,no,7.645065,11.061256
BAN-000851,S01453,Bingoyi,W020,LGA01,H. Pama,7,3,2025-10-30,yes,7.643862,11.060353
BAN-000852,S01203,Rideshi,W015,LGA01,R. Kabo,255,2,2025-11-13,yes,7.515054,11.221384
BAN-000853,S02343,Olbako,W037,LGA03,M. Lami,163,4,2025-10-31,yes,8.204473,11.497456
BAN-000854,S01638,Dadeta,W024,LGA04,Z. Funo,190,0,2025-10-22,yes,7.790963,10.683839
BAN-000855,S01638,Dadeta,W024,LGA04,B. Wada,224,1,2025-10-19,yes,7.789409,10.683638
BAN-000856,S00539,Baduri,W007,LGA01,S. Tanko,7,4,2025-11-02,yes,7.309155,11.303848
BAN-000857,S00015,Binako,W001,LGA01,S. Musa,198,0,2025-10-02,yes,7.100643,11.171049
BAN-000858,S00015,Binako,W001,LGA01,U. Abu,32,4,2025-10-23,yes,7.103241,11.17214
BAN-000859,S00015,Binako,W001,LGA01,A. Wada,163,3,2025-12-03,no,7.103523,11.171551
BAN-000860,S00015,Binako,W001,LGA01,A. Musa,154,4,2025-10-09,yes,7.101509,11.172518
BAN-000861,S00015,Binako,W001,LGA01,M. Jibo,158,2,2025-10-07,yes,7.103103,11.17218
BAN-000862,S00015,Binako,W001,LGA01,U. Yaro,78,3,2025-11-28,yes,7.103156,11.170033
BAN-000863,S00682,Irzari,W008,LGA01,A. Yaro,137,1,2025-10-09,yes,7.301044,10.946767
BAN-000864,S00682,Irzari,W008,LGA01,F. Funo,5,1,2025-12-09,yes,7.300588,10.946674
BAN-000865,S00682,Irzari,W008,LGA01,S. Abu,3,0,2025-10-23,yes,7.30133,10.946108
BAN-000866,S00875,Dazaba,W011,LGA02,U. Dogo,172,3,2025-12-04,yes,7.563244,10.400421
BAN-000867,S00875,Dazaba,W011,LGA02,K. Tanko,205,1,2025-10-31,yes,7.563062,10.400198
BAN-000868,S00875,Dazaba,W011,LGA02,A. Umar,141,3,2025-11-01,no,7.563613,10.400683
BAN-000869,S01991,Zayole-Kofar,W031,LGA03,S. Umar,242,4,2025-10-21,yes,8.038226,11.247706
BAN-000870,S00428,Okderu,W006,LGA01,R. Gani,1,1,2025-10-21,yes,7.274018,11.279128
BAN-000871,S01305,Wangori,W017,LGA03,A. Rabi,120,2,2025-11-05,yes,7.550108,11.390558
BAN-000872,S02415,Jikoja-Tudun,W038,LGA03,M. Dogo,74,3,2025-10-14,no,8.366318,11.426297
BAN-000873,S00380,Olriri,W005,LGA02,Z. Umar,178,0,2025-12-07,no,7.375939,10.716174
BAN-000874,S00380,Olriri,W005,LGA02,K. Nura,139,2,2025-10-02,no,7.376046,10.7157
BAN-000875,S00380,Olriri,W005,LGA02,U. Haru,162,0,2025-10-12,yes,7.37591,10.71437
BAN-000876,S00380,Olriri,W005,LGA02,Z. Lami,232,4,2025-10-28,yes,7.376917,10.716186
BAN-000877,S00468,Jibena-Kudu,W006,LGA01,R. Dogo,253,2,2025-10-08,yes,7.244764,11.246261
BAN-000878,S00468,Jibena-Kudu,W006,LGA01,S. Rabi,72,1,2025-12-09,yes,7.24424,11.242816
BAN-000879,S00468,Jibena-Kudu,W006,LGA01,K. Bala,81,0,2025-12-01,yes,7.244587,11.245615
BAN-000880,S02201,Wabayi,W034,LGA03,Y. Yaro,54,0,2025-10-12,yes,8.259187,11.234725
BAN-000881,S02201,Wabayi,W034,LGA03,I. Oje,7,0,2025-10-30,yes,8.260553,11.235979
BAN-000882,S02201,Wabayi,W034,LGA03,I. Pama,203,4,2025-11-20,yes,8.260577,11.234752
BAN-000883,S01819,Bibema,W028,LGA04,R. Kabo,101,0,2025-11-07,yes,7.932922,10.876614
BAN-000884,S01819,Bibema,W028,LGA04,Y. Rabi,74,0,2025-10-19,yes,7.930744,10.876221
BAN-000885,S01819,Bibema,W028,LGA04,F. Umar,210,4,2025-10-01,no,7.93264,10.876422
BAN-000886,S01819,Bibema,W028,LGA04,K. Wada,131,0,2025-10-24,yes,7.931654,10.876455
BAN-000887,S01862,Kayoma-Gabas,W029,LGA04,Z. Cham,195,4,2025-10-26,yes,7.921647,11.017504
BAN-000888,S00225,Rinaja,W003,LGA01,M. Funo,186,0,2025-11-12,yes,7.366095,11.097585
BAN-000889,S00225,Rinaja,W003,LGA01,Y. Kabo,112,3,2025-10-07,yes,7.366016,11.096643
BAN-000890,S00225,Rinaja,W003,LGA01,K. Haru,22,4,2025-11-25,yes,7.366428,11.09765
BAN-000891,S01079,Salude,W014,LGA01,K. Cham,242,3,2025-10-13,yes,7.374394,11.455189
BAN-000892,S01079,Salude,W014,LGA01,K. Isa,3,3,2025-11-22,yes,7.37288,11.453785
BAN-000893,S01079,Salude,W014,LGA01,B. Sule,88,3,2025-11-18,yes,7.374012,11.453096
BAN-000894,S01157,Tawale,W015,LGA01,F. Rabi,25,4,2025-11-19,yes,7.695614,11.274839
BAN-000895,S01157,Tawale,W015,LGA01,A. Funo,232,0,2025-11-08,yes,7.696454,11.274882
BAN-000896,S01157,Tawale,W015,LGA01,B. Funo,184,1,2025-11-15,yes,7.696416,11.274444
BAN-000897,S01157,Tawale,W015,LGA01,M. Oje,61,2,2025-10-14,yes,7.695995,11.274335
BAN-000898,S00666,Datita,W008,LGA01,Z. Umar,89,1,2025-12-06,yes,7.388477,10.943692
BAN-000899,S02417,Ritsiru,W038,LGA03,M. Gani,134,4,2025-10-16,yes,8.346314,11.443451
BAN-000900,S00414,Bitsiri,W006,LGA01,R. Musa,253,4,2025-11-18,yes,7.186859,11.2963
BAN-000901,S00414,Bitsiri,W006,LGA01,H. Dogo,72,0,2025-11-28,yes,7.187482,11.297261
BAN-000902,S01569,Saluwo,W022,LGA03,B. Rabi,258,4,2025-12-06,no,8.204642,11.395763
BAN-000903,S01569,Saluwo,W022,LGA03,K. Funo,228,3,2025-12-01,yes,8.204647,11.394774
BAN-000904,S01569,Saluwo,W022,LGA03,S. Haru,223,0,2025-11-12,yes,8.202774,11.394157
BAN-000905,S01569,Saluwo,W022,LGA03,R. Wada,229,0,2025-11-13,yes,8.202863,11.393779
BAN-000906,S01559,Bibaru,W022,LGA03,U. Sule,50,3,2025-11-26,yes,8.205624,11.453043
BAN-000907,S01559,Bibaru,W022,LGA03,H. Jibo,72,2,2025-11-24,yes,8.204998,11.452743
BAN-000908,S01559,Bibaru,W022,LGA03,Z. Oje,76,0,2025-10-21,yes,8.207385,11.451237
BAN-000909,S00116,Enriru-Kofar,W001,LGA01,I. Ede,52,0,2025-12-04,yes,7.034615,11.007117
BAN-000910,S00116,Enriru-Kofar,W001,LGA01,K. Abu,111,2,2025-12-05,yes,7.035535,11.006007
BAN-000911,S00116,Enriru-Kofar,W001,LGA01,R. Funo,127,2,2025-10-30,yes,7.033807,11.008488
BAN-000912,S00706,Faduwa,W008,LGA01,Z. Zubi,233,4,2025-10-22,yes,7.260079,10.939788
BAN-000913,S00706,Faduwa,W008,LGA01,H. Musa,97,2,2025-11-30,yes,7.262214,10.940424
BAN-000914,S00706,Faduwa,W008,LGA01,H. Nura,71,3,2025-12-01,yes,7.260065,10.940388
BAN-000915,S01156,Daluna,W015,LGA01,R. Rabi,32,0,2025-11-12,yes,7.695525,11.264686
BAN-000916,S01156,Daluna,W015,LGA01,H. Zubi,37,1,2025-11-15,no,7.693182,11.264514
BAN-000917,S01739,Olzawa,W026,LGA03,I. Isa,14,4,2025-10-02,yes,7.757846,11.43755
BAN-000918,S00259,Lobani-Tudun,W003,LGA01,A. Bala,146,1,2025-12-07,yes,7.448898,10.997201
BAN-000919,S00259,Lobani-Tudun,W003,LGA01,B. Rabi,101,0,2025-10-25,yes,7.446401,10.997834
BAN-000920,S02471,Enyole,W039,LGA04,K. Musa,63,4,2025-10-05,no,8.275213,10.856832
BAN-000921,S01142,Olwawo-Gabas,W015,LGA01,Y. Nura,18,0,2025-10-11,yes,7.569046,11.230793
BAN-000922,S01142,Olwawo-Gabas,W015,LGA01,I. Nura,98,4,2025-12-06,yes,7.568554,11.231008
BAN-000923,S01142,Olwawo-Gabas,W015,LGA01,I. Abu,24,1,2025-11-26,yes,7.567423,11.232043
BAN-000924,S01132,Lojiwo,W015,LGA01,K. Abu,35,3,2025-10-07,yes,7.654865,11.323241
BAN-000925,S01132,Lojiwo,W015,LGA01,S. Yaro,210,2,2025-11-13,yes,7.654504,11.323673
BAN-000926,S01132,Lojiwo,W015,LGA01,H. Isa,240,0,2025-10-15,yes,7.655628,11.324052
BAN-000927,S00219,Uztsija,W002,LGA01,Y. Sule,20,0,2025-11-27,no,7.096731,10.774251
BAN-000928,S00219,Uztsija,W002,LGA01,F. Haru,215,2,2025-11-21,no,7.096741,10.773046
BAN-000929,S02483,Eklami-Gabas,W040,LGA04,K. Rabi,115,1,2025-10-13,no,8.296772,11.191218
BAN-000930,S02483,Eklami-Gabas,W040,LGA04,S. Ede,5,4,2025-10-06,yes,8.295373,11.190196
BAN-000931,S02483,Eklami-Gabas,W040,LGA04,Y. Wada,103,0,2025-11-12,yes,8.294155,11.190789
BAN-000932,S01768,Rinana,W027,LGA03,I. Gani,66,2,2025-11-09,yes,7.890038,11.378411
BAN-000933,S01768,Rinana,W027,LGA03,S. Tanko,72,0,2025-10-16,no,7.893259,11.37919
BAN-000934,S01768,Rinana,W027,LGA03,Y. Dogo,29,0,2025-11-20,yes,7.890541,11.377317
BAN-000935,S00945,Umtiwo,W012,LGA02,I. Gani,48,4,2025-10-20,yes,7.421979,10.451775
BAN-000936,S00945,Umtiwo,W012,LGA02,U. Jibo,257,1,2025-12-07,no,7.423538,10.454325
BAN-000937,S00945,Umtiwo,W012,LGA02,Y. Tanko,204,0,2025-11-04,yes,7.423367,10.455141
BAN-000938,S00945,Umtiwo,W012,LGA02,U. Kabo,226,3,2025-11-15,yes,7.424205,10.451424
BAN-000939,S02383,Agduyi,W038,LGA03,Z. Sule,9,1,2025-10-29,yes,8.320677,11.430305
BAN-000940,S02383,Agduyi,W038,LGA03,B. Sule,162,0,2025-10-25,yes,8.321058,11.429546
BAN-000941,S02383,Agduyi,W038,LGA03,I. Nura,160,0,2025-11-30,yes,8.322044,11.431041
BAN-000942,S00434,Ennawa-Gabas,W006,LGA01,K. Yaro,79,1,2025-10-24,yes,7.247645,11.399733
BAN-000943,S00434,Ennawa-Gabas,W006,LGA01,Z. Gani,81,0,2025-10-27,yes,7.246984,11.401074
BAN-000944,S00434,Ennawa-Gabas,W006,LGA01,A. Gani,88,1,2025-11-16,yes,7.247414,11.402076
BAN-000945,S01144,Ekjiyi-Arewa,W015,LGA01,Y. Abu,217,2,2025-12-08,yes,7.509698,11.245627
BAN-000946,S01144,Ekjiyi-Arewa,W015,LGA01,I. Bala,228,0,2025-10-23,yes,7.50869,11.247737
BAN-000947,S01144,Ekjiyi-Arewa,W015,LGA01,H. Pama,198,0,2025-10-14,yes,7.509145,11.249008
BAN-000948,S01936,Uzzashi,W030,LGA04,F. Abu,8,0,2025-10-11,yes,7.93978,10.591268
BAN-000949,S01936,Uzzashi,W030,LGA04,Z. Nura,57,1,2025-12-07,yes,7.936889,10.59224
BAN-000950,S01936,Uzzashi,W030,LGA04,I. Sule,78,2,2025-10-21,no,7.939471,10.591686
BAN-000951,S01936,Uzzashi,W030,LGA04,U. Gani,70,4,2025-10-15,yes,7.939916,10.589516
BAN-000952,S01936,Uzzashi,W030,LGA04,H. Wada,21,2,2025-10-14,yes,7.940075,10.59071
BAN-000953,S01936,Uzzashi,W030,LGA04,K. Bala,109,3,2025-12-08,yes,7.939429,10.59135
BAN-000954,S01936,Uzzashi,W030,LGA04,K. Oje,87,3,2025-11-20,yes,7.940258,10.59016
BAN-000955,S00559,Suberu-Sabo,W007,LGA01,H. Lami,23,4,2025-11-17,yes,7.390852,11.140789
BAN-000956,S00559,Suberu-Sabo,W007,LGA01,Y. Oje,157,1,2025-12-04,yes,7.392011,11.141555
BAN-000957,S00559,Suberu-Sabo,W007,LGA01,F. Bala,18,1,2025-11-07,yes,7.391186,11.141792
BAN-000958,S01725,Risale,W026,LGA03,M. Kabo,256,2,2025-10-29,yes,7.732177,11.396386
BAN-000959,S01725,Risale,W026,LGA03,R. Umar,13,0,2025-11-27,yes,7.731855,11.396363
BAN-000960,S01725,Risale,W026,LGA03,F. Zubi,53,4,2025-10-04,yes,7.732111,11.398889
BAN-000961,S01725,Risale,W026,LGA03,H. Haru,214,3,2025-11-11,yes,7.733393,11.397968
BAN-000962,S00124,Bakowa,W002,LGA01,Z. Tanko,40,3,2025-10-30,yes,7.231659,10.8095
BAN-000963,S00185,Fangosa,W002,LGA01,K. Yaro,124,3,2025-10-28,yes,7.074917,10.808694
BAN-000964,S00185,Fangosa,W002,LGA01,U. Abu,79,4,2025-11-18,yes,7.07452,10.809412
BAN-000965,S00185,Fangosa,W002,LGA01,I. Ede,167,2,2025-11-28,yes,7.075165,10.80702
BAN-000966,S00185,Fangosa,W002,LGA01,Y. Sule,255,3,2025-12-02,yes,7.075837,10.808873
BAN-000967,S00185,Fangosa,W002,LGA01,S. Tanko,198,1,2025-11-09,yes,7.075301,10.80913
BAN-000968,S01238,Agrishi,W016,LGA02,U. Sule,15,1,2025-11-08,yes,7.557647,10.473019
BAN-000969,S01238,Agrishi,W016,LGA02,I. Pama,109,4,2025-11-18,yes,7.558256,10.473645
BAN-000970,S00961,Kajita,W013,LGA02,Y. Zubi,77,0,2025-11-17,yes,7.522464,10.667635
BAN-000971,S00379,Suzawo,W005,LGA02,Y. Oje,24,2,2025-10-22,yes,7.424019,10.736082
BAN-000972,S00382,Tatidu,W005,LGA02,U. Nura,219,3,2025-10-07,yes,7.330294,10.774512
BAN-000973,S02050,Suwale-Yamma,W032,LGA04,B. Rabi,137,0,2025-10-31,yes,8.072915,10.853072
BAN-000974,S02050,Suwale-Yamma,W032,LGA04,K. Haru,208,4,2025-10-15,yes,8.071591,10.854279
BAN-000975,S00657,Eklade,W007,LGA01,U. Lami,98,2,2025-11-23,yes,7.362299,11.242897
BAN-000976,S00657,Eklade,W007,LGA01,M. Kabo,233,3,2025-12-08,yes,7.362717,11.242284
BAN-000977,S00201,Daluwa,W002,LGA01,K. Rabi,195,3,2025-10-10,yes,7.086837,10.766771
BAN-000978,S02243,Kunadu,W035,LGA04,K. Tanko,160,4,2025-11-21,yes,8.248438,11.011836
BAN-000979,S02103,Kanawa,W033,LGA03,A. Rabi,133,0,2025-10-27,yes,8.056968,11.153859
BAN-000980,S02103,Kanawa,W033,LGA03,R. Jibo,61,0,2025-10-28,yes,8.059194,11.154468
BAN-000981,S00947,Mazana,W012,LGA02,U. Musa,111,4,2025-10-18,yes,7.389862,10.49019
BAN-000982,S01908,Yeluru,W029,LGA04,A. Haru,259,2,2025-11-03,yes,7.944169,11.076083
BAN-000983,S01908,Yeluru,W029,LGA04,R. Dogo,63,1,2025-11-24,yes,7.946225,11.075021
BAN-000984,S01908,Yeluru,W029,LGA04,R. Musa,213,1,2025-10-29,yes,7.944089,11.074642
BAN-000985,S00680,Gurata,W008,LGA01,M. Musa,241,2,2025-12-04,no,7.331347,10.855931
BAN-000986,S00680,Gurata,W008,LGA01,Z. Cham,14,3,2025-10-29,yes,7.330868,10.857481
BAN-000987,S00680,Gurata,W008,LGA01,F. Oje,241,4,2025-10-25,yes,7.33065,10.858105
BAN-000988,S00680,Gurata,W008,LGA01,M. Ede,20,3,2025-10-17,yes,7.330734,10.855876
BAN-000989,S00418,Oknami,W006,LGA01,U. Jibo,243,3,2025-11-01,yes,7.239231,11.286002
BAN-000990,S00418,Oknami,W006,LGA01,Z. Rabi,122,3,2025-11-20,no,7.240915,11.285143
BAN-000991,S02509,Sarayi,W040,LGA04,A. Dogo,111,4,2025-12-08,yes,8.361192,11.224668
BAN-000992,S02509,Sarayi,W040,LGA04,I. Wada,205,4,2025-10-11,no,8.360537,11.226701
BAN-000993,S02509,Sarayi,W040,LGA04,F. Rabi,27,4,2025-10-23,no,8.361217,11.224614
BAN-000994,S02509,Sarayi,W040,LGA04,H. Rabi,129,4,2025-10-11,yes,8.360023,11.225621
BAN-000995,S02509,Sarayi,W040,LGA04,U. Sule,203,1,2025-10-30,yes,8.360323,11.22488
BAN-000996,S02236,Agmata,W035,LGA04,A. Musa,6,0,2025-11-25,yes,8.228593,11.053732
BAN-000997,S02236,Agmata,W035,LGA04,Z. Sule,50,1,2025-10-21,yes,8.228743,11.053918
BAN-000998,S02236,Agmata,W035,LGA04,Z. Tanko,236,3,2025-10-26,no,8.230166,11.052922
BAN-000999,S01263,Nuriri,W016,LGA02,Y. Funo,188,0,2025-10-25,yes,7.536556,10.467958
BAN-001000,S01263,Nuriri,W016,LGA02,U. Kabo,162,3,2025-11-18,yes,7.538591,10.467515
BAN-001001,S01263,Nuriri,W016,LGA02,U. Musa,50,3,2025-10-20,yes,7.537475,10.465858
BAN-001002,S01845,Okshasa,W029,LGA04,S. Sule,115,2,2025-12-01,yes,8.020027,11.062068
BAN-001003,S01845,Okshasa,W029,LGA04,K. Cham,31,0,2025-12-05,yes,8.021689,11.063136
BAN-001004,S01845,Okshasa,W029,LGA04,R. Zubi,154,3,2025-11-24,yes,8.02089,11.063291
BAN-001005,S01845,Okshasa,W029,LGA04,I. Oje,73,0,2025-11-13,yes,8.021482,11.062216
BAN-001006,S00222,Nuduta,W003,LGA01,Z. Sule,137,4,2025-11-13,yes,7.464995,11.015031
BAN-001007,S00399,Matiyi,W005,LGA02,F. Kabo,51,0,2025-11-04,yes,7.301743,10.774549
BAN-001008,S00399,Matiyi,W005,LGA02,F. Dogo,150,3,2025-12-03,yes,7.301418,10.774869
BAN-001009,S02476,Olrale,W040,LGA04,Y. Isa,124,2,2025-11-27,yes,8.38495,11.194097
BAN-001010,S02476,Olrale,W040,LGA04,B. Oje,251,0,2025-10-30,yes,8.383471,11.194889
BAN-001011,S02476,Olrale,W040,LGA04,R. Lami,6,2,2025-12-08,yes,8.383682,11.195805
BAN-001012,S01268,Bakori,W016,LGA02,I. Tanko,229,3,2025-11-27,yes,7.586815,10.459255
BAN-001013,S01268,Bakori,W016,LGA02,Y. Ede,91,1,2025-10-01,yes,7.587236,10.458542
BAN-001014,S02156,Faluwa-Sabo,W033,LGA03,S. Kabo,192,1,2025-11-19,yes,8.005522,11.200624
BAN-001015,S01753,Kabewa,W026,LGA03,B. Rabi,160,0,2025-11-18,yes,7.73521,11.523775
BAN-001016,S01753,Kabewa,W026,LGA03,M. Gani,31,0,2025-12-01,yes,7.73401,11.523071
BAN-001017,S01753,Kabewa,W026,LGA03,Y. Isa,56,0,2025-10-23,yes,7.734868,11.523698
BAN-001018,S02292,Banatu,W036,LGA04,B. Lami,55,1,2025-10-16,yes,8.102401,10.726487
BAN-001019,S02292,Banatu,W036,LGA04,H. Lami,32,3,2025-11-12,yes,8.103005,10.7259
BAN-001020,S02336,Agnade,W037,LGA03,Z. Lami,240,3,2025-10-11,yes,8.206799,11.554883
BAN-001021,S02336,Agnade,W037,LGA03,Z. Nura,83,3,2025-11-20,yes,8.208019,11.553797
BAN-001022,S02336,Agnade,W037,LGA03,U. Oje,190,1,2025-11-08,no,8.205805,11.552858
BAN-001023,S02336,Agnade,W037,LGA03,M. Cham,228,4,2025-10-30,yes,8.205736,11.554957
BAN-001024,S01592,Ibdeko,W023,LGA03,K. Yaro,12,2,2025-12-03,yes,7.934383,11.194902
BAN-001025,S00476,Yelaja,W006,LGA01,R. Yaro,239,0,2025-10-11,yes,7.228447,11.258805
BAN-001026,S00476,Yelaja,W006,LGA01,B. Funo,216,0,2025-10-21,yes,7.22683,11.257288
BAN-001027,S00531,Yengomi,W006,LGA01,U. Wada,161,2,2025-11-22,yes,7.205022,11.269459
BAN-001028,S00531,Yengomi,W006,LGA01,F. Musa,258,3,2025-11-09,yes,7.204979,11.270294
BAN-001029,S01829,Olsharu,W028,LGA04,I. Sule,4,2,2025-10-16,no,8.005581,10.775622
BAN-001030,S01829,Olsharu,W028,LGA04,M. Isa,116,3,2025-11-27,yes,8.004966,10.775153
BAN-001031,S01829,Olsharu,W028,LGA04,I. Haru,198,0,2025-11-27,yes,8.004927,10.775912
BAN-001032,S01829,Olsharu,W028,LGA04,H. Bala,63,4,2025-10-23,yes,8.00525,10.776615
BAN-001033,S01829,Olsharu,W028,LGA04,Y. Haru,141,2,2025-12-04,no,8.00555,10.774658
BAN-001034,S01829,Olsharu,W028,LGA04,H. Zubi,83,3,2025-10-30,no,8.005875,10.775554
BAN-001035,S00522,Losale,W006,LGA01,H. Cham,208,1,2025-10-27,yes,7.264995,11.150594
BAN-001036,S01346,Lowama-Gabas,W018,LGA02,Z. Rabi,119,1,2025-11-01,yes,7.549297,10.650941
BAN-001037,S01346,Lowama-Gabas,W018,LGA02,M. Bala,140,4,2025-11-27,yes,7.546373,10.652687
BAN-001038,S00596,Zashari,W007,LGA01,R. Lami,202,0,2025-10-07,yes,7.41954,11.158273
BAN-001039,S00292,Kukodu,W003,LGA01,Z. Ede,7,2,2025-12-06,yes,7.208777,11.048415
BAN-001040,S00292,Kukodu,W003,LGA01,A. Abu,139,0,2025-11-20,yes,7.20644,11.045651
BAN-001041,S00292,Kukodu,W003,LGA01,K. Funo,71,0,2025-10-14,yes,7.209662,11.044751
BAN-001042,S00292,Kukodu,W003,LGA01,F. Cham,220,0,2025-10-03,yes,7.209976,11.048037
BAN-001043,S00292,Kukodu,W003,LGA01,U. Bala,231,4,2025-12-08,yes,7.207745,11.048686
BAN-001044,S02362,Nushadu,W037,LGA03,R. Umar,113,3,2025-10-25,yes,8.176282,11.528587
BAN-001045,S02362,Nushadu,W037,LGA03,U. Sule,85,2,2025-10-25,yes,8.17742,11.526677
BAN-001046,S02362,Nushadu,W037,LGA03,K. Musa,204,4,2025-12-09,yes,8.175415,11.526786
BAN-001047,S02362,Nushadu,W037,LGA03,S. Abu,49,4,2025-11-12,yes,8.178103,11.529008
BAN-001048,S00289,Lozawa,W003,LGA01,F. Lami,73,3,2025-11-13,yes,7.226357,11.03197
BAN-001049,S00289,Lozawa,W003,LGA01,H. Kabo,115,1,2025-10-10,yes,7.22589,11.029125
BAN-001050,S00289,Lozawa,W003,LGA01,U. Cham,125,4,2025-10-25,no,7.227835,11.029577
BAN-001051,S02349,Nunani-Kudu,W037,LGA03,K. Rabi,127,0,2025-10-04,yes,8.207624,11.565482
BAN-001052,S02349,Nunani-Kudu,W037,LGA03,S. Wada,99,1,2025-11-10,yes,8.208969,11.566919
BAN-001053,S02349,Nunani-Kudu,W037,LGA03,Z. Cham,8,4,2025-11-10,yes,8.20715,11.565664
BAN-001054,S01504,Nurima-Yamma,W020,LGA01,H. Lami,65,0,2025-12-08,yes,7.70855,11.156196
BAN-001055,S01504,Nurima-Yamma,W020,LGA01,B. Pama,111,4,2025-10-01,yes,7.706983,11.157082
BAN-001056,S00360,Dangoja,W004,LGA02,S. Bala,4,0,2025-10-18,yes,7.247297,10.576217
BAN-001057,S00613,Dazaja,W007,LGA01,B. Cham,233,3,2025-11-26,yes,7.30114,11.286534
BAN-001058,S00543,Agjiko,W007,LGA01,A. Haru,223,2,2025-10-30,yes,7.353095,11.240943
BAN-001059,S00543,Agjiko,W007,LGA01,Y. Haru,246,4,2025-11-12,yes,7.35379,11.241925
BAN-001060,S00543,Agjiko,W007,LGA01,K. Sule,172,1,2025-10-05,yes,7.350893,11.240755
BAN-001061,S00915,Gurija,W011,LGA02,R. Abu,108,1,2025-10-27,yes,7.718487,10.485748
BAN-001062,S00345,Falama,W004,LGA02,F. Wada,132,1,2025-10-04,yes,7.205838,10.595261
BAN-001063,S00345,Falama,W004,LGA02,B. Lami,187,1,2025-11-24,yes,7.205354,10.594228
BAN-001064,S02135,Irdufa,W033,LGA03,R. Bala,71,4,2025-10-23,yes,7.975939,11.132931
BAN-001065,S02135,Irdufa,W033,LGA03,F. Yaro,136,4,2025-11-02,yes,7.975514,11.132312
BAN-001066,S02135,Irdufa,W033,LGA03,Y. Nura,245,1,2025-11-25,yes,7.974957,11.133044
BAN-001067,S02109,Risale-Sabo,W033,LGA03,Z. Haru,147,4,2025-11-24,yes,7.998819,11.143248
BAN-001068,S00456,Talaru,W006,LGA01,F. Abu,60,1,2025-11-19,yes,7.22126,11.149317
BAN-001069,S00456,Talaru,W006,LGA01,I. Tanko,51,1,2025-11-24,yes,7.221033,11.14957
BAN-001070,S00456,Talaru,W006,LGA01,Y. Abu,206,0,2025-11-03,yes,7.221849,11.151132
BAN-001071,S00456,Talaru,W006,LGA01,M. Funo,66,3,2025-10-26,yes,7.220606,11.149076
BAN-001072,S00456,Talaru,W006,LGA01,Z. Cham,150,0,2025-11-23,yes,7.220021,11.149937
BAN-001073,S01170,Tasadu,W015,LGA01,S. Funo,214,1,2025-11-11,yes,7.558552,11.371717
BAN-001074,S01170,Tasadu,W015,LGA01,A. Nura,248,0,2025-11-27,yes,7.558852,11.371918
BAN-001075,S01170,Tasadu,W015,LGA01,B. Cham,79,0,2025-10-27,yes,7.558364,11.370684
BAN-001076,S01170,Tasadu,W015,LGA01,R. Sule,230,0,2025-10-24,yes,7.556555,11.371343
BAN-001077,S01170,Tasadu,W015,LGA01,B. Ede,71,2,2025-12-04,yes,7.560451,11.37066
BAN-001078,S01430,Taberu,W020,LGA01,H. Jibo,39,3,2025-11-17,yes,7.582835,11.0698
BAN-001079,S01430,Taberu,W020,LGA01,U. Jibo,50,3,2025-10-07,yes,7.580328,11.070353
BAN-001080,S01430,Taberu,W020,LGA01,H. Ede,202,1,2025-11-24,yes,7.582794,11.068763
BAN-001081,S01430,Taberu,W020,LGA01,M. Kabo,57,4,2025-12-02,yes,7.583403,11.068369
BAN-001082,S02045,Kubaja,W031,LGA03,B. Tanko,251,2,2025-10-09,no,7.986406,11.332061
BAN-001083,S02045,Kubaja,W031,LGA03,F. Lami,116,0,2025-12-05,yes,7.986939,11.33069
BAN-001084,S01841,Barashi,W028,LGA04,U. Haru,154,2,2025-10-30,yes,8.013834,10.770283
BAN-001085,S01841,Barashi,W028,LGA04,Y. Jibo,201,0,2025-11-28,yes,8.01294,10.770088
BAN-001086,S01841,Barashi,W028,LGA04,Z. Rabi,21,2,2025-10-16,yes,8.01193,10.772203
BAN-001087,S01841,Barashi,W028,LGA04,Z. Dogo,200,3,2025-11-04,yes,8.013033,10.77017
BAN-001088,S01841,Barashi,W028,LGA04,U. Pama,114,2,2025-11-29,yes,8.009567,10.771435
BAN-001089,S01841,Barashi,W028,LGA04,I. Jibo,39,3,2025-11-10,yes,8.01349,10.770991
BAN-001090,S01841,Barashi,W028,LGA04,S. Isa,218,1,2025-10-08,yes,8.012561,10.771202
BAN-001091,S00753,Agwama,W008,LGA01,A. Nura,116,4,2025-11-01,no,7.314709,10.953759
BAN-001092,S01462,Zatsima,W020,LGA01,Z. Bala,92,3,2025-10-11,yes,7.730357,11.143177
BAN-001093,S01462,Zatsima,W020,LGA01,K. Zubi,155,2,2025-10-03,yes,7.730203,11.143217
BAN-001094,S01462,Zatsima,W020,LGA01,U. Tanko,107,0,2025-11-27,yes,7.730291,11.144063
BAN-001095,S00462,Wayoni,W006,LGA01,U. Dogo,164,0,2025-11-16,yes,7.259945,11.356152
BAN-001096,S00462,Wayoni,W006,LGA01,B. Haru,11,1,2025-11-01,yes,7.260239,11.355115
BAN-001097,S00462,Wayoni,W006,LGA01,A. Bala,155,4,2025-11-22,yes,7.262266,11.355147
BAN-001098,S01159,Zazayi-Tudun,W015,LGA01,M. Yaro,162,1,2025-10-15,yes,7.705619,11.312751
BAN-001099,S01045,Rilana,W014,LGA01,K. Funo,251,3,2025-11-24,yes,7.390723,11.468347
BAN-001100,S01045,Rilana,W014,LGA01,Y. Tanko,225,4,2025-11-25,yes,7.392689,11.468364
BAN-001101,S01045,Rilana,W014,LGA01,F. Nura,192,2,2025-12-01,yes,7.391453,11.468736
BAN-001102,S02079,Gukowo,W032,LGA04,F. Lami,85,1,2025-10-30,yes,8.097261,10.918733
BAN-001103,S02079,Gukowo,W032,LGA04,Y. Lami,232,3,2025-10-22,yes,8.096577,10.918861
BAN-001104,S02079,Gukowo,W032,LGA04,H. Haru,74,3,2025-12-04,yes,8.098085,10.920394
BAN-001105,S02079,Gukowo,W032,LGA04,I. Gani,99,1,2025-10-18,yes,8.099759,10.920937
BAN-001106,S01910,Rilama,W029,LGA04,I. Abu,228,0,2025-11-20,no,7.963821,11.09166
BAN-001107,S01910,Rilama,W029,LGA04,S. Musa,93,3,2025-10-29,yes,7.963975,11.090006
BAN-001108,S01910,Rilama,W029,LGA04,S. Lami,128,3,2025-11-17,no,7.96463,11.089735
BAN-001109,S02342,Oktsimi-Gabas,W037,LGA03,K. Dogo,22,1,2025-10-25,yes,8.207384,11.537724
BAN-001110,S02342,Oktsimi-Gabas,W037,LGA03,A. Umar,60,3,2025-11-20,yes,8.207406,11.537944
BAN-001111,S02342,Oktsimi-Gabas,W037,LGA03,A. Tanko,98,4,2025-11-28,yes,8.206767,11.537776
BAN-001112,S01310,Hasani-Kofar,W017,LGA03,H. Musa,55,4,2025-11-19,yes,7.528815,11.392637
BAN-001113,S01310,Hasani-Kofar,W017,LGA03,B. Umar,9,3,2025-12-09,no,7.529516,11.391344
BAN-001114,S01310,Hasani-Kofar,W017,LGA03,Z. Oje,168,2,2025-10-16,yes,7.527318,11.390885
BAN-001115,S00461,Wasawa,W006,LGA01,Z. Ede,23,0,2025-10-13,yes,7.232694,11.218627
BAN-001116,S00461,Wasawa,W006,LGA01,B. Zubi,8,3,2025-12-02,yes,7.235344,11.216478
BAN-001117,S00461,Wasawa,W006,LGA01,R. Yaro,100,2,2025-11-14,yes,7.232943,11.217679
BAN-001118,S00777,Umdule,W008,LGA01,Z. Yaro,142,0,2025-12-04,yes,7.447063,10.963055
BAN-001119,S00777,Umdule,W008,LGA01,H. Umar,244,1,2025-10-27,yes,7.446461,10.964449
BAN-001120,S00777,Umdule,W008,LGA01,R. Cham,107,4,2025-10-07,yes,7.44656,10.962244
BAN-001121,S00777,Umdule,W008,LGA01,I. Cham,72,3,2025-11-23,yes,7.446818,10.964579
BAN-001122,S01219,Kuwawa,W015,LGA01,Y. Zubi,18,1,2025-10-02,yes,7.713718,11.301243
BAN-001123,S01219,Kuwawa,W015,LGA01,F. Dogo,242,3,2025-10-13,yes,7.713072,11.302178
BAN-001124,S01219,Kuwawa,W015,LGA01,S. Kabo,37,3,2025-10-09,yes,7.712461,11.299945
BAN-001125,S00604,Adtiri,W007,LGA01,Y. Dogo,135,4,2025-10-04,yes,7.394215,11.239418
BAN-001126,S00604,Adtiri,W007,LGA01,R. Ede,99,0,2025-10-22,yes,7.39369,11.240208
BAN-001127,S00604,Adtiri,W007,LGA01,H. Yaro,74,3,2025-11-04,yes,7.39446,11.240724
BAN-001128,S02422,Ibjifa,W038,LGA03,I. Cham,206,4,2025-10-01,yes,8.329152,11.449676
BAN-001129,S01940,Ummatu,W030,LGA04,S. Funo,116,1,2025-11-08,yes,7.909396,10.605156
BAN-001130,S02105,Ibbemi,W033,LGA03,F. Zubi,191,2,2025-11-21,yes,7.976671,11.168969
BAN-001131,S02105,Ibbemi,W033,LGA03,F. Nura,202,0,2025-10-15,yes,7.97705,11.170224
BAN-001132,S02105,Ibbemi,W033,LGA03,U. Wada,187,4,2025-10-24,yes,7.97464,11.169784
BAN-001133,S02105,Ibbemi,W033,LGA03,A. Lami,137,4,2025-12-03,yes,7.976546,11.170791
BAN-001134,S00567,Fabema,W007,LGA01,K. Cham,137,3,2025-11-28,yes,7.375327,11.22213
BAN-001135,S00567,Fabema,W007,LGA01,I. Oje,101,1,2025-11-14,yes,7.37777,11.220843
BAN-001136,S01323,Majita,W018,LGA02,K. Lami,119,0,2025-12-02,yes,7.642264,10.655359
BAN-001137,S01323,Majita,W018,LGA02,S. Dogo,205,0,2025-11-02,yes,7.642954,10.654065
BAN-001138,S01323,Majita,W018,LGA02,K. Pama,157,1,2025-10-25,no,7.643008,10.654515
BAN-001139,S00994,Gushatu,W013,LGA02,F. Funo,170,1,2025-10-06,yes,7.480116,10.562812
BAN-001140,S00994,Gushatu,W013,LGA02,R. Isa,226,3,2025-11-20,yes,7.480371,10.562777
BAN-001141,S00830,Tazari,W010,LGA02,H. Cham,142,0,2025-11-03,yes,7.430035,10.776211
BAN-001142,S00830,Tazari,W010,LGA02,K. Nura,80,1,2025-12-08,yes,7.429434,10.776011
BAN-001143,S00830,Tazari,W010,LGA02,A. Pama,183,4,2025-10-09,yes,7.429809,10.77719
BAN-001144,S00830,Tazari,W010,LGA02,H. Jibo,143,1,2025-11-20,yes,7.428657,10.776992
BAN-001145,S00960,Kalama,W013,LGA02,A. Jibo,69,0,2025-12-01,yes,7.485381,10.675305
BAN-001146,S01839,Gutsile,W028,LGA04,I. Kabo,104,4,2025-10-25,yes,7.881995,10.86199
BAN-001147,S01839,Gutsile,W028,LGA04,S. Yaro,58,0,2025-10-01,yes,7.883069,10.85982
BAN-001148,S00823,Bazawo,W009,LGA02,R. Rabi,146,0,2025-10-14,yes,7.495057,11.03358
BAN-001149,S01375,Lotifa-Sabo,W019,LGA04,R. Nura,2,3,2025-11-26,yes,7.690969,10.972309
BAN-001150,S01375,Lotifa-Sabo,W019,LGA04,B. Oje,151,0,2025-11-08,yes,7.69182,10.971615
BAN-001151,S01375,Lotifa-Sabo,W019,LGA04,U. Nura,237,0,2025-10-29,yes,7.690735,10.970762
BAN-001152,S01375,Lotifa-Sabo,W019,LGA04,M. Lami,197,4,2025-12-04,yes,7.69063,10.970006
BAN-001153,S00096,Okkotu,W001,LGA01,I. Abu,43,0,2025-11-13,yes,7.049856,11.054255
BAN-001154,S01215,Kudumi-Kudu,W015,LGA01,U. Gani,160,3,2025-10-13,yes,7.540846,11.248868
BAN-001155,S01215,Kudumi-Kudu,W015,LGA01,A. Oje,88,3,2025-11-30,yes,7.540714,11.250995
BAN-001156,S01215,Kudumi-Kudu,W015,LGA01,R. Haru,156,2,2025-12-07,yes,7.537664,11.250567
BAN-001157,S01215,Kudumi-Kudu,W015,LGA01,I. Abu,223,1,2025-10-23,yes,7.540917,11.251081
BAN-001158,S01215,Kudumi-Kudu,W015,LGA01,R. Kabo,71,2,2025-11-29,yes,7.540046,11.249731
BAN-001159,S02018,Kabashi,W031,LGA03,Z. Zubi,112,4,2025-10-27,yes,7.901677,11.34234
BAN-001160,S02018,Kabashi,W031,LGA03,K. Yaro,54,0,2025-11-21,yes,7.899411,11.34395
BAN-001161,S02018,Kabashi,W031,LGA03,U. Haru,101,3,2025-11-09,yes,7.90038,11.341254
BAN-001162,S02018,Kabashi,W031,LGA03,R. Pama,235,0,2025-10-25,yes,7.902091,11.342619
BAN-001163,S01469,Suluja-Tudun,W020,LGA01,Y. Musa,243,1,2025-11-30,yes,7.702902,11.128336
BAN-001164,S01469,Suluja-Tudun,W020,LGA01,R. Wada,17,0,2025-11-30,yes,7.702785,11.129436
BAN-001165,S01364,Bitija,W018,LGA02,U. Sule,166,0,2025-10-13,yes,7.596778,10.63253
BAN-001166,S01364,Bitija,W018,LGA02,U. Cham,61,2,2025-11-30,yes,7.599471,10.63164
BAN-001167,S01364,Bitija,W018,LGA02,I. Tanko,181,0,2025-10-15,yes,7.597469,10.633413
BAN-001168,S01089,Agzani,W014,LGA01,Y. Ede,81,1,2025-12-03,yes,7.388724,11.458098
BAN-001169,S01488,Sabawo,W020,LGA01,F. Umar,138,4,2025-11-14,yes,7.676543,11.137994
BAN-001170,S01488,Sabawo,W020,LGA01,Y. Sule,207,3,2025-11-19,yes,7.677337,11.140201
BAN-001171,S01488,Sabawo,W020,LGA01,Y. Umar,254,1,2025-11-26,yes,7.678341,11.138657
BAN-001172,S01488,Sabawo,W020,LGA01,F. Sule,164,1,2025-10-30,yes,7.676012,11.137338
BAN-001173,S00359,Uzbede,W004,LGA02,M. Gani,1,2,2025-11-30,yes,7.195038,10.672592
BAN-001174,S00359,Uzbede,W004,LGA02,S. Rabi,76,1,2025-10-27,yes,7.193886,10.672464
BAN-001175,S00359,Uzbede,W004,LGA02,B. Haru,219,4,2025-11-16,yes,7.193906,10.672263
BAN-001176,S00606,Adduma,W007,LGA01,K. Wada,53,0,2025-10-26,yes,7.371969,11.255943
BAN-001177,S00606,Adduma,W007,LGA01,F. Jibo,232,4,2025-10-13,yes,7.371315,11.254642
BAN-001178,S00606,Adduma,W007,LGA01,I. Funo,67,3,2025-11-30,yes,7.371379,11.254944
BAN-001179,S00606,Adduma,W007,LGA01,B. Umar,169,3,2025-11-25,yes,7.371699,11.254017
BAN-001180,S00092,Agtsiko-Gabas,W001,LGA01,I. Tanko,31,3,2025-10-01,yes,7.159643,11.091859
BAN-001181,S00307,Fabako,W003,LGA01,M. Lami,247,0,2025-11-17,yes,7.266277,11.106599
BAN-001182,S00307,Fabako,W003,LGA01,A. Lami,106,4,2025-10-17,yes,7.268868,11.104608
BAN-001183,S00307,Fabako,W003,LGA01,Y. Bala,65,4,2025-10-29,yes,7.265841,11.105822
BAN-001184,S00307,Fabako,W003,LGA01,I. Jibo,258,1,2025-11-17,yes,7.266631,11.105504
BAN-001185,S01691,Uzshatu,W025,LGA04,F. Bala,140,0,2025-11-29,yes,7.791138,11.11496
BAN-001186,S01820,Agyoja,W028,LGA04,H. Wada,77,2,2025-11-28,yes,7.899738,10.921461
BAN-001187,S01820,Agyoja,W028,LGA04,R. Nura,39,1,2025-11-16,yes,7.900106,10.920465
BAN-001188,S01820,Agyoja,W028,LGA04,H. Nura,164,0,2025-11-07,yes,7.899602,10.920486
BAN-001189,S01820,Agyoja,W028,LGA04,K. Tanko,82,1,2025-11-13,yes,7.898466,10.921162
BAN-001190,S01820,Agyoja,W028,LGA04,S. Dogo,105,1,2025-10-23,yes,7.897727,10.922181
BAN-001191,S02017,Sujide,W031,LGA03,S. Cham,137,1,2025-11-04,yes,7.893584,11.408731
BAN-001192,S00946,Ibmawa,W012,LGA02,Z. Tanko,227,1,2025-10-01,no,7.335202,10.532261
BAN-001193,S00946,Ibmawa,W012,LGA02,A. Jibo,55,4,2025-10-15,yes,7.336458,10.533393
BAN-001194,S00946,Ibmawa,W012,LGA02,U. Cham,16,4,2025-10-27,yes,7.335395,10.533367
BAN-001195,S00946,Ibmawa,W012,LGA02,Z. Abu,172,1,2025-10-09,yes,7.333759,10.532113
BAN-001196,S01234,Agngowa,W016,LGA02,Z. Pama,58,0,2025-10-24,no,7.637244,10.494375
BAN-001197,S01234,Agngowa,W016,LGA02,F. Cham,77,3,2025-11-28,yes,7.637076,10.493952
BAN-001198,S01234,Agngowa,W016,LGA02,H. Dogo,71,0,2025-10-23,yes,7.637147,10.492709
BAN-001199,S01234,Agngowa,W016,LGA02,A. Gani,197,1,2025-10-25,yes,7.636991,10.494718
BAN-001200,S01080,Adngodu,W014,LGA01,K. Lami,211,0,2025-11-20,yes,7.419937,11.423252
BAN-001201,S01766,Olngori,W027,LGA03,R. Oje,180,0,2025-11-09,yes,7.973179,11.454491
BAN-001202,S01766,Olngori,W027,LGA03,Z. Musa,89,4,2025-10-05,yes,7.973798,11.455056
BAN-001203,S01897,Fadusa,W029,LGA04,B. Gani,153,3,2025-10-29,yes,7.93441,11.024385
BAN-001204,S01296,Sariwa,W017,LGA03,U. Kabo,172,3,2025-11-14,yes,7.526382,11.399416
BAN-001205,S01867,Agwaja,W029,LGA04,F. Wada,173,0,2025-10-03,yes,7.946262,11.101016
BAN-001206,S01867,Agwaja,W029,LGA04,S. Cham,102,4,2025-10-08,yes,7.947092,11.09883
BAN-001207,S01867,Agwaja,W029,LGA04,H. Umar,211,2,2025-11-04,yes,7.949014,11.099509
BAN-001208,S00525,Tayona,W006,LGA01,B. Dogo,6,3,2025-11-11,yes,7.18673,11.301192
BAN-001209,S00525,Tayona,W006,LGA01,S. Dogo,18,1,2025-10-09,yes,7.188006,11.30346
BAN-001210,S00525,Tayona,W006,LGA01,U. Tanko,58,1,2025-10-24,yes,7.186408,11.301271
BAN-001211,S00525,Tayona,W006,LGA01,H. Nura,74,2,2025-10-22,yes,7.187529,11.302847
BAN-001212,S00013,Rizadu,W001,LGA01,I. Oje,84,0,2025-12-04,yes,7.039738,11.015926
BAN-001213,S00013,Rizadu,W001,LGA01,I. Ede,190,3,2025-11-17,yes,7.04034,11.018409
BAN-001214,S00464,Waludu,W006,LGA01,R. Tanko,64,4,2025-11-18,yes,7.14441,11.310634
BAN-001215,S00464,Waludu,W006,LGA01,A. Ede,29,2,2025-11-23,yes,7.145559,11.310793
BAN-001216,S00464,Waludu,W006,LGA01,R. Umar,115,3,2025-10-07,yes,7.145539,11.313206
BAN-001217,S00464,Waludu,W006,LGA01,I. Gani,23,4,2025-10-28,yes,7.144535,11.313074
BAN-001218,S00464,Waludu,W006,LGA01,I. Isa,150,1,2025-10-24,yes,7.145348,11.312489
BAN-001219,S00464,Waludu,W006,LGA01,U. Pama,136,3,2025-11-08,yes,7.144917,11.311865
BAN-001220,S01760,Rilana-Kudu,W027,LGA03,R. Oje,162,0,2025-11-29,no,7.893858,11.466532
BAN-001221,S01760,Rilana-Kudu,W027,LGA03,H. Bala,2,3,2025-11-13,yes,7.89506,11.46596
BAN-001222,S01760,Rilana-Kudu,W027,LGA03,R. Rabi,185,4,2025-10-13,no,7.894579,11.465736
BAN-001223,S00321,Bakota-Yamma,W003,LGA01,Z. Kabo,246,4,2025-11-09,yes,7.238626,11.121446
BAN-001224,S00321,Bakota-Yamma,W003,LGA01,H. Haru,192,0,2025-11-21,yes,7.239468,11.120091
BAN-001225,S00321,Bakota-Yamma,W003,LGA01,Z. Bala,233,2,2025-11-28,yes,7.238756,11.121544
BAN-001226,S01388,Yetsita,W019,LGA04,Z. Sule,92,3,2025-12-06,yes,7.603298,11.004196
BAN-001227,S01388,Yetsita,W019,LGA04,R. Ede,66,1,2025-10-16,yes,7.603835,11.005394
BAN-001228,S01388,Yetsita,W019,LGA04,F. Oje,257,2,2025-10-05,yes,7.602064,11.004191
BAN-001229,S00131,Sazashi,W002,LGA01,K. Nura,122,4,2025-10-11,yes,7.030079,10.866839
BAN-001230,S00131,Sazashi,W002,LGA01,Z. Zubi,23,0,2025-11-05,yes,7.026811,10.865993
BAN-001231,S00079,Warana,W001,LGA01,A. Yaro,251,1,2025-10-06,yes,7.059847,10.997604
BAN-001232,S01341,Gungode,W018,LGA02,Y. Oje,10,2,2025-10-30,yes,7.575583,10.663353
BAN-001233,S01341,Gungode,W018,LGA02,A. Gani,69,0,2025-10-03,yes,7.574232,10.663029
BAN-001234,S02347,Washari,W037,LGA03,M. Zubi,41,3,2025-10-04,yes,8.195342,11.555137
BAN-001235,S02347,Washari,W037,LGA03,U. Sule,10,2,2025-12-06,no,8.195456,11.554694
BAN-001236,S01052,Enbatu,W014,LGA01,K. Sule,172,0,2025-11-03,yes,7.357298,11.446996
BAN-001237,S01052,Enbatu,W014,LGA01,A. Nura,104,0,2025-11-18,yes,7.356692,11.448119
BAN-001238,S00699,Biriko,W008,LGA01,M. Funo,43,1,2025-12-02,yes,7.319889,10.81754
BAN-001239,S00699,Biriko,W008,LGA01,R. Tanko,219,0,2025-10-11,yes,7.321852,10.818885
BAN-001240,S01774,Damafa,W027,LGA03,H. Abu,206,0,2025-10-25,no,7.91331,11.509523
BAN-001241,S01774,Damafa,W027,LGA03,U. Sule,48,3,2025-10-21,yes,7.913242,11.508391
BAN-001242,S01774,Damafa,W027,LGA03,Z. Dogo,211,4,2025-10-03,yes,7.914033,11.508832
BAN-001243,S01774,Damafa,W027,LGA03,F. Abu,164,4,2025-11-27,yes,7.914484,11.511798
BAN-001244,S01587,Ibnasa,W022,LGA03,F. Funo,42,4,2025-12-04,no,8.168993,11.432547
BAN-001245,S00431,Katsidu,W006,LGA01,F. Umar,187,2,2025-10-24,yes,7.182336,11.311175
BAN-001246,S00431,Katsidu,W006,LGA01,F. Haru,236,4,2025-10-01,yes,7.180876,11.313063
BAN-001247,S01987,Sawayi,W030,LGA04,S. Nura,58,4,2025-11-18,yes,7.89291,10.60905
BAN-001248,S01987,Sawayi,W030,LGA04,U. Musa,101,0,2025-11-15,yes,7.894864,10.60801
BAN-001249,S00152,Ibngona-Arewa,W002,LGA01,K. Lami,214,0,2025-11-30,no,7.021564,10.88083
BAN-001250,S00152,Ibngona-Arewa,W002,LGA01,M. Kabo,48,3,2025-11-12,yes,7.022565,10.879442
BAN-001251,S02011,Adluba-Tsakiya,W031,LGA03,Z. Bala,65,3,2025-10-10,yes,8.044267,11.289728
BAN-001252,S00481,Dodufa-Tudun,W006,LGA01,A. Gani,38,4,2025-11-12,yes,7.271775,11.243925
BAN-001253,S01775,Yeyori-Arewa,W027,LGA03,B. Nura,203,3,2025-11-28,yes,7.902601,11.479878
BAN-001254,S01775,Yeyori-Arewa,W027,LGA03,K. Kabo,225,1,2025-11-29,yes,7.902671,11.481738
BAN-001255,S01775,Yeyori-Arewa,W027,LGA03,K. Lami,189,4,2025-12-07,yes,7.902595,11.481427
BAN-001256,S01775,Yeyori-Arewa,W027,LGA03,M. Yaro,126,0,2025-10-31,yes,7.901969,11.481011
BAN-001257,S00175,Dadesa,W002,LGA01,S. Pama,2,4,2025-10-02,yes,7.113313,10.785173
BAN-001258,S00175,Dadesa,W002,LGA01,I. Dogo,64,0,2025-10-29,yes,7.112067,10.784426
BAN-001259,S00175,Dadesa,W002,LGA01,F. Haru,15,1,2025-11-03,yes,7.113082,10.783322
BAN-001260,S01911,Harimi,W029,LGA04,F. Umar,149,0,2025-10-17,yes,7.95017,10.973952
BAN-001261,S01911,Harimi,W029,LGA04,S. Zubi,105,2,2025-11-25,yes,7.949891,10.972615
BAN-001262,S01911,Harimi,W029,LGA04,K. Umar,211,4,2025-10-21,no,7.949262,10.972815
BAN-001263,S01980,Umwade,W030,LGA04,A. Umar,165,0,2025-11-22,yes,7.909846,10.594487
BAN-001264,S01656,Satsishi-Kudu,W024,LGA04,S. Funo,247,4,2025-10-31,yes,7.798173,10.749334
BAN-001265,S01656,Satsishi-Kudu,W024,LGA04,U. Rabi,251,2,2025-12-03,yes,7.798858,10.747821
BAN-001266,S01966,Umluri-Sabo,W030,LGA04,Z. Dogo,97,3,2025-11-24,yes,7.932775,10.739163
BAN-001267,S01966,Umluri-Sabo,W030,LGA04,B. Cham,107,2,2025-10-25,yes,7.933212,10.740352
BAN-001268,S01966,Umluri-Sabo,W030,LGA04,A. Abu,84,2,2025-10-06,yes,7.933538,10.739494
BAN-001269,S01966,Umluri-Sabo,W030,LGA04,H. Ede,101,0,2025-10-24,yes,7.933168,10.73897
BAN-001270,S01966,Umluri-Sabo,W030,LGA04,H. Isa,149,4,2025-11-19,yes,7.933795,10.738989
BAN-001271,S01966,Umluri-Sabo,W030,LGA04,Z. Wada,204,4,2025-10-09,yes,7.932549,10.73896
BAN-001272,S01702,Wakomi,W025,LGA04,Y. Dogo,214,4,2025-11-23,yes,7.80897,11.062526
BAN-001273,S00272,Dalama,W003,LGA01,H. Lami,176,2,2025-11-06,yes,7.341238,11.036652
BAN-001274,S00272,Dalama,W003,LGA01,F. Haru,180,4,2025-10-17,yes,7.341228,11.036308
BAN-001275,S00272,Dalama,W003,LGA01,F. Lami,199,3,2025-11-26,yes,7.340758,11.037829
BAN-001276,S00272,Dalama,W003,LGA01,U. Kabo,248,3,2025-11-17,yes,7.342374,11.037543
BAN-001277,S02116,Adshami,W033,LGA03,I. Abu,149,2,2025-12-05,yes,7.976464,11.178253
BAN-001278,S02116,Adshami,W033,LGA03,F. Gani,32,4,2025-10-18,yes,7.975,11.177969
BAN-001279,S00940,Kabafa-Yamma,W012,LGA02,I. Musa,226,3,2025-10-24,yes,7.331441,10.493505
BAN-001280,S00765,Lomashi,W008,LGA01,A. Kabo,16,3,2025-12-04,yes,7.208192,10.905656
BAN-001281,S00765,Lomashi,W008,LGA01,S. Nura,195,3,2025-10-18,yes,7.210373,10.904875
BAN-001282,S00765,Lomashi,W008,LGA01,K. Yaro,159,3,2025-11-22,yes,7.209401,10.905153
BAN-001283,S00765,Lomashi,W008,LGA01,B. Dogo,200,4,2025-11-23,yes,7.207891,10.904588
BAN-001284,S00765,Lomashi,W008,LGA01,F. Dogo,28,4,2025-10-07,yes,7.209404,10.904584
BAN-001285,S02304,Zashale-Yamma,W036,LGA04,F. Haru,241,1,2025-10-03,yes,8.149041,10.731115
BAN-001286,S02304,Zashale-Yamma,W036,LGA04,K. Kabo,145,2,2025-10-25,yes,8.148566,10.732659
BAN-001287,S00859,Waludu-Kofar,W010,LGA02,S. Cham,10,0,2025-10-28,yes,7.42201,10.8842
BAN-001288,S00859,Waludu-Kofar,W010,LGA02,Y. Bala,225,3,2025-11-04,yes,7.423317,10.8836
BAN-001289,S01372,Haduta,W019,LGA04,R. Kabo,149,3,2025-10-16,yes,7.685102,10.864792
BAN-001290,S01372,Haduta,W019,LGA04,H. Nura,130,2,2025-10-18,yes,7.684142,10.864653
BAN-001291,S01372,Haduta,W019,LGA04,R. Gani,124,4,2025-11-04,yes,7.68452,10.863693
BAN-001292,S01372,Haduta,W019,LGA04,H. Tanko,67,2,2025-12-07,yes,7.682619,10.864612
BAN-001293,S01372,Haduta,W019,LGA04,A. Funo,217,1,2025-10-02,yes,7.684935,10.864828
BAN-001294,S01588,Umtsidu,W022,LGA03,U. Tanko,120,1,2025-11-20,yes,8.122499,11.538011
BAN-001295,S02327,Bizade-Kofar,W037,LGA03,Z. Lami,223,4,2025-12-04,yes,8.231054,11.469861
BAN-001296,S02327,Bizade-Kofar,W037,LGA03,Y. Yaro,134,4,2025-12-05,yes,8.230118,11.470117
BAN-001297,S02216,Enshade,W034,LGA03,B. Haru,178,2,2025-11-24,yes,8.269142,11.206128
BAN-001298,S02216,Enshade,W034,LGA03,I. Nura,32,0,2025-11-08,yes,8.269264,11.20623
BAN-001299,S00638,Nusashi,W007,LGA01,A. Lami,203,0,2025-11-21,yes,7.320494,11.22187
BAN-001300,S00638,Nusashi,W007,LGA01,H. Umar,24,1,2025-10-09,yes,7.320707,11.220579
BAN-001301,S00638,Nusashi,W007,LGA01,Z. Bala,226,3,2025-10-14,yes,7.320638,11.221366
BAN-001302,S00314,Suyoko,W003,LGA01,A. Kabo,237,2,2025-11-02,yes,7.259574,11.127454
BAN-001303,S00314,Suyoko,W003,LGA01,K. Umar,124,4,2025-10-14,yes,7.257145,11.12559
BAN-001304,S00095,Kashako,W001,LGA01,Y. Kabo,192,2,2025-11-23,yes,7.022311,11.009559
BAN-001305,S00095,Kashako,W001,LGA01,H. Bala,7,0,2025-11-19,no,7.024322,11.008442
BAN-001306,S00282,Fazaba,W003,LGA01,M. Umar,190,1,2025-10-04,yes,7.450564,10.990563
BAN-001307,S01795,Ennaba,W028,LGA04,K. Abu,229,1,2025-10-09,yes,7.887184,10.881808
BAN-001308,S02437,Lowale,W039,LGA04,B. Funo,161,4,2025-11-16,yes,8.34834,10.937061
BAN-001309,S02437,Lowale,W039,LGA04,H. Wada,220,0,2025-11-10,yes,8.349587,10.937603
BAN-001310,S02437,Lowale,W039,LGA04,Z. Dogo,184,4,2025-12-09,yes,8.349595,10.937072
BAN-001311,S00619,Doriru,W007,LGA01,Y. Nura,23,1,2025-10-07,yes,7.412807,11.252379
BAN-001312,S01254,Okkoma,W016,LGA02,S. Rabi,45,0,2025-11-29,yes,7.57975,10.437014
BAN-001313,S01994,Agbaba,W031,LGA03,U. Ede,44,0,2025-10-25,yes,7.970609,11.339215
BAN-001314,S01994,Agbaba,W031,LGA03,Z. Lami,94,3,2025-10-21,yes,7.969649,11.338488
BAN-001315,S01994,Agbaba,W031,LGA03,U. Abu,245,4,2025-10-14,yes,7.969936,11.338262
BAN-001316,S01994,Agbaba,W031,LGA03,K. Zubi,54,3,2025-11-20,yes,7.97006,11.339824
BAN-001317,S01994,Agbaba,W031,LGA03,S. Nura,196,3,2025-10-16,yes,7.97032,11.338944
BAN-001318,S01994,Agbaba,W031,LGA03,S. Gani,138,2,2025-10-12,yes,7.968248,11.341497
BAN-001319,S01994,Agbaba,W031,LGA03,I. Isa,12,0,2025-12-02,yes,7.970069,11.340739
BAN-001320,S01543,Lolashi,W021,LGA02,A. Umar,85,4,2025-10-07,yes,7.881378,10.542958
BAN-001321,S01543,Lolashi,W021,LGA02,Z. Funo,57,2,2025-12-09,yes,7.884487,10.542606
BAN-001322,S01852,Hawani,W029,LGA04,S. Jibo,122,0,2025-10-29,yes,7.945141,11.08961
BAN-001323,S01852,Hawani,W029,LGA04,Y. Isa,64,4,2025-10-22,yes,7.945922,11.087544
BAN-001324,S01852,Hawani,W029,LGA04,R. Yaro,112,3,2025-12-02,yes,7.946075,11.087202
BAN-001325,S00592,Sariwa-Gabas,W007,LGA01,M. Oje,66,4,2025-12-04,yes,7.364903,11.165384
BAN-001326,S00592,Sariwa-Gabas,W007,LGA01,Y. Jibo,191,3,2025-11-02,yes,7.364621,11.164319
BAN-001327,S02339,Umluyi,W037,LGA03,Z. Pama,101,1,2025-11-28,yes,8.212631,11.564628
BAN-001328,S02339,Umluyi,W037,LGA03,U. Tanko,238,3,2025-10-24,yes,8.209912,11.564958
BAN-001329,S02339,Umluyi,W037,LGA03,S. Lami,195,0,2025-10-19,yes,8.211695,11.564939
BAN-001330,S02339,Umluyi,W037,LGA03,B. Umar,25,4,2025-10-30,yes,8.210294,11.562107
BAN-001331,S02339,Umluyi,W037,LGA03,Y. Abu,42,0,2025-12-01,yes,8.20961,11.564071
BAN-001332,S00795,Mabadu,W009,LGA02,S. Ede,8,1,2025-10-22,yes,7.528115,10.977649
BAN-001333,S00795,Mabadu,W009,LGA02,F. Ede,104,4,2025-10-01,no,7.527538,10.97799
BAN-001334,S00795,Mabadu,W009,LGA02,F. Haru,55,4,2025-11-20,yes,7.530391,10.976477
BAN-001335,S00795,Mabadu,W009,LGA02,I. Yaro,186,1,2025-10-23,yes,7.529696,10.978959
BAN-001336,S00665,Irsale,W008,LGA01,R. Tanko,45,1,2025-12-05,yes,7.162516,10.923894
BAN-001337,S00665,Irsale,W008,LGA01,M. Funo,10,3,2025-11-30,yes,7.162896,10.923252
BAN-001338,S00439,Hasawo,W006,LGA01,S. Bala,43,0,2025-11-21,no,7.172601,11.31238
BAN-001339,S00439,Hasawo,W006,LGA01,R. Sule,221,4,2025-10-20,yes,7.172486,11.31208
BAN-001340,S00439,Hasawo,W006,LGA01,M. Ede,63,0,2025-11-28,yes,7.17326,11.314158
BAN-001341,S01390,Ibbewo,W019,LGA04,K. Tanko,129,3,2025-10-22,yes,7.588504,11.028138
BAN-001342,S01390,Ibbewo,W019,LGA04,A. Dogo,258,1,2025-10-22,yes,7.58766,11.029746
BAN-001343,S01390,Ibbewo,W019,LGA04,U. Kabo,97,3,2025-10-14,no,7.587843,11.030743
BAN-001344,S00780,Oltsini,W008,LGA01,B. Oje,65,3,2025-12-03,yes,7.442594,10.94989
BAN-001345,S00780,Oltsini,W008,LGA01,B. Yaro,20,4,2025-10-29,yes,7.444033,10.950048
BAN-001346,S00397,Uzjimi,W005,LGA02,K. Haru,139,2,2025-10-25,yes,7.386779,10.732677
BAN-001347,S00397,Uzjimi,W005,LGA02,M. Pama,141,0,2025-10-13,yes,7.385845,10.733741
BAN-001348,S00397,Uzjimi,W005,LGA02,S. Pama,93,3,2025-10-21,yes,7.385994,10.732024
BAN-001349,S00507,Ibdeba,W006,LGA01,B. Musa,212,2,2025-11-19,yes,7.255421,11.212263
BAN-001350,S00507,Ibdeba,W006,LGA01,K. Dogo,184,4,2025-10-15,yes,7.253441,11.212807
BAN-001351,S02097,Agsale,W032,LGA04,H. Zubi,100,1,2025-10-03,yes,8.049886,10.893801
BAN-001352,S00689,Olwatu,W008,LGA01,K. Funo,252,4,2025-11-01,yes,7.331303,10.847049
BAN-001353,S00652,Harani,W007,LGA01,R. Umar,32,4,2025-10-10,no,7.369941,11.241286
BAN-001354,S00652,Harani,W007,LGA01,B. Ede,84,4,2025-10-05,yes,7.36852,11.242805
BAN-001355,S00652,Harani,W007,LGA01,F. Musa,215,1,2025-11-01,yes,7.369918,11.244127
BAN-001356,S00652,Harani,W007,LGA01,F. Gani,20,3,2025-10-10,yes,7.369846,11.242298
BAN-001357,S02064,Agdena,W032,LGA04,F. Rabi,32,3,2025-11-12,yes,8.064638,10.852389
BAN-001358,S02064,Agdena,W032,LGA04,H. Jibo,231,2,2025-11-14,yes,8.064068,10.852239
BAN-001359,S00009,Uzrita,W001,LGA01,U. Haru,110,2,2025-10-29,no,7.146158,11.171243
BAN-001360,S00009,Uzrita,W001,LGA01,S. Tanko,64,2,2025-11-22,yes,7.147048,11.170471
BAN-001361,S00009,Uzrita,W001,LGA01,I. Cham,55,0,2025-11-30,yes,7.146695,11.173309
BAN-001362,S00009,Uzrita,W001,LGA01,K. Tanko,70,2,2025-10-20,yes,7.145443,11.17129
BAN-001363,S00009,Uzrita,W001,LGA01,H. Wada,214,4,2025-11-15,yes,7.146316,11.170716
BAN-001364,S00799,Rikotu,W009,LGA02,F. Bala,235,3,2025-11-19,yes,7.53012,11.006392
BAN-001365,S02207,Kuberi,W034,LGA03,B. Isa,186,0,2025-10-27,yes,8.252909,11.19062
BAN-001366,S02207,Kuberi,W034,LGA03,S. Ede,245,4,2025-10-19,yes,8.254055,11.190612
BAN-001367,S00982,Okmaja,W013,LGA02,H. Bala,45,1,2025-11-28,yes,7.516752,10.568688
BAN-001368,S02311,Kulaja,W036,LGA04,S. Lami,150,4,2025-10-22,yes,8.029103,10.743614
BAN-001369,S00603,Talani,W007,LGA01,A. Ede,208,2,2025-12-04,yes,7.464344,11.211057
BAN-001370,S00603,Talani,W007,LGA01,M. Funo,110,1,2025-11-13,yes,7.463826,11.209986
BAN-001371,S01958,Doberi,W030,LGA04,Y. Ede,242,1,2025-12-06,yes,7.900634,10.642633
BAN-001372,S01958,Doberi,W030,LGA04,Y. Nura,6,0,2025-11-28,no,7.901777,10.641905
BAN-001373,S01958,Doberi,W030,LGA04,I. Yaro,186,4,2025-12-07,yes,7.9016,10.642317
BAN-001374,S01958,Doberi,W030,LGA04,M. Abu,192,2,2025-12-01,yes,7.900592,10.642748
BAN-001375,S01517,Jisami,W021,LGA02,F. Tanko,2,0,2025-12-06,yes,7.887024,10.547908
BAN-001376,S00623,Irngoni,W007,LGA01,K. Ede,83,1,2025-11-17,yes,7.396181,11.279057
BAN-001377,S00623,Irngoni,W007,LGA01,Z. Yaro,242,0,2025-11-15,yes,7.397285,11.279183
BAN-001378,S00623,Irngoni,W007,LGA01,A. Isa,8,1,2025-10-03,yes,7.395634,11.279368
BAN-001379,S00623,Irngoni,W007,LGA01,F. Wada,255,3,2025-10-08,yes,7.395416,11.27872
BAN-001380,S00623,Irngoni,W007,LGA01,H. Oje,253,0,2025-10-23,no,7.394423,11.279034
BAN-001381,S02363,Ibmafa,W038,LGA03,I. Dogo,133,3,2025-11-21,yes,8.345774,11.400716
BAN-001382,S02363,Ibmafa,W038,LGA03,M. Oje,115,2,2025-10-26,yes,8.345588,11.401429
BAN-001383,S01314,Yedeyi,W017,LGA03,I. Bala,113,2,2025-11-27,yes,7.523004,11.398243
BAN-001384,S02457,Takoma,W039,LGA04,Z. Rabi,93,4,2025-10-14,no,8.223021,10.90598
BAN-001385,S02457,Takoma,W039,LGA04,F. Pama,167,3,2025-12-03,no,8.222545,10.905049
BAN-001386,S02053,Fajiyi,W032,LGA04,H. Dogo,160,2,2025-12-01,yes,8.07406,10.853064
BAN-001387,S02053,Fajiyi,W032,LGA04,Y. Nura,257,3,2025-10-21,yes,8.075043,10.852478
BAN-001388,S02053,Fajiyi,W032,LGA04,H. Dogo,199,3,2025-11-14,yes,8.074746,10.853339
BAN-001389,S02053,Fajiyi,W032,LGA04,U. Dogo,249,0,2025-10-04,yes,8.074683,10.85397
BAN-001390,S02053,Fajiyi,W032,LGA04,U. Kabo,237,1,2025-11-10,yes,8.074622,10.853098
BAN-001391,S00916,Suzayi,W011,LGA02,Z. Jibo,58,4,2025-10-16,yes,7.739195,10.418401
BAN-001392,S00155,Sunako,W002,LGA01,M. Kabo,136,1,2025-12-08,yes,7.100941,10.808183
BAN-001393,S00748,Enngoko,W008,LGA01,S. Yaro,108,1,2025-12-04,yes,7.251164,10.944086
BAN-001394,S01175,Jizani,W015,LGA01,B. Rabi,229,2,2025-11-19,yes,7.518765,11.246373
BAN-001395,S01175,Jizani,W015,LGA01,F. Pama,107,4,2025-11-25,no,7.518754,11.2466
BAN-001396,S00871,Zazaba,W010,LGA02,F. Yaro,39,4,2025-10-25,yes,7.460388,10.76769
BAN-001397,S00871,Zazaba,W010,LGA02,A. Kabo,210,3,2025-11-30,yes,7.459037,10.768833
BAN-001398,S00871,Zazaba,W010,LGA02,I. Tanko,12,0,2025-11-19,yes,7.458302,10.770866
BAN-001399,S00871,Zazaba,W010,LGA02,M. Funo,152,3,2025-11-02,yes,7.458305,10.769396
BAN-001400,S00138,Lorade-Sabo,W002,LGA01,S. Sule,15,1,2025-10-01,yes,7.103732,10.717172
BAN-001401,S00588,Loludu,W007,LGA01,U. Tanko,17,4,2025-10-08,yes,7.384107,11.23138
BAN-001402,S01400,Danayi,W019,LGA04,B. Lami,74,2,2025-11-09,yes,7.691767,10.850695
BAN-001403,S01400,Danayi,W019,LGA04,U. Abu,143,0,2025-11-30,no,7.693006,10.85025
BAN-001404,S01400,Danayi,W019,LGA04,K. Gani,58,2,2025-10-29,yes,7.691242,10.853226
BAN-001405,S01347,Ennadu,W018,LGA02,M. Ede,48,0,2025-11-04,yes,7.577954,10.647757
BAN-001406,S01347,Ennadu,W018,LGA02,M. Dogo,201,4,2025-11-11,yes,7.576271,10.648737
BAN-001407,S01919,Kasale,W029,LGA04,Z. Ede,143,1,2025-10-04,no,7.913137,11.090839
BAN-001408,S01115,Rinata,W015,LGA01,B. Umar,139,0,2025-11-23,yes,7.489621,11.232871
BAN-001409,S01115,Rinata,W015,LGA01,K. Oje,94,1,2025-11-29,yes,7.488411,11.231518
BAN-001410,S01115,Rinata,W015,LGA01,U. Ede,155,1,2025-11-25,yes,7.488279,11.231345
BAN-001411,S01115,Rinata,W015,LGA01,B. Funo,112,3,2025-11-10,yes,7.490102,11.233388
BAN-001412,S01021,Farata,W014,LGA01,I. Umar,70,1,2025-10-25,yes,7.512251,11.555034
BAN-001413,S01021,Farata,W014,LGA01,R. Yaro,39,3,2025-11-16,yes,7.511039,11.556911
BAN-001414,S01021,Farata,W014,LGA01,S. Musa,230,2,2025-10-06,yes,7.51229,11.554571
BAN-001415,S01021,Farata,W014,LGA01,K. Wada,185,0,2025-10-07,yes,7.51189,11.556214
BAN-001416,S01021,Farata,W014,LGA01,B. Kabo,233,3,2025-11-03,yes,7.511616,11.556207
BAN-001417,S01021,Farata,W014,LGA01,R. Gani,86,0,2025-11-03,yes,7.512044,11.555198
BAN-001418,S02026,Wazata,W031,LGA03,B. Tanko,4,2,2025-12-01,yes,7.924734,11.368197
BAN-001419,S02026,Wazata,W031,LGA03,S. Gani,174,3,2025-10-26,yes,7.925075,11.368672
BAN-001420,S02026,Wazata,W031,LGA03,M. Abu,192,0,2025-12-09,yes,7.924263,11.370916
BAN-001421,S02489,Dotisa,W040,LGA04,B. Sule,27,2,2025-10-06,yes,8.320824,11.2061
BAN-001422,S02489,Dotisa,W040,LGA04,B. Wada,191,3,2025-11-30,yes,8.319559,11.205959
BAN-001423,S02489,Dotisa,W040,LGA04,B. Jibo,64,4,2025-10-06,yes,8.319905,11.205176
BAN-001424,S00254,Adkomi,W003,LGA01,S. Bala,205,3,2025-11-25,yes,7.37162,11.103192
BAN-001425,S00254,Adkomi,W003,LGA01,H. Tanko,175,4,2025-11-21,yes,7.371844,11.105943
BAN-001426,S00240,Adnashi,W003,LGA01,S. Lami,168,0,2025-10-07,yes,7.180054,10.988401
BAN-001427,S00240,Adnashi,W003,LGA01,R. Ede,145,4,2025-11-17,yes,7.180054,10.987872
BAN-001428,S00256,Datsisa,W003,LGA01,A. Haru,7,4,2025-10-23,yes,7.206867,10.997917
BAN-001429,S00256,Datsisa,W003,LGA01,M. Musa,139,4,2025-10-23,yes,7.207,10.997289
BAN-001430,S02335,Suridu,W037,LGA03,B. Oje,195,0,2025-11-27,yes,8.202497,11.547464
BAN-001431,S02335,Suridu,W037,LGA03,B. Kabo,232,2,2025-10-11,yes,8.202089,11.548187
BAN-001432,S02006,Zamaja,W031,LGA03,B. Haru,189,1,2025-11-21,yes,8.006647,11.32106
BAN-001433,S02006,Zamaja,W031,LGA03,R. Tanko,156,3,2025-10-04,yes,8.008212,11.320607
BAN-001434,S02006,Zamaja,W031,LGA03,M. Isa,12,0,2025-11-14,yes,8.00763,11.321466
BAN-001435,S01659,Kutsiba,W024,LGA04,F. Zubi,86,3,2025-12-05,yes,7.78698,10.767566
BAN-001436,S01659,Kutsiba,W024,LGA04,Z. Ede,183,2,2025-10-24,yes,7.787063,10.76961
BAN-001437,S01659,Kutsiba,W024,LGA04,U. Bala,123,0,2025-11-27,yes,7.786385,10.768584
BAN-001438,S01659,Kutsiba,W024,LGA04,B. Rabi,96,0,2025-10-01,yes,7.785827,10.768889
BAN-001439,S01659,Kutsiba,W024,LGA04,F. Bala,108,4,2025-10-12,yes,7.785118,10.769371
BAN-001440,S02208,Enwafa-Gabas,W034,LGA03,H. Lami,254,2,2025-10-15,yes,8.248701,11.184511
BAN-001441,S02208,Enwafa-Gabas,W034,LGA03,B. Oje,112,2,2025-11-01,yes,8.247829,11.184133
BAN-001442,S02208,Enwafa-Gabas,W034,LGA03,U. Bala,6,0,2025-10-15,yes,8.24732,11.184184
BAN-001443,S02400,Haduri,W038,LGA03,S. Cham,209,2,2025-10-02,yes,8.264168,11.413283
BAN-001444,S00587,Oljile,W007,LGA01,U. Tanko,173,0,2025-10-04,yes,7.31847,11.327922
BAN-001445,S00587,Oljile,W007,LGA01,H. Dogo,226,3,2025-11-16,yes,7.318098,11.32834
BAN-001446,S02051,Tashako,W032,LGA04,H. Lami,186,1,2025-10-11,yes,8.068796,10.833963
BAN-001447,S02051,Tashako,W032,LGA04,A. Sule,132,2,2025-11-20,yes,8.070153,10.834454
BAN-001448,S02051,Tashako,W032,LGA04,S. Gani,87,4,2025-10-04,yes,8.068369,10.83445
BAN-001449,S02051,Tashako,W032,LGA04,M. Gani,174,2,2025-10-30,yes,8.06873,10.836317
BAN-001450,S02051,Tashako,W032,LGA04,U. Kabo,1,1,2025-11-11,yes,8.069088,10.834715
BAN-001451,S00912,Endefa,W011,LGA02,M. Abu,70,1,2025-10-08,yes,7.607679,10.430118
BAN-001452,S00912,Endefa,W011,LGA02,Z. Lami,119,2,2025-12-02,yes,7.607931,10.429571
BAN-001453,S01950,Biduja,W030,LGA04,B. Umar,225,1,2025-11-18,yes,7.900913,10.632364
BAN-001454,S01950,Biduja,W030,LGA04,I. Rabi,30,1,2025-11-23,yes,7.900802,10.631481
BAN-001455,S01799,Bajile,W028,LGA04,K. Musa,133,0,2025-11-02,yes,7.886465,10.856924
BAN-001456,S01799,Bajile,W028,LGA04,F. Lami,174,2,2025-11-04,yes,7.886584,10.855958
BAN-001457,S01799,Bajile,W028,LGA04,Z. Funo,176,1,2025-11-07,yes,7.886329,10.856022
BAN-001458,S01799,Bajile,W028,LGA04,F. Wada,182,0,2025-11-26,yes,7.886417,10.856724
BAN-001459,S00858,Jiyole-Yamma,W010,LGA02,U. Gani,240,2,2025-10-27,yes,7.478918,10.807775
BAN-001460,S00858,Jiyole-Yamma,W010,LGA02,R. Nura,107,2,2025-11-23,yes,7.477348,10.807499
BAN-001461,S00858,Jiyole-Yamma,W010,LGA02,K. Pama,16,2,2025-10-08,yes,7.478555,10.808657
BAN-001462,S00858,Jiyole-Yamma,W010,LGA02,Y. Gani,27,0,2025-11-30,yes,7.480184,10.808205
BAN-001463,S00858,Jiyole-Yamma,W010,LGA02,I. Nura,226,1,2025-11-24,yes,7.477025,10.807201
BAN-001464,S01365,Nubeshi,W018,LGA02,Y. Isa,210,4,2025-10-16,yes,7.5562,10.63363
BAN-001465,S01365,Nubeshi,W018,LGA02,Y. Sule,65,2,2025-11-20,yes,7.554252,10.633596
BAN-001466,S00928,Satside,W012,LGA02,U. Rabi,38,0,2025-10-25,yes,7.330712,10.526834
BAN-001467,S00928,Satside,W012,LGA02,S. Gani,142,4,2025-11-29,yes,7.3288,10.527921
BAN-001468,S00928,Satside,W012,LGA02,H. Isa,152,0,2025-10-13,yes,7.328657,10.527986
BAN-001469,S00695,Darana,W008,LGA01,R. Pama,202,0,2025-12-07,yes,7.35477,10.887122
BAN-001470,S00130,Dariru,W002,LGA01,H. Wada,150,3,2025-11-29,no,7.039818,10.837434
BAN-001471,S00528,Bamaba,W006,LGA01,K. Isa,174,4,2025-11-30,yes,7.25626,11.166708
BAN-001472,S00519,Yeluta,W006,LGA01,M. Bala,212,4,2025-10-18,yes,7.26071,11.26337
BAN-001473,S00519,Yeluta,W006,LGA01,S. Zubi,24,4,2025-11-06,no,7.260457,11.264266
BAN-001474,S00519,Yeluta,W006,LGA01,F. Sule,250,0,2025-10-08,yes,7.259106,11.265269
BAN-001475,S00585,Agbasa-Sabo,W007,LGA01,Z. Abu,121,2,2025-11-04,yes,7.372111,11.250713
BAN-001476,S01637,Fatsisa,W024,LGA04,K. Dogo,230,2,2025-11-27,yes,7.776521,10.78201
BAN-001477,S01637,Fatsisa,W024,LGA04,B. Bala,248,4,2025-12-07,yes,7.778529,10.781354
BAN-001478,S02298,Biduma,W036,LGA04,F. Rabi,6,2,2025-10-06,no,8.160566,10.735674
BAN-001479,S00818,Agshari,W009,LGA02,I. Umar,92,3,2025-11-27,yes,7.548853,10.94494
BAN-001480,S00818,Agshari,W009,LGA02,A. Yaro,23,4,2025-11-19,yes,7.547102,10.944138
BAN-001481,S00622,Entsishi,W007,LGA01,K. Zubi,234,3,2025-11-12,yes,7.45395,11.177923
BAN-001482,S00622,Entsishi,W007,LGA01,H. Haru,39,2,2025-11-05,yes,7.454539,11.179582
BAN-001483,S00622,Entsishi,W007,LGA01,Z. Umar,46,2,2025-12-06,yes,7.455638,11.177657
BAN-001484,S00102,Irduri,W001,LGA01,Z. Sule,11,0,2025-12-03,yes,7.023503,11.077386
BAN-001485,S00713,Dojimi,W008,LGA01,Z. Bala,200,4,2025-11-01,yes,7.218355,10.936895
BAN-001486,S01993,Adsharu,W031,LGA03,S. Tanko,11,4,2025-11-11,yes,7.925632,11.362264
BAN-001487,S01993,Adsharu,W031,LGA03,B. Wada,52,0,2025-11-12,yes,7.925907,11.36198
BAN-001488,S01993,Adsharu,W031,LGA03,M. Nura,69,4,2025-11-28,yes,7.924885,11.363435
BAN-001489,S01993,Adsharu,W031,LGA03,Y. Isa,209,0,2025-11-11,yes,7.923923,11.362626
BAN-001490,S00776,Biluwo-Yamma,W008,LGA01,R. Pama,137,3,2025-11-26,yes,7.395692,10.959116
BAN-001491,S00776,Biluwo-Yamma,W008,LGA01,I. Ede,10,3,2025-10-06,no,7.394673,10.959921
BAN-001492,S00776,Biluwo-Yamma,W008,LGA01,Z. Tanko,141,1,2025-10-02,yes,7.394379,10.958492
BAN-001493,S00776,Biluwo-Yamma,W008,LGA01,Y. Umar,14,4,2025-10-12,yes,7.394816,10.958992
BAN-001494,S00520,Lorata,W006,LGA01,U. Gani,93,4,2025-12-08,yes,7.196792,11.34807
BAN-001495,S00520,Lorata,W006,LGA01,H. Abu,214,0,2025-10-24,yes,7.197118,11.347176
BAN-001496,S00520,Lorata,W006,LGA01,M. Abu,24,4,2025-11-03,yes,7.19685,11.347639
BAN-001497,S01793,Jirafa,W028,LGA04,M. Bala,174,2,2025-11-12,yes,7.859583,10.875488
BAN-001498,S01793,Jirafa,W028,LGA04,K. Bala,256,4,2025-12-09,yes,7.85965,10.87305
BAN-001499,S00591,Ensashi,W007,LGA01,Y. Nura,175,0,2025-10-22,yes,7.461754,11.203202
BAN-001500,S00591,Ensashi,W007,LGA01,R. Zubi,108,0,2025-12-08,yes,7.459884,11.201962
BAN-001501,S00591,Ensashi,W007,LGA01,S. Jibo,121,3,2025-10-01,no,7.460612,11.202763
BAN-001502,S00591,Ensashi,W007,LGA01,Z. Oje,250,3,2025-10-14,yes,7.461302,11.202888
BAN-001503,S00591,Ensashi,W007,LGA01,R. Haru,70,1,2025-10-15,yes,7.459692,11.202888
BAN-001504,S00927,Kujifa,W012,LGA02,I. Ede,225,2,2025-11-27,yes,7.458006,10.467513
BAN-001505,S00927,Kujifa,W012,LGA02,H. Dogo,245,3,2025-10-02,no,7.456191,10.465274
BAN-001506,S00927,Kujifa,W012,LGA02,K. Rabi,123,3,2025-10-27,yes,7.456228,10.467512
BAN-001507,S00927,Kujifa,W012,LGA02,U. Oje,198,4,2025-11-04,yes,7.455364,10.466957
BAN-001508,S01518,Ekshadu,W021,LGA02,F. Haru,71,1,2025-10-12,yes,7.855953,10.571104
BAN-001509,S01518,Ekshadu,W021,LGA02,F. Nura,123,3,2025-10-08,yes,7.856005,10.569248
BAN-001510,S01518,Ekshadu,W021,LGA02,I. Funo,84,0,2025-10-18,yes,7.857354,10.569028
BAN-001511,S01822,Ibduwo,W028,LGA04,M. Nura,214,0,2025-12-01,yes,7.940084,10.77929
BAN-001512,S01822,Ibduwo,W028,LGA04,M. Lami,83,2,2025-11-27,yes,7.940543,10.780767
BAN-001513,S01822,Ibduwo,W028,LGA04,H. Lami,111,3,2025-11-06,yes,7.939211,10.779742
BAN-001514,S02449,Uzsayi,W039,LGA04,Y. Yaro,217,3,2025-10-14,yes,8.234999,10.835868
BAN-001515,S02449,Uzsayi,W039,LGA04,U. Ede,80,4,2025-10-29,yes,8.232879,10.834543
BAN-001516,S02449,Uzsayi,W039,LGA04,Z. Tanko,122,0,2025-10-25,yes,8.235418,10.835492
BAN-001517,S02449,Uzsayi,W039,LGA04,S. Ede,60,3,2025-11-10,yes,8.233165,10.834878
BAN-001518,S01222,Lodeshi,W015,LGA01,S. Lami,190,2,2025-10-20,no,7.499368,11.23932
BAN-001519,S01222,Lodeshi,W015,LGA01,B. Abu,125,3,2025-10-20,yes,7.499701,11.24109
BAN-001520,S00556,Dashawa,W007,LGA01,S. Umar,42,4,2025-10-05,yes,7.358137,11.213695
BAN-001521,S00556,Dashawa,W007,LGA01,I. Oje,35,2,2025-10-15,yes,7.360939,11.213228
BAN-001522,S00556,Dashawa,W007,LGA01,S. Funo,253,4,2025-10-14,yes,7.359157,11.212188
BAN-001523,S00556,Dashawa,W007,LGA01,B. Lami,73,4,2025-11-11,yes,7.357693,11.213785
BAN-001524,S00556,Dashawa,W007,LGA01,A. Nura,237,4,2025-11-15,yes,7.361325,11.212757
BAN-001525,S00556,Dashawa,W007,LGA01,I. Nura,69,3,2025-12-07,yes,7.360565,11.213378
BAN-001526,S01581,Irlani-Gabas,W022,LGA03,K. Musa,6,4,2025-10-11,yes,8.071073,11.52246
BAN-001527,S01568,Oktishi,W022,LGA03,H. Sule,153,0,2025-11-08,yes,8.095157,11.49638
BAN-001528,S01780,Sakowo,W027,LGA03,B. Nura,108,3,2025-10-16,yes,7.914284,11.484758
BAN-001529,S01423,Olbashi,W019,LGA04,R. Funo,113,1,2025-10-11,yes,7.657186,10.999775
BAN-001530,S01423,Olbashi,W019,LGA04,Z. Yaro,75,1,2025-11-22,yes,7.656692,11.000048
BAN-001531,S01423,Olbashi,W019,LGA04,I. Wada,210,1,2025-11-04,yes,7.656318,11.000627
BAN-001532,S01023,Guraja,W014,LGA01,A. Pama,224,3,2025-10-31,yes,7.383611,11.478064
BAN-001533,S01023,Guraja,W014,LGA01,S. Kabo,135,2,2025-10-28,yes,7.382712,11.478315
BAN-001534,S00090,Irdema,W001,LGA01,R. Rabi,73,3,2025-12-07,yes,7.038505,11.038287
BAN-001535,S00090,Irdema,W001,LGA01,F. Zubi,117,1,2025-10-28,yes,7.03908,11.037841
BAN-001536,S01902,Losaja-Yamma,W029,LGA04,F. Lami,100,4,2025-10-03,yes,7.867995,11.107187
BAN-001537,S01902,Losaja-Yamma,W029,LGA04,K. Bala,251,4,2025-11-23,yes,7.867633,11.106976
BAN-001538,S00909,Zabale,W011,LGA02,B. Isa,252,4,2025-11-11,yes,7.739922,10.415834
BAN-001539,S00472,Harasa,W006,LGA01,Z. Pama,94,1,2025-10-12,yes,7.257437,11.2865
BAN-001540,S00472,Harasa,W006,LGA01,A. Umar,241,4,2025-11-10,yes,7.258302,11.28778
BAN-001541,S00472,Harasa,W006,LGA01,M. Abu,127,2,2025-11-02,yes,7.25673,11.28588
BAN-001542,S00472,Harasa,W006,LGA01,I. Oje,240,0,2025-10-24,yes,7.258158,11.286582
BAN-001543,S00472,Harasa,W006,LGA01,R. Kabo,163,0,2025-11-14,yes,7.258646,11.287898
BAN-001544,S02468,Umbetu-Sabo,W039,LGA04,Z. Pama,174,3,2025-11-09,yes,8.267552,10.850436
BAN-001545,S02468,Umbetu-Sabo,W039,LGA04,U. Umar,203,3,2025-11-05,yes,8.267074,10.851405
BAN-001546,S02468,Umbetu-Sabo,W039,LGA04,Z. Yaro,19,1,2025-11-07,yes,8.266064,10.852835
BAN-001547,S02468,Umbetu-Sabo,W039,LGA04,A. Kabo,138,1,2025-10-15,yes,8.267214,10.852582
BAN-001548,S02468,Umbetu-Sabo,W039,LGA04,A. Gani,167,1,2025-10-23,yes,8.267337,10.851747
BAN-001549,S00174,Irbema,W002,LGA01,F. Tanko,211,2,2025-10-13,yes,7.149572,10.758233
BAN-001550,S02500,Okduri-Tudun,W040,LGA04,F. Musa,209,1,2025-11-26,yes,8.275334,11.158036
BAN-001551,S02500,Okduri-Tudun,W040,LGA04,Y. Nura,208,1,2025-10-09,yes,8.274351,11.157029
BAN-001552,S02500,Okduri-Tudun,W040,LGA04,R. Wada,229,4,2025-10-22,yes,8.275281,11.158814
BAN-001553,S02500,Okduri-Tudun,W040,LGA04,U. Isa,11,2,2025-12-04,yes,8.273547,11.157675
BAN-001554,S01720,Tawatu,W026,LGA03,H. Wada,255,1,2025-10-18,yes,7.698948,11.502918
BAN-001555,S01651,Umngona,W024,LGA04,M. Nura,35,2,2025-10-02,yes,7.771193,10.806721
BAN-001556,S01651,Umngona,W024,LGA04,Z. Lami,40,0,2025-10-23,yes,7.773225,10.805835
BAN-001557,S01927,Ringoru,W030,LGA04,M. Haru,172,0,2025-12-08,yes,8.080185,10.580164
BAN-001558,S01927,Ringoru,W030,LGA04,K. Oje,8,1,2025-11-26,yes,8.079058,10.580994
BAN-001559,S01927,Ringoru,W030,LGA04,B. Haru,59,4,2025-10-06,yes,8.080766,10.581345
BAN-001560,S01927,Ringoru,W030,LGA04,F. Abu,204,1,2025-10-26,yes,8.081133,10.580155
BAN-001561,S02306,Ekwasa,W036,LGA04,Z. Sule,233,0,2025-12-01,yes,8.099394,10.688587
BAN-001562,S02306,Ekwasa,W036,LGA04,F. Dogo,111,4,2025-11-05,yes,8.101126,10.688689
BAN-001563,S02306,Ekwasa,W036,LGA04,F. Yaro,19,1,2025-12-08,yes,8.099723,10.686162
BAN-001564,S02306,Ekwasa,W036,LGA04,R. Isa,55,3,2025-11-12,yes,8.100116,10.688532
BAN-001565,S00934,Kurisa,W012,LGA02,R. Cham,91,2,2025-11-27,yes,7.324709,10.50291
BAN-001566,S00934,Kurisa,W012,LGA02,M. Ede,109,4,2025-10-12,yes,7.325306,10.500862
BAN-001567,S00934,Kurisa,W012,LGA02,Y. Nura,181,4,2025-10-12,yes,7.323883,10.503209
BAN-001568,S00934,Kurisa,W012,LGA02,S. Ede,130,1,2025-11-03,yes,7.324222,10.501744
BAN-001569,S00934,Kurisa,W012,LGA02,U. Isa,247,4,2025-10-19,yes,7.32534,10.501422
BAN-001570,S00860,Okmami,W010,LGA02,M. Gani,162,0,2025-11-24,yes,7.413146,10.896605
BAN-001571,S01562,Okyoshi,W022,LGA03,Z. Wada,198,3,2025-10-03,yes,8.200995,11.429624
BAN-001572,S02214,Uzyotu,W034,LGA03,R. Ede,116,2,2025-10-01,yes,8.133716,11.178948
BAN-001573,S02214,Uzyotu,W034,LGA03,R. Rabi,52,2,2025-10-28,yes,8.131075,11.178597
BAN-001574,S00729,Hamata,W008,LGA01,Z. Sule,44,3,2025-11-03,yes,7.249381,10.868802
BAN-001575,S00729,Hamata,W008,LGA01,A. Ede,80,3,2025-11-17,yes,7.250272,10.867379
BAN-001576,S02125,Rijimi,W033,LGA03,Y. Isa,152,0,2025-10-30,yes,8.013675,11.152315
BAN-001577,S01877,Dajifa,W029,LGA04,M. Sule,99,2,2025-11-11,yes,7.951665,11.10456
BAN-001578,S01877,Dajifa,W029,LGA04,Y. Umar,152,0,2025-10-16,yes,7.953042,11.103688
BAN-001579,S01877,Dajifa,W029,LGA04,U. Ede,240,3,2025-10-24,yes,7.952937,11.10452
BAN-001580,S01688,Enkowa-Kudu,W025,LGA04,H. Kabo,170,4,2025-12-08,no,7.748014,11.105548
BAN-001581,S01688,Enkowa-Kudu,W025,LGA04,M. Musa,29,4,2025-11-15,yes,7.747292,11.105578
BAN-001582,S01688,Enkowa-Kudu,W025,LGA04,U. Lami,105,4,2025-11-21,yes,7.74995,11.10471
BAN-001583,S01688,Enkowa-Kudu,W025,LGA04,Y. Musa,124,0,2025-10-10,yes,7.747219,11.103386
BAN-001584,S00553,Wabema-Yamma,W007,LGA01,R. Bala,63,3,2025-11-08,yes,7.372575,11.155195
BAN-001585,S00553,Wabema-Yamma,W007,LGA01,B. Zubi,130,4,2025-10-18,yes,7.372565,11.152261
BAN-001586,S01769,Irshaja-Sabo,W027,LGA03,R. Gani,171,3,2025-10-18,yes,7.910198,11.470016
BAN-001587,S01769,Irshaja-Sabo,W027,LGA03,F. Gani,159,3,2025-11-08,yes,7.908643,11.470458
BAN-001588,S00463,Risaja,W006,LGA01,B. Pama,50,2,2025-11-11,no,7.185867,11.307517
BAN-001589,S00463,Risaja,W006,LGA01,A. Musa,173,4,2025-10-02,yes,7.185021,11.30573
BAN-001590,S02436,Ibberi-Yamma,W039,LGA04,K. Sule,78,0,2025-10-21,yes,8.246208,10.838426
BAN-001591,S01648,Kamaru,W024,LGA04,S. Cham,225,0,2025-10-25,yes,7.800915,10.68126
BAN-001592,S01648,Kamaru,W024,LGA04,K. Cham,144,3,2025-10-27,yes,7.80071,10.682254
BAN-001593,S01648,Kamaru,W024,LGA04,S. Jibo,172,0,2025-10-20,yes,7.800196,10.682186
BAN-001594,S01743,Bamawo,W026,LGA03,Y. Zubi,26,1,2025-11-19,no,7.75417,11.40064
BAN-001595,S02150,Uzdede,W033,LGA03,Z. Nura,42,2,2025-10-08,yes,7.957045,11.115612
BAN-001596,S00495,Zashashi,W006,LGA01,I. Lami,220,3,2025-10-12,yes,7.249765,11.167336
BAN-001597,S00495,Zashashi,W006,LGA01,B. Zubi,152,1,2025-10-25,yes,7.248454,11.170811
BAN-001598,S01474,Nusale,W020,LGA01,B. Lami,15,4,2025-10-04,yes,7.685058,11.17924
BAN-001599,S01474,Nusale,W020,LGA01,U. Oje,1,3,2025-10-17,yes,7.68692,11.17881
BAN-001600,S01474,Nusale,W020,LGA01,I. Pama,240,4,2025-11-21,yes,7.685795,11.179236
BAN-001601,S01474,Nusale,W020,LGA01,M. Jibo,105,2,2025-11-30,yes,7.686629,11.179301
BAN-001602,S01474,Nusale,W020,LGA01,R. Abu,179,2,2025-10-20,yes,7.686935,11.180618
BAN-001603,S01474,Nusale,W020,LGA01,H. Pama,211,3,2025-11-11,yes,7.688098,11.180213
BAN-001604,S01653,Warile,W024,LGA04,A. Bala,164,4,2025-11-10,yes,7.795485,10.692034
BAN-001605,S02358,Hangoru,W037,LGA03,Z. Umar,212,1,2025-11-19,yes,8.214234,11.548216
BAN-001606,S02358,Hangoru,W037,LGA03,U. Bala,62,4,2025-11-09,yes,8.214107,11.549076
BAN-001607,S02358,Hangoru,W037,LGA03,B. Kabo,71,1,2025-10-15,yes,8.214903,11.547178
BAN-001608,S02153,Umnade,W033,LGA03,R. Kabo,209,1,2025-10-11,yes,8.004921,11.190763
BAN-001609,S00870,Okyosa,W010,LGA02,I. Oje,126,3,2025-10-08,yes,7.380112,10.792489
BAN-001610,S00870,Okyosa,W010,LGA02,I. Rabi,178,2,2025-10-06,yes,7.379919,10.793212
BAN-001611,S00870,Okyosa,W010,LGA02,I. Musa,54,4,2025-10-19,yes,7.380645,10.79292
BAN-001612,S01629,Lorina,W023,LGA03,K. Abu,26,1,2025-10-10,no,7.837284,11.272768
BAN-001613,S01629,Lorina,W023,LGA03,K. Wada,140,4,2025-11-25,yes,7.837117,11.274483
BAN-001614,S01629,Lorina,W023,LGA03,S. Pama,203,0,2025-10-28,yes,7.836073,11.273185
BAN-001615,S01629,Lorina,W023,LGA03,R. Jibo,46,1,2025-11-05,yes,7.836608,11.273938
BAN-001616,S00302,Zabayi-Yamma,W003,LGA01,F. Haru,31,3,2025-12-07,yes,7.216444,11.009585
BAN-001617,S00302,Zabayi-Yamma,W003,LGA01,Y. Gani,43,2,2025-10-02,yes,7.217578,11.010562
BAN-001618,S00302,Zabayi-Yamma,W003,LGA01,I. Yaro,65,0,2025-10-19,yes,7.215157,11.007163
BAN-001619,S00302,Zabayi-Yamma,W003,LGA01,A. Cham,17,4,2025-11-20,yes,7.217015,11.008235
BAN-001620,S02110,Fangodu,W033,LGA03,Z. Sule,102,2,2025-11-21,yes,7.994553,11.152732
BAN-001621,S02110,Fangodu,W033,LGA03,B. Cham,131,0,2025-10-10,yes,7.994543,11.151982
BAN-001622,S02110,Fangodu,W033,LGA03,K. Dogo,77,2,2025-11-21,yes,7.995201,11.152008
BAN-001623,S02397,Dalani-Gabas,W038,LGA03,Z. Tanko,117,4,2025-10-24,yes,8.324551,11.418665
BAN-001624,S02397,Dalani-Gabas,W038,LGA03,R. Wada,249,3,2025-10-30,yes,8.323818,11.417896
BAN-001625,S00517,Fawaba,W006,LGA01,Z. Cham,70,4,2025-10-28,yes,7.267541,11.196695
BAN-001626,S01231,Tadefa,W016,LGA02,K. Yaro,216,0,2025-11-03,yes,7.56238,10.450105
BAN-001627,S01231,Tadefa,W016,LGA02,A. Sule,115,0,2025-10-08,yes,7.56198,10.44992
BAN-001628,S01231,Tadefa,W016,LGA02,K. Zubi,183,1,2025-10-12,yes,7.562748,10.447865
BAN-001629,S00998,Damade,W014,LGA01,K. Sule,166,1,2025-11-30,yes,7.393875,11.474326
BAN-001630,S00998,Damade,W014,LGA01,M. Kabo,36,1,2025-10-19,yes,7.393589,11.474843
BAN-001631,S00998,Damade,W014,LGA01,U. Pama,90,3,2025-11-29,yes,7.393566,11.474944
BAN-001632,S01362,Irkowo,W018,LGA02,Y. Abu,240,4,2025-10-30,yes,7.625696,10.627788
BAN-001633,S01362,Irkowo,W018,LGA02,A. Gani,236,1,2025-12-06,yes,7.624986,10.6292
BAN-001634,S01362,Irkowo,W018,LGA02,I. Rabi,87,2,2025-11-10,yes,7.625046,10.626578
BAN-001635,S01362,Irkowo,W018,LGA02,A. Abu,254,2,2025-10-16,no,7.624019,10.628744
BAN-001636,S02324,Agtsimi-Kudu,W037,LGA03,B. Cham,169,1,2025-12-08,yes,8.189132,11.540525
BAN-001637,S01886,Batsiwa,W029,LGA04,R. Pama,92,3,2025-11-06,no,7.968678,11.07278
BAN-001638,S01886,Batsiwa,W029,LGA04,K. Nura,76,3,2025-11-14,yes,7.967291,11.072602
BAN-001639,S01886,Batsiwa,W029,LGA04,M. Haru,143,0,2025-12-01,yes,7.967069,11.072506
BAN-001640,S00653,Oktiri-Gabas,W007,LGA01,R. Tanko,206,0,2025-10-20,yes,7.301343,11.301487
BAN-001641,S00653,Oktiri-Gabas,W007,LGA01,Y. Nura,115,0,2025-11-04,yes,7.300278,11.301654
BAN-001642,S00387,Nusadu,W005,LGA02,K. Sule,187,0,2025-10-17,no,7.308524,10.648351
BAN-001643,S00387,Nusadu,W005,LGA02,H. Dogo,175,3,2025-11-07,yes,7.310264,10.648957
BAN-001644,S00387,Nusadu,W005,LGA02,A. Lami,39,0,2025-10-08,yes,7.310523,10.649878
BAN-001645,S00387,Nusadu,W005,LGA02,I. Abu,103,0,2025-11-15,yes,7.310815,10.650041
BAN-001646,S00387,Nusadu,W005,LGA02,I. Sule,48,0,2025-11-14,yes,7.308498,10.648665
BAN-001647,S00493,Fashana,W006,LGA01,R. Kabo,25,2,2025-10-03,yes,7.261012,11.277873
BAN-001648,S02404,Fawashi,W038,LGA03,S. Wada,233,2,2025-11-29,yes,8.292622,11.255254
BAN-001649,S02404,Fawashi,W038,LGA03,R. Sule,31,3,2025-11-29,yes,8.293539,11.256243
BAN-001650,S02404,Fawashi,W038,LGA03,B. Jibo,126,0,2025-10-29,yes,8.294979,11.254862
BAN-001651,S02404,Fawashi,W038,LGA03,R. Ede,253,3,2025-11-12,yes,8.292782,11.254547
BAN-001652,S00847,Fariwa-Tsakiya,W010,LGA02,S. Dogo,207,3,2025-10-03,yes,7.42421,10.905993
BAN-001653,S00847,Fariwa-Tsakiya,W010,LGA02,U. Bala,220,0,2025-10-31,yes,7.424298,10.90705
BAN-001654,S01345,Nuwawa,W018,LGA02,K. Funo,190,3,2025-11-23,yes,7.550274,10.654968
BAN-001655,S01244,Wajifa,W016,LGA02,K. Haru,51,2,2025-11-22,yes,7.642872,10.495959
BAN-001656,S01244,Wajifa,W016,LGA02,S. Bala,193,1,2025-10-19,yes,7.642369,10.494424
BAN-001657,S01335,Jiritu,W018,LGA02,K. Sule,199,0,2025-10-15,yes,7.552013,10.657768
BAN-001658,S01335,Jiritu,W018,LGA02,Y. Gani,86,2,2025-10-07,yes,7.550083,10.657583
BAN-001659,S01335,Jiritu,W018,LGA02,I. Funo,227,3,2025-11-13,yes,7.552256,10.659632
BAN-001660,S01335,Jiritu,W018,LGA02,I. Haru,76,0,2025-11-12,yes,7.552366,10.65817
BAN-001661,S01335,Jiritu,W018,LGA02,U. Nura,147,2,2025-10-10,yes,7.551246,10.658101
BAN-001662,S02066,Mabeko,W032,LGA04,I. Umar,87,1,2025-10-16,yes,8.143681,10.88084
BAN-001663,S02066,Mabeko,W032,LGA04,R. Funo,150,4,2025-11-12,yes,8.144647,10.878377
BAN-001664,S02066,Mabeko,W032,LGA04,S. Tanko,99,1,2025-10-07,yes,8.142606,10.880027
BAN-001665,S01348,Ibbeja,W018,LGA02,K. Tanko,79,0,2025-11-20,yes,7.604433,10.64509
BAN-001666,S01348,Ibbeja,W018,LGA02,A. Lami,86,1,2025-10-11,yes,7.607119,10.643178
BAN-001667,S01870,Uzduta,W029,LGA04,M. Tanko,6,4,2025-11-12,yes,7.984029,11.083927
BAN-001668,S01870,Uzduta,W029,LGA04,I. Rabi,246,2,2025-11-07,yes,7.983457,11.083687
BAN-001669,S00937,Umsale,W012,LGA02,R. Wada,37,0,2025-10-23,yes,7.317353,10.526003
BAN-001670,S01017,Sumari,W014,LGA01,A. Pama,86,3,2025-10-15,yes,7.393782,11.433942
BAN-001671,S01342,Yebafa,W018,LGA02,M. Pama,141,4,2025-12-03,no,7.613056,10.62853
BAN-001672,S01342,Yebafa,W018,LGA02,I. Lami,88,3,2025-10-25,yes,7.61321,10.627531
BAN-001673,S01342,Yebafa,W018,LGA02,S. Musa,136,3,2025-11-07,yes,7.613068,10.626364
BAN-001674,S01281,Gudeba,W017,LGA03,K. Musa,70,3,2025-11-30,yes,7.54523,11.383501
BAN-001675,S01281,Gudeba,W017,LGA03,H. Isa,241,3,2025-10-24,yes,7.545309,11.383471
BAN-001676,S01281,Gudeba,W017,LGA03,I. Nura,207,4,2025-10-02,no,7.544819,11.38341
BAN-001677,S00904,Sadedu,W011,LGA02,R. Sule,66,0,2025-10-14,yes,7.753845,10.422119
BAN-001678,S00904,Sadedu,W011,LGA02,A. Gani,97,3,2025-11-25,yes,7.756074,10.423694
BAN-001679,S00717,Nurari,W008,LGA01,S. Zubi,244,2,2025-10-13,yes,7.233884,10.811152
BAN-001680,S01572,Kungona,W022,LGA03,F. Funo,74,3,2025-10-18,yes,8.193064,11.448565
BAN-001681,S01572,Kungona,W022,LGA03,B. Jibo,3,3,2025-10-22,yes,8.192113,11.4493
BAN-001682,S02475,Haluko,W040,LGA04,Z. Ede,165,3,2025-10-20,yes,8.290801,11.167894
BAN-001683,S00085,Adbeta,W001,LGA01,R. Abu,108,2,2025-11-16,yes,7.049068,11.072079
BAN-001684,S00085,Adbeta,W001,LGA01,K. Musa,251,0,2025-11-01,yes,7.049354,11.075394
BAN-001685,S01357,Olmafa-Tsakiya,W018,LGA02,B. Wada,249,2,2025-12-02,no,7.631508,10.625364
BAN-001686,S01357,Olmafa-Tsakiya,W018,LGA02,B. Kabo,116,4,2025-11-19,yes,7.631776,10.624744
BAN-001687,S01357,Olmafa-Tsakiya,W018,LGA02,U. Lami,193,3,2025-11-29,yes,7.63235,10.624975
BAN-001688,S02258,Takoja-Arewa,W035,LGA04,Y. Sule,109,4,2025-10-24,yes,8.211637,10.995451
BAN-001689,S01873,Okluma-Tudun,W029,LGA04,Y. Funo,256,0,2025-10-22,yes,8.035822,11.043953
BAN-001690,S01209,Sashale,W015,LGA01,H. Tanko,166,4,2025-10-07,yes,7.609866,11.284944
BAN-001691,S01209,Sashale,W015,LGA01,U. Pama,233,0,2025-11-06,yes,7.609957,11.285487
BAN-001692,S01209,Sashale,W015,LGA01,I. Musa,48,0,2025-11-28,yes,7.609985,11.284529
BAN-001693,S01209,Sashale,W015,LGA01,F. Wada,100,0,2025-10-07,yes,7.610101,11.284723
BAN-001694,S01209,Sashale,W015,LGA01,K. Oje,41,3,2025-10-16,yes,7.610078,11.286479
BAN-001695,S00926,Sungodu,W012,LGA02,Y. Gani,40,3,2025-12-09,yes,7.324633,10.51231
BAN-001696,S00926,Sungodu,W012,LGA02,I. Bala,45,4,2025-10-22,yes,7.324508,10.513098
BAN-001697,S00324,Ensayi,W003,LGA01,R. Yaro,238,4,2025-11-24,yes,7.468432,11.064734
BAN-001698,S00324,Ensayi,W003,LGA01,I. Gani,98,4,2025-11-04,yes,7.467015,11.067182
BAN-001699,S00228,Doduja,W003,LGA01,A. Lami,35,1,2025-11-07,yes,7.265327,11.078793
BAN-001700,S01313,Kangode,W017,LGA03,A. Isa,177,1,2025-10-29,yes,7.515953,11.407716
BAN-001701,S01313,Kangode,W017,LGA03,A. Haru,208,0,2025-11-27,yes,7.51429,11.410029
BAN-001702,S00128,Bakoyi,W002,LGA01,K. Haru,243,4,2025-11-14,yes,7.232463,10.777772
BAN-001703,S01848,Wariyi,W029,LGA04,A. Isa,101,3,2025-10-04,yes,7.918929,11.058439
BAN-001704,S01848,Wariyi,W029,LGA04,R. Abu,47,3,2025-10-09,yes,7.916835,11.057253
BAN-001705,S01848,Wariyi,W029,LGA04,M. Oje,16,0,2025-10-30,yes,7.91756,11.053628
BAN-001706,S00017,Biriyi,W001,LGA01,F. Funo,91,4,2025-11-16,yes,7.202234,11.1593
BAN-001707,S00017,Biriyi,W001,LGA01,Z. Lami,207,4,2025-11-22,yes,7.199669,11.15989
BAN-001708,S01179,Oljiba,W015,LGA01,Y. Bala,9,1,2025-11-13,yes,7.720051,11.270359
BAN-001709,S01179,Oljiba,W015,LGA01,A. Umar,161,2,2025-11-22,yes,7.719735,11.270916
BAN-001710,S01179,Oljiba,W015,LGA01,A. Kabo,34,2,2025-11-21,yes,7.720207,11.270306
BAN-001711,S01179,Oljiba,W015,LGA01,A. Wada,122,3,2025-11-22,yes,7.720041,11.268525
BAN-001712,S00247,Lobadu,W003,LGA01,R. Bala,128,4,2025-10-28,yes,7.211751,11.009805
BAN-001713,S00247,Lobadu,W003,LGA01,H. Musa,239,4,2025-11-19,yes,7.209921,11.008179
BAN-001714,S01800,Bijiwo,W028,LGA04,F. Rabi,102,1,2025-11-18,no,7.904171,10.855596
BAN-001715,S01800,Bijiwo,W028,LGA04,K. Lami,49,3,2025-10-27,yes,7.903351,10.855195
BAN-001716,S00234,Karawa,W003,LGA01,F. Haru,116,3,2025-10-21,yes,7.414459,11.101089
BAN-001717,S02067,Haluma-Yamma,W032,LGA04,U. Isa,224,0,2025-10-23,yes,8.091181,10.883716
BAN-001718,S02067,Haluma-Yamma,W032,LGA04,Y. Jibo,94,0,2025-12-08,no,8.090433,10.88231
BAN-001719,S02067,Haluma-Yamma,W032,LGA04,S. Haru,93,3,2025-11-26,yes,8.091706,10.882309
BAN-001720,S02067,Haluma-Yamma,W032,LGA04,U. Cham,145,0,2025-11-18,yes,8.092755,10.883207
BAN-001721,S01962,Ibtija,W030,LGA04,B. Funo,203,3,2025-11-13,no,7.916558,10.63185
BAN-001722,S01962,Ibtija,W030,LGA04,S. Zubi,67,3,2025-10-25,yes,7.919167,10.632
BAN-001723,S01962,Ibtija,W030,LGA04,R. Tanko,250,0,2025-11-08,yes,7.9181,10.632059
BAN-001724,S01962,Ibtija,W030,LGA04,I. Dogo,138,4,2025-11-16,yes,7.91699,10.63087
BAN-001725,S00044,Ensama,W001,LGA01,M. Umar,177,2,2025-11-06,yes,7.227642,11.135519
BAN-001726,S00323,Kulale,W003,LGA01,R. Oje,185,4,2025-11-01,no,7.372452,11.121689
BAN-001727,S00323,Kulale,W003,LGA01,M. Oje,22,4,2025-10-05,no,7.373272,11.123045
BAN-001728,S00323,Kulale,W003,LGA01,M. Dogo,168,1,2025-11-29,yes,7.373077,11.124006
BAN-001729,S01433,Jiwatu,W020,LGA01,S. Sule,196,4,2025-10-05,yes,7.586303,11.149307
BAN-001730,S00492,Suludu,W006,LGA01,M. Musa,185,4,2025-11-13,no,7.180548,11.353734
BAN-001731,S00492,Suludu,W006,LGA01,S. Isa,243,1,2025-10-17,yes,7.179945,11.358202
BAN-001732,S00492,Suludu,W006,LGA01,Y. Dogo,219,3,2025-11-06,yes,7.180432,11.358054
BAN-001733,S00492,Suludu,W006,LGA01,Y. Nura,81,4,2025-10-25,no,7.179513,11.357809
BAN-001734,S02428,Kudumi-Kofar,W039,LGA04,U. Gani,36,2,2025-10-22,yes,8.308714,10.908777
BAN-001735,S01055,Umjidu,W014,LGA01,I. Lami,246,4,2025-12-08,yes,7.457824,11.494116
BAN-001736,S01055,Umjidu,W014,LGA01,M. Jibo,173,0,2025-11-04,yes,7.456829,11.494143
BAN-001737,S01055,Umjidu,W014,LGA01,B. Pama,233,4,2025-10-13,yes,7.457268,11.492946
BAN-001738,S01055,Umjidu,W014,LGA01,A. Umar,55,1,2025-11-27,yes,7.458031,11.495442
BAN-001739,S00770,Olrari,W008,LGA01,U. Kabo,124,1,2025-11-11,yes,7.413653,10.930789
BAN-001740,S00770,Olrari,W008,LGA01,F. Isa,186,0,2025-10-22,yes,7.414077,10.931081
BAN-001741,S00770,Olrari,W008,LGA01,Z. Pama,253,4,2025-10-03,yes,7.413962,10.932549
BAN-001742,S00770,Olrari,W008,LGA01,A. Bala,122,2,2025-11-13,yes,7.412614,10.930609
BAN-001743,S00037,Adtsitu,W001,LGA01,M. Abu,115,1,2025-10-26,yes,7.062089,10.991254
BAN-001744,S00037,Adtsitu,W001,LGA01,R. Nura,112,1,2025-12-06,yes,7.060365,10.990231
BAN-001745,S00037,Adtsitu,W001,LGA01,Z. Wada,189,4,2025-11-22,yes,7.060089,10.992231
BAN-001746,S00037,Adtsitu,W001,LGA01,B. Tanko,57,2,2025-12-04,yes,7.060008,10.992927
BAN-001747,S00037,Adtsitu,W001,LGA01,F. Bala,190,1,2025-10-29,yes,7.060505,10.99167
BAN-001748,S02126,Kajiwo,W033,LGA03,H. Gani,1,0,2025-11-29,yes,7.964162,11.185555
BAN-001749,S02126,Kajiwo,W033,LGA03,H. Jibo,113,4,2025-11-17,yes,7.965937,11.186121
BAN-001750,S02126,Kajiwo,W033,LGA03,Z. Tanko,200,3,2025-11-08,yes,7.964499,11.185085
BAN-001751,S02126,Kajiwo,W033,LGA03,A. Pama,246,0,2025-11-30,yes,7.9651,11.185192
BAN-001752,S02126,Kajiwo,W033,LGA03,H. Kabo,45,3,2025-10-22,yes,7.963693,11.185289
BAN-001753,S01464,Hajidu,W020,LGA01,K. Tanko,154,0,2025-10-12,yes,7.762984,11.181606
BAN-001754,S01464,Hajidu,W020,LGA01,K. Ede,165,1,2025-10-23,no,7.763366,11.181681
BAN-001755,S01464,Hajidu,W020,LGA01,I. Sule,247,4,2025-12-03,yes,7.761411,11.181891
BAN-001756,S01464,Hajidu,W020,LGA01,A. Rabi,246,4,2025-10-02,yes,7.763267,11.182081
BAN-001757,S00635,Yenani,W007,LGA01,B. Wada,68,0,2025-11-13,yes,7.358655,11.22242
BAN-001758,S00635,Yenani,W007,LGA01,U. Funo,219,4,2025-11-05,yes,7.360597,11.22099
BAN-001759,S00635,Yenani,W007,LGA01,B. Lami,252,0,2025-10-27,yes,7.358053,11.22156
BAN-001760,S00635,Yenani,W007,LGA01,I. Cham,64,0,2025-10-08,yes,7.359836,11.220567
BAN-001761,S00635,Yenani,W007,LGA01,S. Zubi,230,3,2025-10-31,yes,7.361907,11.222502
BAN-001762,S00716,Tasayi-Tudun,W008,LGA01,R. Umar,206,1,2025-11-12,yes,7.399079,10.933319
BAN-001763,S02182,Oltishi,W034,LGA03,B. Zubi,142,3,2025-10-18,yes,8.125315,11.328326
BAN-001764,S02182,Oltishi,W034,LGA03,Z. Kabo,30,4,2025-12-08,yes,8.126849,11.327852
BAN-001765,S02182,Oltishi,W034,LGA03,S. Abu,62,1,2025-10-27,yes,8.124807,11.328504
BAN-001766,S00086,Ollale,W001,LGA01,Z. Jibo,121,2,2025-10-05,yes,7.050241,11.064196
BAN-001767,S00086,Ollale,W001,LGA01,S. Dogo,90,2,2025-11-26,yes,7.05233,11.061917
BAN-001768,S00715,Umnaja,W008,LGA01,I. Dogo,15,0,2025-11-07,yes,7.406126,10.909611
BAN-001769,S00715,Umnaja,W008,LGA01,B. Wada,209,3,2025-11-01,yes,7.406481,10.907867
BAN-001770,S01349,Irnata-Yamma,W018,LGA02,I. Rabi,69,1,2025-10-24,yes,7.638045,10.621067
BAN-001771,S01660,Doduta,W024,LGA04,H. Bala,197,2,2025-11-20,yes,7.776256,10.731606
BAN-001772,S01660,Doduta,W024,LGA04,R. Bala,258,4,2025-12-02,yes,7.775441,10.731221
BAN-001773,S01660,Doduta,W024,LGA04,K. Yaro,97,1,2025-11-11,yes,7.775895,10.730963
BAN-001774,S01660,Doduta,W024,LGA04,U. Sule,44,3,2025-11-02,no,7.775689,10.730786
BAN-001775,S00974,Dazashi,W013,LGA02,K. Oje,165,0,2025-11-27,yes,7.461922,10.50759
BAN-001776,S00974,Dazashi,W013,LGA02,S. Cham,220,2,2025-11-01,yes,7.462266,10.507658
BAN-001777,S01465,Nutiri,W020,LGA01,H. Yaro,196,0,2025-11-10,yes,7.697322,11.071487
BAN-001778,S00578,Zabeta,W007,LGA01,A. Haru,29,0,2025-10-08,yes,7.34378,11.228222
BAN-001779,S00578,Zabeta,W007,LGA01,M. Umar,40,0,2025-12-01,yes,7.342146,11.226878
BAN-001780,S00578,Zabeta,W007,LGA01,H. Funo,168,0,2025-11-10,yes,7.341329,11.228109
BAN-001781,S00578,Zabeta,W007,LGA01,H. Oje,99,4,2025-10-26,no,7.343112,11.226654
BAN-001782,S00578,Zabeta,W007,LGA01,A. Kabo,13,4,2025-11-22,yes,7.342538,11.226758
BAN-001783,S00578,Zabeta,W007,LGA01,Y. Zubi,186,0,2025-11-24,yes,7.341894,11.227809
BAN-001784,S01661,Taride,W024,LGA04,B. Ede,59,1,2025-11-13,yes,7.797842,10.770432
BAN-001785,S00975,Kurita,W013,LGA02,S. Cham,100,0,2025-11-03,no,7.423948,10.549323
BAN-001786,S00975,Kurita,W013,LGA02,S. Ede,149,1,2025-11-04,yes,7.422456,10.549917
BAN-001787,S00975,Kurita,W013,LGA02,M. Dogo,110,2,2025-12-09,yes,7.422297,10.550118
BAN-001788,S00975,Kurita,W013,LGA02,U. Oje,240,4,2025-10-28,yes,7.42207,10.548307
BAN-001789,S01683,Doduba,W025,LGA04,M. Wada,104,1,2025-10-26,yes,7.841861,11.073799
BAN-001790,S02122,Zangoma,W033,LGA03,S. Haru,212,3,2025-10-24,yes,7.974222,11.190478
BAN-001791,S02122,Zangoma,W033,LGA03,R. Rabi,237,4,2025-11-14,yes,7.973948,11.18931
BAN-001792,S02122,Zangoma,W033,LGA03,F. Gani,37,1,2025-11-16,yes,7.974746,11.190756
BAN-001793,S01371,Umriko-Kofar,W019,LGA04,H. Funo,40,2,2025-10-04,yes,7.645283,10.985078
BAN-001794,S01371,Umriko-Kofar,W019,LGA04,A. Jibo,166,4,2025-10-25,yes,7.642543,10.98364
BAN-001795,S02522,Marami,W040,LGA04,S. Funo,31,1,2025-10-19,yes,8.287908,11.171624
BAN-001796,S02522,Marami,W040,LGA04,M. Zubi,9,4,2025-10-12,yes,8.287248,11.172104
BAN-001797,S02522,Marami,W040,LGA04,K. Haru,212,1,2025-11-15,yes,8.287259,11.174145
BAN-001798,S02522,Marami,W040,LGA04,F. Wada,128,4,2025-12-07,yes,8.287154,11.173305
BAN-001799,S02522,Marami,W040,LGA04,Y. Wada,222,2,2025-11-06,yes,8.286169,11.172864
BAN-001800,S02273,Oljidu,W035,LGA04,U. Jibo,98,1,2025-11-30,yes,8.28054,10.953962
BAN-001801,S02273,Oljidu,W035,LGA04,R. Isa,2,3,2025-10-10,yes,8.280836,10.954829
BAN-001802,S02273,Oljidu,W035,LGA04,H. Umar,1,2,2025-12-03,yes,8.281325,10.95497
BAN-001803,S00685,Fazaja-Sabo,W008,LGA01,A. Musa,51,1,2025-11-07,yes,7.366095,10.857159
BAN-001804,S01334,Tariba,W018,LGA02,Z. Isa,19,3,2025-11-05,no,7.551329,10.747052
BAN-001805,S01334,Tariba,W018,LGA02,F. Oje,240,4,2025-11-19,yes,7.551484,10.747903
BAN-001806,S01417,Baride,W019,LGA04,F. Bala,149,2,2025-12-08,yes,7.594872,11.030645
BAN-001807,S01417,Baride,W019,LGA04,F. Jibo,12,1,2025-10-26,yes,7.59557,11.029976
BAN-001808,S01752,Yengoko,W026,LGA03,M. Jibo,167,3,2025-10-31,yes,7.766219,11.423966
BAN-001809,S01752,Yengoko,W026,LGA03,Z. Isa,161,2,2025-10-31,yes,7.765741,11.423952
BAN-001810,S01752,Yengoko,W026,LGA03,F. Tanko,198,2,2025-10-20,yes,7.765315,11.422857
BAN-001811,S01245,Nuwashi,W016,LGA02,S. Jibo,59,4,2025-10-04,yes,7.657334,10.48542
BAN-001812,S01245,Nuwashi,W016,LGA02,S. Musa,235,0,2025-10-12,yes,7.656604,10.484525
BAN-001813,S01245,Nuwashi,W016,LGA02,H. Umar,51,1,2025-11-16,yes,7.657262,10.48642
BAN-001814,S01245,Nuwashi,W016,LGA02,R. Sule,126,3,2025-11-08,yes,7.65613,10.483853
BAN-001815,S01435,Kudena,W020,LGA01,S. Dogo,246,4,2025-10-04,no,7.641088,11.079713
BAN-001816,S02485,Enyode,W040,LGA04,Z. Tanko,170,0,2025-10-31,yes,8.289296,11.169216
BAN-001817,S02288,Wanawo,W036,LGA04,Z. Nura,125,3,2025-12-04,yes,8.223093,10.709511
BAN-001818,S01868,Dadeshi,W029,LGA04,U. Sule,207,3,2025-12-08,yes,7.978666,11.048771
BAN-001819,S01868,Dadeshi,W029,LGA04,I. Umar,159,4,2025-10-31,yes,7.97732,11.048621
BAN-001820,S01868,Dadeshi,W029,LGA04,Z. Pama,205,4,2025-11-16,yes,7.976985,11.047716
BAN-001821,S01596,Umladu,W023,LGA03,B. Pama,152,2,2025-12-04,no,7.911278,11.207082
BAN-001822,S01596,Umladu,W023,LGA03,F. Abu,190,4,2025-11-07,yes,7.9108,11.208266
BAN-001823,S01596,Umladu,W023,LGA03,Y. Musa,48,0,2025-12-08,no,7.910845,11.207654
BAN-001824,S01270,Lotsiko,W016,LGA02,B. Musa,82,0,2025-11-29,yes,7.611828,10.483687
BAN-001825,S01270,Lotsiko,W016,LGA02,S. Nura,171,4,2025-11-05,yes,7.611329,10.483163
BAN-001826,S00423,Umdemi-Tudun,W006,LGA01,I. Umar,47,4,2025-11-03,yes,7.262205,11.213923
BAN-001827,S00423,Umdemi-Tudun,W006,LGA01,Z. Sule,112,1,2025-12-04,yes,7.261166,11.212181
BAN-001828,S00423,Umdemi-Tudun,W006,LGA01,A. Nura,168,3,2025-12-03,yes,7.262172,11.213435
BAN-001829,S00595,Ekdusa,W007,LGA01,F. Gani,32,2,2025-10-11,yes,7.450766,11.290289
BAN-001830,S00595,Ekdusa,W007,LGA01,U. Umar,1,1,2025-10-05,yes,7.450312,11.29255
BAN-001831,S00595,Ekdusa,W007,LGA01,I. Sule,96,4,2025-11-14,yes,7.446892,11.292275
BAN-001832,S00595,Ekdusa,W007,LGA01,S. Sule,163,2,2025-12-06,no,7.44944,11.292328
BAN-001833,S00595,Ekdusa,W007,LGA01,R. Abu,222,2,2025-11-01,yes,7.448736,11.29282
BAN-001834,S00595,Ekdusa,W007,LGA01,Z. Funo,181,1,2025-10-15,yes,7.449781,11.292237
BAN-001835,S01578,Lomaba,W022,LGA03,K. Jibo,162,4,2025-10-12,yes,8.146973,11.386751
BAN-001836,S01578,Lomaba,W022,LGA03,B. Sule,49,1,2025-11-06,yes,8.148994,11.385966
BAN-001837,S01578,Lomaba,W022,LGA03,A. Tanko,5,2,2025-10-07,yes,8.149004,11.385484
BAN-001838,S01578,Lomaba,W022,LGA03,I. Abu,13,0,2025-11-24,yes,8.148765,11.387549
BAN-001839,S01578,Lomaba,W022,LGA03,K. Rabi,6,1,2025-10-26,yes,8.14877,11.387856
BAN-001840,S01578,Lomaba,W022,LGA03,U. Umar,12,0,2025-11-22,yes,8.148342,11.38803
BAN-001841,S01578,Lomaba,W022,LGA03,S. Musa,109,3,2025-10-20,yes,8.148539,11.386726
BAN-001842,S01422,Ekbaja,W019,LGA04,B. Oje,124,0,2025-10-18,yes,7.599482,11.0169
BAN-001843,S01422,Ekbaja,W019,LGA04,H. Kabo,162,1,2025-12-07,no,7.597943,11.017987
BAN-001844,S01422,Ekbaja,W019,LGA04,S. Yaro,257,2,2025-10-10,yes,7.599954,11.017285
BAN-001845,S01668,Uzngomi,W024,LGA04,F. Zubi,61,3,2025-11-21,yes,7.81786,10.697959
BAN-001846,S01668,Uzngomi,W024,LGA04,M. Yaro,92,0,2025-11-28,no,7.817463,10.697917
BAN-001847,S01668,Uzngomi,W024,LGA04,M. Nura,54,2,2025-12-06,yes,7.818095,10.698006
BAN-001848,S01328,Ummale,W018,LGA02,Z. Oje,145,2,2025-10-29,yes,7.571745,10.724417
BAN-001849,S01300,Lokofa-Yamma,W017,LGA03,Y. Wada,95,3,2025-10-08,yes,7.575988,11.407975
BAN-001850,S01300,Lokofa-Yamma,W017,LGA03,K. Oje,152,2,2025-11-08,yes,7.578003,11.406511
BAN-001851,S01300,Lokofa-Yamma,W017,LGA03,I. Bala,96,4,2025-10-03,yes,7.575766,11.407002
BAN-001852,S00388,Daladu,W005,LGA02,M. Zubi,26,3,2025-12-07,yes,7.316595,10.780744
BAN-001853,S00388,Daladu,W005,LGA02,B. Nura,256,1,2025-11-28,no,7.319432,10.781501
BAN-001854,S00850,Irmana-Sabo,W010,LGA02,F. Dogo,204,0,2025-10-21,yes,7.400332,10.779257
BAN-001855,S00850,Irmana-Sabo,W010,LGA02,H. Jibo,94,0,2025-11-27,yes,7.397034,10.78183
BAN-001856,S00850,Irmana-Sabo,W010,LGA02,I. Wada,143,4,2025-11-19,yes,7.398127,10.782328
BAN-001857,S02459,Enyota,W039,LGA04,Y. Nura,85,0,2025-11-11,yes,8.289629,10.838396
BAN-001858,S02015,Oksale,W031,LGA03,K. Lami,141,3,2025-10-02,yes,8.014755,11.243187
BAN-001859,S02015,Oksale,W031,LGA03,H. Lami,6,4,2025-11-25,yes,8.016749,11.241758
BAN-001860,S01546,Okshatu,W021,LGA02,I. Abu,9,3,2025-11-16,yes,7.890248,10.471395
BAN-001861,S01546,Okshatu,W021,LGA02,M. Isa,230,1,2025-11-14,yes,7.89037,10.469833
BAN-001862,S01546,Okshatu,W021,LGA02,U. Gani,79,0,2025-11-10,yes,7.887881,10.469372
BAN-001863,S01546,Okshatu,W021,LGA02,H. Tanko,222,1,2025-10-23,yes,7.889465,10.471117
BAN-001864,S00183,Wayoru-Sabo,W002,LGA01,H. Bala,14,1,2025-10-07,yes,7.222129,10.775062
BAN-001865,S00183,Wayoru-Sabo,W002,LGA01,S. Umar,95,2,2025-10-29,yes,7.221764,10.77515
BAN-001866,S00580,Ibshako,W007,LGA01,K. Haru,164,4,2025-10-08,yes,7.342703,11.350427
BAN-001867,S00580,Ibshako,W007,LGA01,U. Haru,221,0,2025-11-23,yes,7.33986,11.351511
BAN-001868,S01551,Zazako,W021,LGA02,U. Jibo,254,4,2025-11-10,yes,7.921118,10.492366
BAN-001869,S01551,Zazako,W021,LGA02,S. Isa,207,0,2025-12-07,yes,7.922846,10.492346
BAN-001870,S01180,Kazani,W015,LGA01,H. Kabo,83,3,2025-10-15,yes,7.516763,11.222136
BAN-001871,S00838,Yewami,W010,LGA02,A. Bala,22,4,2025-12-03,yes,7.423461,10.766747
BAN-001872,S00838,Yewami,W010,LGA02,H. Musa,199,0,2025-11-26,yes,7.421621,10.765597
BAN-001873,S01102,Wasaja,W015,LGA01,F. Cham,101,3,2025-10-27,yes,7.681045,11.302161
BAN-001874,S01102,Wasaja,W015,LGA01,R. Kabo,247,4,2025-11-13,no,7.681953,11.301981
BAN-001875,S00647,Uztsile-Tudun,W007,LGA01,Y. Nura,35,3,2025-11-20,yes,7.449903,11.173321
BAN-001876,S00647,Uztsile-Tudun,W007,LGA01,K. Isa,55,3,2025-11-15,yes,7.449443,11.172484
BAN-001877,S02120,Subewa-Kudu,W033,LGA03,K. Haru,222,2,2025-10-11,yes,8.067057,11.230206
BAN-001878,S02120,Subewa-Kudu,W033,LGA03,F. Abu,54,1,2025-10-22,yes,8.068127,11.232781
BAN-001879,S02120,Subewa-Kudu,W033,LGA03,U. Bala,203,0,2025-10-08,yes,8.067598,11.231582
BAN-001880,S01642,Lotsiwo,W024,LGA04,K. Oje,63,4,2025-12-06,no,7.742725,10.639566
BAN-001881,S01642,Lotsiwo,W024,LGA04,H. Kabo,124,0,2025-12-04,yes,7.743024,10.641557
BAN-001882,S02289,Uzrifa,W036,LGA04,I. Haru,215,2,2025-11-29,yes,8.085075,10.718002
BAN-001883,S02289,Uzrifa,W036,LGA04,B. Nura,9,0,2025-11-22,yes,8.083778,10.717371
BAN-001884,S02289,Uzrifa,W036,LGA04,Z. Abu,164,1,2025-10-04,yes,8.085492,10.718111
BAN-001885,S01634,Kujiyi,W023,LGA03,H. Gani,217,0,2025-11-17,yes,7.914849,11.185817
BAN-001886,S01634,Kujiyi,W023,LGA03,U. Funo,228,1,2025-12-09,no,7.915439,11.185936
BAN-001887,S01199,Kuluta,W015,LGA01,M. Tanko,46,3,2025-12-02,yes,7.530404,11.245463
BAN-001888,S02452,Kushawa,W039,LGA04,I. Umar,153,0,2025-11-25,yes,8.266114,10.833897
BAN-001889,S02452,Kushawa,W039,LGA04,K. Bala,122,1,2025-11-25,yes,8.265294,10.83331
BAN-001890,S00612,Ritsiko,W007,LGA01,K. Umar,61,2,2025-11-08,yes,7.377411,11.222566
BAN-001891,S00612,Ritsiko,W007,LGA01,F. Kabo,87,0,2025-11-30,yes,7.379524,11.221689
BAN-001892,S00612,Ritsiko,W007,LGA01,Y. Pama,64,4,2025-11-15,yes,7.377443,11.223519
BAN-001893,S00963,Enbewa-Tsakiya,W013,LGA02,U. Wada,85,0,2025-12-06,yes,7.397535,10.601701
BAN-001894,S00616,Bitsitu-Arewa,W007,LGA01,K. Funo,183,3,2025-11-23,yes,7.440666,11.259075
BAN-001895,S00698,Hasani,W008,LGA01,Z. Nura,180,1,2025-10-31,yes,7.252287,10.927722
BAN-001896,S02355,Kamaba-Arewa,W037,LGA03,U. Oje,42,1,2025-11-05,yes,8.189164,11.541781
BAN-001897,S02355,Kamaba-Arewa,W037,LGA03,Y. Cham,128,0,2025-10-20,yes,8.18663,11.541985
BAN-001898,S00369,Oljina,W005,LGA02,Y. Haru,247,1,2025-10-15,yes,7.379644,10.709995
BAN-001899,S00369,Oljina,W005,LGA02,F. Abu,88,1,2025-10-29,yes,7.378012,10.710346
BAN-001900,S00369,Oljina,W005,LGA02,Z. Bala,142,0,2025-11-04,no,7.38003,10.711354
BAN-001901,S00369,Oljina,W005,LGA02,M. Oje,76,0,2025-11-16,yes,7.380885,10.710967
BAN-001902,S02438,Wasawo-Sabo,W039,LGA04,F. Musa,251,4,2025-10-19,yes,8.250541,10.847072
BAN-001903,S02438,Wasawo-Sabo,W039,LGA04,A. Musa,85,2,2025-11-24,yes,8.25312,10.848149
BAN-001904,S02438,Wasawo-Sabo,W039,LGA04,B. Lami,120,2,2025-10-30,yes,8.251319,10.848421
BAN-001905,S00508,Sukona,W006,LGA01,R. Wada,3,2,2025-10-06,yes,7.242796,11.323311
BAN-001906,S00508,Sukona,W006,LGA01,H. Tanko,5,1,2025-11-24,yes,7.244569,11.326588
BAN-001907,S02274,Batsiri,W035,LGA04,I. Ede,113,3,2025-10-14,yes,8.208108,10.919329
BAN-001908,S02274,Batsiri,W035,LGA04,M. Jibo,198,2,2025-10-11,yes,8.207153,10.917855
BAN-001909,S02274,Batsiri,W035,LGA04,M. Ede,66,2,2025-11-11,yes,8.206837,10.917942
BAN-001910,S02274,Batsiri,W035,LGA04,H. Zubi,146,0,2025-10-15,yes,8.205971,10.918107
BAN-001911,S02278,Adduri,W036,LGA04,U. Kabo,54,2,2025-10-04,yes,8.075163,10.735824
BAN-001912,S02278,Adduri,W036,LGA04,R. Lami,192,0,2025-11-17,yes,8.074333,10.736236
BAN-001913,S02278,Adduri,W036,LGA04,U. Musa,194,3,2025-11-08,yes,8.07506,10.734648
BAN-001914,S02278,Adduri,W036,LGA04,I. Yaro,172,4,2025-11-02,yes,8.07567,10.737708
BAN-001915,S02278,Adduri,W036,LGA04,B. Rabi,94,0,2025-11-27,yes,8.074384,10.737175
BAN-001916,S02278,Adduri,W036,LGA04,A. Haru,152,2,2025-11-09,yes,8.07361,10.736199
BAN-001917,S01854,Wabama,W029,LGA04,M. Musa,170,0,2025-10-03,no,7.946193,11.075019
BAN-001918,S01854,Wabama,W029,LGA04,S. Abu,256,3,2025-10-05,yes,7.949701,11.075593
BAN-001919,S01854,Wabama,W029,LGA04,K. Ede,130,1,2025-10-04,no,7.948717,11.076134
BAN-001920,S01854,Wabama,W029,LGA04,S. Rabi,27,4,2025-11-29,yes,7.94817,11.074418
BAN-001921,S00649,Ribemi-Tsakiya,W007,LGA01,R. Wada,12,3,2025-11-28,yes,7.371294,11.218056
BAN-001922,S00649,Ribemi-Tsakiya,W007,LGA01,S. Sule,225,1,2025-10-30,yes,7.370346,11.218958
BAN-001923,S01185,Marana,W015,LGA01,B. Jibo,209,1,2025-11-18,yes,7.711037,11.265328
BAN-001924,S01185,Marana,W015,LGA01,H. Isa,178,3,2025-11-02,yes,7.711602,11.266666
BAN-001925,S02296,Tamadu,W036,LGA04,A. Umar,194,0,2025-12-03,yes,8.187663,10.749887
BAN-001926,S01693,Irbewa-Yamma,W025,LGA04,H. Tanko,180,4,2025-10-21,yes,7.792441,11.097399
BAN-001927,S01693,Irbewa-Yamma,W025,LGA04,B. Cham,98,2,2025-10-21,yes,7.793774,11.096941
BAN-001928,S00168,Fashadu,W002,LGA01,F. Abu,90,0,2025-10-18,yes,7.097443,10.78459
BAN-001929,S02170,Biradu,W034,LGA03,M. Pama,137,2,2025-10-03,yes,8.114481,11.202453
BAN-001930,S02300,Kurile-Gabas,W036,LGA04,Z. Gani,106,4,2025-12-08,yes,8.083192,10.69796
BAN-001931,S02300,Kurile-Gabas,W036,LGA04,A. Dogo,202,3,2025-10-16,yes,8.083911,10.696965
BAN-001932,S02022,Dorisa,W031,LGA03,B. Ede,139,3,2025-11-03,yes,7.928457,11.344742
BAN-001933,S02022,Dorisa,W031,LGA03,S. Wada,89,0,2025-12-08,yes,7.928169,11.345193
BAN-001934,S00059,Agwako,W001,LGA01,H. Kabo,3,0,2025-11-16,no,7.068591,10.960899
BAN-001935,S00059,Agwako,W001,LGA01,A. Abu,136,4,2025-11-01,yes,7.069913,10.962505
BAN-001936,S01628,Kurasa,W023,LGA03,R. Bala,36,0,2025-10-30,yes,7.900769,11.130679
BAN-001937,S01712,Wajile,W026,LGA03,R. Gani,170,2,2025-10-29,yes,7.750821,11.537312
BAN-001938,S00366,Losadu-Tudun,W004,LGA02,A. Haru,124,1,2025-11-27,yes,7.184801,10.705339
BAN-001939,S00366,Losadu-Tudun,W004,LGA02,B. Funo,142,3,2025-10-22,yes,7.18518,10.702964
BAN-001940,S00366,Losadu-Tudun,W004,LGA02,B. Oje,43,4,2025-11-05,yes,7.185315,10.703768
BAN-001941,S02305,Ibsharu-Gabas,W036,LGA04,B. Gani,174,2,2025-11-10,yes,8.130579,10.746282
BAN-001942,S02305,Ibsharu-Gabas,W036,LGA04,R. Ede,39,3,2025-10-17,yes,8.130901,10.747579
BAN-001943,S02305,Ibsharu-Gabas,W036,LGA04,I. Zubi,107,3,2025-12-02,yes,8.129337,10.747082
BAN-001944,S01520,Maberi-Kofar,W021,LGA02,H. Zubi,126,4,2025-10-26,yes,7.88069,10.577542
BAN-001945,S01520,Maberi-Kofar,W021,LGA02,Y. Haru,12,1,2025-12-05,no,7.88215,10.576896
BAN-001946,S01520,Maberi-Kofar,W021,LGA02,S. Oje,151,4,2025-12-02,yes,7.880992,10.576503
BAN-001947,S01064,Sanatu,W014,LGA01,I. Bala,6,1,2025-11-09,yes,7.500369,11.514077
BAN-001948,S01218,Wasako,W015,LGA01,K. Tanko,22,4,2025-10-17,yes,7.521119,11.243729
BAN-001949,S01218,Wasako,W015,LGA01,U. Bala,191,0,2025-12-03,no,7.521399,11.24521
BAN-001950,S01218,Wasako,W015,LGA01,K. Isa,93,0,2025-10-31,yes,7.521643,11.245774
BAN-001951,S01383,Bikotu,W019,LGA04,A. Funo,134,0,2025-10-19,yes,7.703433,10.850363
BAN-001952,S01383,Bikotu,W019,LGA04,H. Zubi,102,4,2025-10-15,yes,7.70387,10.850288
BAN-001953,S01383,Bikotu,W019,LGA04,M. Cham,157,1,2025-10-06,yes,7.703869,10.850173
BAN-001954,S01921,Mabawa,W029,LGA04,I. Lami,173,3,2025-12-02,yes,7.933882,11.091128
BAN-001955,S01921,Mabawa,W029,LGA04,I. Haru,193,1,2025-11-01,yes,7.933087,11.091908
BAN-001956,S01921,Mabawa,W029,LGA04,R. Abu,130,2,2025-10-26,yes,7.934285,11.092604
BAN-001957,S02129,Nuluwo,W033,LGA03,R. Funo,246,3,2025-11-11,yes,7.993769,11.148267
BAN-001958,S02129,Nuluwo,W033,LGA03,H. Zubi,37,0,2025-11-26,yes,7.99416,11.14855
BAN-001959,S02329,Bishasa,W037,LGA03,U. Umar,186,0,2025-11-09,yes,8.178264,11.542983
BAN-001960,S02329,Bishasa,W037,LGA03,K. Yaro,72,3,2025-10-07,yes,8.181787,11.542303
BAN-001961,S02329,Bishasa,W037,LGA03,B. Nura,99,4,2025-10-22,yes,8.178682,11.545
BAN-001962,S02168,Olnaba,W034,LGA03,M. Isa,237,0,2025-10-29,yes,8.245058,11.213949
BAN-001963,S02168,Olnaba,W034,LGA03,I. Sule,82,3,2025-11-12,yes,8.245975,11.214016
BAN-001964,S02168,Olnaba,W034,LGA03,B. Pama,188,2,2025-10-25,yes,8.246387,11.214882
BAN-001965,S02168,Olnaba,W034,LGA03,U. Oje,133,1,2025-10-06,yes,8.246009,11.213039
BAN-001966,S01714,Ibraja,W026,LGA03,A. Lami,124,2,2025-11-19,yes,7.716752,11.525435
BAN-001967,S00883,Ritsiba,W011,LGA02,B. Pama,71,4,2025-11-03,yes,7.593945,10.406924
BAN-001968,S00883,Ritsiba,W011,LGA02,K. Rabi,47,3,2025-11-18,yes,7.593518,10.406037
BAN-001969,S00883,Ritsiba,W011,LGA02,Y. Funo,87,1,2025-10-19,no,7.595575,10.4066
BAN-001970,S00883,Ritsiba,W011,LGA02,F. Umar,141,0,2025-11-17,yes,7.596061,10.407756
BAN-001971,S02271,Ekwatu-Sabo,W035,LGA04,B. Ede,129,1,2025-10-14,yes,8.232517,11.019685
BAN-001972,S00047,Dorita,W001,LGA01,M. Cham,98,4,2025-10-15,yes,7.082901,11.133628
BAN-001973,S01542,Daluta,W021,LGA02,U. Jibo,56,3,2025-12-04,yes,7.723956,10.5597
BAN-001974,S01542,Daluta,W021,LGA02,B. Jibo,63,4,2025-12-06,yes,7.725652,10.559558
BAN-001975,S01542,Daluta,W021,LGA02,H. Yaro,128,1,2025-10-23,yes,7.725478,10.558916
BAN-001976,S01542,Daluta,W021,LGA02,Y. Nura,203,1,2025-11-21,yes,7.724189,10.559664
BAN-001977,S02387,Wamani-Yamma,W038,LGA03,S. Musa,84,1,2025-10-19,yes,8.386051,11.2923
BAN-001978,S02176,Bitsina,W034,LGA03,F. Haru,96,2,2025-10-03,yes,8.239528,11.252428
BAN-001979,S01299,Doshasa,W017,LGA03,I. Zubi,107,1,2025-10-18,yes,7.523864,11.387914
BAN-001980,S01299,Doshasa,W017,LGA03,H. Funo,7,3,2025-11-06,no,7.523435,11.38938
BAN-001981,S02345,Ekraba,W037,LGA03,H. Ede,234,1,2025-10-08,yes,8.238769,11.48543
BAN-001982,S02345,Ekraba,W037,LGA03,K. Kabo,164,3,2025-10-23,yes,8.238227,11.485585
BAN-001983,S02345,Ekraba,W037,LGA03,R. Dogo,129,3,2025-10-09,yes,8.239066,11.484341
BAN-001984,S02345,Ekraba,W037,LGA03,H. Yaro,197,4,2025-10-16,no,8.239643,11.483358
BAN-001985,S02345,Ekraba,W037,LGA03,M. Dogo,51,4,2025-12-06,yes,8.237507,11.484737
BAN-001986,S02027,Zarisa,W031,LGA03,A. Ede,132,4,2025-11-27,yes,8.075971,11.279909
BAN-001987,S01503,Umbaba,W020,LGA01,Y. Ede,61,4,2025-11-01,no,7.607582,11.071884
BAN-001988,S00001,Surawa,W001,LGA01,A. Dogo,243,1,2025-12-03,yes,7.16636,11.173478
BAN-001989,S00001,Surawa,W001,LGA01,B. Jibo,99,1,2025-10-14,yes,7.166036,11.173364
BAN-001990,S00001,Surawa,W001,LGA01,I. Dogo,50,3,2025-11-25,yes,7.164953,11.17342
BAN-001991,S00001,Surawa,W001,LGA01,F. Lami,165,2,2025-12-08,yes,7.166153,11.173225
BAN-001992,S01537,Yengona,W021,LGA02,A. Jibo,258,4,2025-11-04,yes,7.873518,10.476303
BAN-001993,S01537,Yengona,W021,LGA02,Z. Oje,17,3,2025-10-15,yes,7.874818,10.477175
BAN-001994,S00125,Okmari,W002,LGA01,Z. Isa,120,4,2025-11-10,yes,7.140155,10.730871
BAN-001995,S00125,Okmari,W002,LGA01,H. Sule,244,2,2025-10-11,yes,7.140023,10.730624
BAN-001996,S00125,Okmari,W002,LGA01,I. Cham,165,4,2025-11-14,yes,7.139048,10.732015
BAN-001997,S00125,Okmari,W002,LGA01,A. Pama,10,1,2025-10-13,yes,7.140014,10.730341
BAN-001998,S00125,Okmari,W002,LGA01,Z. Kabo,168,2,2025-10-26,yes,7.14064,10.731702
BAN-001999,S01949,Uzdude,W030,LGA04,A. Haru,52,2,2025-12-07,yes,7.892207,10.621338
BAN-002000,S01949,Uzdude,W030,LGA04,U. Tanko,205,2,2025-10-28,yes,7.892735,10.620508
BAN-002001,S01959,Riyodu,W030,LGA04,B. Musa,66,0,2025-12-06,no,7.908886,10.630278
BAN-002002,S01959,Riyodu,W030,LGA04,M. Sule,34,3,2025-11-25,yes,7.907643,10.629136
BAN-002003,S01959,Riyodu,W030,LGA04,M. Dogo,27,0,2025-10-19,yes,7.906945,10.629628
BAN-002004,S00042,Damako,W001,LGA01,H. Oje,59,1,2025-10-03,yes,7.088152,11.135892
BAN-002005,S00042,Damako,W001,LGA01,M. Abu,182,3,2025-11-15,yes,7.08753,11.137516
BAN-002006,S02245,Nuduma-Tsakiya,W035,LGA04,B. Bala,150,3,2025-11-19,yes,8.280048,10.931725
BAN-002007,S01085,Dayoshi,W014,LGA01,Y. Sule,214,0,2025-10-20,yes,7.450842,11.388987
BAN-002008,S01085,Dayoshi,W014,LGA01,Z. Isa,247,3,2025-10-31,yes,7.450905,11.388228
BAN-002009,S01085,Dayoshi,W014,LGA01,R. Wada,171,1,2025-12-03,yes,7.45024,11.388078
BAN-002010,S01085,Dayoshi,W014,LGA01,F. Funo,17,3,2025-11-28,yes,7.451854,11.38947
BAN-002011,S01831,Bishashi,W028,LGA04,B. Zubi,10,1,2025-10-08,yes,7.988404,10.797538
BAN-002012,S01533,Irtide,W021,LGA02,Z. Lami,35,1,2025-12-06,yes,7.871819,10.492617
BAN-002013,S02223,Uzshami,W035,LGA04,S. Ede,37,4,2025-11-07,yes,8.303679,10.983531
BAN-002014,S01530,Mawani,W021,LGA02,H. Wada,4,4,2025-10-11,yes,7.875782,10.501044
BAN-002015,S01530,Mawani,W021,LGA02,U. Wada,144,0,2025-11-23,yes,7.876004,10.501567
BAN-002016,S01530,Mawani,W021,LGA02,I. Dogo,103,1,2025-12-03,yes,7.877822,10.501304
BAN-002017,S00564,Umngole,W007,LGA01,K. Funo,231,0,2025-11-26,no,7.383424,11.244625
BAN-002018,S00564,Umngole,W007,LGA01,U. Kabo,209,1,2025-10-25,yes,7.383588,11.246318
BAN-002019,S00564,Umngole,W007,LGA01,Y. Gani,66,0,2025-11-07,yes,7.383142,11.245628
BAN-002020,S00564,Umngole,W007,LGA01,U. Ede,193,3,2025-11-30,yes,7.382536,11.244231
BAN-002021,S00564,Umngole,W007,LGA01,M. Bala,130,0,2025-11-06,yes,7.383531,11.243461
BAN-002022,S00564,Umngole,W007,LGA01,A. Haru,95,4,2025-11-20,yes,7.382866,11.24564
BAN-002023,S00564,Umngole,W007,LGA01,U. Cham,112,4,2025-11-12,yes,7.381451,11.244421
BAN-002024,S01014,Yerile,W014,LGA01,M. Ede,140,0,2025-10-20,no,7.505607,11.433514
BAN-002025,S01014,Yerile,W014,LGA01,Y. Umar,207,3,2025-11-26,yes,7.505144,11.432889
BAN-002026,S00782,Ringoshi-Arewa,W008,LGA01,H. Jibo,174,3,2025-11-26,yes,7.412395,10.957123
BAN-002027,S00782,Ringoshi-Arewa,W008,LGA01,Z. Kabo,162,0,2025-11-23,yes,7.412666,10.95798
BAN-002028,S00782,Ringoshi-Arewa,W008,LGA01,Z. Jibo,244,4,2025-12-03,yes,7.413532,10.958228
BAN-002029,S00560,Waraba,W007,LGA01,R. Zubi,13,4,2025-11-07,yes,7.373755,11.202708
BAN-002030,S00560,Waraba,W007,LGA01,F. Sule,227,2,2025-10-02,yes,7.374156,11.202862
BAN-002031,S00560,Waraba,W007,LGA01,K. Musa,57,3,2025-11-09,yes,7.374402,11.204284
BAN-002032,S01525,Yengode,W021,LGA02,M. Yaro,119,3,2025-11-24,yes,7.874787,10.501351
BAN-002033,S01525,Yengode,W021,LGA02,Y. Dogo,231,2,2025-12-05,yes,7.876523,10.50168
BAN-002034,S02042,Lonata-Kudu,W031,LGA03,H. Kabo,93,1,2025-10-17,yes,8.082933,11.359301
BAN-002035,S02042,Lonata-Kudu,W031,LGA03,B. Haru,199,2,2025-12-09,yes,8.085928,11.359096
BAN-002036,S01889,Watsima-Tudun,W029,LGA04,K. Lami,237,0,2025-11-01,yes,8.009101,10.939384
BAN-002037,S01889,Watsima-Tudun,W029,LGA04,B. Pama,57,0,2025-10-28,no,8.010463,10.938773
BAN-002038,S00502,Uzwata-Yamma,W006,LGA01,I. Umar,100,0,2025-10-25,yes,7.260957,11.25399
BAN-002039,S00064,Okwadu,W001,LGA01,F. Gani,215,4,2025-11-21,yes,7.037833,10.949453
BAN-002040,S00064,Okwadu,W001,LGA01,U. Dogo,64,1,2025-11-20,yes,7.038125,10.949222
BAN-002041,S00064,Okwadu,W001,LGA01,M. Umar,207,1,2025-10-03,yes,7.036175,10.948564
BAN-002042,S02451,Wajidu,W039,LGA04,B. Bala,79,0,2025-12-07,yes,8.352083,10.878045
BAN-002043,S02451,Wajidu,W039,LGA04,R. Cham,36,0,2025-11-01,yes,8.351995,10.878576
BAN-002044,S02451,Wajidu,W039,LGA04,H. Umar,135,1,2025-11-12,yes,8.351918,10.877069
BAN-002045,S02451,Wajidu,W039,LGA04,K. Isa,64,0,2025-10-18,no,8.352833,10.877405
BAN-002046,S02451,Wajidu,W039,LGA04,R. Kabo,20,0,2025-11-05,yes,8.351729,10.875699
BAN-002047,S02451,Wajidu,W039,LGA04,B. Dogo,11,3,2025-10-12,yes,8.351029,10.877243
BAN-002048,S00627,Irluri,W007,LGA01,M. Ede,233,4,2025-11-11,no,7.367468,11.237989
BAN-002049,S00627,Irluri,W007,LGA01,F. Dogo,160,1,2025-10-13,yes,7.36732,11.236881
BAN-002050,S00627,Irluri,W007,LGA01,U. Lami,203,2,2025-10-02,yes,7.367284,11.237399
BAN-002051,S00627,Irluri,W007,LGA01,H. Gani,217,4,2025-11-09,no,7.367475,11.235384
BAN-002052,S01243,Okyoja,W016,LGA02,H. Kabo,88,1,2025-11-08,yes,7.628433,10.507515
BAN-002053,S01243,Okyoja,W016,LGA02,Y. Abu,129,4,2025-11-10,yes,7.627149,10.50715
BAN-002054,S01243,Okyoja,W016,LGA02,H. Isa,152,0,2025-11-04,yes,7.62757,10.509188
BAN-002055,S01243,Okyoja,W016,LGA02,B. Abu,71,4,2025-10-24,yes,7.627475,10.507735
BAN-002056,S01243,Okyoja,W016,LGA02,I. Gani,2,2,2025-11-22,no,7.627477,10.506985
BAN-002057,S01243,Okyoja,W016,LGA02,A. Jibo,33,2,2025-11-26,yes,7.628179,10.507992
BAN-002058,S01243,Okyoja,W016,LGA02,U. Kabo,61,4,2025-10-09,yes,7.629825,10.506374
BAN-002059,S01243,Okyoja,W016,LGA02,Z. Pama,140,3,2025-11-17,yes,7.629207,10.508012
BAN-002060,S01359,Nuyotu-Gabas,W018,LGA02,I. Lami,249,0,2025-12-03,yes,7.687711,10.615642
BAN-002061,S01359,Nuyotu-Gabas,W018,LGA02,M. Zubi,203,1,2025-10-14,yes,7.687489,10.61529
BAN-002062,S01359,Nuyotu-Gabas,W018,LGA02,B. Umar,9,2,2025-10-05,yes,7.689934,10.615175
BAN-002063,S01359,Nuyotu-Gabas,W018,LGA02,R. Umar,259,1,2025-10-17,no,7.687362,10.614653
BAN-002064,S01097,Irjina-Kudu,W015,LGA01,S. Musa,215,1,2025-11-23,yes,7.528721,11.23035
BAN-002065,S01097,Irjina-Kudu,W015,LGA01,K. Lami,204,2,2025-11-29,yes,7.528458,11.231057
BAN-002066,S01097,Irjina-Kudu,W015,LGA01,M. Oje,3,4,2025-11-27,yes,7.530621,11.230837
BAN-002067,S01907,Jingota,W029,LGA04,B. Dogo,53,0,2025-10-28,yes,7.973768,11.058595
BAN-002068,S01907,Jingota,W029,LGA04,K. Funo,213,1,2025-10-03,yes,7.972494,11.060429
BAN-002069,S01907,Jingota,W029,LGA04,U. Umar,115,3,2025-12-09,yes,7.973616,11.060454
BAN-002070,S01907,Jingota,W029,LGA04,U. Yaro,148,4,2025-10-11,yes,7.971609,11.05889
BAN-002071,S00437,Subatu,W006,LGA01,K. Nura,75,3,2025-11-30,yes,7.191892,11.346563
BAN-002072,S00074,Guluna,W001,LGA01,B. Sule,72,3,2025-11-13,yes,7.190177,11.158793
BAN-002073,S01909,Nuduri,W029,LGA04,R. Isa,189,4,2025-11-11,yes,7.961225,11.09823
BAN-002074,S01909,Nuduri,W029,LGA04,Y. Kabo,110,1,2025-11-22,yes,7.961873,11.097151
BAN-002075,S01909,Nuduri,W029,LGA04,H. Isa,18,3,2025-11-15,yes,7.964004,11.097189
BAN-002076,S01909,Nuduri,W029,LGA04,M. Musa,71,4,2025-11-24,yes,7.963364,11.096543
BAN-002077,S00590,Okshadu,W007,LGA01,Y. Zubi,183,4,2025-10-09,yes,7.342813,11.242307
BAN-002078,S00868,Ibbawo,W010,LGA02,I. Bala,63,3,2025-10-06,yes,7.475853,10.774542
BAN-002079,S00868,Ibbawo,W010,LGA02,H. Zubi,19,3,2025-12-06,yes,7.474044,10.776531
BAN-002080,S00868,Ibbawo,W010,LGA02,M. Gani,109,4,2025-10-31,yes,7.475606,10.774931
BAN-002081,S00868,Ibbawo,W010,LGA02,Y. Bala,45,4,2025-10-31,yes,7.47381,10.775915
BAN-002082,S02081,Halale,W032,LGA04,K. Jibo,236,2,2025-10-15,yes,8.097227,10.852735
BAN-002083,S02081,Halale,W032,LGA04,Y. Jibo,146,0,2025-10-24,yes,8.096135,10.8546
BAN-002084,S01566,Karimi-Kudu,W022,LGA03,B. Yaro,158,2,2025-10-28,yes,8.097834,11.564408
BAN-002085,S01566,Karimi-Kudu,W022,LGA03,K. Musa,209,1,2025-10-08,yes,8.099091,11.564661
BAN-002086,S00029,Kangofa,W001,LGA01,I. Ede,95,4,2025-11-13,yes,7.048988,11.023962
BAN-002087,S00029,Kangofa,W001,LGA01,Y. Cham,17,2,2025-10-30,yes,7.049063,11.024367
BAN-002088,S01643,Yengori,W024,LGA04,K. Dogo,113,2,2025-11-18,yes,7.788948,10.825685
BAN-002089,S00368,Yedena,W004,LGA02,U. Bala,47,1,2025-10-29,yes,7.216737,10.683784
BAN-002090,S00368,Yedena,W004,LGA02,U. Umar,132,2,2025-11-20,yes,7.218164,10.683478
BAN-002091,S00368,Yedena,W004,LGA02,K. Abu,206,2,2025-11-06,yes,7.215232,10.682937
BAN-002092,S02092,Matsitu,W032,LGA04,Y. Sule,55,0,2025-11-20,yes,8.108525,10.920736
BAN-002093,S02092,Matsitu,W032,LGA04,F. Pama,102,1,2025-11-19,no,8.106422,10.921337
BAN-002094,S02092,Matsitu,W032,LGA04,R. Haru,129,3,2025-11-17,yes,8.10899,10.922146
BAN-002095,S02353,Dozari-Sabo,W037,LGA03,U. Nura,131,2,2025-11-13,yes,8.194906,11.506205
BAN-002096,S02136,Enrashi-Kudu,W033,LGA03,H. Haru,139,1,2025-11-21,yes,8.067948,11.104233
BAN-002097,S02136,Enrashi-Kudu,W033,LGA03,B. Umar,59,0,2025-10-01,yes,8.068589,11.1031
BAN-002098,S02136,Enrashi-Kudu,W033,LGA03,I. Tanko,71,3,2025-10-18,yes,8.06769,11.102075
BAN-002099,S02136,Enrashi-Kudu,W033,LGA03,Y. Haru,190,2,2025-10-29,yes,8.068858,11.101752
BAN-002100,S00065,Danasa,W001,LGA01,A. Musa,112,4,2025-11-13,yes,7.165816,11.165433
BAN-002101,S01312,Sakoja-Arewa,W017,LGA03,F. Haru,25,1,2025-11-10,yes,7.560153,11.393465
BAN-002102,S00348,Lolutu,W004,LGA02,H. Sule,251,0,2025-10-15,yes,7.191188,10.679209
BAN-002103,S00348,Lolutu,W004,LGA02,A. Rabi,188,3,2025-12-06,yes,7.18889,10.68107
BAN-002104,S02334,Oktsiba,W037,LGA03,I. Dogo,21,3,2025-11-17,yes,8.192888,11.487635
BAN-002105,S02334,Oktsiba,W037,LGA03,S. Oje,100,1,2025-10-30,yes,8.193539,11.487825
BAN-002106,S02334,Oktsiba,W037,LGA03,U. Rabi,229,4,2025-11-28,yes,8.192437,11.488248
BAN-002107,S02334,Oktsiba,W037,LGA03,I. Lami,127,2,2025-10-10,yes,8.19287,11.489398
BAN-002108,S01988,Tamawa,W030,LGA04,Y. Kabo,41,0,2025-11-27,yes,7.930646,10.628756
BAN-002109,S01988,Tamawa,W030,LGA04,I. Ede,22,3,2025-11-08,yes,7.932415,10.628477
BAN-002110,S01988,Tamawa,W030,LGA04,I. Tanko,232,3,2025-10-15,yes,7.931541,10.62865
BAN-002111,S01988,Tamawa,W030,LGA04,R. Pama,152,1,2025-12-03,yes,7.931103,10.628014
BAN-002112,S01232,Irraja,W016,LGA02,A. Gani,56,2,2025-10-12,yes,7.565615,10.431357
BAN-002113,S01232,Irraja,W016,LGA02,K. Oje,35,0,2025-11-12,no,7.565833,10.430696
BAN-002114,S00877,Umlawo,W011,LGA02,M. Jibo,198,2,2025-10-07,yes,7.718196,10.460273
BAN-002115,S00877,Umlawo,W011,LGA02,Y. Abu,219,2,2025-11-14,no,7.716652,10.461917
BAN-002116,S00877,Umlawo,W011,LGA02,F. Haru,6,1,2025-10-26,yes,7.71836,10.460292
BAN-002117,S00177,Ibritu,W002,LGA01,M. Rabi,87,0,2025-10-20,yes,6.954455,10.888931
BAN-002118,S00177,Ibritu,W002,LGA01,U. Lami,23,0,2025-10-31,yes,6.954015,10.889285
BAN-002119,S01191,Bibako,W015,LGA01,F. Umar,83,4,2025-12-01,yes,7.525581,11.203543
BAN-002120,S01534,Irngode,W021,LGA02,S. Nura,131,4,2025-12-06,yes,7.916244,10.514036
BAN-002121,S01534,Irngode,W021,LGA02,H. Abu,223,3,2025-11-15,yes,7.915723,10.512734
BAN-002122,S02104,Kariri,W033,LGA03,F. Cham,228,2,2025-11-07,no,8.013388,11.138319
BAN-002123,S02104,Kariri,W033,LGA03,M. Wada,6,0,2025-10-18,yes,8.015158,11.139018
BAN-002124,S01148,Irmako,W015,LGA01,Z. Bala,167,0,2025-11-22,yes,7.505636,11.201939
BAN-002125,S01257,Suriyi,W016,LGA02,Z. Umar,20,0,2025-12-08,yes,7.664344,10.485746
BAN-002126,S01257,Suriyi,W016,LGA02,A. Kabo,35,0,2025-11-02,yes,7.664165,10.48672
BAN-002127,S01632,Numatu,W023,LGA03,S. Nura,29,4,2025-10-17,yes,7.805242,11.254212
BAN-002128,S01632,Numatu,W023,LGA03,Z. Isa,20,1,2025-10-06,yes,7.807169,11.25452
BAN-002129,S01632,Numatu,W023,LGA03,Y. Wada,194,1,2025-10-29,yes,7.808051,11.255555
BAN-002130,S01762,Umyota,W027,LGA03,M. Sule,221,0,2025-11-02,yes,7.924357,11.461095
BAN-002131,S01762,Umyota,W027,LGA03,M. Wada,108,4,2025-11-02,yes,7.925533,11.462918
BAN-002132,S01762,Umyota,W027,LGA03,A. Isa,140,4,2025-11-21,yes,7.925459,11.460412
BAN-002133,S01762,Umyota,W027,LGA03,I. Gani,253,3,2025-10-25,no,7.925713,11.462165
BAN-002134,S01762,Umyota,W027,LGA03,A. Haru,88,3,2025-11-27,yes,7.925214,11.461244
BAN-002135,S01762,Umyota,W027,LGA03,B. Umar,63,2,2025-10-09,yes,7.92376,11.460951
BAN-002136,S01762,Umyota,W027,LGA03,I. Gani,213,3,2025-10-06,yes,7.926405,11.461948
BAN-002137,S01893,Tasashi,W029,LGA04,R. Bala,14,4,2025-10-16,yes,8.065226,10.990664
BAN-002138,S02235,Ekzako,W035,LGA04,I. Ede,27,3,2025-11-11,yes,8.236899,10.958887
BAN-002139,S01326,Biduru,W018,LGA02,M. Funo,205,0,2025-11-04,yes,7.584032,10.629731
BAN-002140,S01326,Biduru,W018,LGA02,H. Isa,208,0,2025-10-30,yes,7.583285,10.630611
BAN-002141,S01326,Biduru,W018,LGA02,U. Tanko,82,4,2025-12-08,yes,7.583355,10.630957
BAN-002142,S01701,Dowami,W025,LGA04,H. Haru,239,1,2025-11-08,yes,7.79645,11.122722
BAN-002143,S01759,Uzluru,W027,LGA03,M. Musa,234,0,2025-10-01,yes,7.910919,11.455635
BAN-002144,S01759,Uzluru,W027,LGA03,Z. Bala,198,0,2025-11-03,yes,7.91001,11.455347
BAN-002145,S01759,Uzluru,W027,LGA03,H. Yaro,90,1,2025-11-26,yes,7.911479,11.457234
BAN-002146,S00300,Olluyi,W003,LGA01,I. Haru,21,1,2025-11-07,yes,7.257882,10.990792
BAN-002147,S00300,Olluyi,W003,LGA01,K. Umar,227,1,2025-10-19,yes,7.257733,10.990588
BAN-002148,S00300,Olluyi,W003,LGA01,Y. Bala,247,2,2025-10-15,yes,7.257865,10.990302
BAN-002149,S00300,Olluyi,W003,LGA01,A. Nura,154,1,2025-10-05,yes,7.257608,10.990784
BAN-002150,S00300,Olluyi,W003,LGA01,F. Ede,68,3,2025-10-24,yes,7.256928,10.989789
BAN-002151,S00300,Olluyi,W003,LGA01,R. Oje,156,2,2025-12-07,yes,7.257131,10.991207
BAN-002152,S00300,Olluyi,W003,LGA01,Y. Zubi,31,1,2025-10-30,yes,7.259814,10.99019
BAN-002153,S00742,Tawana,W008,LGA01,M. Gani,20,3,2025-12-06,yes,7.183878,10.927172
BAN-002154,S01290,Fariwo-Gabas,W017,LGA03,A. Gani,4,1,2025-10-21,yes,7.544203,11.394821
BAN-002155,S01290,Fariwo-Gabas,W017,LGA03,U. Nura,207,2,2025-10-29,no,7.544433,11.394671
BAN-002156,S01290,Fariwo-Gabas,W017,LGA03,I. Oje,101,2,2025-10-24,yes,7.544232,11.392941
BAN-002157,S01228,Dawako,W015,LGA01,M. Kabo,217,4,2025-10-14,yes,7.51472,11.367774
BAN-002158,S01228,Dawako,W015,LGA01,B. Lami,220,2,2025-11-17,yes,7.515476,11.367275
BAN-002159,S01228,Dawako,W015,LGA01,R. Bala,26,4,2025-10-16,yes,7.516395,11.366133
BAN-002160,S00873,Ibsharu,W011,LGA02,U. Cham,139,2,2025-11-14,yes,7.715549,10.48054
BAN-002161,S00873,Ibsharu,W011,LGA02,A. Pama,195,2,2025-10-27,yes,7.715572,10.47854
BAN-002162,S00873,Ibsharu,W011,LGA02,K. Gani,164,1,2025-10-26,yes,7.715486,10.481156
BAN-002163,S00873,Ibsharu,W011,LGA02,B. Bala,215,3,2025-12-09,yes,7.716021,10.479493
BAN-002164,S00873,Ibsharu,W011,LGA02,R. Jibo,142,3,2025-11-08,yes,7.716606,10.479218
BAN-002165,S00873,Ibsharu,W011,LGA02,Z. Pama,63,0,2025-11-04,yes,7.716132,10.479081
BAN-002166,S00873,Ibsharu,W011,LGA02,A. Wada,114,0,2025-11-15,no,7.716278,10.479505
BAN-002167,S02049,Habefa-Tudun,W032,LGA04,R. Oje,136,4,2025-12-05,no,8.059489,10.899482
BAN-002168,S02049,Habefa-Tudun,W032,LGA04,F. Bala,177,0,2025-11-01,yes,8.059223,10.89688
BAN-002169,S02049,Habefa-Tudun,W032,LGA04,Z. Isa,229,3,2025-11-15,yes,8.058891,10.898179
BAN-002170,S01981,Dolako,W030,LGA04,U. Gani,127,2,2025-11-18,no,7.917962,10.62774
BAN-002171,S01981,Dolako,W030,LGA04,R. Kabo,255,2,2025-11-22,yes,7.918206,10.62936
BAN-002172,S01981,Dolako,W030,LGA04,Z. Funo,218,1,2025-10-28,no,7.916753,10.629704
BAN-002173,S00618,Irbefa-Arewa,W007,LGA01,M. Ede,250,0,2025-11-18,yes,7.380029,11.24607
BAN-002174,S00618,Irbefa-Arewa,W007,LGA01,U. Funo,45,0,2025-12-08,yes,7.379245,11.247655
BAN-002175,S00618,Irbefa-Arewa,W007,LGA01,Z. Sule,3,4,2025-11-11,yes,7.379871,11.246681
BAN-002176,S01436,Ibyosa,W020,LGA01,B. Dogo,201,2,2025-10-02,yes,7.736991,11.14452
BAN-002177,S01436,Ibyosa,W020,LGA01,I. Wada,146,3,2025-11-19,yes,7.735879,11.144793
BAN-002178,S01276,Nujija,W016,LGA02,S. Bala,218,1,2025-10-10,yes,7.587165,10.453059
BAN-002179,S01276,Nujija,W016,LGA02,Y. Isa,132,4,2025-10-18,yes,7.584892,10.454058
BAN-002180,S01276,Nujija,W016,LGA02,K. Nura,124,4,2025-11-03,yes,7.584679,10.451753
BAN-002181,S00783,Nuyoko,W008,LGA01,A. Isa,40,4,2025-10-17,yes,7.382591,10.95273
BAN-002182,S00783,Nuyoko,W008,LGA01,U. Bala,231,3,2025-12-08,yes,7.381184,10.952351
BAN-002183,S01787,Ekkota-Sabo,W027,LGA03,Z. Haru,15,2,2025-10-10,yes,7.93124,11.452422
BAN-002184,S01787,Ekkota-Sabo,W027,LGA03,U. Oje,35,0,2025-10-09,yes,7.929832,11.451959
BAN-002185,S01787,Ekkota-Sabo,W027,LGA03,U. Abu,214,3,2025-11-18,yes,7.930615,11.452148
BAN-002186,S01787,Ekkota-Sabo,W027,LGA03,S. Lami,80,2,2025-10-12,yes,7.931717,11.45441
BAN-002187,S01172,Fanasa,W015,LGA01,F. Funo,154,4,2025-10-12,yes,7.650293,11.252934
BAN-002188,S01172,Fanasa,W015,LGA01,Z. Oje,38,1,2025-11-02,yes,7.652247,11.255018
BAN-002189,S00119,Ekshani,W001,LGA01,S. Zubi,231,1,2025-11-26,yes,7.051029,11.06771
BAN-002190,S00119,Ekshani,W001,LGA01,M. Nura,215,1,2025-11-15,yes,7.04919,11.066017
BAN-002191,S00119,Ekshani,W001,LGA01,B. Pama,170,4,2025-10-19,no,7.049773,11.066049
BAN-002192,S00119,Ekshani,W001,LGA01,R. Kabo,227,2,2025-11-19,yes,7.049739,11.063715
BAN-002193,S01028,Jidetu,W014,LGA01,R. Dogo,166,1,2025-11-06,yes,7.519673,11.493052
BAN-002194,S01028,Jidetu,W014,LGA01,B. Abu,188,4,2025-11-21,yes,7.518066,11.493455
BAN-002195,S01028,Jidetu,W014,LGA01,U. Bala,186,3,2025-10-03,yes,7.519419,11.49227
BAN-002196,S02008,Enlari,W031,LGA03,A. Nura,202,3,2025-10-19,yes,8.055089,11.266108
BAN-002197,S01627,Yeshako-Arewa,W023,LGA03,M. Jibo,245,2,2025-10-15,yes,7.84564,11.282865
BAN-002198,S01627,Yeshako-Arewa,W023,LGA03,F. Tanko,1,3,2025-11-25,no,7.8463,11.282951
BAN-002199,S01627,Yeshako-Arewa,W023,LGA03,K. Nura,206,0,2025-10-25,yes,7.845735,11.285317
BAN-002200,S01583,Suwaja,W022,LGA03,B. Cham,210,4,2025-12-07,yes,8.072107,11.510878
BAN-002201,S01583,Suwaja,W022,LGA03,Z. Ede,65,0,2025-12-03,yes,8.073341,11.508823
BAN-002202,S01583,Suwaja,W022,LGA03,S. Cham,135,4,2025-11-28,yes,8.073292,11.508769
BAN-002203,S01583,Suwaja,W022,LGA03,U. Zubi,61,4,2025-10-24,yes,8.070518,11.509459
BAN-002204,S00006,Bishaja-Gabas,W001,LGA01,K. Oje,58,4,2025-12-04,yes,7.11399,11.055021
BAN-002205,S00006,Bishaja-Gabas,W001,LGA01,H. Wada,179,2,2025-10-03,yes,7.112684,11.055811
BAN-002206,S00006,Bishaja-Gabas,W001,LGA01,U. Musa,12,1,2025-10-01,yes,7.114482,11.05624
BAN-002207,S00241,Umnawo,W003,LGA01,I. Dogo,69,0,2025-11-08,yes,7.242659,11.008496
BAN-002208,S00241,Umnawo,W003,LGA01,S. Cham,216,3,2025-11-16,yes,7.239812,11.01033
BAN-002209,S00241,Umnawo,W003,LGA01,H. Pama,46,1,2025-11-01,yes,7.241975,11.008722
BAN-002210,S00241,Umnawo,W003,LGA01,U. Isa,231,4,2025-12-08,yes,7.242087,11.011676
BAN-002211,S00241,Umnawo,W003,LGA01,F. Musa,208,2,2025-10-28,yes,7.241458,11.010267
BAN-002212,S00241,Umnawo,W003,LGA01,K. Nura,226,3,2025-10-21,yes,7.241448,11.010581
BAN-002213,S00019,Fasatu,W001,LGA01,U. Bala,185,2,2025-10-29,yes,7.027516,11.039868
BAN-002214,S00019,Fasatu,W001,LGA01,Z. Lami,214,1,2025-10-21,yes,7.027354,11.041198
BAN-002215,S00019,Fasatu,W001,LGA01,K. Haru,179,1,2025-11-13,yes,7.027508,11.040517
BAN-002216,S02204,Ekjiba,W034,LGA03,U. Zubi,241,0,2025-11-02,yes,8.121486,11.174941
BAN-002217,S02204,Ekjiba,W034,LGA03,R. Oje,47,2,2025-10-20,no,8.123488,11.176024
BAN-002218,S01990,Kalawa,W031,LGA03,I. Cham,28,4,2025-12-04,yes,7.965358,11.360635
BAN-002219,S01990,Kalawa,W031,LGA03,F. Musa,166,2,2025-10-21,yes,7.96646,11.359221
BAN-002220,S01990,Kalawa,W031,LGA03,K. Gani,96,3,2025-10-30,no,7.966269,11.358742
BAN-002221,S02435,Uzwade,W039,LGA04,K. Kabo,152,1,2025-12-01,yes,8.339047,10.93893
BAN-002222,S02435,Uzwade,W039,LGA04,A. Funo,116,2,2025-11-08,yes,8.339566,10.939108
BAN-002223,S02435,Uzwade,W039,LGA04,M. Kabo,20,3,2025-11-08,yes,8.338228,10.938399
BAN-002224,S02435,Uzwade,W039,LGA04,H. Isa,81,0,2025-11-16,yes,8.338174,10.937058
BAN-002225,S02435,Uzwade,W039,LGA04,R. Tanko,1,0,2025-11-26,yes,8.339563,10.937703
BAN-002226,S02435,Uzwade,W039,LGA04,A. Rabi,170,0,2025-10-10,yes,8.338298,10.937535
BAN-002227,S00252,Admako,W003,LGA01,Z. Lami,255,2,2025-10-08,yes,7.429034,11.010513
BAN-002228,S01187,Okyode,W015,LGA01,A. Musa,145,2,2025-10-12,yes,7.679914,11.27724
BAN-002229,S00900,Enjiwa,W011,LGA02,Y. Nura,194,3,2025-11-05,yes,7.642646,10.405363
BAN-002230,S00900,Enjiwa,W011,LGA02,B. Lami,245,2,2025-12-02,no,7.64193,10.404959
BAN-002231,S00900,Enjiwa,W011,LGA02,S. Nura,63,3,2025-11-27,yes,7.641076,10.40471
BAN-002232,S00900,Enjiwa,W011,LGA02,Z. Musa,112,2,2025-10-02,yes,7.64036,10.403044
BAN-002233,S02071,Kawako,W032,LGA04,R. Gani,102,4,2025-10-03,yes,8.094542,10.916819
BAN-002234,S02071,Kawako,W032,LGA04,U. Musa,102,3,2025-10-16,yes,8.093138,10.916127
BAN-002235,S02071,Kawako,W032,LGA04,S. Cham,30,1,2025-10-21,yes,8.093191,10.917315
BAN-002236,S00018,Oltiko,W001,LGA01,S. Oje,257,2,2025-10-30,yes,7.197528,11.099363
BAN-002237,S00955,Datina,W013,LGA02,H. Zubi,107,4,2025-12-04,yes,7.460019,10.566396
BAN-002238,S00551,Wabele,W007,LGA01,K. Zubi,145,2,2025-10-19,yes,7.341603,11.37957
BAN-002239,S00551,Wabele,W007,LGA01,K. Lami,124,2,2025-10-31,yes,7.342101,11.379354
BAN-002240,S00551,Wabele,W007,LGA01,B. Oje,250,2,2025-11-09,yes,7.339978,11.380579
BAN-002241,S00551,Wabele,W007,LGA01,B. Funo,26,4,2025-12-09,yes,7.344296,11.38038
BAN-002242,S00551,Wabele,W007,LGA01,H. Cham,26,2,2025-10-21,yes,7.342567,11.379884
BAN-002243,S01066,Zabeba-Kudu,W014,LGA01,M. Isa,166,0,2025-10-18,yes,7.494976,11.487817
BAN-002244,S01066,Zabeba-Kudu,W014,LGA01,S. Dogo,178,4,2025-10-02,yes,7.495978,11.49107
BAN-002245,S01066,Zabeba-Kudu,W014,LGA01,F. Haru,205,3,2025-11-15,yes,7.494996,11.48941
BAN-002246,S01066,Zabeba-Kudu,W014,LGA01,M. Bala,186,2,2025-10-11,yes,7.495218,11.489108
BAN-002247,S01036,Mazama,W014,LGA01,F. Isa,136,3,2025-10-10,yes,7.510391,11.469589
BAN-002248,S00381,Lorako,W005,LGA02,H. Zubi,177,2,2025-11-19,yes,7.287563,10.783421
BAN-002249,S00381,Lorako,W005,LGA02,K. Wada,220,1,2025-10-09,yes,7.286409,10.783439
BAN-002250,S00381,Lorako,W005,LGA02,S. Umar,171,4,2025-11-18,yes,7.28964,10.785399
BAN-002251,S00224,Gusaru,W003,LGA01,H. Funo,87,0,2025-10-04,no,7.427389,10.992526
BAN-002252,S01005,Eksani,W014,LGA01,K. Sule,176,1,2025-10-08,yes,7.50127,11.546776
BAN-002253,S01434,Sudeja-Tsakiya,W020,LGA01,B. Tanko,6,3,2025-10-11,yes,7.728173,11.134355
BAN-002254,S01434,Sudeja-Tsakiya,W020,LGA01,K. Gani,150,1,2025-11-11,yes,7.728401,11.131876
BAN-002255,S01434,Sudeja-Tsakiya,W020,LGA01,Y. Haru,87,0,2025-11-07,yes,7.727004,11.132216
BAN-002256,S01434,Sudeja-Tsakiya,W020,LGA01,F. Haru,105,0,2025-10-19,yes,7.728319,11.13178
BAN-002257,S01434,Sudeja-Tsakiya,W020,LGA01,M. Zubi,107,3,2025-10-11,yes,7.729134,11.133614
BAN-002258,S01091,Ritiru,W014,LGA01,U. Haru,196,2,2025-11-29,yes,7.484821,11.514135
BAN-002259,S02001,Batsitu-Kudu,W031,LGA03,Y. Pama,95,2,2025-11-08,yes,7.94056,11.359451
BAN-002260,S02001,Batsitu-Kudu,W031,LGA03,I. Wada,166,0,2025-11-01,yes,7.941119,11.360415
BAN-002261,S02301,Lodewo,W036,LGA04,Z. Pama,179,4,2025-10-27,yes,8.157661,10.747647
BAN-002262,S02238,Zashatu,W035,LGA04,M. Haru,223,3,2025-11-30,yes,8.191777,10.97819
BAN-002263,S02238,Zashatu,W035,LGA04,I. Yaro,81,1,2025-11-22,yes,8.189446,10.977514
BAN-002264,S02238,Zashatu,W035,LGA04,Z. Abu,33,0,2025-10-16,yes,8.191097,10.977574
BAN-002265,S01251,Lotsimi,W016,LGA02,B. Jibo,72,4,2025-11-15,yes,7.642047,10.487167
BAN-002266,S00892,Olbeba,W011,LGA02,R. Bala,12,3,2025-12-08,no,7.707044,10.402639
BAN-002267,S00892,Olbeba,W011,LGA02,U. Funo,88,4,2025-11-12,yes,7.708493,10.403481
BAN-002268,S00455,Umwana,W006,LGA01,Y. Cham,75,3,2025-10-26,yes,7.186268,11.298757
BAN-002269,S00275,Uzyosa-Kudu,W003,LGA01,A. Nura,52,4,2025-11-08,yes,7.198649,10.986865
BAN-002270,S00275,Uzyosa-Kudu,W003,LGA01,S. Jibo,70,4,2025-10-30,yes,7.198649,10.989109
BAN-002271,S01954,Gukodu,W030,LGA04,R. Jibo,3,1,2025-10-08,yes,7.890874,10.625581
BAN-002272,S01954,Gukodu,W030,LGA04,B. Umar,163,2,2025-10-14,yes,7.890231,10.62516
BAN-002273,S01072,Sukoyi,W014,LGA01,R. Oje,234,2,2025-11-19,no,7.401275,11.463819
BAN-002274,S01072,Sukoyi,W014,LGA01,S. Kabo,116,0,2025-10-20,yes,7.401278,11.460737
BAN-002275,S01072,Sukoyi,W014,LGA01,U. Bala,20,4,2025-11-30,yes,7.400455,11.464028
BAN-002276,S00478,Okkona,W006,LGA01,Z. Rabi,242,4,2025-10-13,yes,7.239426,11.224077
BAN-002277,S00478,Okkona,W006,LGA01,F. Ede,90,3,2025-11-02,yes,7.238819,11.223648
BAN-002278,S00478,Okkona,W006,LGA01,U. Rabi,192,2,2025-11-01,yes,7.238593,11.226053
BAN-002279,S00304,Jilusa,W003,LGA01,F. Zubi,85,1,2025-12-09,yes,7.25417,10.973811
BAN-002280,S01810,Okjishi,W028,LGA04,U. Lami,183,3,2025-10-29,yes,7.896601,10.899753
BAN-002281,S01810,Okjishi,W028,LGA04,Y. Sule,172,2,2025-11-07,no,7.89667,10.900449
BAN-002282,S01810,Okjishi,W028,LGA04,K. Lami,241,3,2025-10-07,yes,7.896558,10.901371
BAN-002283,S01810,Okjishi,W028,LGA04,Z. Kabo,249,0,2025-10-27,yes,7.894803,10.900097
BAN-002284,S01502,Nusade,W020,LGA01,B. Funo,216,4,2025-11-28,yes,7.698063,11.146491
BAN-002285,S01255,Bakoko-Gabas,W016,LGA02,M. Rabi,87,4,2025-11-26,yes,7.635161,10.517519
BAN-002286,S01255,Bakoko-Gabas,W016,LGA02,A. Sule,142,1,2025-11-12,yes,7.634924,10.517238
BAN-002287,S01255,Bakoko-Gabas,W016,LGA02,F. Wada,16,4,2025-10-18,yes,7.636043,10.518109
BAN-002288,S01255,Bakoko-Gabas,W016,LGA02,U. Ede,65,1,2025-10-24,yes,7.635259,10.517748
BAN-002289,S01255,Bakoko-Gabas,W016,LGA02,F. Musa,73,3,2025-10-18,yes,7.63525,10.517758
BAN-002290,S01953,Walumi,W030,LGA04,F. Yaro,165,4,2025-11-21,yes,8.01085,10.588352
BAN-002291,S01953,Walumi,W030,LGA04,A. Cham,60,3,2025-12-04,no,8.010066,10.589844
BAN-002292,S01953,Walumi,W030,LGA04,A. Kabo,61,0,2025-11-19,no,8.00934,10.587905
BAN-002293,S02423,Yezawa,W038,LGA03,K. Funo,19,0,2025-11-03,yes,8.254203,11.387173
BAN-002294,S02423,Yezawa,W038,LGA03,M. Isa,122,3,2025-11-28,yes,8.254649,11.386836
BAN-002295,S02423,Yezawa,W038,LGA03,F. Ede,232,1,2025-12-05,yes,8.254515,11.386257
BAN-002296,S00385,Ibluwo,W005,LGA02,F. Dogo,245,2,2025-12-01,yes,7.320294,10.71365
BAN-002297,S00385,Ibluwo,W005,LGA02,Y. Funo,163,1,2025-11-27,yes,7.319147,10.713203
BAN-002298,S00385,Ibluwo,W005,LGA02,F. Oje,82,4,2025-11-13,yes,7.319483,10.714986
BAN-002299,S02010,Nuluri,W031,LGA03,A. Lami,9,4,2025-12-07,yes,7.986803,11.35834
BAN-002300,S01286,Saluba,W017,LGA03,Z. Abu,159,3,2025-10-24,yes,7.511109,11.407096
BAN-002301,S01286,Saluba,W017,LGA03,Y. Isa,10,4,2025-11-15,no,7.510872,11.404624
BAN-002302,S01019,Zaderu-Kudu,W014,LGA01,I. Abu,164,3,2025-10-17,yes,7.488981,11.493122
BAN-002303,S00598,Ibjimi-Sabo,W007,LGA01,K. Cham,135,3,2025-11-18,yes,7.312584,11.214346
BAN-002304,S00598,Ibjimi-Sabo,W007,LGA01,A. Kabo,7,3,2025-10-18,no,7.312386,11.213616
BAN-002305,S00598,Ibjimi-Sabo,W007,LGA01,U. Sule,40,0,2025-11-10,yes,7.313061,11.213665
BAN-002306,S00598,Ibjimi-Sabo,W007,LGA01,S. Ede,218,2,2025-10-01,yes,7.310631,11.214787
BAN-002307,S01830,Nutifa-Tudun,W028,LGA04,A. Haru,57,3,2025-10-26,yes,7.951941,10.796183
BAN-002308,S01830,Nutifa-Tudun,W028,LGA04,U. Rabi,108,3,2025-11-24,no,7.955047,10.795235
BAN-002309,S01830,Nutifa-Tudun,W028,LGA04,K. Sule,125,3,2025-10-10,yes,7.952057,10.796761
BAN-002310,S01472,Kashashi-Gabas,W020,LGA01,K. Rabi,4,3,2025-10-04,yes,7.753182,11.151324
BAN-002311,S01472,Kashashi-Gabas,W020,LGA01,F. Abu,216,1,2025-11-01,yes,7.754258,11.152039
BAN-002312,S01472,Kashashi-Gabas,W020,LGA01,U. Yaro,189,0,2025-11-14,yes,7.755818,11.150211
BAN-002313,S01472,Kashashi-Gabas,W020,LGA01,H. Umar,5,2,2025-12-08,yes,7.75361,11.150717
BAN-002314,S01182,Umlatu,W015,LGA01,Y. Cham,50,0,2025-10-03,yes,7.684386,11.238317
BAN-002315,S01182,Umlatu,W015,LGA01,I. Sule,2,3,2025-10-14,yes,7.685421,11.236553
BAN-002316,S01182,Umlatu,W015,LGA01,M. Yaro,195,1,2025-10-29,no,7.685275,11.238317
BAN-002317,S02513,Ekmako,W040,LGA04,H. Jibo,205,3,2025-11-06,yes,8.406388,11.215822
BAN-002318,S00421,Zadele-Gabas,W006,LGA01,B. Ede,30,0,2025-10-23,yes,7.240235,11.173517
BAN-002319,S00421,Zadele-Gabas,W006,LGA01,F. Musa,131,0,2025-11-02,yes,7.241805,11.172538
BAN-002320,S01694,Kulana,W025,LGA04,S. Abu,255,0,2025-11-17,no,7.806077,11.128115
BAN-002321,S01694,Kulana,W025,LGA04,K. Isa,5,4,2025-11-19,no,7.80721,11.129188
BAN-002322,S01694,Kulana,W025,LGA04,Y. Pama,114,0,2025-10-24,yes,7.806336,11.128315
BAN-002323,S01410,Watsina,W019,LGA04,S. Wada,170,4,2025-10-21,yes,7.690085,10.865223
BAN-002324,S01410,Watsina,W019,LGA04,A. Tanko,28,3,2025-10-08,yes,7.690722,10.866538
BAN-002325,S01410,Watsina,W019,LGA04,Z. Nura,256,4,2025-10-04,yes,7.690415,10.866213
BAN-002326,S01410,Watsina,W019,LGA04,M. Wada,199,2,2025-10-14,yes,7.690969,10.865718
BAN-002327,S00206,Fadeja,W002,LGA01,H. Wada,251,0,2025-10-25,yes,7.098732,10.77177
BAN-002328,S00206,Fadeja,W002,LGA01,U. Bala,92,3,2025-10-14,yes,7.100716,10.7737
BAN-002329,S00206,Fadeja,W002,LGA01,Y. Zubi,218,1,2025-11-04,yes,7.099478,10.775055
BAN-002330,S00621,Makotu,W007,LGA01,Z. Tanko,94,3,2025-11-08,yes,7.359259,11.229744
BAN-002331,S01283,Habeba-Tudun,W017,LGA03,S. Ede,202,1,2025-10-04,yes,7.538111,11.413518
BAN-002332,S01283,Habeba-Tudun,W017,LGA03,U. Musa,107,4,2025-11-03,yes,7.53918,11.412524
BAN-002333,S00112,Ibshade,W001,LGA01,K. Tanko,218,1,2025-10-24,yes,7.127494,11.039458
BAN-002334,S00112,Ibshade,W001,LGA01,M. Kabo,145,3,2025-11-29,yes,7.126619,11.039571
BAN-002335,S00112,Ibshade,W001,LGA01,R. Ede,187,0,2025-11-13,yes,7.12693,11.039833
BAN-002336,S00976,Ekyoni,W013,LGA02,S. Rabi,231,1,2025-11-17,yes,7.511932,10.663893
BAN-002337,S00976,Ekyoni,W013,LGA02,A. Yaro,213,4,2025-11-22,yes,7.513282,10.665228
BAN-002338,S00976,Ekyoni,W013,LGA02,U. Zubi,212,0,2025-11-09,no,7.513852,10.662691
BAN-002339,S02351,Kakowa,W037,LGA03,I. Musa,27,0,2025-11-28,no,8.205057,11.560809
BAN-002340,S02351,Kakowa,W037,LGA03,B. Rabi,51,4,2025-10-06,yes,8.205039,11.561586
BAN-002341,S00898,Saduri-Gabas,W011,LGA02,Y. Haru,159,4,2025-10-27,yes,7.584827,10.406632
BAN-002342,S00898,Saduri-Gabas,W011,LGA02,R. Funo,132,4,2025-10-05,yes,7.585721,10.405872
BAN-002343,S01497,Jisafa,W020,LGA01,B. Sule,139,3,2025-10-18,yes,7.69804,11.1783
BAN-002344,S00672,Hangodu-Kudu,W008,LGA01,B. Nura,150,3,2025-10-03,yes,7.322297,10.851914
BAN-002345,S02266,Agdewa,W035,LGA04,B. Sule,86,2,2025-11-09,yes,8.279554,11.08276
BAN-002346,S02266,Agdewa,W035,LGA04,I. Haru,134,0,2025-12-08,yes,8.281667,11.083379
BAN-002347,S02266,Agdewa,W035,LGA04,I. Rabi,106,1,2025-10-21,yes,8.281259,11.085857
BAN-002348,S02266,Agdewa,W035,LGA04,K. Pama,33,1,2025-11-01,yes,8.28043,11.084405
BAN-002349,S02266,Agdewa,W035,LGA04,M. Ede,154,3,2025-10-05,yes,8.279287,11.084694
BAN-002350,S02266,Agdewa,W035,LGA04,U. Oje,125,3,2025-10-30,yes,8.280134,11.084202
BAN-002351,S02414,Nuberu-Yamma,W038,LGA03,I. Oje,209,2,2025-10-26,yes,8.259215,11.407255
BAN-002352,S02414,Nuberu-Yamma,W038,LGA03,F. Funo,141,4,2025-10-29,yes,8.260399,11.405697
BAN-002353,S00333,Uzyowa,W004,LGA02,F. Oje,210,1,2025-10-27,yes,7.174818,10.699237
BAN-002354,S00333,Uzyowa,W004,LGA02,Y. Sule,133,4,2025-10-16,yes,7.1755,10.698899
BAN-002355,S00333,Uzyowa,W004,LGA02,K. Pama,228,2,2025-10-22,no,7.175802,10.696679
BAN-002356,S01041,Ibzashi,W014,LGA01,K. Gani,123,0,2025-10-19,yes,7.408244,11.413549
BAN-002357,S01930,Eklutu,W030,LGA04,I. Pama,201,0,2025-10-26,yes,8.03308,10.585458
BAN-002358,S01930,Eklutu,W030,LGA04,I. Musa,171,0,2025-10-22,yes,8.0346,10.585152
BAN-002359,S00529,Adyoyi,W006,LGA01,A. Haru,216,0,2025-11-25,yes,7.257001,11.251094
BAN-002360,S02502,Sasami,W040,LGA04,Y. Kabo,205,3,2025-11-04,yes,8.39229,11.187298
BAN-002361,S02502,Sasami,W040,LGA04,A. Yaro,180,2,2025-11-16,no,8.391504,11.188797
BAN-002362,S02502,Sasami,W040,LGA04,R. Haru,228,0,2025-11-12,yes,8.392429,11.189532
BAN-002363,S00475,Zarija,W006,LGA01,A. Abu,223,3,2025-10-21,yes,7.204613,11.354718
BAN-002364,S00475,Zarija,W006,LGA01,S. Cham,36,3,2025-10-21,yes,7.205936,11.354756
BAN-002365,S01289,Umdudu-Sabo,W017,LGA03,M. Pama,219,1,2025-11-16,yes,7.530349,11.397591
BAN-002366,S01289,Umdudu-Sabo,W017,LGA03,Z. Rabi,178,1,2025-10-03,yes,7.531946,11.397003
BAN-002367,S00571,Uzyole,W007,LGA01,S. Umar,25,2,2025-12-06,yes,7.348588,11.432361
BAN-002368,S00571,Uzyole,W007,LGA01,M. Isa,148,2,2025-10-26,yes,7.348702,11.430982
BAN-002369,S00571,Uzyole,W007,LGA01,Z. Lami,148,3,2025-11-01,yes,7.347244,11.431801
BAN-002370,S01039,Guyona-Kofar,W014,LGA01,F. Lami,80,2,2025-11-19,yes,7.478062,11.517662
BAN-002371,S00744,Famatu,W008,LGA01,Y. Jibo,34,4,2025-10-24,yes,7.426534,10.960932
BAN-002372,S00899,Jinani,W011,LGA02,I. Funo,220,4,2025-11-07,yes,7.706325,10.411169
BAN-002373,S00899,Jinani,W011,LGA02,R. Rabi,15,2,2025-11-25,yes,7.706041,10.41218
BAN-002374,S00899,Jinani,W011,LGA02,R. Oje,100,2,2025-10-17,yes,7.706669,10.412475
BAN-002375,S01945,Haritu,W030,LGA04,R. Abu,17,3,2025-10-13,yes,7.912119,10.633051
BAN-002376,S01945,Haritu,W030,LGA04,U. Yaro,222,0,2025-11-05,yes,7.912834,10.635293
BAN-002377,S00391,Danani,W005,LGA02,Z. Nura,8,2,2025-10-16,yes,7.253897,10.783614
BAN-002378,S00391,Danani,W005,LGA02,U. Abu,145,1,2025-10-04,yes,7.252542,10.783205
BAN-002379,S00391,Danani,W005,LGA02,Z. Pama,41,4,2025-11-15,yes,7.253113,10.781625
BAN-002380,S00718,Yedufa,W008,LGA01,I. Musa,238,4,2025-12-06,no,7.365593,10.846106
BAN-002381,S00718,Yedufa,W008,LGA01,B. Musa,67,4,2025-10-17,yes,7.366114,10.843874
BAN-002382,S00786,Enkoru-Yamma,W008,LGA01,K. Zubi,47,3,2025-10-30,yes,7.417408,10.955615
BAN-002383,S00786,Enkoru-Yamma,W008,LGA01,A. Nura,259,2,2025-12-03,yes,7.418115,10.952708
BAN-002384,S00786,Enkoru-Yamma,W008,LGA01,B. Pama,4,4,2025-12-03,yes,7.417807,10.952576
BAN-002385,S00786,Enkoru-Yamma,W008,LGA01,K. Jibo,92,1,2025-11-21,yes,7.418573,10.954009
BAN-002386,S00226,Dodemi,W003,LGA01,S. Nura,169,2,2025-10-30,yes,7.364278,10.981996
BAN-002387,S02379,Sushatu-Arewa,W038,LGA03,Y. Gani,230,4,2025-11-05,yes,8.270744,11.423615
BAN-002388,S00997,Zasami-Tsakiya,W013,LGA02,U. Rabi,129,1,2025-11-26,yes,7.498639,10.658838
BAN-002389,S00997,Zasami-Tsakiya,W013,LGA02,K. Rabi,55,4,2025-10-14,yes,7.497804,10.659506
BAN-002390,S00997,Zasami-Tsakiya,W013,LGA02,A. Ede,235,2,2025-10-17,yes,7.500125,10.659148
BAN-002391,S00997,Zasami-Tsakiya,W013,LGA02,I. Jibo,30,2,2025-10-30,yes,7.499328,10.658923
BAN-002392,S01982,Wamawa,W030,LGA04,H. Isa,11,2,2025-10-28,yes,7.997565,10.678885
BAN-002393,S01982,Wamawa,W030,LGA04,I. Musa,130,1,2025-11-14,yes,7.997431,10.676101
BAN-002394,S01982,Wamawa,W030,LGA04,B. Ede,202,0,2025-11-18,yes,7.997687,10.676702
BAN-002395,S01982,Wamawa,W030,LGA04,U. Isa,48,4,2025-10-27,yes,7.998243,10.677021
BAN-002396,S01982,Wamawa,W030,LGA04,I. Musa,250,0,2025-11-03,yes,7.997854,10.676836
BAN-002397,S01982,Wamawa,W030,LGA04,R. Tanko,118,1,2025-11-13,yes,7.998951,10.67708
BAN-002398,S00126,Uzshani,W002,LGA01,I. Umar,122,1,2025-10-22,yes,7.218505,10.799364
BAN-002399,S00126,Uzshani,W002,LGA01,S. Pama,31,1,2025-10-10,yes,7.219034,10.799803
BAN-002400,S00126,Uzshani,W002,LGA01,I. Rabi,64,2,2025-11-18,yes,7.220527,10.799709
BAN-002401,S00126,Uzshani,W002,LGA01,F. Tanko,158,1,2025-10-11,yes,7.221179,10.79983
BAN-002402,S00142,Yetsina,W002,LGA01,U. Tanko,52,1,2025-11-26,yes,7.086415,10.744255
BAN-002403,S00142,Yetsina,W002,LGA01,Y. Jibo,176,4,2025-10-31,yes,7.089008,10.744847
BAN-002404,S01481,Domade-Yamma,W020,LGA01,M. Dogo,218,2,2025-11-05,yes,7.598135,11.089304
BAN-002405,S01481,Domade-Yamma,W020,LGA01,M. Oje,257,2,2025-10-08,yes,7.598892,11.08997
BAN-002406,S01481,Domade-Yamma,W020,LGA01,A. Funo,43,1,2025-10-03,no,7.597639,11.090647
BAN-002407,S01468,Zamayi,W020,LGA01,Z. Kabo,183,0,2025-11-02,yes,7.715455,11.147269
BAN-002408,S00741,Bitsiko,W008,LGA01,K. Abu,192,0,2025-10-13,yes,7.16717,10.924353
BAN-002409,S00741,Bitsiko,W008,LGA01,I. Umar,210,1,2025-10-14,yes,7.166321,10.924377
BAN-002410,S01825,Sukodu-Kofar,W028,LGA04,K. Haru,150,0,2025-11-30,yes,7.892748,10.885744
BAN-002411,S01825,Sukodu-Kofar,W028,LGA04,M. Sule,70,4,2025-11-22,yes,7.894824,10.886572
BAN-002412,S00012,Ekrari,W001,LGA01,U. Isa,63,1,2025-11-14,yes,7.038662,11.014125
BAN-002413,S00012,Ekrari,W001,LGA01,U. Funo,21,2,2025-11-25,yes,7.03969,11.013354
BAN-002414,S00012,Ekrari,W001,LGA01,A. Ede,17,1,2025-10-06,yes,7.039007,11.011862
BAN-002415,S00012,Ekrari,W001,LGA01,A. Musa,114,3,2025-10-12,yes,7.039382,11.014478
BAN-002416,S00012,Ekrari,W001,LGA01,I. Tanko,187,4,2025-12-08,yes,7.038627,11.014339
BAN-002417,S00763,Dazako,W008,LGA01,H. Rabi,211,0,2025-11-25,yes,7.424906,10.93026
BAN-002418,S00763,Dazako,W008,LGA01,B. Pama,196,3,2025-10-25,yes,7.425384,10.92911
BAN-002419,S00763,Dazako,W008,LGA01,M. Bala,110,3,2025-11-28,yes,7.425664,10.929249
BAN-002420,S01438,Ibwadu,W020,LGA01,M. Cham,201,1,2025-10-20,yes,7.722935,11.148649
BAN-002421,S00581,Yejija-Yamma,W007,LGA01,A. Jibo,117,3,2025-10-23,yes,7.356372,11.339939
BAN-002422,S00581,Yejija-Yamma,W007,LGA01,S. Umar,128,0,2025-11-22,yes,7.358016,11.339883
BAN-002423,S00581,Yejija-Yamma,W007,LGA01,B. Dogo,112,4,2025-11-18,yes,7.356924,11.338595
BAN-002424,S00581,Yejija-Yamma,W007,LGA01,Y. Funo,243,3,2025-11-01,yes,7.356354,11.338306
BAN-002425,S01188,Darile-Arewa,W015,LGA01,A. Zubi,122,3,2025-11-21,yes,7.537962,11.281498
BAN-002426,S01188,Darile-Arewa,W015,LGA01,A. Ede,156,0,2025-10-16,yes,7.539811,11.280789
BAN-002427,S01188,Darile-Arewa,W015,LGA01,H. Pama,83,0,2025-11-23,yes,7.538786,11.281223
BAN-002428,S01188,Darile-Arewa,W015,LGA01,U. Jibo,139,4,2025-10-21,yes,7.539719,11.281384
BAN-002429,S01188,Darile-Arewa,W015,LGA01,A. Cham,131,3,2025-10-18,yes,7.538207,11.28165
BAN-002430,S01188,Darile-Arewa,W015,LGA01,I. Rabi,256,2,2025-10-24,yes,7.5387,11.281322
BAN-002431,S01188,Darile-Arewa,W015,LGA01,R. Musa,135,3,2025-10-01,yes,7.537564,11.281147
BAN-002432,S01303,Kutiko,W017,LGA03,K. Bala,202,4,2025-11-27,yes,7.557306,11.386128
BAN-002433,S01303,Kutiko,W017,LGA03,U. Cham,131,0,2025-10-16,yes,7.55884,11.384019
BAN-002434,S01684,Uzsani-Tudun,W025,LGA04,U. Rabi,71,3,2025-10-09,yes,7.782026,11.107677
BAN-002435,S01684,Uzsani-Tudun,W025,LGA04,Z. Lami,93,4,2025-11-20,yes,7.779821,11.107877
BAN-002436,S00083,Nuwaja,W001,LGA01,B. Zubi,127,3,2025-10-01,yes,7.106665,10.981366
BAN-002437,S00083,Nuwaja,W001,LGA01,I. Oje,82,2,2025-10-03,yes,7.107437,10.980064
BAN-002438,S00083,Nuwaja,W001,LGA01,I. Gani,68,1,2025-11-26,yes,7.106705,10.980286
BAN-002439,S02399,Ibshata-Kudu,W038,LGA03,Y. Kabo,82,3,2025-11-04,yes,8.33267,11.415254
BAN-002440,S02399,Ibshata-Kudu,W038,LGA03,B. Haru,221,0,2025-11-27,yes,8.330695,11.41572
BAN-002441,S02399,Ibshata-Kudu,W038,LGA03,Y. Musa,243,0,2025-11-20,yes,8.331181,11.415286
BAN-002442,S02399,Ibshata-Kudu,W038,LGA03,Z. Umar,93,1,2025-10-10,yes,8.333084,11.41532
BAN-002443,S02399,Ibshata-Kudu,W038,LGA03,Z. Tanko,83,1,2025-12-08,yes,8.331384,11.415878
BAN-002444,S01595,Wariru,W023,LGA03,M. Haru,25,2,2025-11-12,yes,7.927332,11.203672
BAN-002445,S00686,Enyosa,W008,LGA01,H. Haru,191,1,2025-12-08,yes,7.426211,10.9451
BAN-002446,S00686,Enyosa,W008,LGA01,A. Sule,236,4,2025-11-15,yes,7.427802,10.947131
BAN-002447,S01063,Banafa,W014,LGA01,A. Umar,243,1,2025-10-17,yes,7.370556,11.470447
BAN-002448,S01063,Banafa,W014,LGA01,M. Umar,197,4,2025-11-25,no,7.371856,11.472235
BAN-002449,S01667,Kuyoyi,W024,LGA04,R. Musa,39,2,2025-10-13,yes,7.82583,10.751287
BAN-002450,S01667,Kuyoyi,W024,LGA04,Y. Nura,83,4,2025-10-07,yes,7.824126,10.752729
BAN-002451,S01796,Harini-Kudu,W028,LGA04,M. Kabo,156,4,2025-11-27,yes,7.992426,10.816828
BAN-002452,S01796,Harini-Kudu,W028,LGA04,I. Kabo,121,4,2025-10-27,yes,7.991621,10.816698
BAN-002453,S01796,Harini-Kudu,W028,LGA04,Y. Pama,55,2,2025-12-04,yes,7.992746,10.816787
BAN-002454,S01796,Harini-Kudu,W028,LGA04,F. Ede,166,4,2025-11-18,yes,7.993116,10.816732
BAN-002455,S01796,Harini-Kudu,W028,LGA04,B. Umar,32,3,2025-10-20,yes,7.992901,10.816722
BAN-002456,S01618,Fadeni,W023,LGA03,U. Tanko,111,2,2025-10-19,yes,7.826782,11.253142
BAN-002457,S01618,Fadeni,W023,LGA03,A. Jibo,234,3,2025-11-15,yes,7.824994,11.254254
BAN-002458,S01618,Fadeni,W023,LGA03,Y. Cham,186,1,2025-11-19,yes,7.825882,11.253902
BAN-002459,S00021,Okmata-Sabo,W001,LGA01,A. Nura,3,2,2025-10-18,yes,7.117494,11.079134
BAN-002460,S00021,Okmata-Sabo,W001,LGA01,H. Abu,173,4,2025-11-27,yes,7.115986,11.080247
BAN-002461,S00021,Okmata-Sabo,W001,LGA01,R. Haru,138,4,2025-11-01,yes,7.115757,11.0792
BAN-002462,S01615,Tazawa,W023,LGA03,Z. Ede,10,0,2025-10-21,yes,7.916587,11.14504
BAN-002463,S01615,Tazawa,W023,LGA03,Z. Lami,16,3,2025-10-24,yes,7.915124,11.144988
BAN-002464,S01797,Zabeja,W028,LGA04,H. Cham,43,3,2025-11-29,yes,7.983354,10.910064
BAN-002465,S01797,Zabeja,W028,LGA04,R. Lami,203,4,2025-10-25,yes,7.982159,10.910217
BAN-002466,S01676,Riwadu,W025,LGA04,Y. Ede,157,4,2025-11-27,yes,7.728771,11.053844
BAN-002467,S01676,Riwadu,W025,LGA04,S. Umar,253,3,2025-11-22,yes,7.729449,11.053691
BAN-002468,S02518,Hanaja,W040,LGA04,H. Bala,14,1,2025-10-30,yes,8.283124,11.211689
BAN-002469,S02518,Hanaja,W040,LGA04,I. Jibo,171,3,2025-11-17,yes,8.282103,11.212195
BAN-002470,S02518,Hanaja,W040,LGA04,I. Wada,64,3,2025-10-27,yes,8.282534,11.212011
BAN-002471,S02518,Hanaja,W040,LGA04,A. Haru,238,4,2025-10-29,yes,8.283197,11.211143
BAN-002472,S01246,Doluta,W016,LGA02,R. Isa,10,3,2025-11-18,yes,7.667352,10.483304
BAN-002473,S00903,Halaru,W011,LGA02,Z. Sule,75,4,2025-10-28,yes,7.738031,10.466424
BAN-002474,S00903,Halaru,W011,LGA02,K. Isa,45,1,2025-11-19,yes,7.736926,10.464546
BAN-002475,S00844,Umnani,W010,LGA02,A. Cham,245,4,2025-10-12,no,7.426673,10.789532
BAN-002476,S00844,Umnani,W010,LGA02,A. Nura,140,3,2025-11-24,yes,7.424819,10.790202
BAN-002477,S00844,Umnani,W010,LGA02,U. Tanko,7,3,2025-10-09,yes,7.425878,10.79072
BAN-002478,S00844,Umnani,W010,LGA02,A. Musa,79,1,2025-12-01,yes,7.425925,10.789449
BAN-002479,S02148,Hasana,W033,LGA03,H. Tanko,142,4,2025-12-09,yes,7.996803,11.200703
BAN-002480,S01686,Ibmayi,W025,LGA04,Y. Lami,256,0,2025-10-07,yes,7.829994,11.021766
BAN-002481,S01686,Ibmayi,W025,LGA04,A. Oje,211,4,2025-10-30,yes,7.828747,11.022361
BAN-002482,S01686,Ibmayi,W025,LGA04,Z. Cham,107,0,2025-10-07,yes,7.828898,11.022821
BAN-002483,S01686,Ibmayi,W025,LGA04,U. Tanko,4,0,2025-11-13,no,7.827454,11.022076
BAN-002484,S01686,Ibmayi,W025,LGA04,B. Kabo,108,4,2025-10-20,yes,7.828717,11.021178
BAN-002485,S01878,Loduwo-Kofar,W029,LGA04,U. Yaro,74,0,2025-12-08,yes,7.93835,11.050342
BAN-002486,S01878,Loduwo-Kofar,W029,LGA04,U. Umar,11,2,2025-11-28,yes,7.939754,11.052783
BAN-002487,S01878,Loduwo-Kofar,W029,LGA04,H. Funo,190,4,2025-10-07,yes,7.93858,11.05112
BAN-002488,S01878,Loduwo-Kofar,W029,LGA04,I. Rabi,149,3,2025-11-05,yes,7.938454,11.052078
BAN-002489,S01095,Uztija,W015,LGA01,F. Oje,23,0,2025-11-01,yes,7.498306,11.22267
BAN-002490,S01073,Eksatu-Gabas,W014,LGA01,Y. Gani,115,0,2025-10-01,yes,7.460457,11.442709
BAN-002491,S01073,Eksatu-Gabas,W014,LGA01,I. Pama,1,4,2025-12-02,yes,7.462586,11.444881
BAN-002492,S01073,Eksatu-Gabas,W014,LGA01,R. Bala,254,3,2025-11-15,yes,7.460782,11.444875
BAN-002493,S02190,Uztiko,W034,LGA03,Z. Oje,20,3,2025-10-01,no,8.128906,11.184283
BAN-002494,S02190,Uztiko,W034,LGA03,F. Nura,203,1,2025-11-30,yes,8.129951,11.184755
BAN-002495,S01250,Wadena-Arewa,W016,LGA02,F. Gani,203,0,2025-12-02,no,7.583132,10.435832
BAN-002496,S00045,Uzbena,W001,LGA01,B. Oje,140,4,2025-10-28,yes,7.063284,11.086866
BAN-002497,S00045,Uzbena,W001,LGA01,I. Tanko,88,0,2025-10-06,yes,7.063043,11.086404
BAN-002498,S00045,Uzbena,W001,LGA01,H. Zubi,25,2,2025-10-11,yes,7.063893,11.087386
BAN-002499,S00045,Uzbena,W001,LGA01,Z. Dogo,181,1,2025-11-06,yes,7.062347,11.085116
BAN-002500,S02140,Olsami,W033,LGA03,M. Pama,2,3,2025-11-19,yes,7.958604,11.136284
BAN-002501,S02140,Olsami,W033,LGA03,U. Musa,167,2,2025-11-15,yes,7.958994,11.136666
BAN-002502,S02140,Olsami,W033,LGA03,Z. Jibo,224,3,2025-10-18,yes,7.959406,11.137107
BAN-002503,S02140,Olsami,W033,LGA03,Y. Pama,146,3,2025-11-21,yes,7.957513,11.139313
BAN-002504,S00784,Hababa,W008,LGA01,H. Rabi,106,2,2025-11-01,yes,7.219157,10.912692
BAN-002505,S01395,Tangodu-Gabas,W019,LGA04,I. Funo,184,0,2025-11-18,yes,7.770773,10.961341
BAN-002506,S01395,Tangodu-Gabas,W019,LGA04,U. Wada,108,4,2025-11-12,yes,7.772086,10.960028
BAN-002507,S00561,Uzwaja,W007,LGA01,H. Oje,169,3,2025-11-12,yes,7.296185,11.379779
BAN-002508,S01196,Olshani,W015,LGA01,Y. Dogo,162,1,2025-10-05,yes,7.640724,11.239899
BAN-002509,S01196,Olshani,W015,LGA01,U. Jibo,102,0,2025-11-22,yes,7.641716,11.241491
BAN-002510,S00829,Kutsiwo,W010,LGA02,U. Gani,134,3,2025-12-01,yes,7.43718,10.845286
BAN-002511,S00829,Kutsiwo,W010,LGA02,K. Ede,15,3,2025-10-25,yes,7.43717,10.84542
BAN-002512,S00969,Mawana,W013,LGA02,H. Sule,244,4,2025-11-02,yes,7.500754,10.555446
BAN-002513,S01000,Nudule,W014,LGA01,Y. Haru,112,1,2025-10-26,yes,7.539445,11.566509
BAN-002514,S01000,Nudule,W014,LGA01,A. Nura,55,3,2025-10-16,yes,7.539198,11.567286
BAN-002515,S01038,Dajiyi,W014,LGA01,S. Sule,137,3,2025-10-13,yes,7.473797,11.45562
BAN-002516,S01038,Dajiyi,W014,LGA01,I. Tanko,74,4,2025-11-14,yes,7.475093,11.456966
BAN-002517,S00470,Enzawo,W006,LGA01,H. Kabo,159,1,2025-10-08,yes,7.242861,11.250965
BAN-002518,S00470,Enzawo,W006,LGA01,A. Cham,158,1,2025-11-30,yes,7.24085,11.252401
BAN-002519,S00470,Enzawo,W006,LGA01,K. Ede,18,1,2025-11-16,yes,7.242875,11.252124
BAN-002520,S00470,Enzawo,W006,LGA01,Z. Haru,172,0,2025-11-22,yes,7.241908,11.253202
BAN-002521,S01202,Adsana,W015,LGA01,B. Yaro,105,3,2025-12-06,yes,7.512166,11.208255
BAN-002522,S01202,Adsana,W015,LGA01,I. Nura,224,1,2025-10-22,yes,7.509789,11.209932
BAN-002523,S01202,Adsana,W015,LGA01,F. Zubi,31,4,2025-11-04,yes,7.510371,11.207749
BAN-002524,S00554,Ummari,W007,LGA01,M. Umar,115,2,2025-10-29,yes,7.321026,11.296864
BAN-002525,S00554,Ummari,W007,LGA01,M. Ede,33,2,2025-11-08,no,7.321876,11.297492
BAN-002526,S00554,Ummari,W007,LGA01,I. Rabi,21,0,2025-10-12,yes,7.322186,11.299458
BAN-002527,S01567,Jitiko-Kofar,W022,LGA03,H. Umar,184,4,2025-10-16,yes,7.978215,11.467545
BAN-002528,S01567,Jitiko-Kofar,W022,LGA03,R. Wada,43,1,2025-10-07,yes,7.977197,11.465909
BAN-002529,S01567,Jitiko-Kofar,W022,LGA03,F. Abu,174,1,2025-12-08,yes,7.978239,11.468767
BAN-002530,S01567,Jitiko-Kofar,W022,LGA03,I. Ede,148,0,2025-12-06,yes,7.979227,11.467686
BAN-002531,S01506,Enjisa,W020,LGA01,Z. Tanko,53,1,2025-11-02,yes,7.732654,11.17453
BAN-002532,S00841,Okkoni,W010,LGA02,Z. Nura,211,3,2025-11-07,yes,7.412335,10.898476
BAN-002533,S01874,Wawayi-Kofar,W029,LGA04,K. Funo,170,0,2025-10-27,yes,7.95073,11.079151
BAN-002534,S01874,Wawayi-Kofar,W029,LGA04,Y. Bala,145,1,2025-11-08,yes,7.948484,11.078178
BAN-002535,S01874,Wawayi-Kofar,W029,LGA04,R. Oje,54,3,2025-11-05,yes,7.949809,11.079171
BAN-002536,S01874,Wawayi-Kofar,W029,LGA04,K. Isa,168,1,2025-11-21,yes,7.950085,11.077218
BAN-002537,S01874,Wawayi-Kofar,W029,LGA04,A. Zubi,183,1,2025-10-18,yes,7.950145,11.078787
BAN-002538,S01176,Uzraja,W015,LGA01,S. Sule,112,3,2025-10-31,yes,7.521136,11.224325
BAN-002539,S01176,Uzraja,W015,LGA01,U. Zubi,7,2,2025-12-02,yes,7.520254,11.225866
BAN-002540,S01176,Uzraja,W015,LGA01,Y. Sule,2,4,2025-11-03,no,7.51923,11.224729
BAN-002541,S00785,Makowo-Kofar,W008,LGA01,F. Jibo,45,2,2025-10-18,yes,7.413506,10.963998
BAN-002542,S00785,Makowo-Kofar,W008,LGA01,R. Musa,35,3,2025-11-08,yes,7.413637,10.962765
BAN-002543,S00785,Makowo-Kofar,W008,LGA01,I. Kabo,60,1,2025-11-08,yes,7.414204,10.961673
BAN-002544,S01763,Tangodu,W027,LGA03,M. Isa,190,4,2025-11-14,yes,7.899509,11.45322
BAN-002545,S01763,Tangodu,W027,LGA03,H. Wada,56,4,2025-11-17,no,7.896309,11.449883
BAN-002546,S00532,Wabeyi,W006,LGA01,Y. Pama,121,3,2025-11-07,yes,7.105546,11.283928
BAN-002547,S00532,Wabeyi,W006,LGA01,B. Bala,230,3,2025-10-02,yes,7.105408,11.284958
BAN-002548,S00532,Wabeyi,W006,LGA01,R. Lami,184,1,2025-11-08,yes,7.105409,11.283852
BAN-002549,S00532,Wabeyi,W006,LGA01,K. Oje,194,3,2025-11-16,yes,7.105094,11.283953
BAN-002550,S00217,Ibtsiyi,W002,LGA01,R. Yaro,86,1,2025-11-23,yes,7.098683,10.798995
BAN-002551,S00217,Ibtsiyi,W002,LGA01,M. Yaro,76,4,2025-11-14,yes,7.099705,10.799069
BAN-002552,S00815,Umshade-Yamma,W009,LGA02,F. Dogo,98,4,2025-11-30,yes,7.494414,11.018941
BAN-002553,S00815,Umshade-Yamma,W009,LGA02,Y. Yaro,249,0,2025-11-07,yes,7.494816,11.018073
BAN-002554,S01662,Longoba,W024,LGA04,R. Wada,220,3,2025-10-08,yes,7.718509,10.702892
BAN-002555,S01662,Longoba,W024,LGA04,A. Ede,99,2,2025-11-10,yes,7.719296,10.700971
BAN-002556,S01662,Longoba,W024,LGA04,F. Isa,225,2,2025-11-17,yes,7.718532,10.700538
BAN-002557,S00067,Sayowa,W001,LGA01,F. Zubi,143,1,2025-11-16,yes,7.054043,11.020945
BAN-002558,S00067,Sayowa,W001,LGA01,Y. Cham,193,1,2025-11-22,yes,7.055118,11.023086
BAN-002559,S00067,Sayowa,W001,LGA01,A. Funo,49,3,2025-11-27,yes,7.054723,11.020063
BAN-002560,S00067,Sayowa,W001,LGA01,I. Ede,138,0,2025-11-20,yes,7.054213,11.02146
BAN-002561,S00286,Jijita,W003,LGA01,F. Dogo,55,0,2025-10-15,yes,7.366523,11.101799
BAN-002562,S02073,Losaru,W032,LGA04,B. Rabi,111,1,2025-12-07,yes,8.085169,10.860916
BAN-002563,S00800,Uzdemi,W009,LGA02,A. Abu,99,3,2025-11-14,yes,7.531455,10.846058
BAN-002564,S00800,Uzdemi,W009,LGA02,Y. Bala,68,4,2025-10-01,yes,7.531645,10.845288
BAN-002565,S00245,Ritsima-Tsakiya,W003,LGA01,R. Wada,18,0,2025-10-10,yes,7.422786,11.030906
BAN-002566,S00245,Ritsima-Tsakiya,W003,LGA01,A. Abu,256,2,2025-11-23,yes,7.422372,11.032006
BAN-002567,S00245,Ritsima-Tsakiya,W003,LGA01,A. Sule,43,3,2025-10-28,yes,7.422965,11.031612
BAN-002568,S00245,Ritsima-Tsakiya,W003,LGA01,B. Tanko,215,1,2025-10-06,yes,7.421818,11.031736
BAN-002569,S00245,Ritsima-Tsakiya,W003,LGA01,S. Zubi,135,1,2025-12-09,yes,7.423987,11.031035
BAN-002570,S00245,Ritsima-Tsakiya,W003,LGA01,U. Isa,117,3,2025-12-09,yes,7.422685,11.032966
BAN-002571,S01431,Agzaba,W020,LGA01,M. Musa,17,3,2025-11-02,yes,7.721741,11.122655
BAN-002572,S00419,Dangowa,W006,LGA01,U. Musa,125,1,2025-11-27,yes,7.194786,11.34551
BAN-002573,S00419,Dangowa,W006,LGA01,Z. Tanko,211,2,2025-10-12,yes,7.197508,11.346001
BAN-002574,S00419,Dangowa,W006,LGA01,Z. Haru,225,3,2025-10-03,yes,7.195396,11.344286
BAN-002575,S00419,Dangowa,W006,LGA01,A. Wada,205,3,2025-11-20,yes,7.196481,11.346678
BAN-002576,S00180,Irngomi,W002,LGA01,M. Wada,138,4,2025-10-02,yes,7.137806,10.711033
BAN-002577,S00180,Irngomi,W002,LGA01,K. Yaro,28,3,2025-10-21,yes,7.136063,10.71361
BAN-002578,S00180,Irngomi,W002,LGA01,Z. Jibo,24,2,2025-12-06,yes,7.137798,10.712366
BAN-002579,S00180,Irngomi,W002,LGA01,K. Musa,116,2,2025-10-18,yes,7.136551,10.712322
BAN-002580,S02517,Agduwa,W040,LGA04,Y. Nura,203,2,2025-11-13,yes,8.301518,11.192892
BAN-002581,S02517,Agduwa,W040,LGA04,F. Nura,215,2,2025-10-29,yes,8.301405,11.194365
BAN-002582,S02517,Agduwa,W040,LGA04,M. Pama,188,0,2025-11-02,no,8.300672,11.192336
BAN-002583,S00445,Gunana,W006,LGA01,I. Gani,194,4,2025-11-19,yes,7.252663,11.168893
BAN-002584,S00445,Gunana,W006,LGA01,Z. Oje,254,0,2025-11-18,yes,7.252463,11.169181
BAN-002585,S01746,Suriwo,W026,LGA03,U. Cham,93,1,2025-11-25,yes,7.739723,11.429053
BAN-002586,S02218,Agkoni,W035,LGA04,S. Isa,162,1,2025-11-07,yes,8.22123,11.029033
BAN-002587,S02218,Agkoni,W035,LGA04,A. Umar,175,1,2025-11-14,yes,8.219677,11.031184
BAN-002588,S02447,Sazata,W039,LGA04,F. Kabo,254,0,2025-11-09,yes,8.280837,10.868309
BAN-002589,S00032,Okmaba,W001,LGA01,U. Ede,146,0,2025-11-06,yes,7.049754,11.057295
BAN-002590,S00032,Okmaba,W001,LGA01,U. Abu,150,4,2025-11-12,yes,7.049903,11.056235
BAN-002591,S00032,Okmaba,W001,LGA01,K. Bala,142,0,2025-10-30,yes,7.049765,11.057164
BAN-002592,S00032,Okmaba,W001,LGA01,A. Yaro,213,2,2025-10-31,yes,7.048798,11.055333
BAN-002593,S00129,Nudeja-Sabo,W002,LGA01,Z. Gani,199,3,2025-10-31,yes,7.11448,10.714189
BAN-002594,S00129,Nudeja-Sabo,W002,LGA01,Z. Musa,70,0,2025-10-16,yes,7.114476,10.714224
BAN-002595,S00129,Nudeja-Sabo,W002,LGA01,B. Pama,74,2,2025-10-13,yes,7.113768,10.714656
BAN-002596,S00129,Nudeja-Sabo,W002,LGA01,F. Zubi,3,0,2025-11-21,yes,7.116411,10.713982
BAN-002597,S01516,Yebeba,W021,LGA02,U. Tanko,24,2,2025-10-16,yes,7.857961,10.469674
BAN-002598,S01516,Yebeba,W021,LGA02,U. Abu,168,1,2025-12-05,yes,7.858158,10.469537
BAN-002599,S01516,Yebeba,W021,LGA02,B. Abu,7,0,2025-11-14,yes,7.859547,10.468655
BAN-002600,S01126,Manana,W015,LGA01,F. Lami,214,0,2025-11-06,yes,7.615471,11.2781
BAN-002601,S01126,Manana,W015,LGA01,Y. Pama,171,0,2025-11-29,no,7.616164,11.276947
BAN-002602,S01126,Manana,W015,LGA01,R. Dogo,249,2,2025-11-04,yes,7.615361,11.275532
BAN-002603,S01126,Manana,W015,LGA01,B. Cham,224,2,2025-10-01,no,7.614847,11.275532
BAN-002604,S01535,Sazale,W021,LGA02,A. Cham,108,4,2025-12-06,no,7.876131,10.49071
BAN-002605,S00557,Kutsifa,W007,LGA01,A. Pama,175,0,2025-11-30,yes,7.360117,11.223196
BAN-002606,S00557,Kutsifa,W007,LGA01,F. Isa,86,1,2025-12-03,yes,7.361924,11.22351
BAN-002607,S00334,Gubatu-Kudu,W004,LGA02,Z. Umar,156,0,2025-12-08,yes,7.274971,10.595986
BAN-002608,S01429,Darana-Arewa,W020,LGA01,Y. Abu,197,0,2025-11-24,yes,7.675883,11.120022
BAN-002609,S01429,Darana-Arewa,W020,LGA01,M. Dogo,259,4,2025-10-24,yes,7.67738,11.117557
BAN-002610,S01429,Darana-Arewa,W020,LGA01,F. Wada,66,1,2025-11-30,yes,7.676011,11.118113
BAN-002611,S01429,Darana-Arewa,W020,LGA01,H. Cham,115,4,2025-10-28,no,7.677104,11.119555
BAN-002612,S01429,Darana-Arewa,W020,LGA01,B. Gani,49,2,2025-11-01,yes,7.676006,11.11954
BAN-002613,S00773,Mashadu,W008,LGA01,Z. Umar,164,2,2025-10-29,yes,7.396753,10.953056
BAN-002614,S00773,Mashadu,W008,LGA01,H. Cham,259,0,2025-10-12,yes,7.397773,10.953573
BAN-002615,S00773,Mashadu,W008,LGA01,R. Zubi,233,4,2025-10-21,yes,7.398891,10.952963
BAN-002616,S00773,Mashadu,W008,LGA01,Z. Pama,48,4,2025-11-25,yes,7.398565,10.953233
BAN-002617,S00773,Mashadu,W008,LGA01,R. Ede,81,4,2025-11-18,yes,7.398392,10.9548
BAN-002618,S01507,Susade-Tudun,W020,LGA01,H. Yaro,90,0,2025-10-31,yes,7.662789,11.079278
BAN-002619,S01507,Susade-Tudun,W020,LGA01,U. Lami,210,0,2025-10-24,no,7.662491,11.082229
BAN-002620,S01932,Salawo,W030,LGA04,H. Jibo,66,0,2025-11-30,yes,7.930388,10.599696
BAN-002621,S01932,Salawo,W030,LGA04,M. Umar,165,3,2025-10-06,yes,7.930449,10.598082
BAN-002622,S01932,Salawo,W030,LGA04,H. Rabi,130,0,2025-11-01,yes,7.928774,10.598467
BAN-002623,S01879,Banawo,W029,LGA04,B. Musa,224,2,2025-11-02,yes,7.978723,10.967896
BAN-002624,S01879,Banawo,W029,LGA04,A. Pama,118,4,2025-10-26,yes,7.979272,10.968632
BAN-002625,S01879,Banawo,W029,LGA04,H. Rabi,125,1,2025-11-12,yes,7.980218,10.969775
BAN-002626,S02095,Umbena-Kofar,W032,LGA04,M. Cham,202,3,2025-11-25,yes,8.088753,10.868188
BAN-002627,S02095,Umbena-Kofar,W032,LGA04,U. Dogo,19,3,2025-12-01,yes,8.088897,10.867233
BAN-002628,S01863,Balaba,W029,LGA04,I. Jibo,91,2,2025-11-06,yes,7.990589,10.987903
BAN-002629,S01863,Balaba,W029,LGA04,F. Bala,198,3,2025-10-18,yes,7.98991,10.987544
BAN-002630,S01863,Balaba,W029,LGA04,F. Oje,123,0,2025-12-05,yes,7.988426,10.987243
BAN-002631,S00862,Dolari,W010,LGA02,F. Isa,193,2,2025-11-19,yes,7.402108,10.85142
BAN-002632,S00862,Dolari,W010,LGA02,K. Dogo,136,3,2025-12-02,yes,7.403817,10.85088
BAN-002633,S01700,Wasayi-Kofar,W025,LGA04,R. Ede,244,0,2025-11-23,no,7.80798,11.074361
BAN-002634,S00143,Lowade,W002,LGA01,M. Rabi,26,4,2025-10-07,yes,7.025901,10.920299
BAN-002635,S00143,Lowade,W002,LGA01,K. Tanko,258,2,2025-10-10,yes,7.029009,10.919016
BAN-002636,S00143,Lowade,W002,LGA01,Y. Cham,244,1,2025-10-24,yes,7.02725,10.919409
BAN-002637,S00143,Lowade,W002,LGA01,I. Pama,70,0,2025-11-10,yes,7.02832,10.917638
BAN-002638,S00143,Lowade,W002,LGA01,Y. Musa,172,3,2025-12-01,yes,7.027843,10.918001
BAN-002639,S01444,Yenatu,W020,LGA01,Z. Abu,215,0,2025-12-05,yes,7.725001,11.143449
BAN-002640,S01444,Yenatu,W020,LGA01,Y. Nura,79,0,2025-10-07,yes,7.725211,11.142778
BAN-002641,S01011,Agjima,W014,LGA01,K. Yaro,37,2,2025-10-26,yes,7.443293,11.462713
BAN-002642,S01428,Mabema,W020,LGA01,B. Dogo,123,1,2025-10-21,yes,7.720501,11.131811
BAN-002643,S01428,Mabema,W020,LGA01,I. Zubi,133,1,2025-10-19,yes,7.719954,11.132433
BAN-002644,S00953,Dolule-Tsakiya,W013,LGA02,B. Musa,76,4,2025-10-24,yes,7.476232,10.578642
BAN-002645,S01888,Ollule-Gabas,W029,LGA04,M. Gani,116,0,2025-10-31,yes,7.956269,11.081201
BAN-002646,S00025,Wamade,W001,LGA01,I. Jibo,103,4,2025-10-24,yes,7.041501,10.95351
BAN-002647,S00025,Wamade,W001,LGA01,R. Pama,69,2,2025-11-27,yes,7.042518,10.954072
BAN-002648,S02448,Umtsifa-Kofar,W039,LGA04,S. Funo,201,0,2025-10-22,yes,8.275508,10.855579
BAN-002649,S01671,Zakode,W025,LGA04,H. Zubi,168,0,2025-10-03,yes,7.788574,11.136854
BAN-002650,S01671,Zakode,W025,LGA04,I. Isa,192,3,2025-10-27,yes,7.78959,11.136281
BAN-002651,S01671,Zakode,W025,LGA04,H. Yaro,48,3,2025-12-07,no,7.787878,11.137714
BAN-002652,S00435,Okrasa,W006,LGA01,Z. Dogo,163,4,2025-11-08,yes,7.211647,11.365388
BAN-002653,S00435,Okrasa,W006,LGA01,R. Rabi,215,1,2025-10-30,yes,7.211684,11.366323
BAN-002654,S00435,Okrasa,W006,LGA01,Z. Rabi,68,1,2025-10-27,yes,7.212941,11.365653
BAN-002655,S00435,Okrasa,W006,LGA01,H. Rabi,130,1,2025-10-09,yes,7.212388,11.365644
BAN-002656,S00435,Okrasa,W006,LGA01,K. Yaro,232,1,2025-10-12,yes,7.213189,11.365716
BAN-002657,S00887,Biwaba,W011,LGA02,H. Bala,20,0,2025-11-22,yes,7.602918,10.429013
BAN-002658,S00887,Biwaba,W011,LGA02,Z. Sule,188,0,2025-10-25,yes,7.602379,10.429981
BAN-002659,S00887,Biwaba,W011,LGA02,Z. Cham,31,2,2025-10-07,yes,7.602284,10.432048
BAN-002660,S01370,Marawo,W018,LGA02,S. Sule,243,2,2025-10-27,yes,7.650953,10.733442
BAN-002661,S01370,Marawo,W018,LGA02,U. Ede,198,1,2025-10-20,no,7.651541,10.73296
BAN-002662,S00411,Enbewa,W006,LGA01,R. Pama,67,1,2025-11-10,yes,7.17648,11.353817
BAN-002663,S00411,Enbewa,W006,LGA01,I. Cham,227,4,2025-11-09,yes,7.176505,11.355129
BAN-002664,S02098,Sangole,W032,LGA04,I. Musa,189,3,2025-10-01,yes,8.058451,10.894883
BAN-002665,S02098,Sangole,W032,LGA04,F. Musa,151,3,2025-11-07,yes,8.058331,10.896316
BAN-002666,S02098,Sangole,W032,LGA04,K. Funo,251,1,2025-10-08,yes,8.058874,10.894287
BAN-002667,S00107,Wawatu,W001,LGA01,R. Kabo,173,3,2025-10-27,yes,7.145395,11.053469
BAN-002668,S00107,Wawatu,W001,LGA01,Y. Yaro,18,2,2025-11-13,yes,7.143217,11.050684
BAN-002669,S00107,Wawatu,W001,LGA01,K. Nura,239,2,2025-11-24,yes,7.144189,11.051818
BAN-002670,S00107,Wawatu,W001,LGA01,A. Wada,220,2,2025-10-05,yes,7.142818,11.051957
BAN-002671,S00107,Wawatu,W001,LGA01,M. Bala,89,3,2025-10-24,yes,7.144014,11.050813
BAN-002672,S00229,Tajija,W003,LGA01,Y. Dogo,69,2,2025-10-16,yes,7.387808,11.087282
BAN-002673,S00229,Tajija,W003,LGA01,R. Wada,29,4,2025-11-13,yes,7.387998,11.086521
BAN-002674,S00721,Ibdema,W008,LGA01,U. Tanko,206,2,2025-11-18,yes,7.435656,10.951367
BAN-002675,S00165,Dariko,W002,LGA01,I. Dogo,92,3,2025-10-19,yes,7.138188,10.746228
BAN-002676,S00165,Dariko,W002,LGA01,S. Kabo,68,2,2025-12-07,yes,7.138407,10.746408
BAN-002677,S00165,Dariko,W002,LGA01,K. Musa,143,2,2025-10-04,yes,7.140051,10.746268
BAN-002678,S00165,Dariko,W002,LGA01,Y. Jibo,234,2,2025-11-17,yes,7.137379,10.745701
BAN-002679,S00837,Biyomi,W010,LGA02,Z. Tanko,48,0,2025-11-27,yes,7.485787,10.799057
BAN-002680,S00837,Biyomi,W010,LGA02,H. Jibo,127,1,2025-10-06,yes,7.486254,10.797794
BAN-002681,S00837,Biyomi,W010,LGA02,S. Musa,108,4,2025-11-11,yes,7.487174,10.800095
BAN-002682,S00837,Biyomi,W010,LGA02,B. Kabo,148,4,2025-10-11,yes,7.485635,10.798629
BAN-002683,S00837,Biyomi,W010,LGA02,K. Umar,171,3,2025-11-13,yes,7.485772,10.799013
BAN-002684,S00793,Malako,W009,LGA02,A. Musa,60,4,2025-11-08,yes,7.502511,11.016249
BAN-002685,S01716,Wadeyi,W026,LGA03,R. Ede,211,0,2025-11-03,yes,7.774702,11.419969
BAN-002686,S00196,Zakotu-Tsakiya,W002,LGA01,K. Wada,122,0,2025-10-21,no,7.166018,10.81034
BAN-002687,S00196,Zakotu-Tsakiya,W002,LGA01,I. Wada,52,1,2025-12-07,yes,7.165164,10.809716
BAN-002688,S00094,Fakoshi,W001,LGA01,R. Musa,155,2,2025-11-27,yes,7.051398,10.965485
BAN-002689,S00094,Fakoshi,W001,LGA01,K. Wada,173,2,2025-11-06,yes,7.050012,10.96496
BAN-002690,S02285,Hasatu,W036,LGA04,Y. Funo,80,2,2025-11-27,yes,8.140671,10.792546
BAN-002691,S00489,Tangoma,W006,LGA01,S. Umar,249,0,2025-12-03,yes,7.281989,11.317629
BAN-002692,S00489,Tangoma,W006,LGA01,A. Yaro,125,0,2025-10-22,yes,7.280792,11.319275
BAN-002693,S02431,Guduyi,W039,LGA04,Y. Wada,54,4,2025-11-24,yes,8.373984,10.914718
BAN-002694,S00457,Gurita,W006,LGA01,A. Dogo,46,4,2025-11-18,yes,7.1847,11.331756
BAN-002695,S02189,Famaba,W034,LGA03,I. Jibo,41,4,2025-12-07,no,8.266006,11.193476
BAN-002696,S02189,Famaba,W034,LGA03,R. Musa,112,4,2025-10-05,yes,8.267079,11.19116
BAN-002697,S02189,Famaba,W034,LGA03,U. Gani,128,1,2025-11-03,yes,8.265538,11.19393
BAN-002698,S01973,Umdedu,W030,LGA04,Z. Isa,125,1,2025-10-31,yes,7.901869,10.632729
BAN-002699,S01973,Umdedu,W030,LGA04,Z. Nura,76,1,2025-10-25,yes,7.898134,10.632159
BAN-002700,S01973,Umdedu,W030,LGA04,R. Abu,111,0,2025-11-04,no,7.90345,10.632593
BAN-002701,S01973,Umdedu,W030,LGA04,M. Umar,157,0,2025-11-13,yes,7.901065,10.630756
BAN-002702,S00167,Umluwo,W002,LGA01,M. Rabi,136,1,2025-11-11,yes,7.215654,10.802712
BAN-002703,S00167,Umluwo,W002,LGA01,A. Yaro,74,3,2025-11-02,no,7.215298,10.803006
BAN-002704,S00167,Umluwo,W002,LGA01,F. Wada,19,0,2025-10-10,yes,7.215457,10.801566
BAN-002705,S01358,Jidusa,W018,LGA02,B. Yaro,207,0,2025-11-25,yes,7.547808,10.647431
BAN-002706,S01358,Jidusa,W018,LGA02,S. Cham,44,4,2025-11-05,yes,7.549197,10.647837
BAN-002707,S01358,Jidusa,W018,LGA02,B. Jibo,2,3,2025-12-01,yes,7.54942,10.646079
BAN-002708,S01358,Jidusa,W018,LGA02,B. Nura,80,0,2025-12-02,yes,7.549609,10.644984
BAN-002709,S00833,Kasani,W010,LGA02,U. Musa,225,0,2025-11-11,yes,7.422699,10.900674
BAN-002710,S00833,Kasani,W010,LGA02,H. Tanko,177,3,2025-12-01,yes,7.423736,10.900195
BAN-002711,S01402,Taluyi,W019,LGA04,Z. Gani,230,3,2025-11-26,yes,7.580061,11.002158
BAN-002712,S01402,Taluyi,W019,LGA04,Z. Pama,227,3,2025-10-08,yes,7.581167,11.002955
BAN-002713,S01402,Taluyi,W019,LGA04,Y. Haru,55,4,2025-10-22,yes,7.581081,11.002851
BAN-002714,S00676,Entsina-Kofar,W008,LGA01,S. Wada,201,0,2025-11-27,yes,7.403575,10.905545
BAN-002715,S02108,Nulale,W033,LGA03,I. Cham,35,1,2025-11-26,yes,7.96178,11.138171
BAN-002716,S01812,Iryoja,W028,LGA04,U. Kabo,94,4,2025-10-01,yes,7.866022,10.904511
BAN-002717,S01812,Iryoja,W028,LGA04,Z. Oje,73,3,2025-10-06,yes,7.866407,10.90461
BAN-002718,S00055,Ibmaja,W001,LGA01,Y. Bala,30,2,2025-10-02,yes,7.180902,11.130661
BAN-002719,S00055,Ibmaja,W001,LGA01,Y. Yaro,28,2,2025-12-06,yes,7.182591,11.129071
BAN-002720,S00055,Ibmaja,W001,LGA01,F. Rabi,27,0,2025-10-24,yes,7.182209,11.129075
BAN-002721,S00055,Ibmaja,W001,LGA01,H. Bala,50,1,2025-11-27,yes,7.181711,11.129283
BAN-002722,S00055,Ibmaja,W001,LGA01,A. Cham,172,0,2025-10-05,yes,7.182498,11.130168
BAN-002723,S02486,Dakofa-Yamma,W040,LGA04,F. Tanko,204,4,2025-12-07,yes,8.29353,11.142955
BAN-002724,S02486,Dakofa-Yamma,W040,LGA04,H. Cham,17,4,2025-12-02,yes,8.292775,11.14202
BAN-002725,S02075,Uzzaru,W032,LGA04,S. Funo,185,3,2025-10-17,yes,8.163069,10.931404
BAN-002726,S02040,Bawawo-Kofar,W031,LGA03,K. Tanko,238,2,2025-12-06,yes,7.996819,11.319882
BAN-002727,S02040,Bawawo-Kofar,W031,LGA03,K. Bala,175,2,2025-10-13,yes,7.999399,11.319998
BAN-002728,S00881,Adyowo,W011,LGA02,B. Dogo,10,3,2025-11-01,yes,7.748451,10.39369
BAN-002729,S02261,Ekmani,W035,LGA04,A. Haru,196,3,2025-12-06,yes,8.29097,10.94032
BAN-002730,S02261,Ekmani,W035,LGA04,Z. Nura,213,2,2025-10-27,yes,8.290326,10.939761
BAN-002731,S02261,Ekmani,W035,LGA04,M. Tanko,126,2,2025-12-05,yes,8.290776,10.9405
BAN-002732,S02261,Ekmani,W035,LGA04,F. Isa,30,1,2025-11-17,yes,8.289737,10.93949
BAN-002733,S00274,Olnaba-Sabo,W003,LGA01,R. Zubi,52,0,2025-11-30,yes,7.182025,10.999573
BAN-002734,S00274,Olnaba-Sabo,W003,LGA01,M. Isa,37,4,2025-10-06,yes,7.182682,10.999296
BAN-002735,S00274,Olnaba-Sabo,W003,LGA01,B. Isa,15,0,2025-10-20,yes,7.183784,10.997078
BAN-002736,S00274,Olnaba-Sabo,W003,LGA01,S. Yaro,22,4,2025-10-22,yes,7.182049,10.999167
BAN-002737,S02406,Kabako-Sabo,W038,LGA03,K. Pama,67,2,2025-12-04,yes,8.326484,11.398144
BAN-002738,S02406,Kabako-Sabo,W038,LGA03,B. Sule,102,2,2025-10-10,yes,8.326324,11.3988
BAN-002739,S00325,Kamadu,W003,LGA01,B. Rabi,91,0,2025-10-23,yes,7.21926,10.968046
BAN-002740,S00325,Kamadu,W003,LGA01,S. Zubi,58,2,2025-10-26,yes,7.219402,10.968318
BAN-002741,S00325,Kamadu,W003,LGA01,F. Isa,198,2,2025-10-03,yes,7.221689,10.969428
BAN-002742,S00325,Kamadu,W003,LGA01,H. Tanko,196,0,2025-11-29,yes,7.218645,10.96851
BAN-002743,S02264,Sulayi,W035,LGA04,S. Gani,93,4,2025-11-27,yes,8.170407,10.946517
BAN-002744,S02264,Sulayi,W035,LGA04,U. Oje,129,1,2025-10-13,yes,8.170327,10.948195
BAN-002745,S02264,Sulayi,W035,LGA04,U. Abu,215,0,2025-12-01,yes,8.170221,10.94683
BAN-002746,S01687,Agriko,W025,LGA04,K. Haru,46,3,2025-11-29,yes,7.811569,11.117761
BAN-002747,S01687,Agriko,W025,LGA04,M. Funo,177,2,2025-11-11,yes,7.810726,11.117181
BAN-002748,S01687,Agriko,W025,LGA04,H. Abu,77,1,2025-10-16,yes,7.812592,11.116313
BAN-002749,S02087,Agbami,W032,LGA04,K. Isa,37,2,2025-10-01,yes,8.068844,10.867071
BAN-002750,S02087,Agbami,W032,LGA04,K. Funo,74,2,2025-11-29,yes,8.0702,10.867535
BAN-002751,S01224,Nurifa,W015,LGA01,S. Bala,229,4,2025-10-23,yes,7.617983,11.349268
BAN-002752,S01710,Tasawo,W026,LGA03,Z. Pama,222,3,2025-11-25,yes,7.767257,11.55862
BAN-002753,S01710,Tasawo,W026,LGA03,F. Isa,36,3,2025-12-05,yes,7.766698,11.560185
BAN-002754,S01710,Tasawo,W026,LGA03,I. Isa,71,4,2025-10-17,yes,7.767847,11.557792
BAN-002755,S01152,Olbale-Tsakiya,W015,LGA01,U. Ede,109,2,2025-11-25,yes,7.697419,11.25926
BAN-002756,S01152,Olbale-Tsakiya,W015,LGA01,Y. Isa,209,3,2025-12-05,yes,7.6994,11.259572
BAN-002757,S01152,Olbale-Tsakiya,W015,LGA01,Z. Musa,122,3,2025-10-28,yes,7.697963,11.259179
BAN-002758,S01152,Olbale-Tsakiya,W015,LGA01,U. Zubi,51,4,2025-10-28,yes,7.697756,11.261035
BAN-002759,S01152,Olbale-Tsakiya,W015,LGA01,I. Kabo,51,2,2025-10-25,yes,7.697535,11.260267
BAN-002760,S02416,Yedeja,W038,LGA03,Y. Yaro,163,3,2025-10-17,no,8.257979,11.40236
BAN-002761,S01722,Wawana,W026,LGA03,Y. Bala,5,2,2025-11-04,yes,7.767131,11.458577
BAN-002762,S01722,Wawana,W026,LGA03,M. Sule,163,1,2025-10-23,yes,7.76821,11.456203
BAN-002763,S01722,Wawana,W026,LGA03,Z. Umar,34,3,2025-10-17,yes,7.768208,11.459065
BAN-002764,S01722,Wawana,W026,LGA03,H. Tanko,170,2,2025-11-21,yes,7.767365,11.457128
BAN-002765,S01941,Biluja,W030,LGA04,R. Gani,259,0,2025-10-10,yes,8.029994,10.573512
BAN-002766,S01941,Biluja,W030,LGA04,Z. Bala,75,3,2025-11-18,yes,8.029997,10.574163
BAN-002767,S01941,Biluja,W030,LGA04,Y. Rabi,76,0,2025-10-24,yes,8.029755,10.572271
BAN-002768,S00278,Adnama,W003,LGA01,B. Yaro,204,1,2025-11-30,yes,7.266522,11.10841
BAN-002769,S00278,Adnama,W003,LGA01,U. Oje,242,2,2025-11-11,yes,7.265595,11.110237
BAN-002770,S00278,Adnama,W003,LGA01,Z. Oje,181,0,2025-11-30,yes,7.267206,11.11091
BAN-002771,S00278,Adnama,W003,LGA01,S. Nura,244,0,2025-10-11,yes,7.264318,11.110152
BAN-002772,S00278,Adnama,W003,LGA01,U. Nura,142,4,2025-10-15,yes,7.266906,11.110732
BAN-002773,S00278,Adnama,W003,LGA01,I. Yaro,179,3,2025-11-11,yes,7.265618,11.109467
BAN-002774,S00024,Mashashi,W001,LGA01,R. Gani,247,1,2025-11-04,yes,7.150905,11.047737
BAN-002775,S01938,Jinadu,W030,LGA04,B. Oje,199,1,2025-11-17,yes,8.035602,10.577076
BAN-002776,S02466,Tadeko,W039,LGA04,K. Ede,99,3,2025-10-21,yes,8.280522,10.840887
BAN-002777,S00394,Olbana-Tsakiya,W005,LGA02,Y. Lami,67,0,2025-10-24,yes,7.36079,10.705163
BAN-002778,S00394,Olbana-Tsakiya,W005,LGA02,M. Pama,124,0,2025-10-27,yes,7.357989,10.703664
BAN-002779,S00244,Gubeta,W003,LGA01,A. Yaro,129,4,2025-10-23,yes,7.237807,10.976386
BAN-002780,S00244,Gubeta,W003,LGA01,I. Funo,203,4,2025-11-25,yes,7.237035,10.976309
BAN-002781,S00989,Jingona,W013,LGA02,R. Gani,251,4,2025-11-25,yes,7.504506,10.653498
BAN-002782,S00989,Jingona,W013,LGA02,F. Nura,23,4,2025-10-26,yes,7.50436,10.653263
BAN-002783,S00989,Jingona,W013,LGA02,R. Jibo,103,1,2025-11-09,yes,7.505237,10.654087
BAN-002784,S01823,Ekkoshi,W028,LGA04,K. Gani,39,2,2025-11-22,yes,7.96347,10.772062
BAN-002785,S01823,Ekkoshi,W028,LGA04,Z. Zubi,48,2,2025-10-30,yes,7.963534,10.772964
BAN-002786,S00043,Taritu,W001,LGA01,A. Lami,236,1,2025-11-29,yes,7.171564,11.15719
BAN-002787,S00043,Taritu,W001,LGA01,B. Jibo,209,0,2025-10-14,yes,7.172073,11.156977
BAN-002788,S00043,Taritu,W001,LGA01,I. Wada,223,0,2025-10-05,yes,7.172017,11.158048
BAN-002789,S00043,Taritu,W001,LGA01,K. Abu,114,1,2025-11-26,yes,7.171087,11.157452
BAN-002790,S01112,Yejile,W015,LGA01,F. Funo,119,3,2025-11-29,yes,7.502546,11.345624
BAN-002791,S01112,Yejile,W015,LGA01,B. Bala,70,3,2025-10-10,no,7.50077,11.345437
BAN-002792,S01112,Yejile,W015,LGA01,H. Nura,217,0,2025-11-18,yes,7.502996,11.345355
BAN-002793,S02446,Agzashi,W039,LGA04,B. Jibo,38,1,2025-11-13,yes,8.268301,10.833731
BAN-002794,S02276,Ibsade,W035,LGA04,H. Sule,145,1,2025-11-13,yes,8.230972,11.030645
BAN-002795,S02519,Kazami-Tsakiya,W040,LGA04,I. Yaro,168,0,2025-10-16,no,8.380065,11.204695
BAN-002796,S00038,Umsayi,W001,LGA01,B. Lami,233,1,2025-11-02,yes,7.040521,11.027616
BAN-002797,S00038,Umsayi,W001,LGA01,B. Umar,137,1,2025-10-17,yes,7.040689,11.026691
BAN-002798,S00038,Umsayi,W001,LGA01,H. Jibo,92,4,2025-12-04,yes,7.039302,11.027375
BAN-002799,S00586,Lobeko,W007,LGA01,U. Ede,145,4,2025-10-03,yes,7.405716,11.134929
BAN-002800,S01331,Zawaru,W018,LGA02,R. Dogo,193,0,2025-11-22,yes,7.579758,10.644217
BAN-002801,S01331,Zawaru,W018,LGA02,R. Lami,88,3,2025-11-03,yes,7.581443,10.644649
BAN-002802,S01331,Zawaru,W018,LGA02,H. Musa,211,0,2025-10-09,yes,7.580267,10.64564
BAN-002803,S01331,Zawaru,W018,LGA02,U. Cham,22,2,2025-11-18,yes,7.580085,10.646043
BAN-002804,S01331,Zawaru,W018,LGA02,S. Nura,253,4,2025-11-25,yes,7.581024,10.645644
BAN-002805,S01331,Zawaru,W018,LGA02,U. Oje,235,4,2025-11-06,yes,7.581033,10.647128
BAN-002806,S00267,Entsini,W003,LGA01,M. Bala,132,4,2025-10-28,yes,7.435729,11.006133
BAN-002807,S00267,Entsini,W003,LGA01,M. Nura,12,3,2025-11-03,no,7.436363,11.007008
BAN-002808,S01291,Umjima-Arewa,W017,LGA03,M. Tanko,94,0,2025-11-10,no,7.518542,11.395439
BAN-002809,S01291,Umjima-Arewa,W017,LGA03,B. Bala,41,2,2025-12-07,yes,7.517227,11.394866
BAN-002810,S01291,Umjima-Arewa,W017,LGA03,Y. Tanko,214,1,2025-10-05,no,7.518313,11.39412
BAN-002811,S01576,Adkona,W022,LGA03,M. Jibo,119,2,2025-11-03,no,7.973316,11.564551
BAN-002812,S01576,Adkona,W022,LGA03,A. Abu,225,1,2025-11-26,yes,7.972713,11.563961
BAN-002813,S02185,Watsima,W034,LGA03,S. Bala,78,0,2025-12-04,yes,8.167292,11.283552
BAN-002814,S02185,Watsima,W034,LGA03,B. Pama,178,1,2025-11-03,yes,8.16785,11.285197
BAN-002815,S02185,Watsima,W034,LGA03,F. Ede,115,4,2025-10-14,yes,8.169603,11.28485
BAN-002816,S02185,Watsima,W034,LGA03,F. Ede,63,3,2025-10-25,yes,8.170022,11.284946
BAN-002817,S00889,Oktsini,W011,LGA02,K. Umar,51,0,2025-11-09,yes,7.616449,10.423536
BAN-002818,S00889,Oktsini,W011,LGA02,H. Gani,177,2,2025-10-19,yes,7.616456,10.423091
BAN-002819,S00145,Agyoyi-Tudun,W002,LGA01,A. Funo,141,2,2025-12-08,yes,7.028258,10.891659
BAN-002820,S00145,Agyoyi-Tudun,W002,LGA01,Y. Abu,91,2,2025-10-20,yes,7.028052,10.89223
BAN-002821,S00145,Agyoyi-Tudun,W002,LGA01,Y. Zubi,152,0,2025-11-10,yes,7.02768,10.893254
BAN-002822,S01611,Aglushi,W023,LGA03,F. Funo,49,0,2025-11-27,yes,7.834822,11.223467
BAN-002823,S01611,Aglushi,W023,LGA03,R. Gani,77,1,2025-10-03,yes,7.83256,11.226259
BAN-002824,S01611,Aglushi,W023,LGA03,A. Isa,151,3,2025-10-14,yes,7.833455,11.223942
BAN-002825,S01728,Agdesa,W026,LGA03,H. Rabi,99,2,2025-10-08,yes,7.729214,11.420165
BAN-002826,S01728,Agdesa,W026,LGA03,A. Kabo,80,3,2025-11-27,yes,7.729087,11.421891
BAN-002827,S01728,Agdesa,W026,LGA03,F. Zubi,175,0,2025-10-11,yes,7.729454,11.419625
BAN-002828,S01728,Agdesa,W026,LGA03,B. Wada,232,4,2025-10-23,yes,7.729686,11.421042
BAN-002829,S01728,Agdesa,W026,LGA03,F. Musa,53,3,2025-11-26,yes,7.728492,11.422954
BAN-002830,S01728,Agdesa,W026,LGA03,H. Cham,141,1,2025-10-05,yes,7.730338,11.421455
BAN-002831,S01728,Agdesa,W026,LGA03,Z. Musa,81,3,2025-10-01,yes,7.729521,11.422324
BAN-002832,S00026,Dabedu,W001,LGA01,A. Musa,231,2,2025-11-27,yes,7.167674,11.162723
BAN-002833,S00026,Dabedu,W001,LGA01,S. Cham,65,0,2025-12-09,yes,7.16781,11.163659
BAN-002834,S00026,Dabedu,W001,LGA01,H. Gani,181,4,2025-10-10,no,7.168934,11.16405
BAN-002835,S00440,Adtsiwa-Tsakiya,W006,LGA01,Z. Rabi,180,0,2025-12-08,no,7.258999,11.155712
BAN-002836,S00954,Bibedu,W013,LGA02,I. Yaro,44,0,2025-11-14,yes,7.528673,10.670488
BAN-002837,S01118,Riduma,W015,LGA01,H. Dogo,197,0,2025-10-06,yes,7.556309,11.300499
BAN-002838,S01118,Riduma,W015,LGA01,F. Cham,20,3,2025-11-13,yes,7.555389,11.301002
BAN-002839,S01118,Riduma,W015,LGA01,U. Zubi,92,0,2025-11-01,yes,7.555778,11.300249
BAN-002840,S00848,Lodewa,W010,LGA02,F. Umar,32,4,2025-10-06,yes,7.41995,10.816867
BAN-002841,S00848,Lodewa,W010,LGA02,A. Ede,184,1,2025-12-01,no,7.41865,10.815868
BAN-002842,S00848,Lodewa,W010,LGA02,K. Cham,94,4,2025-12-04,yes,7.419067,10.817297
BAN-002843,S01024,Enlana,W014,LGA01,U. Bala,118,4,2025-10-30,no,7.374334,11.488105
BAN-002844,S01024,Enlana,W014,LGA01,I. Yaro,143,3,2025-10-20,no,7.374968,11.488723
BAN-002845,S01024,Enlana,W014,LGA01,H. Bala,195,3,2025-10-07,yes,7.374978,11.490058
BAN-002846,S01024,Enlana,W014,LGA01,R. Abu,236,2,2025-10-19,yes,7.374232,11.488106
BAN-002847,S01024,Enlana,W014,LGA01,S. Pama,191,3,2025-12-03,yes,7.373861,11.48795
BAN-002848,S02023,Umnayi-Kofar,W031,LGA03,F. Umar,95,2,2025-11-11,yes,7.925635,11.361873
BAN-002849,S02023,Umnayi-Kofar,W031,LGA03,Z. Ede,23,4,2025-10-21,yes,7.927375,11.364048
BAN-002850,S02023,Umnayi-Kofar,W031,LGA03,A. Zubi,60,3,2025-11-30,yes,7.924721,11.363716
BAN-002851,S00767,Halule,W008,LGA01,M. Gani,68,0,2025-11-13,no,7.194163,10.904428
BAN-002852,S00767,Halule,W008,LGA01,A. Haru,228,3,2025-12-02,yes,7.194379,10.907486
BAN-002853,S00767,Halule,W008,LGA01,Z. Oje,120,2,2025-10-02,yes,7.194557,10.903573
BAN-002854,S00767,Halule,W008,LGA01,R. Umar,196,1,2025-11-03,yes,7.195323,10.905761
BAN-002855,S00484,Adngoyi,W006,LGA01,B. Pama,140,2,2025-11-29,yes,7.167966,11.289731
BAN-002856,S00484,Adngoyi,W006,LGA01,Z. Cham,172,4,2025-12-04,yes,7.16912,11.290554
BAN-002857,S00484,Adngoyi,W006,LGA01,Z. Isa,160,4,2025-11-28,yes,7.16884,11.291978
BAN-002858,S00078,Lolale,W001,LGA01,S. Bala,96,1,2025-11-06,yes,7.048514,11.018967
BAN-002859,S00078,Lolale,W001,LGA01,Z. Jibo,157,1,2025-11-23,yes,7.047501,11.018727
BAN-002860,S00132,Tangowa-Arewa,W002,LGA01,B. Musa,238,4,2025-11-17,yes,7.122902,10.72567
BAN-002861,S00132,Tangowa-Arewa,W002,LGA01,Y. Rabi,15,0,2025-10-23,yes,7.122624,10.72724
BAN-002862,S00132,Tangowa-Arewa,W002,LGA01,U. Tanko,252,0,2025-12-02,yes,7.122707,10.725256
BAN-002863,S02480,Rikodu,W040,LGA04,I. Umar,204,3,2025-11-26,yes,8.307669,11.195852
BAN-002864,S02480,Rikodu,W040,LGA04,I. Rabi,182,0,2025-10-12,yes,8.306423,11.195434
BAN-002865,S02219,Adbaru-Gabas,W035,LGA04,M. Tanko,251,2,2025-11-26,yes,8.255574,10.983008
BAN-002866,S02219,Adbaru-Gabas,W035,LGA04,Z. Zubi,217,1,2025-10-15,yes,8.257323,10.98249
BAN-002867,S02219,Adbaru-Gabas,W035,LGA04,K. Nura,166,2,2025-11-04,yes,8.254716,10.983375
BAN-002868,S02219,Adbaru-Gabas,W035,LGA04,H. Pama,24,2,2025-11-30,yes,8.255892,10.98236
BAN-002869,S02219,Adbaru-Gabas,W035,LGA04,U. Bala,217,3,2025-11-25,yes,8.25622,10.982696
BAN-002870,S01650,Suwaru,W024,LGA04,Y. Gani,173,0,2025-10-24,yes,7.779778,10.74587
BAN-002871,S01650,Suwaru,W024,LGA04,U. Nura,234,4,2025-10-27,yes,7.777895,10.746011
BAN-002872,S00401,Gungowa,W005,LGA02,U. Isa,236,4,2025-10-22,yes,7.384315,10.679557
BAN-002873,S00087,Hadema,W001,LGA01,K. Bala,7,3,2025-11-03,yes,7.251742,11.040115
BAN-002874,S00781,Yetsifa-Kofar,W008,LGA01,U. Lami,45,2,2025-10-03,yes,7.215425,10.917517
BAN-002875,S00781,Yetsifa-Kofar,W008,LGA01,Y. Umar,176,0,2025-11-02,yes,7.215022,10.914739
BAN-002876,S00781,Yetsifa-Kofar,W008,LGA01,S. Abu,65,4,2025-10-10,yes,7.214885,10.91488
BAN-002877,S01610,Marari,W023,LGA03,K. Umar,203,4,2025-10-24,yes,7.803095,11.217263
BAN-002878,S01610,Marari,W023,LGA03,K. Funo,149,3,2025-10-20,yes,7.803105,11.215763
BAN-002879,S01610,Marari,W023,LGA03,Z. Wada,69,2,2025-10-10,yes,7.803609,11.215404
BAN-002880,S02063,Oldeni,W032,LGA04,Y. Ede,155,1,2025-10-29,yes,8.095885,10.895449
BAN-002881,S02408,Nurishi,W038,LGA03,Y. Isa,104,3,2025-11-02,yes,8.393713,11.293199
BAN-002882,S02408,Nurishi,W038,LGA03,R. Zubi,182,3,2025-10-21,yes,8.393109,11.293518
BAN-002883,S01485,Nushaja,W020,LGA01,A. Dogo,26,0,2025-12-04,yes,7.601284,11.110108
BAN-002884,S01485,Nushaja,W020,LGA01,H. Lami,245,4,2025-10-08,yes,7.602008,11.10801
BAN-002885,S01485,Nushaja,W020,LGA01,I. Sule,42,1,2025-11-16,yes,7.599926,11.108851
BAN-002886,S01485,Nushaja,W020,LGA01,R. Tanko,113,3,2025-12-04,yes,7.600935,11.107847
BAN-002887,S01485,Nushaja,W020,LGA01,H. Sule,222,3,2025-11-29,yes,7.599781,11.107218
BAN-002888,S02197,Olderu,W034,LGA03,M. Wada,200,3,2025-11-30,yes,8.265989,11.204412
BAN-002889,S02197,Olderu,W034,LGA03,R. Ede,236,3,2025-11-22,yes,8.263347,11.204587
BAN-002890,S02041,Sumama,W031,LGA03,S. Haru,114,1,2025-10-19,no,7.918483,11.364334
BAN-002891,S02041,Sumama,W031,LGA03,U. Tanko,125,2,2025-12-01,yes,7.916061,11.36318
BAN-002892,S02041,Sumama,W031,LGA03,M. Zubi,69,3,2025-10-17,yes,7.917793,11.362596
BAN-002893,S02041,Sumama,W031,LGA03,S. Dogo,136,4,2025-11-05,yes,7.916028,11.363564
BAN-002894,S00677,Falushi,W008,LGA01,S. Oje,214,2,2025-10-18,no,7.368903,10.85592
BAN-002895,S01267,Biwako-Sabo,W016,LGA02,B. Sule,237,2,2025-11-28,no,7.634954,10.50946
BAN-002896,S01267,Biwako-Sabo,W016,LGA02,F. Abu,102,1,2025-11-14,yes,7.634792,10.50979
BAN-002897,S00796,Agmade,W009,LGA02,F. Rabi,252,4,2025-11-30,no,7.490357,11.029607
BAN-002898,S00237,Dashami-Kofar,W003,LGA01,Z. Gani,177,3,2025-11-29,yes,7.428026,10.985994
BAN-002899,S00733,Agzari,W008,LGA01,B. Bala,121,2,2025-10-15,yes,7.190649,10.909811
BAN-002900,S00733,Agzari,W008,LGA01,S. Tanko,25,2,2025-10-03,yes,7.193227,10.908199
BAN-002901,S00733,Agzari,W008,LGA01,H. Lami,127,1,2025-12-04,yes,7.190778,10.909362
BAN-002902,S00733,Agzari,W008,LGA01,A. Bala,112,2,2025-12-08,no,7.189759,10.908518
BAN-002903,S00309,Sulade,W003,LGA01,I. Lami,252,0,2025-10-16,yes,7.226963,10.996774
BAN-002904,S00309,Sulade,W003,LGA01,F. Gani,221,4,2025-10-10,yes,7.22574,10.996667
BAN-002905,S00309,Sulade,W003,LGA01,I. Abu,181,1,2025-11-08,yes,7.226243,10.996638
BAN-002906,S01513,Zakoja,W020,LGA01,Y. Kabo,44,4,2025-11-30,yes,7.761852,11.132341
BAN-002907,S01513,Zakoja,W020,LGA01,A. Cham,117,4,2025-11-26,yes,7.762845,11.131528
BAN-002908,S00200,Hawale,W002,LGA01,F. Bala,259,1,2025-10-16,yes,7.077058,10.789821
BAN-002909,S01623,Risatu,W023,LGA03,I. Pama,213,0,2025-11-15,yes,7.830387,11.261681
BAN-002910,S01623,Risatu,W023,LGA03,F. Zubi,248,2,2025-11-23,yes,7.82937,11.259881
BAN-002911,S00896,Kuyoko,W011,LGA02,Y. Lami,38,2,2025-11-14,yes,7.676231,10.366887
BAN-002912,S00896,Kuyoko,W011,LGA02,K. Gani,8,3,2025-12-01,yes,7.676854,10.364554
BAN-002913,S02123,Kadeta,W033,LGA03,B. Lami,227,0,2025-11-21,yes,7.978644,11.165487
BAN-002914,S01385,Hajiru,W019,LGA04,B. Funo,69,4,2025-11-05,yes,7.572058,11.002015
BAN-002915,S01385,Hajiru,W019,LGA04,M. Pama,211,0,2025-10-26,yes,7.574568,10.999751
BAN-002916,S01385,Hajiru,W019,LGA04,B. Sule,135,2,2025-11-04,yes,7.574366,10.999951
BAN-002917,S00757,Ibkodu,W008,LGA01,Z. Haru,110,0,2025-11-30,no,7.425018,10.972118
BAN-002918,S00757,Ibkodu,W008,LGA01,A. Funo,207,3,2025-10-17,yes,7.426693,10.972806
BAN-002919,S01223,Ektide,W015,LGA01,U. Wada,214,4,2025-11-17,yes,7.703519,11.27026
BAN-002920,S02230,Uznari,W035,LGA04,U. Pama,70,2,2025-10-15,yes,8.232656,11.024076
BAN-002921,S02230,Uznari,W035,LGA04,A. Kabo,98,4,2025-11-04,yes,8.232439,11.023292
BAN-002922,S02230,Uznari,W035,LGA04,M. Isa,73,1,2025-10-02,yes,8.232189,11.022511
BAN-002923,S02230,Uznari,W035,LGA04,I. Nura,214,2,2025-10-08,yes,8.232524,11.021997
BAN-002924,S01033,Dosani-Tudun,W014,LGA01,Y. Lami,139,3,2025-10-02,no,7.358102,11.463475
BAN-002925,S01033,Dosani-Tudun,W014,LGA01,A. Haru,112,2,2025-10-30,yes,7.358736,11.461142
BAN-002926,S02384,Uzbatu,W038,LGA03,Y. Haru,170,3,2025-11-19,yes,8.428323,11.287574
BAN-002927,S02384,Uzbatu,W038,LGA03,M. Umar,215,4,2025-11-01,yes,8.429547,11.288912
BAN-002928,S00880,Farani,W011,LGA02,Y. Oje,37,0,2025-10-08,yes,7.66989,10.468552
BAN-002929,S00136,Gulani,W002,LGA01,H. Pama,189,3,2025-10-30,yes,7.146045,10.735751
BAN-002930,S00136,Gulani,W002,LGA01,Z. Sule,247,4,2025-10-05,yes,7.146101,10.733842
BAN-002931,S01621,Adbeyi,W023,LGA03,I. Kabo,125,4,2025-11-07,yes,7.887834,11.182381
BAN-002932,S01621,Adbeyi,W023,LGA03,I. Lami,101,4,2025-12-07,yes,7.886158,11.182673
BAN-002933,S00189,Satisa,W002,LGA01,Z. Funo,205,4,2025-11-17,yes,7.160181,10.810163
BAN-002934,S00147,Watsiyi,W002,LGA01,I. Oje,13,3,2025-10-01,yes,7.149089,10.745183
BAN-002935,S00147,Watsiyi,W002,LGA01,I. Funo,243,4,2025-10-27,yes,7.147758,10.743447
BAN-002936,S00147,Watsiyi,W002,LGA01,Y. Musa,10,4,2025-11-05,no,7.14803,10.744266
BAN-002937,S01424,Ibbasa,W020,LGA01,Z. Haru,10,3,2025-12-04,yes,7.549394,11.120946
BAN-002938,S01424,Ibbasa,W020,LGA01,M. Sule,106,4,2025-11-14,yes,7.548952,11.119979
BAN-002939,S00839,Guluma,W010,LGA02,B. Gani,100,3,2025-10-12,yes,7.412642,10.900928
BAN-002940,S02086,Agsayi,W032,LGA04,S. Zubi,134,4,2025-11-16,yes,8.107,10.91411
BAN-002941,S02086,Agsayi,W032,LGA04,R. Ede,134,0,2025-11-14,yes,8.104781,10.914569
BAN-002942,S02086,Agsayi,W032,LGA04,Z. Lami,227,1,2025-10-18,yes,8.105134,10.9147
BAN-002943,S00869,Sulushi,W010,LGA02,H. Ede,93,2,2025-11-09,yes,7.428594,10.776606
BAN-002944,S00869,Sulushi,W010,LGA02,F. Cham,108,4,2025-11-27,yes,7.427603,10.77737
BAN-002945,S00869,Sulushi,W010,LGA02,K. Pama,38,0,2025-11-14,yes,7.426764,10.775973
BAN-002946,S00869,Sulushi,W010,LGA02,K. Funo,132,1,2025-10-04,yes,7.429413,10.775605
BAN-002947,S00869,Sulushi,W010,LGA02,A. Dogo,179,1,2025-12-06,yes,7.426707,10.776569
BAN-002948,S01872,Agberi,W029,LGA04,Y. Oje,20,4,2025-10-11,yes,7.998854,10.96333
BAN-002949,S00193,Takofa,W002,LGA01,U. Abu,254,0,2025-11-02,yes,7.096696,10.778864
BAN-002950,S00193,Takofa,W002,LGA01,Y. Zubi,54,2,2025-10-02,yes,7.097122,10.780195
BAN-002951,S00193,Takofa,W002,LGA01,S. Kabo,16,4,2025-10-28,yes,7.097284,10.780777
BAN-002952,S01989,Ollawa,W030,LGA04,S. Funo,253,4,2025-11-18,yes,7.956037,10.554816
BAN-002953,S01989,Ollawa,W030,LGA04,Z. Bala,201,3,2025-11-02,yes,7.957642,10.553034
BAN-002954,S01989,Ollawa,W030,LGA04,M. Cham,225,4,2025-11-19,yes,7.957299,10.554123
BAN-002955,S00609,Kabani,W007,LGA01,M. Funo,7,4,2025-12-06,no,7.35465,11.242284
BAN-002956,S00609,Kabani,W007,LGA01,A. Cham,7,4,2025-10-23,yes,7.35718,11.24241
BAN-002957,S00609,Kabani,W007,LGA01,U. Haru,24,1,2025-10-06,yes,7.358559,11.240017
BAN-002958,S00609,Kabani,W007,LGA01,I. Haru,110,3,2025-12-09,yes,7.356299,11.241248
BAN-002959,S00609,Kabani,W007,LGA01,U. Zubi,99,4,2025-10-16,yes,7.354597,11.240831
BAN-002960,S00632,Banadu,W007,LGA01,I. Gani,38,4,2025-11-20,yes,7.426175,11.324443
BAN-002961,S00632,Banadu,W007,LGA01,A. Abu,33,3,2025-11-14,yes,7.427417,11.322918
BAN-002962,S01032,Ekwawa,W014,LGA01,K. Sule,250,4,2025-10-02,yes,7.45172,11.4768
BAN-002963,S01032,Ekwawa,W014,LGA01,H. Lami,240,3,2025-12-08,yes,7.453173,11.476836
BAN-002964,S01032,Ekwawa,W014,LGA01,M. Pama,125,4,2025-10-17,yes,7.451829,11.476221
BAN-002965,S02482,Zashata,W040,LGA04,F. Gani,214,1,2025-11-25,no,8.391631,11.217025
BAN-002966,S00056,Ibrawo,W001,LGA01,Y. Lami,101,3,2025-11-24,yes,7.035337,11.034517
BAN-002967,S00056,Ibrawo,W001,LGA01,B. Zubi,188,4,2025-10-09,yes,7.036149,11.034571
BAN-002968,S00811,Okbani,W009,LGA02,U. Isa,32,2,2025-10-13,yes,7.579655,10.948498
BAN-002969,S00811,Okbani,W009,LGA02,A. Rabi,164,3,2025-11-09,yes,7.581029,10.948427
BAN-002970,S00626,Datitu,W007,LGA01,I. Lami,195,4,2025-11-15,yes,7.479053,11.12034
BAN-002971,S00626,Datitu,W007,LGA01,H. Jibo,137,3,2025-11-07,yes,7.480059,11.119516
BAN-002972,S00626,Datitu,W007,LGA01,R. Pama,245,0,2025-10-31,yes,7.479069,11.120176
BAN-002973,S00626,Datitu,W007,LGA01,B. Jibo,249,4,2025-11-25,yes,7.479445,11.118916
BAN-002974,S00626,Datitu,W007,LGA01,F. Kabo,259,4,2025-11-24,yes,7.47801,11.119266
BAN-002975,S00214,Suduru-Gabas,W002,LGA01,B. Haru,185,2,2025-10-16,yes,7.222867,10.754104
BAN-002976,S00214,Suduru-Gabas,W002,LGA01,M. Rabi,152,1,2025-10-27,yes,7.222452,10.753615
BAN-002977,S00214,Suduru-Gabas,W002,LGA01,H. Bala,197,3,2025-10-20,yes,7.222604,10.756604
BAN-002978,S00214,Suduru-Gabas,W002,LGA01,K. Isa,161,4,2025-11-05,yes,7.221658,10.754682
BAN-002979,S00098,Halusa,W001,LGA01,R. Rabi,107,3,2025-10-19,yes,7.178381,11.13528
BAN-002980,S00098,Halusa,W001,LGA01,I. Abu,35,0,2025-10-04,yes,7.178647,11.134173
BAN-002981,S00098,Halusa,W001,LGA01,R. Zubi,139,1,2025-10-15,yes,7.18042,11.134545
BAN-002982,S00098,Halusa,W001,LGA01,K. Bala,135,4,2025-10-29,yes,7.177024,11.135166
BAN-002983,S00069,Zakole-Arewa,W001,LGA01,F. Wada,124,3,2025-11-26,yes,7.024153,11.02157
BAN-002984,S00069,Zakole-Arewa,W001,LGA01,M. Bala,228,1,2025-11-10,yes,7.023426,11.022173
BAN-002985,S00069,Zakole-Arewa,W001,LGA01,A. Nura,92,0,2025-12-08,yes,7.024357,11.019572
BAN-002986,S00069,Zakole-Arewa,W001,LGA01,Y. Umar,1,1,2025-11-19,yes,7.025765,11.020812
BAN-002987,S00093,Lobaba,W001,LGA01,R. Isa,229,1,2025-10-30,yes,7.136854,11.185573
BAN-002988,S00093,Lobaba,W001,LGA01,Y. Cham,49,3,2025-11-28,no,7.135779,11.185005
BAN-002989,S00973,Kushadu,W013,LGA02,R. Funo,122,3,2025-10-31,yes,7.50548,10.675984
BAN-002990,S00824,Loduma-Tudun,W009,LGA02,I. Rabi,82,4,2025-11-24,yes,7.508265,11.010098
BAN-002991,S00134,Agdede,W002,LGA01,Z. Isa,66,3,2025-11-05,yes,7.029604,10.918676
BAN-002992,S00134,Agdede,W002,LGA01,A. Zubi,170,0,2025-11-15,yes,7.028654,10.919672
BAN-002993,S01655,Enwawa-Sabo,W024,LGA04,S. Jibo,242,3,2025-10-02,yes,7.766174,10.789135
BAN-002994,S01655,Enwawa-Sabo,W024,LGA04,A. Lami,96,0,2025-11-27,yes,7.76404,10.790131
BAN-002995,S01655,Enwawa-Sabo,W024,LGA04,U. Umar,149,0,2025-11-27,yes,7.766327,10.790081
BAN-002996,S02044,Enkota-Kudu,W031,LGA03,Y. Tanko,71,2,2025-11-11,yes,7.999241,11.332519
BAN-002997,S02044,Enkota-Kudu,W031,LGA03,U. Zubi,252,3,2025-10-14,yes,7.998664,11.334744
BAN-002998,S02044,Enkota-Kudu,W031,LGA03,B. Bala,83,0,2025-10-01,yes,7.997926,11.333876
BAN-002999,S02044,Enkota-Kudu,W031,LGA03,F. Pama,240,1,2025-12-05,no,7.997801,11.33289
BAN-003000,S02044,Enkota-Kudu,W031,LGA03,H. Lami,188,3,2025-11-06,yes,7.998893,11.334196
BAN-003001,S02044,Enkota-Kudu,W031,LGA03,U. Bala,150,1,2025-11-17,yes,7.997138,11.332953
BAN-003002,S00416,Hakowo,W006,LGA01,I. Nura,96,3,2025-11-07,yes,7.251845,11.144958
BAN-003003,S00708,Zaberu,W008,LGA01,M. Pama,186,0,2025-10-05,yes,7.256126,10.818905
BAN-003004,S00708,Zaberu,W008,LGA01,B. Cham,84,2,2025-10-13,yes,7.257751,10.818332
BAN-003005,S00708,Zaberu,W008,LGA01,Z. Oje,250,2,2025-12-08,yes,7.255818,10.818036
BAN-003006,S00708,Zaberu,W008,LGA01,B. Tanko,201,1,2025-11-06,yes,7.255967,10.8179
BAN-003007,S01413,Agyona,W019,LGA04,B. Abu,54,0,2025-12-03,yes,7.60653,10.992275
BAN-003008,S02330,Ibderu,W037,LGA03,R. Nura,231,3,2025-10-13,yes,8.1842,11.533639
BAN-003009,S02330,Ibderu,W037,LGA03,U. Oje,151,0,2025-12-02,yes,8.183326,11.532533
BAN-003010,S02330,Ibderu,W037,LGA03,H. Haru,30,4,2025-11-03,yes,8.182374,11.533327
BAN-003011,S02302,Nuzako,W036,LGA04,I. Zubi,227,2,2025-11-19,yes,8.171817,10.751251
BAN-003012,S02302,Nuzako,W036,LGA04,F. Gani,35,3,2025-10-06,yes,8.171013,10.752429
BAN-003013,S00203,Zatija,W002,LGA01,K. Tanko,181,1,2025-11-27,yes,7.087672,10.815154
BAN-003014,S00203,Zatija,W002,LGA01,R. Yaro,257,3,2025-11-03,yes,7.088163,10.815002
BAN-003015,S00203,Zatija,W002,LGA01,S. Oje,243,2,2025-11-18,yes,7.088298,10.815826
BAN-003016,S00203,Zatija,W002,LGA01,R. Ede,151,0,2025-10-31,yes,7.088481,10.814683
BAN-003017,S00203,Zatija,W002,LGA01,R. Tanko,202,0,2025-10-19,yes,7.087744,10.814519
BAN-003018,S01626,Dosani,W023,LGA03,S. Lami,99,1,2025-11-08,yes,7.776738,11.160023
BAN-003019,S00239,Jimaja,W003,LGA01,Y. Nura,89,4,2025-11-13,no,7.229682,11.007797
BAN-003020,S01458,Irshani,W020,LGA01,B. Pama,209,2,2025-12-02,yes,7.693619,11.150746
BAN-003021,S01767,Eklafa,W027,LGA03,F. Yaro,232,2,2025-10-03,yes,7.945132,11.468547
BAN-003022,S01767,Eklafa,W027,LGA03,K. Nura,216,4,2025-11-23,yes,7.94436,11.468976
BAN-003023,S01767,Eklafa,W027,LGA03,I. Sule,32,2,2025-10-30,yes,7.94534,11.467732
BAN-003024,S00106,Adbaru,W001,LGA01,U. Sule,82,2,2025-10-12,yes,7.060536,11.043433
BAN-003025,S01917,Haraja-Kudu,W029,LGA04,I. Tanko,36,0,2025-12-09,yes,7.995751,10.997087
BAN-003026,S01917,Haraja-Kudu,W029,LGA04,F. Cham,10,1,2025-10-24,yes,7.996858,10.999787
BAN-003027,S01917,Haraja-Kudu,W029,LGA04,I. Sule,258,3,2025-11-10,yes,7.997506,10.998207
BAN-003028,S01917,Haraja-Kudu,W029,LGA04,M. Abu,90,0,2025-11-14,yes,7.996391,10.99757
BAN-003029,S01173,Saludu,W015,LGA01,A. Funo,89,4,2025-11-07,yes,7.563137,11.251627
BAN-003030,S01173,Saludu,W015,LGA01,I. Dogo,122,0,2025-12-04,yes,7.561657,11.251786
BAN-003031,S00952,Ibdushi,W012,LGA02,R. Gani,137,0,2025-10-01,yes,7.321383,10.521949
BAN-003032,S00952,Ibdushi,W012,LGA02,K. Abu,83,1,2025-11-09,yes,7.321841,10.518713
BAN-003033,S00952,Ibdushi,W012,LGA02,U. Zubi,21,0,2025-11-13,yes,7.322197,10.519291
BAN-003034,S00952,Ibdushi,W012,LGA02,R. Kabo,78,3,2025-12-06,yes,7.321227,10.51925
BAN-003035,S00952,Ibdushi,W012,LGA02,I. Yaro,252,3,2025-11-23,no,7.321511,10.520467
BAN-003036,S00952,Ibdushi,W012,LGA02,H. Pama,222,3,2025-11-07,yes,7.32248,10.520219
BAN-003037,S00952,Ibdushi,W012,LGA02,H. Abu,81,3,2025-10-29,yes,7.321911,10.520945
BAN-003038,S00952,Ibdushi,W012,LGA02,A. Sule,257,4,2025-11-12,yes,7.320866,10.520624
BAN-003039,S00477,Kalule,W006,LGA01,S. Tanko,211,3,2025-11-07,yes,7.169838,11.293727
BAN-003040,S00477,Kalule,W006,LGA01,R. Sule,74,4,2025-10-01,yes,7.171235,11.29402
BAN-003041,S00216,Okbako,W002,LGA01,B. Wada,209,4,2025-11-17,yes,7.229557,10.790003
BAN-003042,S00216,Okbako,W002,LGA01,U. Oje,84,0,2025-11-03,yes,7.230796,10.79053
BAN-003043,S00216,Okbako,W002,LGA01,Z. Haru,79,0,2025-10-20,yes,7.230802,10.789095
BAN-003044,S02088,Kurawa,W032,LGA04,I. Haru,206,2,2025-11-24,yes,8.062431,10.822291
BAN-003045,S01967,Watside,W030,LGA04,A. Dogo,207,3,2025-11-03,yes,7.929578,10.647051
BAN-003046,S01967,Watside,W030,LGA04,A. Umar,198,2,2025-11-04,yes,7.929553,10.648591
BAN-003047,S01967,Watside,W030,LGA04,K. Kabo,113,1,2025-10-27,yes,7.928756,10.648302
BAN-003048,S01920,Wanawa,W029,LGA04,B. Yaro,79,4,2025-10-24,yes,7.92978,10.976381
BAN-003049,S01920,Wanawa,W029,LGA04,I. Pama,13,3,2025-10-10,yes,7.929269,10.974687
BAN-003050,S01920,Wanawa,W029,LGA04,M. Abu,11,0,2025-11-30,yes,7.928889,10.975397
BAN-003051,S00979,Talata-Tsakiya,W013,LGA02,Y. Rabi,136,4,2025-10-04,yes,7.468852,10.666928
BAN-003052,S00991,Irduja,W013,LGA02,F. Nura,216,4,2025-10-07,yes,7.447104,10.555434
BAN-003053,S01882,Jikowa,W029,LGA04,A. Gani,16,0,2025-10-10,yes,8.091099,11.030936
BAN-003054,S01882,Jikowa,W029,LGA04,R. Zubi,199,4,2025-11-06,yes,8.092258,11.031435
BAN-003055,S01882,Jikowa,W029,LGA04,R. Bala,28,4,2025-11-19,yes,8.091221,11.03067
BAN-003056,S01882,Jikowa,W029,LGA04,Y. Rabi,6,2,2025-12-08,yes,8.091447,11.031274
BAN-003057,S00802,Wayole-Kofar,W009,LGA02,K. Rabi,63,3,2025-10-17,yes,7.552164,10.966544
BAN-003058,S00802,Wayole-Kofar,W009,LGA02,B. Gani,201,2,2025-10-19,yes,7.552465,10.969106
BAN-003059,S00819,Tatishi-Arewa,W009,LGA02,K. Lami,201,1,2025-11-18,yes,7.560326,10.962117
BAN-003060,S00819,Tatishi-Arewa,W009,LGA02,Z. Jibo,44,3,2025-10-20,no,7.561273,10.959897
BAN-003061,S00819,Tatishi-Arewa,W009,LGA02,S. Nura,32,4,2025-11-29,yes,7.561168,10.961989
BAN-003062,S01012,Bidude,W014,LGA01,I. Jibo,216,2,2025-10-26,yes,7.485613,11.494278
BAN-003063,S01012,Bidude,W014,LGA01,B. Yaro,234,0,2025-11-24,yes,7.486106,11.4948
BAN-003064,S00016,Umzashi,W001,LGA01,A. Yaro,244,4,2025-11-23,yes,7.145601,11.008201
BAN-003065,S00016,Umzashi,W001,LGA01,Y. Musa,208,4,2025-10-19,yes,7.145408,11.006432
BAN-003066,S00016,Umzashi,W001,LGA01,K. Yaro,184,1,2025-10-15,yes,7.146124,11.006684
BAN-003067,S00016,Umzashi,W001,LGA01,Y. Yaro,202,2,2025-10-05,yes,7.146283,11.006961
BAN-003068,S01922,Enwani-Arewa,W029,LGA04,M. Isa,116,3,2025-11-28,yes,7.940708,11.073562
BAN-003069,S01922,Enwani-Arewa,W029,LGA04,A. Funo,206,4,2025-10-09,yes,7.942489,11.075491
BAN-003070,S01922,Enwani-Arewa,W029,LGA04,Y. Rabi,86,0,2025-11-16,yes,7.941633,11.075694
BAN-003071,S00798,Gubako,W009,LGA02,F. Haru,99,0,2025-11-01,yes,7.498573,11.022361
BAN-003072,S00798,Gubako,W009,LGA02,Z. Tanko,208,2,2025-10-07,yes,7.498402,11.024591
BAN-003073,S00798,Gubako,W009,LGA02,U. Haru,226,1,2025-11-06,yes,7.500871,11.025627
BAN-003074,S00798,Gubako,W009,LGA02,I. Zubi,258,1,2025-11-10,yes,7.499656,11.023119
BAN-003075,S01391,Kuyoja-Tudun,W019,LGA04,U. Pama,62,1,2025-11-11,yes,7.601099,10.997018
BAN-003076,S00514,Irlufa-Gabas,W006,LGA01,M. Yaro,16,0,2025-10-20,yes,7.263673,11.160291
BAN-003077,S00514,Irlufa-Gabas,W006,LGA01,S. Isa,170,0,2025-11-04,yes,7.266713,11.158392
BAN-003078,S00514,Irlufa-Gabas,W006,LGA01,A. Bala,155,4,2025-11-08,yes,7.265144,11.159971
BAN-003079,S00514,Irlufa-Gabas,W006,LGA01,H. Wada,207,3,2025-10-26,yes,7.264436,11.158463
BAN-003080,S00404,Sakosa,W005,LGA02,S. Abu,35,2,2025-10-26,yes,7.407961,10.720655
BAN-003081,S00404,Sakosa,W005,LGA02,I. Rabi,124,0,2025-11-01,yes,7.408739,10.719916
BAN-003082,S02055,Ibkole-Sabo,W032,LGA04,I. Abu,168,1,2025-10-14,yes,8.097775,10.841374
BAN-003083,S02055,Ibkole-Sabo,W032,LGA04,H. Pama,110,4,2025-10-05,yes,8.098182,10.842663
BAN-003084,S02055,Ibkole-Sabo,W032,LGA04,Z. Kabo,23,2,2025-10-12,yes,8.098425,10.841545
BAN-003085,S01471,Sazami-Yamma,W020,LGA01,F. Bala,96,4,2025-10-30,yes,7.733114,11.126037
BAN-003086,S01471,Sazami-Yamma,W020,LGA01,M. Umar,116,2,2025-11-11,yes,7.735029,11.122933
BAN-003087,S01471,Sazami-Yamma,W020,LGA01,K. Isa,39,2,2025-10-11,yes,7.733034,11.123853
BAN-003088,S00659,Ektsitu,W007,LGA01,F. Funo,90,0,2025-11-04,yes,7.361579,11.262192
BAN-003089,S00641,Tanafa-Yamma,W007,LGA01,K. Rabi,235,4,2025-11-18,yes,7.334379,11.152672
BAN-003090,S00641,Tanafa-Yamma,W007,LGA01,K. Zubi,128,2,2025-11-11,yes,7.333364,11.150856
BAN-003091,S00641,Tanafa-Yamma,W007,LGA01,A. Wada,199,4,2025-10-21,yes,7.333703,11.153194
BAN-003092,S01486,Jirale,W020,LGA01,M. Pama,168,2,2025-11-02,yes,7.731133,11.149933
BAN-003093,S01486,Jirale,W020,LGA01,M. Rabi,179,3,2025-11-16,yes,7.730121,11.150347
BAN-003094,S01486,Jirale,W020,LGA01,B. Nura,158,2,2025-12-08,yes,7.728974,11.151346
BAN-003095,S00691,Kuwashi,W008,LGA01,U. Oje,131,2,2025-10-31,yes,7.296304,10.951056
BAN-003096,S00691,Kuwashi,W008,LGA01,B. Musa,29,3,2025-11-07,yes,7.298039,10.952253
BAN-003097,S00691,Kuwashi,W008,LGA01,K. Jibo,97,1,2025-10-07,yes,7.297192,10.951682
BAN-003098,S02260,Nunana,W035,LGA04,R. Abu,180,4,2025-11-03,yes,8.308744,10.993652
BAN-003099,S02060,Okshawa,W032,LGA04,B. Wada,179,1,2025-10-04,yes,8.119802,10.893127
BAN-003100,S00184,Bibeko,W002,LGA01,A. Zubi,25,3,2025-10-07,no,7.087499,10.796503
BAN-003101,S00184,Bibeko,W002,LGA01,F. Lami,172,0,2025-11-30,yes,7.089537,10.796218
BAN-003102,S00184,Bibeko,W002,LGA01,S. Gani,143,1,2025-12-03,yes,7.08896,10.796445
BAN-003103,S00184,Bibeko,W002,LGA01,U. Wada,145,4,2025-11-04,yes,7.089293,10.797419
BAN-003104,S00725,Entita,W008,LGA01,Z. Zubi,18,0,2025-10-11,yes,7.420358,10.96258
BAN-003105,S00725,Entita,W008,LGA01,F. Sule,27,2,2025-11-15,yes,7.418389,10.962594
BAN-003106,S00725,Entita,W008,LGA01,M. Wada,215,2,2025-10-25,yes,7.419088,10.962856
BAN-003107,S00725,Entita,W008,LGA01,Z. Pama,166,3,2025-11-13,yes,7.418956,10.962271
BAN-003108,S00390,Agsasa,W005,LGA02,F. Kabo,24,3,2025-10-11,no,7.388317,10.750296
BAN-003109,S02484,Bazako,W040,LGA04,Z. Musa,4,0,2025-11-28,yes,8.310964,11.189552
BAN-003110,S02484,Bazako,W040,LGA04,R. Lami,186,1,2025-11-28,yes,8.310757,11.187862
BAN-003111,S02484,Bazako,W040,LGA04,K. Tanko,242,3,2025-10-27,yes,8.310899,11.188531
BAN-003112,S02484,Bazako,W040,LGA04,S. Gani,196,2,2025-11-24,yes,8.308789,11.187868
BAN-003113,S01217,Umlafa-Kofar,W015,LGA01,S. Wada,120,4,2025-10-11,yes,7.483969,11.216648
BAN-003114,S01217,Umlafa-Kofar,W015,LGA01,I. Oje,224,0,2025-10-01,yes,7.484786,11.218849
BAN-003115,S01217,Umlafa-Kofar,W015,LGA01,U. Tanko,81,3,2025-10-13,yes,7.484526,11.21631
BAN-003116,S01217,Umlafa-Kofar,W015,LGA01,I. Sule,223,2,2025-12-03,yes,7.483278,11.217298
BAN-003117,S01217,Umlafa-Kofar,W015,LGA01,F. Gani,83,4,2025-11-14,yes,7.485063,11.217977
BAN-003118,S01217,Umlafa-Kofar,W015,LGA01,A. Isa,212,1,2025-10-13,yes,7.483801,11.217113
BAN-003119,S01217,Umlafa-Kofar,W015,LGA01,M. Tanko,31,3,2025-12-07,no,7.483456,11.218258
BAN-003120,S01217,Umlafa-Kofar,W015,LGA01,U. Jibo,95,4,2025-10-15,yes,7.484153,11.216745
BAN-003121,S00565,Irbata-Sabo,W007,LGA01,Z. Dogo,224,2,2025-10-09,yes,7.449241,11.239924
BAN-003122,S01361,Agludu,W018,LGA02,K. Dogo,146,4,2025-10-16,yes,7.561626,10.640788
BAN-003123,S00816,Sawade,W009,LGA02,B. Zubi,103,3,2025-10-14,yes,7.503475,10.994891
BAN-003124,S00816,Sawade,W009,LGA02,S. Oje,192,3,2025-11-18,yes,7.500344,10.996314
BAN-003125,S01918,Dongofa-Yamma,W029,LGA04,A. Sule,46,3,2025-10-29,yes,7.891129,10.976842
BAN-003126,S01918,Dongofa-Yamma,W029,LGA04,U. Abu,165,4,2025-10-21,yes,7.89104,10.977585
BAN-003127,S01918,Dongofa-Yamma,W029,LGA04,A. Sule,242,1,2025-11-01,yes,7.891265,10.977875
BAN-003128,S00726,Tasale,W008,LGA01,H. Cham,48,3,2025-10-31,yes,7.182736,10.91731
BAN-003129,S00726,Tasale,W008,LGA01,S. Wada,167,2,2025-11-28,yes,7.18311,10.915848
BAN-003130,S00422,Umlami,W006,LGA01,H. Dogo,109,2,2025-11-24,yes,7.283748,11.215171
BAN-003131,S00422,Umlami,W006,LGA01,M. Sule,124,3,2025-10-29,no,7.283226,11.217831
BAN-003132,S00640,Sazaja,W007,LGA01,F. Haru,28,0,2025-10-10,yes,7.313515,11.385932
BAN-003133,S00640,Sazaja,W007,LGA01,K. Haru,206,0,2025-10-05,yes,7.312129,11.385574
BAN-003134,S01150,Zanaja-Arewa,W015,LGA01,M. Cham,118,3,2025-11-12,yes,7.658712,11.288302
BAN-003135,S00014,Zasafa,W001,LGA01,Z. Cham,169,2,2025-10-14,yes,7.147576,11.206715
BAN-003136,S00393,Farawa-Kofar,W005,LGA02,H. Bala,15,4,2025-11-08,yes,7.317444,10.754039
BAN-003137,S00393,Farawa-Kofar,W005,LGA02,B. Wada,180,2,2025-12-09,yes,7.31622,10.754488
BAN-003138,S00393,Farawa-Kofar,W005,LGA02,F. Rabi,148,2,2025-10-11,yes,7.316417,10.7528
BAN-003139,S00393,Farawa-Kofar,W005,LGA02,S. Ede,126,2,2025-10-13,yes,7.315737,10.754211
BAN-003140,S00393,Farawa-Kofar,W005,LGA02,H. Nura,139,3,2025-12-02,yes,7.315651,10.754199
BAN-003141,S01585,Dazama-Tsakiya,W022,LGA03,S. Musa,29,0,2025-10-06,yes,8.064763,11.550278
BAN-003142,S00995,Gubale,W013,LGA02,M. Funo,18,2,2025-11-15,yes,7.59121,10.537378
BAN-003143,S00995,Gubale,W013,LGA02,H. Cham,251,3,2025-12-04,yes,7.590589,10.536386
BAN-003144,S01304,Mamasa,W017,LGA03,M. Ede,228,3,2025-11-14,yes,7.558756,11.423648
BAN-003145,S01304,Mamasa,W017,LGA03,S. Ede,129,2,2025-10-12,yes,7.558707,11.422431
BAN-003146,S01304,Mamasa,W017,LGA03,M. Umar,254,1,2025-10-26,yes,7.559402,11.423743
BAN-003147,S01304,Mamasa,W017,LGA03,Y. Abu,180,1,2025-11-11,no,7.560294,11.423718
BAN-003148,S01084,Uzlule,W014,LGA01,H. Umar,178,3,2025-11-11,yes,7.507914,11.519624
BAN-003149,S00220,Biluri,W002,LGA01,K. Umar,224,1,2025-11-04,yes,7.10378,10.772087
BAN-003150,S00220,Biluri,W002,LGA01,S. Yaro,167,0,2025-12-05,yes,7.104129,10.773828
BAN-003151,S00220,Biluri,W002,LGA01,M. Jibo,152,2,2025-11-26,yes,7.10406,10.773092
BAN-003152,S00220,Biluri,W002,LGA01,S. Kabo,3,4,2025-10-15,yes,7.104866,10.773329
BAN-003153,S02084,Bijitu,W032,LGA04,I. Dogo,64,0,2025-10-08,yes,8.124662,10.840992
BAN-003154,S02084,Bijitu,W032,LGA04,B. Jibo,152,3,2025-10-31,yes,8.123409,10.843537
BAN-003155,S02084,Bijitu,W032,LGA04,Y. Lami,195,2,2025-10-29,yes,8.12362,10.843342
BAN-003156,S02084,Bijitu,W032,LGA04,U. Lami,258,2,2025-10-09,yes,8.124088,10.84288
BAN-003157,S01050,Rishayi,W014,LGA01,M. Yaro,200,1,2025-11-30,yes,7.530028,11.542454
BAN-003158,S01050,Rishayi,W014,LGA01,M. Abu,167,0,2025-10-02,yes,7.529737,11.54159
BAN-003159,S00223,Ekshafa,W003,LGA01,H. Nura,23,1,2025-10-05,yes,7.416932,10.996208
BAN-003160,S00593,Jiyoma,W007,LGA01,I. Haru,37,4,2025-12-04,yes,7.354493,11.267236
BAN-003161,S01563,Kuluna,W022,LGA03,A. Yaro,33,2,2025-10-22,no,8.067149,11.518818
BAN-003162,S01850,Kazari,W029,LGA04,R. Ede,42,1,2025-10-28,yes,7.955345,11.096388
BAN-003163,S01850,Kazari,W029,LGA04,I. Dogo,160,3,2025-12-06,yes,7.957095,11.097992
BAN-003164,S00295,Tabewa-Tudun,W003,LGA01,I. Haru,136,3,2025-10-16,yes,7.421578,11.089553
BAN-003165,S00295,Tabewa-Tudun,W003,LGA01,U. Isa,242,3,2025-11-03,yes,7.422436,11.088942
BAN-003166,S00295,Tabewa-Tudun,W003,LGA01,I. Oje,201,1,2025-10-19,yes,7.419812,11.088716
BAN-003167,S01552,Agsawo,W021,LGA02,S. Musa,102,4,2025-11-24,yes,7.886715,10.555158
BAN-003168,S01552,Agsawo,W021,LGA02,R. Ede,95,1,2025-10-21,yes,7.886917,10.55398
BAN-003169,S01552,Agsawo,W021,LGA02,I. Ede,77,2,2025-10-05,yes,7.887053,10.555747
BAN-003170,S00383,Entsina,W005,LGA02,I. Funo,182,2,2025-10-07,yes,7.379165,10.722719
BAN-003171,S00383,Entsina,W005,LGA02,Y. Ede,56,3,2025-10-07,yes,7.381457,10.722315
BAN-003172,S00383,Entsina,W005,LGA02,H. Isa,231,4,2025-12-09,yes,7.379554,10.724807
BAN-003173,S00383,Entsina,W005,LGA02,M. Wada,244,1,2025-10-06,yes,7.378397,10.72341
BAN-003174,S00249,Manadu,W003,LGA01,K. Jibo,227,3,2025-12-06,yes,7.444242,11.009271
BAN-003175,S00249,Manadu,W003,LGA01,K. Tanko,141,0,2025-10-05,yes,7.4435,11.010784
BAN-003176,S02395,Tabata,W038,LGA03,B. Oje,253,4,2025-11-03,yes,8.382318,11.400803
BAN-003177,S02395,Tabata,W038,LGA03,M. Isa,61,3,2025-11-10,yes,8.383187,11.39921
BAN-003178,S00104,Dotina,W001,LGA01,K. Haru,100,2,2025-10-20,yes,7.066547,10.967058
BAN-003179,S01704,Ibzana,W025,LGA04,S. Funo,88,0,2025-10-18,yes,7.78117,11.118656
BAN-003180,S01704,Ibzana,W025,LGA04,R. Gani,174,2,2025-10-15,yes,7.78101,11.119901
BAN-003181,S01704,Ibzana,W025,LGA04,K. Rabi,150,0,2025-11-20,no,7.781163,11.118423
BAN-003182,S01704,Ibzana,W025,LGA04,H. Zubi,40,0,2025-10-25,yes,7.781694,11.119712
BAN-003183,S00968,Sayoma,W013,LGA02,K. Zubi,55,4,2025-11-13,yes,7.484917,10.53672
BAN-003184,S00739,Hakoko,W008,LGA01,F. Ede,211,2,2025-10-11,yes,7.194821,10.918688
BAN-003185,S00739,Hakoko,W008,LGA01,M. Tanko,15,1,2025-11-25,yes,7.194915,10.916811
BAN-003186,S00576,Yebawa,W007,LGA01,R. Zubi,188,3,2025-11-17,yes,7.358102,11.237608
BAN-003187,S00576,Yebawa,W007,LGA01,B. Cham,205,4,2025-10-28,yes,7.360812,11.237704
BAN-003188,S00576,Yebawa,W007,LGA01,I. Wada,8,2,2025-11-11,yes,7.35935,11.237766
BAN-003189,S00576,Yebawa,W007,LGA01,B. Cham,151,4,2025-10-16,yes,7.360219,11.236663
BAN-003190,S00576,Yebawa,W007,LGA01,A. Wada,222,0,2025-10-10,yes,7.359843,11.238498
BAN-003191,S01913,Irnari-Kudu,W029,LGA04,B. Abu,33,3,2025-11-29,no,7.968837,10.967563
BAN-003192,S00630,Enwadu,W007,LGA01,M. Haru,243,2,2025-10-26,yes,7.391971,11.259325
BAN-003193,S00630,Enwadu,W007,LGA01,Y. Wada,257,0,2025-10-29,yes,7.392947,11.258555
BAN-003194,S00820,Ibzade-Arewa,W009,LGA02,Y. Oje,42,1,2025-11-30,yes,7.564795,10.863012
BAN-003195,S00062,Irsadu-Sabo,W001,LGA01,Z. Yaro,40,4,2025-10-21,yes,7.035058,11.067804
BAN-003196,S00062,Irsadu-Sabo,W001,LGA01,A. Oje,254,0,2025-10-31,yes,7.034993,11.066639
BAN-003197,S00487,Jirita,W006,LGA01,Z. Zubi,101,1,2025-11-30,yes,7.231128,11.160241
BAN-003198,S00487,Jirita,W006,LGA01,F. Cham,173,0,2025-11-11,yes,7.231692,11.160989
BAN-003199,S00487,Jirita,W006,LGA01,Z. Oje,98,0,2025-10-03,yes,7.232563,11.161247
BAN-003200,S00487,Jirita,W006,LGA01,Y. Isa,168,4,2025-10-21,yes,7.231923,11.161175
BAN-003201,S00487,Jirita,W006,LGA01,Y. Pama,67,2,2025-11-08,yes,7.230948,11.160572
BAN-003202,S00487,Jirita,W006,LGA01,H. Pama,186,3,2025-11-20,yes,7.233267,11.159038
BAN-003203,S00722,Irjitu-Kofar,W008,LGA01,I. Funo,254,3,2025-11-03,yes,7.417839,10.935263
BAN-003204,S01791,Wakoma-Yamma,W027,LGA03,S. Haru,152,3,2025-11-29,yes,7.94318,11.489809
BAN-003205,S01791,Wakoma-Yamma,W027,LGA03,H. Umar,120,2,2025-10-25,yes,7.943563,11.489577
BAN-003206,S01791,Wakoma-Yamma,W027,LGA03,I. Pama,18,0,2025-11-05,yes,7.945737,11.490903
BAN-003207,S01791,Wakoma-Yamma,W027,LGA03,H. Kabo,132,2,2025-11-26,yes,7.942546,11.490102
BAN-003208,S02144,Kudeja,W033,LGA03,S. Tanko,64,0,2025-11-13,yes,7.953534,11.181462
BAN-003209,S02144,Kudeja,W033,LGA03,U. Jibo,169,2,2025-10-27,yes,7.951407,11.180841
BAN-003210,S02491,Zadefa-Kudu,W040,LGA04,B. Isa,249,4,2025-10-28,yes,8.318192,11.180152
BAN-003211,S02491,Zadefa-Kudu,W040,LGA04,B. Kabo,97,2,2025-11-29,yes,8.317678,11.178148
BAN-003212,S00610,Oktiwo,W007,LGA01,M. Zubi,190,3,2025-11-23,yes,7.347576,11.417383
BAN-003213,S02002,Hasaru-Kudu,W031,LGA03,S. Ede,43,0,2025-10-11,yes,7.918285,11.360352
BAN-003214,S02002,Hasaru-Kudu,W031,LGA03,Z. Cham,28,0,2025-11-18,no,7.919207,11.362835
BAN-003215,S00315,Ibnari,W003,LGA01,M. Zubi,252,0,2025-10-12,yes,7.4697,11.021336
BAN-003216,S00315,Ibnari,W003,LGA01,Y. Gani,42,2,2025-10-30,yes,7.469278,11.024195
BAN-003217,S02328,Lodeja-Tsakiya,W037,LGA03,I. Ede,57,2,2025-11-10,yes,8.237979,11.548228
BAN-003218,S02143,Ibkomi,W033,LGA03,M. Yaro,177,0,2025-10-15,yes,8.009916,11.150746
BAN-003219,S02143,Ibkomi,W033,LGA03,Z. Bala,7,2,2025-10-28,yes,8.008924,11.150683
BAN-003220,S02143,Ibkomi,W033,LGA03,Z. Umar,113,1,2025-10-20,yes,8.007873,11.150352
BAN-003221,S02143,Ibkomi,W033,LGA03,K. Oje,79,4,2025-10-05,yes,8.007748,11.152146
BAN-003222,S02143,Ibkomi,W033,LGA03,Y. Kabo,15,4,2025-11-26,yes,8.008096,11.151841
BAN-003223,S00515,Yeduri,W006,LGA01,H. Jibo,176,2,2025-11-07,yes,7.194501,11.26649
BAN-003224,S00515,Yeduri,W006,LGA01,I. Sule,22,3,2025-11-14,yes,7.193858,11.265577
BAN-003225,S00515,Yeduri,W006,LGA01,Y. Sule,133,2,2025-12-07,yes,7.194124,11.264094
BAN-003226,S00515,Yeduri,W006,LGA01,B. Sule,250,1,2025-11-18,yes,7.19263,11.265208
BAN-003227,S00515,Yeduri,W006,LGA01,R. Ede,220,2,2025-12-02,yes,7.192924,11.267213
BAN-003228,S00515,Yeduri,W006,LGA01,R. Funo,159,1,2025-10-22,yes,7.194775,11.265634
BAN-003229,S01885,Kaduna,W029,LGA04,R. Bala,191,4,2025-10-17,yes,7.964581,11.057608
BAN-003230,S01076,Matsiwo,W014,LGA01,H. Cham,25,2,2025-10-23,yes,7.421827,11.455038
BAN-003231,S01320,Adberi,W017,LGA03,A. Sule,255,1,2025-11-18,yes,7.564372,11.400172
BAN-003232,S01320,Adberi,W017,LGA03,U. Jibo,150,2,2025-10-14,yes,7.565242,11.40076
BAN-003233,S02294,Irjimi,W036,LGA04,Y. Bala,230,4,2025-10-19,yes,8.115908,10.757636
BAN-003234,S02294,Irjimi,W036,LGA04,Y. Cham,190,4,2025-11-25,yes,8.115891,10.756623
BAN-003235,S02294,Irjimi,W036,LGA04,Y. Pama,247,4,2025-11-11,yes,8.116547,10.758726
BAN-003236,S02294,Irjimi,W036,LGA04,U. Zubi,154,4,2025-10-05,yes,8.114626,10.758174
BAN-003237,S00851,Okbami,W010,LGA02,U. Kabo,109,2,2025-11-05,yes,7.421448,10.901317
BAN-003238,S02102,Yenade,W033,LGA03,U. Abu,182,1,2025-12-08,yes,7.995876,11.117184
BAN-003239,S02102,Yenade,W033,LGA03,B. Zubi,218,1,2025-12-05,yes,7.996694,11.116938
BAN-003240,S02102,Yenade,W033,LGA03,F. Jibo,95,2,2025-11-11,yes,7.995741,11.11647
BAN-003241,S02492,Sawaru,W040,LGA04,S. Dogo,50,3,2025-10-07,yes,8.298611,11.108887
BAN-003242,S02492,Sawaru,W040,LGA04,R. Rabi,215,1,2025-11-11,yes,8.299153,11.10847
BAN-003243,S02492,Sawaru,W040,LGA04,H. Sule,65,0,2025-11-13,yes,8.298945,11.108925
BAN-003244,S02492,Sawaru,W040,LGA04,A. Isa,63,3,2025-10-31,yes,8.297904,11.11041
BAN-003245,S02492,Sawaru,W040,LGA04,I. Cham,203,4,2025-11-10,yes,8.300021,11.108539
BAN-003246,S02492,Sawaru,W040,LGA04,R. Funo,60,2,2025-10-26,yes,8.298269,11.109319
BAN-003247,S02492,Sawaru,W040,LGA04,Y. Rabi,220,4,2025-10-16,yes,8.297163,11.108896
BAN-003248,S01007,Sawashi,W014,LGA01,M. Umar,23,0,2025-11-28,no,7.387036,11.442039
BAN-003249,S01007,Sawashi,W014,LGA01,R. Nura,145,1,2025-10-15,yes,7.386794,11.440356
BAN-003250,S01007,Sawashi,W014,LGA01,F. Sule,153,2,2025-11-14,yes,7.386072,11.440067
BAN-003251,S01227,Irzami,W015,LGA01,F. Rabi,92,1,2025-11-29,no,7.482816,11.183782
BAN-003252,S01227,Irzami,W015,LGA01,M. Sule,184,3,2025-10-04,yes,7.481117,11.183194
BAN-003253,S01227,Irzami,W015,LGA01,S. Ede,161,2,2025-10-24,yes,7.480662,11.183723
BAN-003254,S00066,Tararu-Gabas,W001,LGA01,S. Cham,132,4,2025-10-27,yes,7.046142,11.09752
BAN-003255,S00066,Tararu-Gabas,W001,LGA01,B. Sule,135,2,2025-10-10,yes,7.041606,11.098241
BAN-003256,S00761,Yekota,W008,LGA01,S. Ede,99,0,2025-11-05,yes,7.420529,10.974745
BAN-003257,S00761,Yekota,W008,LGA01,B. Tanko,108,1,2025-10-31,yes,7.421374,10.97464
BAN-003258,S01239,Aglashi,W016,LGA02,R. Rabi,214,1,2025-10-01,yes,7.569988,10.44322
BAN-003259,S01459,Wabawa,W020,LGA01,B. Tanko,78,3,2025-11-22,yes,7.758653,11.125115
BAN-003260,S01459,Wabawa,W020,LGA01,U. Kabo,24,1,2025-10-14,yes,7.757973,11.127122
BAN-003261,S01128,Agyowa-Tudun,W015,LGA01,S. Abu,79,0,2025-10-04,yes,7.491509,11.218013
BAN-003262,S01128,Agyowa-Tudun,W015,LGA01,Y. Yaro,16,1,2025-10-13,yes,7.491084,11.217753
BAN-003263,S00981,Ringomi,W013,LGA02,Y. Rabi,143,3,2025-10-15,yes,7.513946,10.680685
BAN-003264,S00981,Ringomi,W013,LGA02,K. Abu,65,0,2025-10-22,yes,7.513318,10.67977
BAN-003265,S00981,Ringomi,W013,LGA02,F. Lami,257,0,2025-11-24,yes,7.513161,10.68062
BAN-003266,S00981,Ringomi,W013,LGA02,Y. Rabi,169,4,2025-11-10,yes,7.514294,10.681194
BAN-003267,S01344,Ibnani-Kudu,W018,LGA02,U. Yaro,258,1,2025-11-20,yes,7.565869,10.639171
BAN-003268,S01344,Ibnani-Kudu,W018,LGA02,R. Isa,91,0,2025-11-29,yes,7.567209,10.641178
BAN-003269,S02039,Yengoni,W031,LGA03,H. Yaro,216,1,2025-11-18,no,7.967206,11.344458
BAN-003270,S00308,Umjiwa-Kudu,W003,LGA01,F. Oje,234,3,2025-10-18,yes,7.455618,11.032483
BAN-003271,S00308,Umjiwa-Kudu,W003,LGA01,B. Tanko,209,4,2025-10-08,yes,7.455551,11.032897
BAN-003272,S00308,Umjiwa-Kudu,W003,LGA01,I. Gani,185,3,2025-12-03,yes,7.455754,11.032754
BAN-003273,S01912,Tasami,W029,LGA04,Z. Kabo,233,3,2025-11-04,no,7.91215,11.076318
BAN-003274,S01912,Tasami,W029,LGA04,K. Gani,252,0,2025-11-18,yes,7.913469,11.077022
BAN-003275,S01912,Tasami,W029,LGA04,S. Wada,176,2,2025-11-25,no,7.912267,11.075576
BAN-003276,S01999,Irbari,W031,LGA03,U. Umar,221,3,2025-11-30,yes,8.013924,11.330205
BAN-003277,S01999,Irbari,W031,LGA03,Y. Lami,258,1,2025-10-09,yes,8.012932,11.329849
BAN-003278,S01999,Irbari,W031,LGA03,H. Tanko,8,1,2025-11-10,no,8.012775,11.330488
BAN-003279,S01834,Kajitu,W028,LGA04,Z. Ede,9,2,2025-10-24,yes,7.865174,10.901354
BAN-003280,S01834,Kajitu,W028,LGA04,H. Dogo,35,4,2025-11-24,yes,7.866854,10.901569
BAN-003281,S01834,Kajitu,W028,LGA04,K. Ede,129,1,2025-11-25,yes,7.867217,10.902454
BAN-003282,S01834,Kajitu,W028,LGA04,S. Kabo,31,3,2025-12-07,yes,7.864808,10.901557
BAN-003283,S01834,Kajitu,W028,LGA04,R. Yaro,50,2,2025-11-07,yes,7.867012,10.902322
BAN-003284,S00707,Umdena,W008,LGA01,U. Musa,158,3,2025-11-20,yes,7.258698,10.883353
BAN-003285,S00707,Umdena,W008,LGA01,M. Oje,178,2,2025-10-31,yes,7.259608,10.883515
BAN-003286,S00707,Umdena,W008,LGA01,M. Tanko,31,0,2025-10-24,yes,7.260077,10.884124
BAN-003287,S00707,Umdena,W008,LGA01,R. Jibo,225,4,2025-11-22,yes,7.261111,10.882506
BAN-003288,S00707,Umdena,W008,LGA01,R. Rabi,39,3,2025-10-20,yes,7.258973,10.881792
BAN-003289,S00707,Umdena,W008,LGA01,R. Isa,99,2,2025-11-14,no,7.259519,10.883189
BAN-003290,S01408,Nurimi-Tudun,W019,LGA04,B. Wada,258,2,2025-10-13,yes,7.692481,10.852446
BAN-003291,S00070,Gungoshi,W001,LGA01,Y. Gani,140,1,2025-11-06,yes,7.20778,11.128458
BAN-003292,S00070,Gungoshi,W001,LGA01,Z. Haru,192,4,2025-10-27,yes,7.207181,11.130039
BAN-003293,S00070,Gungoshi,W001,LGA01,A. Kabo,1,4,2025-11-24,yes,7.209487,11.128492
BAN-003294,S00070,Gungoshi,W001,LGA01,I. Sule,236,2,2025-11-04,yes,7.209662,11.129076
BAN-003295,S00070,Gungoshi,W001,LGA01,Y. Oje,181,2,2025-11-20,yes,7.206721,11.128975
BAN-003296,S00070,Gungoshi,W001,LGA01,F. Pama,4,4,2025-11-07,yes,7.208025,11.129728
BAN-003297,S00178,Habale,W002,LGA01,H. Wada,144,4,2025-11-20,yes,7.135242,10.790889
BAN-003298,S00178,Habale,W002,LGA01,A. Yaro,44,3,2025-10-02,yes,7.133551,10.790888
BAN-003299,S01409,Olshaba,W019,LGA04,B. Lami,96,3,2025-10-26,yes,7.708052,10.886246
BAN-003300,S00332,Ekbade,W004,LGA02,K. Dogo,64,3,2025-10-16,yes,7.187877,10.616405
BAN-003301,S00332,Ekbade,W004,LGA02,A. Dogo,192,4,2025-10-15,yes,7.186801,10.615299
BAN-003302,S00332,Ekbade,W004,LGA02,R. Sule,121,1,2025-10-12,yes,7.187403,10.61737
BAN-003303,S01169,Salushi,W015,LGA01,U. Isa,221,2,2025-11-17,yes,7.687323,11.264429
BAN-003304,S00668,Gunatu-Gabas,W008,LGA01,H. Wada,253,3,2025-10-08,yes,7.432668,10.96582
BAN-003305,S00668,Gunatu-Gabas,W008,LGA01,F. Musa,128,4,2025-10-15,yes,7.431227,10.965863
BAN-003306,S00668,Gunatu-Gabas,W008,LGA01,A. Yaro,252,1,2025-10-31,yes,7.434518,10.966563
BAN-003307,S00668,Gunatu-Gabas,W008,LGA01,Z. Isa,93,2,2025-10-28,yes,7.4323,10.966223
BAN-003308,S00668,Gunatu-Gabas,W008,LGA01,F. Cham,82,0,2025-11-20,yes,7.433057,10.966118
BAN-003309,S01327,Faluna,W018,LGA02,U. Cham,250,1,2025-11-03,yes,7.543719,10.711009
BAN-003310,S01327,Faluna,W018,LGA02,K. Tanko,241,0,2025-10-16,yes,7.542308,10.711887
BAN-003311,S01327,Faluna,W018,LGA02,H. Umar,47,1,2025-10-28,no,7.543897,10.711518
BAN-003312,S01327,Faluna,W018,LGA02,H. Yaro,216,3,2025-10-09,yes,7.542335,10.711328
BAN-003313,S02524,Ibjiba-Yamma,W040,LGA04,Y. Rabi,211,0,2025-11-03,yes,8.319852,11.161226
BAN-003314,S02524,Ibjiba-Yamma,W040,LGA04,U. Isa,27,4,2025-12-06,yes,8.320212,11.161414
BAN-003315,S02524,Ibjiba-Yamma,W040,LGA04,H. Haru,203,1,2025-11-24,yes,8.317443,11.162573
BAN-003316,S00195,Mashafa,W002,LGA01,K. Gani,186,0,2025-12-03,yes,7.087759,10.72912
BAN-003317,S00195,Mashafa,W002,LGA01,Y. Tanko,181,1,2025-10-14,yes,7.08967,10.729258
BAN-003318,S00540,Adzafa-Yamma,W007,LGA01,H. Yaro,208,0,2025-11-20,yes,7.363082,11.23765
BAN-003319,S00540,Adzafa-Yamma,W007,LGA01,Y. Jibo,208,0,2025-12-08,yes,7.36508,11.235593
BAN-003320,S00540,Adzafa-Yamma,W007,LGA01,U. Bala,173,4,2025-11-28,yes,7.361752,11.235856
BAN-003321,S02019,Dobawo,W031,LGA03,U. Funo,142,3,2025-11-09,yes,8.017143,11.340282
BAN-003322,S02019,Dobawo,W031,LGA03,B. Dogo,98,0,2025-11-23,yes,8.01732,11.337157
BAN-003323,S02019,Dobawo,W031,LGA03,S. Haru,73,2,2025-10-19,yes,8.01826,11.340582
BAN-003324,S01779,Oltidu,W027,LGA03,R. Musa,160,0,2025-11-18,yes,7.91585,11.4631
BAN-003325,S01779,Oltidu,W027,LGA03,A. Zubi,124,4,2025-11-26,yes,7.914918,11.464621
BAN-003326,S01779,Oltidu,W027,LGA03,M. Isa,38,1,2025-11-18,yes,7.914781,11.463319
BAN-003327,S01779,Oltidu,W027,LGA03,R. Wada,5,0,2025-10-15,yes,7.916593,11.462442
BAN-003328,S01779,Oltidu,W027,LGA03,S. Zubi,115,4,2025-10-08,yes,7.915614,11.464707
BAN-003329,S01779,Oltidu,W027,LGA03,A. Wada,229,3,2025-11-19,yes,7.915398,11.462283
BAN-003330,S00949,Ennale,W012,LGA02,K. Cham,87,1,2025-10-10,yes,7.364116,10.5116
BAN-003331,S00949,Ennale,W012,LGA02,R. Musa,18,3,2025-11-28,yes,7.363739,10.510453
BAN-003332,S00949,Ennale,W012,LGA02,H. Rabi,108,1,2025-10-02,yes,7.364695,10.511212
BAN-003333,S02000,Wangoyi,W031,LGA03,H. Haru,135,3,2025-10-28,yes,8.041918,11.271142
BAN-003334,S02000,Wangoyi,W031,LGA03,K. Nura,142,3,2025-11-17,yes,8.042781,11.271998
BAN-003335,S02418,Ektiyi,W038,LGA03,Z. Funo,135,1,2025-11-15,yes,8.274237,11.313408
BAN-003336,S01539,Hakosa,W021,LGA02,I. Gani,189,2,2025-10-20,yes,7.894091,10.479123
BAN-003337,S01539,Hakosa,W021,LGA02,K. Haru,85,4,2025-10-20,yes,7.894254,10.478389
BAN-003338,S02083,Olshadu,W032,LGA04,Y. Gani,72,2,2025-11-12,yes,8.065992,10.8554
BAN-003339,S02083,Olshadu,W032,LGA04,I. Bala,118,3,2025-11-18,yes,8.067028,10.855739
BAN-003340,S02083,Olshadu,W032,LGA04,U. Ede,79,1,2025-10-23,no,8.067159,10.856794
BAN-003341,S02083,Olshadu,W032,LGA04,M. Abu,177,1,2025-10-21,yes,8.065728,10.854023
BAN-003342,S00157,Jimashi,W002,LGA01,F. Abu,159,4,2025-11-21,yes,7.089613,10.7776
BAN-003343,S00157,Jimashi,W002,LGA01,I. Yaro,55,3,2025-10-26,yes,7.09144,10.779004
BAN-003344,S00157,Jimashi,W002,LGA01,F. Musa,26,1,2025-10-24,yes,7.090235,10.778764
BAN-003345,S00157,Jimashi,W002,LGA01,B. Gani,126,2,2025-10-26,yes,7.090918,10.777866
BAN-003346,S00157,Jimashi,W002,LGA01,U. Rabi,142,3,2025-11-19,yes,7.089383,10.777249
BAN-003347,S01183,Domari,W015,LGA01,R. Pama,246,1,2025-11-17,yes,7.482078,11.188157
BAN-003348,S00027,Riwayi,W001,LGA01,U. Haru,45,4,2025-11-25,yes,7.030115,11.089068
BAN-003349,S02293,Ekwata,W036,LGA04,R. Jibo,38,4,2025-12-05,yes,8.089159,10.722455
BAN-003350,S02293,Ekwata,W036,LGA04,U. Rabi,39,2,2025-10-26,yes,8.091081,10.720019
BAN-003351,S02293,Ekwata,W036,LGA04,B. Oje,51,4,2025-11-09,yes,8.089125,10.721626
BAN-003352,S02178,Ekzaru,W034,LGA03,A. Wada,168,0,2025-11-27,yes,8.128271,11.198507
BAN-003353,S02178,Ekzaru,W034,LGA03,Z. Musa,150,3,2025-11-19,yes,8.127864,11.197169
BAN-003354,S02178,Ekzaru,W034,LGA03,H. Cham,175,0,2025-10-11,yes,8.129451,11.198837
BAN-003355,S02178,Ekzaru,W034,LGA03,F. Dogo,165,2,2025-10-26,yes,8.129907,11.195779
BAN-003356,S01322,Umluri,W018,LGA02,K. Rabi,55,0,2025-10-31,yes,7.555256,10.634065
BAN-003357,S02021,Dongodu,W031,LGA03,H. Abu,1,0,2025-11-02,yes,7.940948,11.371544
BAN-003358,S02212,Ekrile,W034,LGA03,A. Ede,240,2,2025-11-25,yes,8.204657,11.238195
BAN-003359,S02212,Ekrile,W034,LGA03,I. Zubi,223,4,2025-10-23,yes,8.206212,11.238977
BAN-003360,S02212,Ekrile,W034,LGA03,K. Musa,87,3,2025-11-09,yes,8.206702,11.23846
BAN-003361,S01174,Agyowo,W015,LGA01,K. Yaro,9,2,2025-12-05,yes,7.508619,11.219133
BAN-003362,S00950,Zakota,W012,LGA02,A. Jibo,204,1,2025-11-01,yes,7.332781,10.562251
BAN-003363,S00277,Enbemi,W003,LGA01,S. Dogo,116,2,2025-10-13,yes,7.457828,11.004697
BAN-003364,S00277,Enbemi,W003,LGA01,R. Gani,259,4,2025-10-03,yes,7.455832,11.003651
BAN-003365,S00277,Enbemi,W003,LGA01,H. Umar,47,0,2025-12-07,yes,7.456104,11.00327
BAN-003366,S00599,Olngosa,W007,LGA01,S. Pama,143,0,2025-11-19,yes,7.321136,11.315688
BAN-003367,S00599,Olngosa,W007,LGA01,R. Kabo,189,3,2025-10-02,yes,7.321817,11.314236
BAN-003368,S00673,Kawaja,W008,LGA01,F. Abu,83,0,2025-12-02,yes,7.42242,10.939889
BAN-003369,S00673,Kawaja,W008,LGA01,B. Kabo,143,3,2025-12-04,no,7.422584,10.939388
BAN-003370,S01697,Birasa,W025,LGA04,R. Nura,216,4,2025-10-08,yes,7.786597,11.119572
BAN-003371,S02498,Bidude-Kudu,W040,LGA04,K. Cham,175,1,2025-10-24,yes,8.393825,11.217967
BAN-003372,S02498,Bidude-Kudu,W040,LGA04,K. Rabi,245,3,2025-11-07,yes,8.392574,11.219589
BAN-003373,S02498,Bidude-Kudu,W040,LGA04,A. Lami,141,1,2025-11-01,yes,8.393085,11.21834
BAN-003374,S02498,Bidude-Kudu,W040,LGA04,B. Tanko,233,3,2025-11-13,yes,8.39273,11.218072
BAN-003375,S02498,Bidude-Kudu,W040,LGA04,R. Cham,70,4,2025-10-17,yes,8.393594,11.216828
BAN-003376,S00516,Olzaja,W006,LGA01,B. Abu,216,0,2025-11-12,yes,7.265376,11.248905
BAN-003377,S00516,Olzaja,W006,LGA01,B. Sule,207,3,2025-11-21,yes,7.265945,11.247454
BAN-003378,S00516,Olzaja,W006,LGA01,K. Dogo,92,3,2025-11-28,yes,7.266676,11.248793
BAN-003379,S00363,Dolaja,W004,LGA02,M. Dogo,56,0,2025-11-21,yes,7.151687,10.664891
BAN-003380,S00363,Dolaja,W004,LGA02,R. Musa,146,1,2025-10-25,yes,7.152135,10.666173
BAN-003381,S00363,Dolaja,W004,LGA02,M. Lami,150,0,2025-10-13,yes,7.151788,10.665577
BAN-003382,S01675,Dangowo-Gabas,W025,LGA04,B. Tanko,96,3,2025-11-05,yes,7.847434,10.938061
BAN-003383,S01675,Dangowo-Gabas,W025,LGA04,K. Yaro,85,4,2025-11-20,yes,7.848761,10.936074
BAN-003384,S01675,Dangowo-Gabas,W025,LGA04,I. Bala,5,1,2025-11-28,yes,7.847111,10.938425
BAN-003385,S01675,Dangowo-Gabas,W025,LGA04,F. Haru,201,3,2025-11-07,yes,7.845309,10.936841
BAN-003386,S01292,Irduma-Gabas,W017,LGA03,F. Nura,197,2,2025-11-13,yes,7.582819,11.566098
BAN-003387,S01399,Umshashi,W019,LGA04,U. Jibo,219,4,2025-11-01,no,7.567729,11.024865
BAN-003388,S01399,Umshashi,W019,LGA04,R. Nura,188,0,2025-10-24,yes,7.567175,11.024343
BAN-003389,S00760,Olluri,W008,LGA01,K. Jibo,160,1,2025-11-20,yes,7.432846,10.963035
BAN-003390,S00885,Riduko,W011,LGA02,M. Kabo,75,2,2025-12-04,no,7.701385,10.434537
BAN-003391,S02030,Uzwawo,W031,LGA03,U. Rabi,22,3,2025-10-10,yes,7.944634,11.364143
BAN-003392,S02030,Uzwawo,W031,LGA03,B. Cham,107,0,2025-10-18,no,7.944307,11.363694
BAN-003393,S02030,Uzwawo,W031,LGA03,B. Isa,146,1,2025-12-04,yes,7.945054,11.364865
BAN-003394,S01985,Nulule,W030,LGA04,F. Isa,189,0,2025-11-08,yes,8.00292,10.568029
BAN-003395,S01042,Nungoko-Tudun,W014,LGA01,H. Tanko,153,4,2025-11-21,no,7.450306,11.462368
BAN-003396,S01998,Hadele,W031,LGA03,M. Rabi,85,4,2025-10-10,yes,7.94373,11.388726
BAN-003397,S01998,Hadele,W031,LGA03,B. Pama,52,0,2025-10-27,yes,7.941555,11.389029
BAN-003398,S01998,Hadele,W031,LGA03,Y. Sule,53,3,2025-10-21,yes,7.943299,11.391223
BAN-003399,S01998,Hadele,W031,LGA03,I. Ede,135,3,2025-12-08,yes,7.943192,11.390225
BAN-003400,S01801,Uzkodu,W028,LGA04,Z. Sule,180,3,2025-10-07,yes,7.972758,10.887344
BAN-003401,S01801,Uzkodu,W028,LGA04,H. Ede,78,3,2025-10-29,yes,7.972437,10.888114
BAN-003402,S01801,Uzkodu,W028,LGA04,F. Isa,207,3,2025-11-05,yes,7.971957,10.886762
BAN-003403,S01801,Uzkodu,W028,LGA04,H. Rabi,5,1,2025-10-24,yes,7.972495,10.887536
BAN-003404,S01654,Olmaba,W024,LGA04,A. Funo,102,4,2025-12-08,yes,7.832594,10.690759
BAN-003405,S01654,Olmaba,W024,LGA04,M. Jibo,22,3,2025-11-27,yes,7.828238,10.690765
BAN-003406,S01654,Olmaba,W024,LGA04,Y. Abu,123,1,2025-10-24,yes,7.829644,10.690642
BAN-003407,S00100,Mashasa,W001,LGA01,R. Musa,152,0,2025-11-18,yes,7.061535,10.963667
BAN-003408,S00100,Mashasa,W001,LGA01,A. Pama,245,2,2025-11-28,yes,7.062704,10.962686
BAN-003409,S00148,Ribaja,W002,LGA01,Y. Oje,77,4,2025-11-16,yes,7.106567,10.808222
BAN-003410,S01813,Umyoni,W028,LGA04,H. Abu,61,3,2025-11-22,no,7.990948,10.797617
BAN-003411,S02221,Olyotu,W035,LGA04,F. Cham,88,4,2025-11-20,yes,8.276045,11.036995
BAN-003412,S02221,Olyotu,W035,LGA04,U. Haru,43,3,2025-11-03,yes,8.276765,11.038857
BAN-003413,S02221,Olyotu,W035,LGA04,A. Rabi,38,0,2025-10-07,yes,8.276605,11.038099
BAN-003414,S02221,Olyotu,W035,LGA04,Y. Oje,56,3,2025-10-03,yes,8.27579,11.039022
BAN-003415,S02221,Olyotu,W035,LGA04,U. Nura,109,4,2025-11-15,yes,8.274606,11.036498
BAN-003416,S00279,Adrana,W003,LGA01,M. Rabi,186,3,2025-10-11,yes,7.208232,11.026218
BAN-003417,S00279,Adrana,W003,LGA01,R. Jibo,142,3,2025-11-11,yes,7.207482,11.027828
BAN-003418,S00942,Kushaba,W012,LGA02,M. Bala,138,4,2025-10-19,yes,7.342422,10.500269
BAN-003419,S00942,Kushaba,W012,LGA02,H. Abu,71,1,2025-10-07,yes,7.341857,10.499766
BAN-003420,S00942,Kushaba,W012,LGA02,U. Tanko,216,4,2025-11-15,yes,7.343127,10.501004
BAN-003421,S00942,Kushaba,W012,LGA02,U. Nura,28,1,2025-10-04,yes,7.342627,10.498982
BAN-003422,S00942,Kushaba,W012,LGA02,H. Wada,181,4,2025-11-09,yes,7.343208,10.49994
BAN-003423,S00942,Kushaba,W012,LGA02,F. Gani,116,0,2025-10-11,yes,7.342614,10.502098
BAN-003424,S00942,Kushaba,W012,LGA02,I. Tanko,118,3,2025-10-24,no,7.342071,10.502152
BAN-003425,S00170,Olrita,W002,LGA01,A. Lami,104,1,2025-11-19,yes,7.208677,10.778371
BAN-003426,S01640,Kabema,W024,LGA04,U. Gani,201,4,2025-12-01,yes,7.822639,10.710021
BAN-003427,S01640,Kabema,W024,LGA04,Y. Nura,229,0,2025-11-21,yes,7.821099,10.711988
BAN-003428,S01633,Hangona,W023,LGA03,R. Gani,24,1,2025-11-24,yes,7.928772,11.168386
BAN-003429,S01633,Hangona,W023,LGA03,M. Bala,229,4,2025-11-06,yes,7.927838,11.168874
BAN-003430,S02284,Malaba,W036,LGA04,S. Bala,61,1,2025-10-02,yes,8.10034,10.695382
BAN-003431,S01003,Lokoba-Tudun,W014,LGA01,A. Jibo,242,2,2025-11-22,yes,7.423986,11.512599
BAN-003432,S01003,Lokoba-Tudun,W014,LGA01,Y. Isa,59,3,2025-12-05,yes,7.423254,11.512394
BAN-003433,S02450,Sudule,W039,LGA04,B. Isa,96,4,2025-10-21,yes,8.258885,10.83642
BAN-003434,S02450,Sudule,W039,LGA04,K. Oje,184,2,2025-10-11,yes,8.256636,10.838428
BAN-003435,S02450,Sudule,W039,LGA04,U. Tanko,70,1,2025-11-22,no,8.257069,10.836476
BAN-003436,S02450,Sudule,W039,LGA04,M. Umar,31,4,2025-10-09,yes,8.255261,10.836398
BAN-003437,S01884,Dodude,W029,LGA04,K. Haru,167,1,2025-11-02,yes,7.996153,10.995626
BAN-003438,S01884,Dodude,W029,LGA04,A. Abu,170,1,2025-11-21,no,7.995584,10.994451
BAN-003439,S01884,Dodude,W029,LGA04,F. Jibo,177,0,2025-10-28,yes,7.995058,10.994159
BAN-003440,S01900,Kabade,W029,LGA04,H. Zubi,166,1,2025-11-08,yes,7.973039,11.054951
BAN-003441,S00433,Zajiyi,W006,LGA01,I. Oje,30,3,2025-11-21,no,7.195002,11.207311
BAN-003442,S00433,Zajiyi,W006,LGA01,B. Isa,79,1,2025-11-05,yes,7.196476,11.208017
BAN-003443,S00433,Zajiyi,W006,LGA01,Z. Abu,46,1,2025-10-22,yes,7.196245,11.205138
BAN-003444,S00433,Zajiyi,W006,LGA01,F. Lami,45,3,2025-11-09,yes,7.194909,11.207049
BAN-003445,S01803,Zasani-Yamma,W028,LGA04,U. Nura,212,2,2025-10-13,yes,7.894036,10.862938
BAN-003446,S01803,Zasani-Yamma,W028,LGA04,K. Dogo,130,3,2025-10-08,yes,7.896209,10.862064
BAN-003447,S01803,Zasani-Yamma,W028,LGA04,Y. Jibo,168,1,2025-12-06,yes,7.893995,10.863782
BAN-003448,S01803,Zasani-Yamma,W028,LGA04,R. Isa,126,0,2025-10-29,yes,7.894713,10.861835
BAN-003449,S00080,Adnade-Kofar,W001,LGA01,H. Bala,115,1,2025-11-13,yes,7.206595,11.137592
BAN-003450,S00080,Adnade-Kofar,W001,LGA01,I. Gani,122,0,2025-11-18,yes,7.207556,11.138988
BAN-003451,S00080,Adnade-Kofar,W001,LGA01,Y. Jibo,2,0,2025-11-19,yes,7.205948,11.137898
BAN-003452,S00688,Adjiwo,W008,LGA01,S. Sule,107,4,2025-10-03,yes,7.444566,10.955389
BAN-003453,S00688,Adjiwo,W008,LGA01,I. Musa,167,1,2025-10-21,yes,7.443331,10.954877
BAN-003454,S00688,Adjiwo,W008,LGA01,F. Ede,115,4,2025-11-23,yes,7.442809,10.955358
BAN-003455,S00688,Adjiwo,W008,LGA01,U. Rabi,83,0,2025-10-14,yes,7.444554,10.954541
BAN-003456,S00137,Lotisa,W002,LGA01,B. Dogo,43,0,2025-11-24,yes,7.070665,10.782995
BAN-003457,S00137,Lotisa,W002,LGA01,A. Funo,156,0,2025-11-24,yes,7.068909,10.784264
BAN-003458,S00137,Lotisa,W002,LGA01,H. Wada,64,4,2025-11-16,yes,7.070039,10.782702
BAN-003459,S00137,Lotisa,W002,LGA01,K. Isa,216,0,2025-11-06,yes,7.068994,10.784086
BAN-003460,S00270,Damana,W003,LGA01,K. Dogo,55,0,2025-11-15,yes,7.410736,11.121614
BAN-003461,S00270,Damana,W003,LGA01,I. Jibo,184,4,2025-11-06,yes,7.410496,11.121733
BAN-003462,S00270,Damana,W003,LGA01,M. Funo,76,2,2025-11-20,yes,7.409287,11.124708
BAN-003463,S00270,Damana,W003,LGA01,U. Gani,75,3,2025-10-14,no,7.411507,11.121718
BAN-003464,S00270,Damana,W003,LGA01,I. Zubi,212,2,2025-11-12,yes,7.409515,11.123025
BAN-003465,S02317,Sasade-Tsakiya,W037,LGA03,F. Funo,158,3,2025-10-14,no,8.213257,11.508501
BAN-003466,S00573,Dosasa-Tudun,W007,LGA01,Z. Dogo,62,4,2025-10-29,yes,7.410646,11.23738
BAN-003467,S00573,Dosasa-Tudun,W007,LGA01,H. Isa,130,1,2025-10-21,yes,7.412072,11.238626
BAN-003468,S00573,Dosasa-Tudun,W007,LGA01,F. Pama,63,1,2025-10-22,yes,7.410662,11.237675
BAN-003469,S00573,Dosasa-Tudun,W007,LGA01,B. Jibo,217,1,2025-10-06,yes,7.412875,11.23716
BAN-003470,S00573,Dosasa-Tudun,W007,LGA01,M. Isa,251,1,2025-11-13,yes,7.411996,11.239408
BAN-003471,S00943,Kuriwo,W012,LGA02,S. Abu,16,0,2025-11-13,yes,7.401949,10.452387
BAN-003472,S00943,Kuriwo,W012,LGA02,K. Rabi,166,1,2025-10-16,yes,7.400503,10.453419
BAN-003473,S00943,Kuriwo,W012,LGA02,S. Pama,183,1,2025-12-05,no,7.401159,10.45256
BAN-003474,S00943,Kuriwo,W012,LGA02,U. Wada,72,3,2025-11-23,yes,7.40234,10.453558
BAN-003475,S00943,Kuriwo,W012,LGA02,K. Umar,59,3,2025-11-20,yes,7.400447,10.452302
BAN-003476,S02090,Oltimi,W032,LGA04,R. Nura,18,1,2025-11-29,no,8.056135,10.856837
BAN-003477,S02090,Oltimi,W032,LGA04,Y. Wada,7,2,2025-11-20,yes,8.055043,10.855809
BAN-003478,S02090,Oltimi,W032,LGA04,F. Haru,20,4,2025-10-25,yes,8.057571,10.855888
BAN-003479,S02090,Oltimi,W032,LGA04,U. Lami,156,4,2025-11-25,yes,8.057978,10.85838
BAN-003480,S02090,Oltimi,W032,LGA04,I. Pama,142,0,2025-10-29,yes,8.05592,10.857868
BAN-003481,S01978,Nuzari,W030,LGA04,U. Umar,104,2,2025-11-12,yes,7.893228,10.626312
BAN-003482,S01978,Nuzari,W030,LGA04,U. Sule,54,2,2025-10-16,yes,7.892673,10.625891
BAN-003483,S01978,Nuzari,W030,LGA04,A. Abu,154,3,2025-11-01,yes,7.893854,10.625348
BAN-003484,S01978,Nuzari,W030,LGA04,U. Musa,172,3,2025-11-26,yes,7.894938,10.624502
BAN-003485,S02132,Ektsina,W033,LGA03,B. Pama,35,4,2025-11-10,yes,8.042349,11.22143
BAN-003486,S02132,Ektsina,W033,LGA03,Y. Sule,12,4,2025-11-16,no,8.044385,11.21915
BAN-003487,S02132,Ektsina,W033,LGA03,R. Funo,259,2,2025-11-30,yes,8.04063,11.222185
BAN-003488,S02132,Ektsina,W033,LGA03,M. Rabi,134,0,2025-10-20,yes,8.044838,11.218822
BAN-003489,S00466,Agrade,W006,LGA01,R. Nura,216,0,2025-10-25,yes,7.268928,11.189587
BAN-003490,S00466,Agrade,W006,LGA01,F. Abu,85,2,2025-11-07,yes,7.270333,11.18925
BAN-003491,S02432,Nujina,W039,LGA04,I. Sule,246,0,2025-10-23,yes,8.367923,10.925458
BAN-003492,S02432,Nujina,W039,LGA04,I. Kabo,197,4,2025-10-08,yes,8.366998,10.925104
BAN-003493,S02432,Nujina,W039,LGA04,A. Nura,211,2,2025-11-08,yes,8.36754,10.925543
BAN-003494,S02432,Nujina,W039,LGA04,A. Cham,104,1,2025-11-10,yes,8.368094,10.926432
BAN-003495,S02432,Nujina,W039,LGA04,M. Gani,230,0,2025-10-08,yes,8.368161,10.926219
BAN-003496,S00501,Fanawo,W006,LGA01,F. Cham,186,2,2025-12-07,yes,7.218641,11.351695
BAN-003497,S00501,Fanawo,W006,LGA01,R. Yaro,161,1,2025-12-07,yes,7.217666,11.350488
BAN-003498,S00501,Fanawo,W006,LGA01,F. Jibo,67,4,2025-11-05,yes,7.21774,11.350681
BAN-003499,S00501,Fanawo,W006,LGA01,B. Zubi,226,2,2025-11-29,yes,7.217386,11.349318
BAN-003500,S00243,Surifa,W003,LGA01,F. Nura,108,4,2025-11-07,yes,7.390796,11.078053
BAN-003501,S00544,Warita-Tsakiya,W007,LGA01,B. Pama,128,1,2025-11-24,yes,7.377116,11.150826
BAN-003502,S00544,Warita-Tsakiya,W007,LGA01,F. Zubi,21,1,2025-11-05,yes,7.377322,11.150155
BAN-003503,S00544,Warita-Tsakiya,W007,LGA01,H. Musa,256,0,2025-11-08,yes,7.37744,11.149748
BAN-003504,S00544,Warita-Tsakiya,W007,LGA01,Z. Funo,251,1,2025-10-30,yes,7.376035,11.151069
BAN-003505,S01447,Halata,W020,LGA01,U. Rabi,235,1,2025-11-03,no,7.709072,11.120654
BAN-003506,S01447,Halata,W020,LGA01,Y. Bala,157,0,2025-10-12,yes,7.710058,11.119355
BAN-003507,S00294,Uzlako,W003,LGA01,K. Rabi,62,0,2025-10-09,yes,7.272896,10.976802
BAN-003508,S00294,Uzlako,W003,LGA01,Z. Bala,137,1,2025-11-21,yes,7.270837,10.978885
BAN-003509,S00294,Uzlako,W003,LGA01,F. Tanko,136,4,2025-10-31,yes,7.272213,10.97502
BAN-003510,S01807,Talayi,W028,LGA04,B. Sule,232,1,2025-10-26,yes,7.999552,10.760763
BAN-003511,S02377,Bisawa,W038,LGA03,U. Bala,179,4,2025-10-11,yes,8.33669,11.438323
BAN-003512,S02377,Bisawa,W038,LGA03,Z. Jibo,197,0,2025-10-17,yes,8.337794,11.438716
BAN-003513,S01192,Doritu,W015,LGA01,F. Musa,63,4,2025-10-24,yes,7.695049,11.275536
BAN-003514,S01192,Doritu,W015,LGA01,Y. Wada,24,4,2025-11-09,yes,7.695422,11.275431
BAN-003515,S01613,Marashi,W023,LGA03,S. Gani,50,0,2025-11-01,yes,7.831452,11.232482
BAN-003516,S01613,Marashi,W023,LGA03,S. Gani,201,0,2025-11-08,yes,7.833002,11.232373
BAN-003517,S01613,Marashi,W023,LGA03,M. Rabi,170,4,2025-11-21,no,7.830829,11.23121
BAN-003518,S01756,Bangoni,W027,LGA03,F. Bala,202,3,2025-10-14,yes,7.762844,11.327157
BAN-003519,S01756,Bangoni,W027,LGA03,K. Dogo,184,4,2025-10-10,yes,7.761907,11.32697
BAN-003520,S00675,Zabafa,W008,LGA01,A. Zubi,25,1,2025-10-16,yes,7.412522,10.936576
BAN-003521,S00675,Zabafa,W008,LGA01,R. Funo,118,0,2025-12-03,yes,7.412223,10.937609
BAN-003522,S01168,Dasharu,W015,LGA01,B. Tanko,89,0,2025-10-07,yes,7.657523,11.261872
BAN-003523,S01168,Dasharu,W015,LGA01,R. Dogo,158,1,2025-10-22,yes,7.657044,11.263512
BAN-003524,S00852,Susaba-Kofar,W010,LGA02,M. Dogo,45,3,2025-10-14,yes,7.446791,10.841145
BAN-003525,S00852,Susaba-Kofar,W010,LGA02,A. Pama,27,0,2025-10-21,yes,7.445542,10.842509
BAN-003526,S00852,Susaba-Kofar,W010,LGA02,B. Yaro,253,1,2025-11-23,yes,7.447272,10.840844
BAN-003527,S00852,Susaba-Kofar,W010,LGA02,S. Umar,2,1,2025-11-16,yes,7.447662,10.841905
BAN-003528,S02281,Oktide,W036,LGA04,Z. Nura,112,4,2025-11-03,yes,8.172606,10.65383
BAN-003529,S02281,Oktide,W036,LGA04,Z. Oje,38,2,2025-12-03,yes,8.171404,10.653271
BAN-003530,S02281,Oktide,W036,LGA04,I. Jibo,3,0,2025-11-15,yes,8.170838,10.653276
BAN-003531,S02281,Oktide,W036,LGA04,F. Jibo,117,0,2025-11-25,no,8.171436,10.653195
BAN-003532,S01972,Subewo,W030,LGA04,I. Haru,103,0,2025-12-08,yes,8.003482,10.557262
BAN-003533,S01972,Subewo,W030,LGA04,S. Sule,211,0,2025-10-17,yes,8.000979,10.557938
BAN-003534,S00449,Zayoru,W006,LGA01,A. Abu,19,0,2025-12-06,yes,7.281293,11.185204
BAN-003535,S00449,Zayoru,W006,LGA01,B. Bala,207,2,2025-10-22,yes,7.280546,11.185309
BAN-003536,S00449,Zayoru,W006,LGA01,B. Funo,25,3,2025-10-31,yes,7.281169,11.186129
BAN-003537,S01929,Riyoyi,W030,LGA04,A. Dogo,40,3,2025-12-01,yes,7.922183,10.683963
BAN-003538,S01929,Riyoyi,W030,LGA04,R. Tanko,219,0,2025-10-01,yes,7.922826,10.685197
BAN-003539,S01929,Riyoyi,W030,LGA04,F. Rabi,148,3,2025-10-08,yes,7.921151,10.683761
BAN-003540,S01446,Tabami,W020,LGA01,R. Musa,220,0,2025-10-16,yes,7.757493,11.182397
BAN-003541,S01446,Tabami,W020,LGA01,I. Pama,157,1,2025-10-17,yes,7.757428,11.18243
BAN-003542,S01446,Tabami,W020,LGA01,U. Wada,238,2,2025-10-29,yes,7.75612,11.18162
BAN-003543,S01446,Tabami,W020,LGA01,H. Umar,20,0,2025-12-01,yes,7.75736,11.182459
BAN-003544,S02280,Olyoru,W036,LGA04,S. Funo,193,0,2025-10-10,yes,8.125555,10.755741
BAN-003545,S02280,Olyoru,W036,LGA04,K. Cham,159,0,2025-12-07,yes,8.125957,10.757293
BAN-003546,S00843,Bibeyi,W010,LGA02,U. Jibo,1,2,2025-12-02,yes,7.411136,10.867258
BAN-003547,S02014,Mangona-Gabas,W031,LGA03,B. Sule,73,2,2025-12-06,yes,8.055234,11.277254
BAN-003548,S02014,Mangona-Gabas,W031,LGA03,A. Pama,206,0,2025-12-03,no,8.054779,11.279811
BAN-003549,S02263,Kukoko,W035,LGA04,K. Zubi,146,4,2025-11-09,yes,8.281693,10.944043
BAN-003550,S02263,Kukoko,W035,LGA04,F. Pama,82,3,2025-10-31,yes,8.280466,10.943966
BAN-003551,S02263,Kukoko,W035,LGA04,U. Funo,35,3,2025-12-05,yes,8.281256,10.942592
BAN-003552,S00867,Hamasa-Tudun,W010,LGA02,B. Oje,148,3,2025-10-29,yes,7.437423,10.776961
BAN-003553,S00867,Hamasa-Tudun,W010,LGA02,Y. Jibo,133,0,2025-11-02,yes,7.43755,10.775303
BAN-003554,S00867,Hamasa-Tudun,W010,LGA02,M. Lami,168,2,2025-11-14,yes,7.437016,10.775205
BAN-003555,S00459,Lorisa,W006,LGA01,Z. Pama,76,2,2025-11-09,yes,7.211214,11.320069
BAN-003556,S00459,Lorisa,W006,LGA01,K. Isa,223,1,2025-10-22,yes,7.209434,11.32069
BAN-003557,S00459,Lorisa,W006,LGA01,B. Sule,145,0,2025-11-30,yes,7.212355,11.321432
BAN-003558,S00459,Lorisa,W006,LGA01,Y. Abu,1,4,2025-10-28,yes,7.212418,11.319495
BAN-003559,S01571,Enraja,W022,LGA03,Y. Abu,65,2,2025-11-09,yes,8.199596,11.442116
BAN-003560,S01571,Enraja,W022,LGA03,M. Pama,102,4,2025-10-23,yes,8.199998,11.44057
BAN-003561,S01235,Uzjiba,W016,LGA02,H. Jibo,125,0,2025-11-24,no,7.573281,10.43918
BAN-003562,S01235,Uzjiba,W016,LGA02,Z. Abu,144,0,2025-11-14,yes,7.570056,10.439373
BAN-003563,S01235,Uzjiba,W016,LGA02,A. Wada,79,2,2025-10-02,yes,7.570915,10.439316
BAN-003564,S01750,Kalari,W026,LGA03,Z. Wada,75,4,2025-11-17,yes,7.775649,11.399373
BAN-003565,S01707,Jibasa,W026,LGA03,S. Pama,198,4,2025-10-20,no,7.755403,11.53303
BAN-003566,S00354,Uzbede-Yamma,W004,LGA02,I. Jibo,173,1,2025-11-21,yes,7.174828,10.693527
BAN-003567,S00354,Uzbede-Yamma,W004,LGA02,H. Dogo,11,4,2025-10-11,yes,7.174137,10.693758
BAN-003568,S00354,Uzbede-Yamma,W004,LGA02,U. Tanko,48,4,2025-11-22,yes,7.173521,10.692002
BAN-003569,S01764,Irdushi-Kudu,W027,LGA03,K. Isa,104,0,2025-12-04,yes,7.901547,11.496881
BAN-003570,S00150,Dakoba,W002,LGA01,F. Tanko,52,0,2025-11-29,yes,7.082179,10.795639
BAN-003571,S00150,Dakoba,W002,LGA01,H. Zubi,75,0,2025-10-04,yes,7.083678,10.795322
BAN-003572,S00150,Dakoba,W002,LGA01,M. Abu,122,3,2025-12-04,no,7.081533,10.794306
BAN-003573,S00150,Dakoba,W002,LGA01,F. Wada,66,1,2025-11-22,yes,7.081798,10.794642
BAN-003574,S00150,Dakoba,W002,LGA01,B. Jibo,240,1,2025-10-07,yes,7.079579,10.796553
BAN-003575,S00803,Fanashi,W009,LGA02,A. Zubi,177,0,2025-10-22,yes,7.571691,10.965652
BAN-003576,S00803,Fanashi,W009,LGA02,S. Yaro,58,1,2025-10-19,yes,7.571494,10.965674
BAN-003577,S00803,Fanashi,W009,LGA02,Z. Kabo,94,1,2025-11-15,yes,7.569872,10.966581
BAN-003578,S00803,Fanashi,W009,LGA02,R. Jibo,258,3,2025-10-27,yes,7.572039,10.964651
BAN-003579,S02043,Sujide-Gabas,W031,LGA03,K. Pama,40,1,2025-11-02,yes,8.008942,11.312481
BAN-003580,S02043,Sujide-Gabas,W031,LGA03,F. Oje,122,0,2025-12-03,yes,8.01033,11.314155
BAN-003581,S00350,Fanadu,W004,LGA02,A. Pama,189,1,2025-10-14,yes,7.157583,10.647958
BAN-003582,S02313,Olluru,W037,LGA03,F. Nura,175,3,2025-11-15,yes,8.224083,11.567202
BAN-003583,S02313,Olluru,W037,LGA03,K. Wada,6,2,2025-10-19,yes,8.223754,11.565301
BAN-003584,S02313,Olluru,W037,LGA03,S. Isa,227,4,2025-10-04,yes,8.223547,11.565993
BAN-003585,S02313,Olluru,W037,LGA03,H. Yaro,254,1,2025-11-28,no,8.223531,11.564753
BAN-003586,S00208,Okzatu,W002,LGA01,R. Kabo,92,0,2025-10-28,yes,7.177701,10.784065
BAN-003587,S00208,Okzatu,W002,LGA01,Y. Lami,120,1,2025-10-23,yes,7.176614,10.784249
BAN-003588,S00208,Okzatu,W002,LGA01,M. Jibo,180,2,2025-10-17,yes,7.178236,10.784591
BAN-003589,S00208,Okzatu,W002,LGA01,M. Musa,59,0,2025-10-09,yes,7.177196,10.782281
BAN-003590,S01315,Uzrama-Arewa,W017,LGA03,K. Oje,74,4,2025-11-08,yes,7.570873,11.406569
BAN-003591,S01315,Uzrama-Arewa,W017,LGA03,B. Gani,42,0,2025-10-10,yes,7.571599,11.40695
BAN-003592,S01315,Uzrama-Arewa,W017,LGA03,I. Umar,171,4,2025-12-06,yes,7.570934,11.407747
BAN-003593,S01315,Uzrama-Arewa,W017,LGA03,I. Funo,245,3,2025-11-04,yes,7.570199,11.406441
BAN-003594,S00310,Karitu,W003,LGA01,I. Dogo,148,2,2025-12-01,yes,7.421943,10.98284
BAN-003595,S00310,Karitu,W003,LGA01,Y. Umar,32,2,2025-11-09,yes,7.422764,10.984505
BAN-003596,S00108,Guludu,W001,LGA01,S. Tanko,151,0,2025-11-22,yes,7.125448,11.125278
BAN-003597,S00108,Guludu,W001,LGA01,S. Kabo,98,3,2025-11-14,yes,7.1245,11.126149
BAN-003598,S00108,Guludu,W001,LGA01,I. Gani,100,2,2025-11-26,yes,7.1252,11.125122
BAN-003599,S00624,Irrishi,W007,LGA01,A. Cham,148,1,2025-10-18,yes,7.446432,11.198004
BAN-003600,S00624,Irrishi,W007,LGA01,H. Musa,234,4,2025-11-21,yes,7.4487,11.199488
BAN-003601,S00624,Irrishi,W007,LGA01,Z. Oje,50,3,2025-10-08,yes,7.446469,11.197592
BAN-003602,S00624,Irrishi,W007,LGA01,K. Nura,104,2,2025-10-01,yes,7.448175,11.198604
BAN-003603,S01467,Gukori,W020,LGA01,B. Pama,42,2,2025-11-11,yes,7.724154,11.163375
BAN-003604,S01467,Gukori,W020,LGA01,F. Gani,46,2,2025-11-30,yes,7.725179,11.164096
BAN-003605,S02287,Olbede,W036,LGA04,U. Dogo,107,4,2025-11-19,yes,8.197063,10.781733
BAN-003606,S02287,Olbede,W036,LGA04,K. Isa,145,3,2025-12-07,yes,8.199089,10.782421
BAN-003607,S02287,Olbede,W036,LGA04,I. Pama,212,3,2025-11-08,yes,8.197327,10.782172
BAN-003608,S01009,Addedu,W014,LGA01,F. Zubi,82,0,2025-11-07,yes,7.425135,11.456543
BAN-003609,S01009,Addedu,W014,LGA01,Y. Gani,69,4,2025-11-25,no,7.426454,11.459774
BAN-003610,S01340,Biwadu-Gabas,W018,LGA02,S. Umar,39,0,2025-11-26,yes,7.548775,10.650937
BAN-003611,S01340,Biwadu-Gabas,W018,LGA02,B. Zubi,189,0,2025-10-17,yes,7.54945,10.650844
BAN-003612,S01340,Biwadu-Gabas,W018,LGA02,U. Wada,227,0,2025-11-18,yes,7.550865,10.651684
BAN-003613,S02308,Sudena,W036,LGA04,U. Tanko,74,3,2025-11-20,yes,8.212584,10.731071
BAN-003614,S00921,Olbemi-Kudu,W011,LGA02,H. Oje,227,1,2025-11-15,yes,7.605986,10.442151
BAN-003615,S00921,Olbemi-Kudu,W011,LGA02,U. Yaro,89,2,2025-10-31,yes,7.605764,10.442257
BAN-003616,S00667,Adyole,W008,LGA01,I. Cham,255,1,2025-11-25,yes,7.323886,10.862237
BAN-003617,S00667,Adyole,W008,LGA01,F. Ede,46,2,2025-11-17,yes,7.324706,10.861337
BAN-003618,S00101,Suludu-Arewa,W001,LGA01,Z. Umar,3,2,2025-10-22,yes,7.163095,11.015767
BAN-003619,S00101,Suludu-Arewa,W001,LGA01,H. Dogo,97,4,2025-11-23,yes,7.163849,11.015207
BAN-003620,S00101,Suludu-Arewa,W001,LGA01,H. Oje,35,2,2025-10-30,no,7.163723,11.016126
BAN-003621,S00101,Suludu-Arewa,W001,LGA01,Y. Dogo,125,0,2025-10-28,yes,7.163324,11.015027
BAN-003622,S00057,Nuwani,W001,LGA01,M. Nura,129,1,2025-10-23,yes,7.180876,11.157348
BAN-003623,S00057,Nuwani,W001,LGA01,U. Musa,215,0,2025-11-06,no,7.181101,11.159451
BAN-003624,S00242,Gulushi,W003,LGA01,S. Yaro,146,1,2025-11-03,yes,7.405216,11.111673
BAN-003625,S00242,Gulushi,W003,LGA01,F. Wada,158,1,2025-10-24,yes,7.404829,11.111487
BAN-003626,S00242,Gulushi,W003,LGA01,F. Gani,58,3,2025-11-30,yes,7.402082,11.112936
BAN-003627,S00135,Yebede,W002,LGA01,H. Nura,184,2,2025-11-07,no,7.071485,10.928206
BAN-003628,S00888,Bibafa,W011,LGA02,A. Ede,15,1,2025-10-10,yes,7.723049,10.390052
BAN-003629,S00888,Bibafa,W011,LGA02,B. Cham,156,4,2025-10-15,yes,7.722719,10.390872
BAN-003630,S01741,Bamani,W026,LGA03,I. Umar,199,3,2025-10-11,yes,7.7084,11.534277
BAN-003631,S01741,Bamani,W026,LGA03,U. Haru,137,3,2025-11-02,yes,7.708734,11.533754
BAN-003632,S01741,Bamani,W026,LGA03,S. Umar,134,2,2025-11-09,no,7.708448,11.533027
BAN-003633,S00696,Irngosa,W008,LGA01,K. Abu,108,3,2025-11-01,yes,7.423374,10.969238
BAN-003634,S00499,Ibngodu,W006,LGA01,Y. Isa,245,1,2025-11-23,no,7.191849,11.368229
BAN-003635,S00499,Ibngodu,W006,LGA01,Z. Gani,245,0,2025-11-30,yes,7.19117,11.367513
BAN-003636,S00499,Ibngodu,W006,LGA01,Z. Rabi,15,3,2025-10-26,yes,7.191327,11.3688
BAN-003637,S00499,Ibngodu,W006,LGA01,S. Ede,66,2,2025-11-13,no,7.191862,11.366267
BAN-003638,S00499,Ibngodu,W006,LGA01,K. Gani,33,4,2025-11-22,yes,7.191948,11.367134
BAN-003639,S00804,Madena,W009,LGA02,Z. Wada,96,4,2025-11-03,yes,7.538999,10.962755
BAN-003640,S01107,Wangofa,W015,LGA01,H. Ede,4,1,2025-11-09,yes,7.516537,11.188966
BAN-003641,S00002,Haduni,W001,LGA01,Z. Cham,166,2,2025-10-20,yes,7.151427,11.160223
BAN-003642,S00835,Zaraja,W010,LGA02,Z. Dogo,54,1,2025-10-05,yes,7.405471,10.785085
BAN-003643,S01216,Wamashi,W015,LGA01,S. Gani,30,0,2025-11-01,yes,7.503554,11.221848
BAN-003644,S01054,Jidude,W014,LGA01,Z. Zubi,171,0,2025-10-02,yes,7.523887,11.530814
BAN-003645,S01054,Jidude,W014,LGA01,K. Rabi,118,4,2025-10-15,no,7.524141,11.533374
BAN-003646,S01054,Jidude,W014,LGA01,U. Dogo,31,1,2025-11-25,yes,7.524168,11.530107
BAN-003647,S01821,Gukoshi,W028,LGA04,R. Bala,251,2,2025-11-02,yes,7.983596,10.785735
BAN-003648,S01163,Bishale,W015,LGA01,B. Abu,257,1,2025-11-01,yes,7.519689,11.245719
BAN-003649,S01163,Bishale,W015,LGA01,S. Gani,177,0,2025-10-26,yes,7.517627,11.244297
BAN-003650,S01163,Bishale,W015,LGA01,I. Sule,56,0,2025-10-23,yes,7.518164,11.243914
BAN-003651,S01163,Bishale,W015,LGA01,U. Oje,11,0,2025-10-12,yes,7.518769,11.24278
BAN-003652,S01163,Bishale,W015,LGA01,R. Umar,1,2,2025-10-22,yes,7.519541,11.244965
BAN-003653,S01163,Bishale,W015,LGA01,Y. Tanko,85,0,2025-11-09,yes,7.516988,11.24302
BAN-003654,S02193,Nujishi,W034,LGA03,Z. Gani,171,3,2025-10-06,yes,8.133763,11.188509
BAN-003655,S02166,Halayi,W034,LGA03,U. Lami,71,4,2025-11-09,yes,8.271142,11.230026
BAN-003656,S02166,Halayi,W034,LGA03,U. Bala,16,1,2025-11-12,yes,8.272032,11.230828
BAN-003657,S02166,Halayi,W034,LGA03,R. Sule,239,0,2025-11-29,yes,8.270041,11.230091
BAN-003658,S02166,Halayi,W034,LGA03,B. Sule,128,0,2025-10-21,yes,8.271025,11.229187
BAN-003659,S02166,Halayi,W034,LGA03,F. Jibo,239,4,2025-11-23,no,8.270724,11.230881
BAN-003660,S02166,Halayi,W034,LGA03,Y. Abu,67,1,2025-11-18,yes,8.273141,11.231776
BAN-003661,S02166,Halayi,W034,LGA03,S. Haru,26,4,2025-10-09,yes,8.270771,11.230062
BAN-003662,S02228,Zatsiri-Sabo,W035,LGA04,I. Kabo,186,2,2025-10-26,yes,8.244424,11.011256
BAN-003663,S00160,Dasatu-Tsakiya,W002,LGA01,R. Dogo,226,4,2025-12-09,no,7.128559,10.8006
BAN-003664,S01605,Dabale-Arewa,W023,LGA03,K. Gani,104,1,2025-12-06,yes,7.924719,11.199307
BAN-003665,S00527,Sushata,W006,LGA01,F. Sule,50,2,2025-11-15,yes,7.166033,11.263604
BAN-003666,S01729,Jiriwa,W026,LGA03,K. Abu,145,3,2025-11-13,no,7.750527,11.415485
BAN-003667,S01729,Jiriwa,W026,LGA03,S. Kabo,167,0,2025-10-30,no,7.749169,11.415323
BAN-003668,S01695,Tatiri,W025,LGA04,R. Haru,127,2,2025-11-17,yes,7.71627,11.046265
BAN-003669,S01695,Tatiri,W025,LGA04,F. Nura,121,2,2025-11-22,yes,7.717037,11.04917
BAN-003670,S01695,Tatiri,W025,LGA04,F. Umar,206,0,2025-10-18,yes,7.717317,11.04643
BAN-003671,S01695,Tatiri,W025,LGA04,S. Cham,255,2,2025-11-30,yes,7.718003,11.047647
BAN-003672,S00287,Donadu-Gabas,W003,LGA01,M. Isa,196,1,2025-10-03,yes,7.412469,11.079456
BAN-003673,S02370,Bizari,W038,LGA03,H. Rabi,189,4,2025-10-24,yes,8.246534,11.405678
BAN-003674,S02370,Bizari,W038,LGA03,I. Oje,30,2,2025-11-01,yes,8.248485,11.40604
BAN-003675,S00977,Irzawo,W013,LGA02,A. Isa,60,1,2025-10-24,yes,7.521684,10.56881
BAN-003676,S01316,Saluna,W017,LGA03,S. Rabi,143,1,2025-10-21,yes,7.601397,11.407286
BAN-003677,S01316,Saluna,W017,LGA03,K. Ede,91,4,2025-10-26,yes,7.600297,11.410789
BAN-003678,S01316,Saluna,W017,LGA03,Z. Wada,143,1,2025-11-14,yes,7.599118,11.407074
BAN-003679,S02407,Zajishi,W038,LGA03,Z. Sule,208,2,2025-10-19,no,8.244847,11.39467
BAN-003680,S00671,Mazatu,W008,LGA01,Z. Yaro,71,2,2025-10-05,yes,7.182335,10.903704
BAN-003681,S00671,Mazatu,W008,LGA01,K. Jibo,73,3,2025-10-19,yes,7.181081,10.902657
BAN-003682,S00671,Mazatu,W008,LGA01,U. Sule,113,2,2025-11-08,yes,7.181408,10.903959
BAN-003683,S01031,Nurima,W014,LGA01,S. Ede,79,2,2025-11-15,yes,7.479704,11.455187
BAN-003684,S01031,Nurima,W014,LGA01,Z. Bala,18,2,2025-10-14,yes,7.479431,11.453457
BAN-003685,S02365,Barifa,W038,LGA03,S. Umar,170,1,2025-11-08,yes,8.299862,11.429931
BAN-003686,S02365,Barifa,W038,LGA03,K. Zubi,168,1,2025-10-10,yes,8.299598,11.431863
BAN-003687,S02365,Barifa,W038,LGA03,Y. Yaro,157,2,2025-11-21,yes,8.301178,11.432363
BAN-003688,S00874,Guderu,W011,LGA02,Y. Bala,121,1,2025-10-27,yes,7.745733,10.411148
BAN-003689,S00874,Guderu,W011,LGA02,R. Cham,202,3,2025-11-26,yes,7.743778,10.411121
BAN-003690,S00874,Guderu,W011,LGA02,H. Oje,74,1,2025-11-24,yes,7.743942,10.411133
BAN-003691,S00874,Guderu,W011,LGA02,A. Ede,62,4,2025-11-02,yes,7.74402,10.409135
BAN-003692,S00874,Guderu,W011,LGA02,K. Sule,258,1,2025-11-17,yes,7.745891,10.410599
BAN-003693,S02198,Enbani,W034,LGA03,Z. Haru,8,2,2025-11-06,yes,8.023242,11.210083
BAN-003694,S02198,Enbani,W034,LGA03,S. Umar,188,0,2025-10-19,yes,8.024471,11.210433
BAN-003695,S02198,Enbani,W034,LGA03,I. Rabi,179,3,2025-10-04,yes,8.022769,11.208942
BAN-003696,S01368,Wajitu-Arewa,W018,LGA02,R. Haru,108,3,2025-10-23,yes,7.565144,10.645187
BAN-003697,S01368,Wajitu-Arewa,W018,LGA02,K. Lami,34,2,2025-10-28,yes,7.565368,10.645083
BAN-003698,S01368,Wajitu-Arewa,W018,LGA02,K. Zubi,221,2,2025-10-10,yes,7.564748,10.645
BAN-003699,S01368,Wajitu-Arewa,W018,LGA02,B. Rabi,146,3,2025-10-28,no,7.562941,10.646202
BAN-003700,S01368,Wajitu-Arewa,W018,LGA02,Z. Isa,107,1,2025-10-21,yes,7.562185,10.644616
BAN-003701,S01368,Wajitu-Arewa,W018,LGA02,U. Musa,246,3,2025-11-18,yes,7.565209,10.645102
BAN-003702,S01368,Wajitu-Arewa,W018,LGA02,R. Nura,248,0,2025-10-14,yes,7.56276,10.646521
BAN-003703,S02282,Bibaba-Kudu,W036,LGA04,U. Oje,254,4,2025-11-14,yes,8.13147,10.761589
BAN-003704,S02282,Bibaba-Kudu,W036,LGA04,S. Funo,189,2,2025-11-03,yes,8.132593,10.763638
BAN-003705,S01069,Hazayi,W014,LGA01,B. Yaro,162,2,2025-10-09,yes,7.467356,11.468046
BAN-003706,S01069,Hazayi,W014,LGA01,R. Pama,95,3,2025-10-11,yes,7.468657,11.465919
BAN-003707,S00670,Lotsina,W008,LGA01,I. Haru,107,1,2025-10-05,yes,7.204351,10.914952
BAN-003708,S00670,Lotsina,W008,LGA01,B. Ede,22,3,2025-10-19,yes,7.203889,10.91513
BAN-003709,S00670,Lotsina,W008,LGA01,R. Funo,89,4,2025-10-07,yes,7.204468,10.916969
BAN-003710,S01616,Uznaba,W023,LGA03,Y. Wada,202,3,2025-11-29,yes,7.90641,11.176913
BAN-003711,S00028,Yerifa,W001,LGA01,A. Nura,124,2,2025-11-25,yes,7.147772,11.040721
BAN-003712,S00077,Dajisa,W001,LGA01,R. Sule,17,3,2025-11-19,yes,7.043833,11.093024
BAN-003713,S00077,Dajisa,W001,LGA01,R. Bala,253,3,2025-11-02,yes,7.04419,11.094487
BAN-003714,S00041,Lodule,W001,LGA01,Z. Tanko,167,2,2025-12-06,yes,7.058955,11.002499
BAN-003715,S00041,Lodule,W001,LGA01,F. Nura,234,1,2025-10-07,yes,7.060356,11.002993
BAN-003716,S00041,Lodule,W001,LGA01,K. Lami,33,1,2025-12-03,yes,7.059437,11.004109
BAN-003717,S00140,Guyoba,W002,LGA01,F. Ede,239,4,2025-10-22,yes,7.201715,10.773888
BAN-003718,S00140,Guyoba,W002,LGA01,Y. Nura,32,1,2025-11-30,yes,7.205784,10.774772
BAN-003719,S00372,Haluta-Tudun,W005,LGA02,M. Lami,216,4,2025-10-06,yes,7.329993,10.769522
BAN-003720,S01802,Tajisa-Tsakiya,W028,LGA04,S. Isa,206,4,2025-10-09,yes,7.996555,10.75402
BAN-003721,S01448,Gumawa,W020,LGA01,S. Haru,248,4,2025-11-22,yes,7.721214,11.154784
BAN-003722,S01448,Gumawa,W020,LGA01,Y. Haru,239,1,2025-11-15,yes,7.720049,11.154995
BAN-003723,S01448,Gumawa,W020,LGA01,H. Wada,210,2,2025-11-14,yes,7.72094,11.154299
BAN-003724,S01448,Gumawa,W020,LGA01,Y. Umar,80,2,2025-11-11,yes,7.71971,11.155389
BAN-003725,S02231,Kaderi,W035,LGA04,F. Dogo,78,3,2025-11-19,yes,8.264257,11.003837
BAN-003726,S02231,Kaderi,W035,LGA04,A. Funo,221,2,2025-11-02,yes,8.263649,11.003747
BAN-003727,S02231,Kaderi,W035,LGA04,I. Wada,224,1,2025-12-09,no,8.263545,11.004016
BAN-003728,S02149,Kujide,W033,LGA03,K. Pama,18,3,2025-10-01,yes,7.994215,11.164785
BAN-003729,S00371,Ririyi,W005,LGA02,U. Dogo,241,2,2025-11-19,yes,7.327089,10.736389
BAN-003730,S00371,Ririyi,W005,LGA02,Y. Haru,233,0,2025-12-05,yes,7.326642,10.739395
BAN-003731,S00371,Ririyi,W005,LGA02,Z. Pama,24,0,2025-11-11,yes,7.326135,10.737529
BAN-003732,S00262,Kudewa-Kofar,W003,LGA01,F. Umar,28,4,2025-10-18,yes,7.250089,11.116681
BAN-003733,S00908,Falami,W011,LGA02,S. Umar,43,3,2025-11-12,yes,7.588014,10.423372
BAN-003734,S00908,Falami,W011,LGA02,B. Rabi,257,0,2025-12-08,yes,7.589668,10.421182
BAN-003735,S00908,Falami,W011,LGA02,U. Zubi,102,4,2025-11-24,yes,7.588927,10.420165
BAN-003736,S00908,Falami,W011,LGA02,B. Yaro,195,3,2025-10-03,yes,7.590593,10.42105
BAN-003737,S00908,Falami,W011,LGA02,R. Tanko,20,4,2025-12-03,yes,7.589455,10.42097
BAN-003738,S00908,Falami,W011,LGA02,F. Wada,161,3,2025-11-24,yes,7.588613,10.421889
BAN-003739,S01008,Bilatu-Tudun,W014,LGA01,B. Yaro,243,4,2025-10-12,yes,7.48738,11.500816
BAN-003740,S01008,Bilatu-Tudun,W014,LGA01,A. Musa,149,4,2025-11-04,yes,7.487727,11.501686
BAN-003741,S02402,Mangodu,W038,LGA03,S. Abu,255,3,2025-11-04,yes,8.404282,11.319329
BAN-003742,S02402,Mangodu,W038,LGA03,U. Sule,137,4,2025-10-24,yes,8.403648,11.319483
BAN-003743,S02402,Mangodu,W038,LGA03,K. Jibo,196,3,2025-12-01,yes,8.406036,11.320926
BAN-003744,S01805,Satsina,W028,LGA04,Z. Lami,34,2,2025-10-10,yes,7.975074,10.818411
BAN-003745,S01805,Satsina,W028,LGA04,U. Umar,34,1,2025-11-10,no,7.975097,10.81662
BAN-003746,S01805,Satsina,W028,LGA04,M. Gani,82,1,2025-11-20,yes,7.975342,10.818073
BAN-003747,S02506,Ekrishi-Tudun,W040,LGA04,I. Nura,178,4,2025-10-31,yes,8.301584,11.174615
BAN-003748,S02506,Ekrishi-Tudun,W040,LGA04,M. Ede,5,0,2025-11-15,yes,8.30285,11.175711
BAN-003749,S02077,Adyoko-Sabo,W032,LGA04,F. Umar,21,4,2025-11-17,yes,8.083878,10.851155
BAN-003750,S02077,Adyoko-Sabo,W032,LGA04,A. Jibo,240,0,2025-11-22,yes,8.083487,10.851001
BAN-003751,S02077,Adyoko-Sabo,W032,LGA04,R. Lami,34,0,2025-10-22,yes,8.084209,10.849595
BAN-003752,S02077,Adyoko-Sabo,W032,LGA04,S. Jibo,154,1,2025-12-05,yes,8.082166,10.851346
BAN-003753,S02077,Adyoko-Sabo,W032,LGA04,H. Isa,38,0,2025-10-21,yes,8.083736,10.851158
BAN-003754,S02077,Adyoko-Sabo,W032,LGA04,I. Dogo,138,1,2025-10-02,yes,8.082793,10.850073
BAN-003755,S01078,Subafa,W014,LGA01,Z. Zubi,38,3,2025-11-24,yes,7.544011,11.543921
BAN-003756,S01101,Okkowo,W015,LGA01,I. Musa,129,4,2025-10-06,no,7.698914,11.277685
BAN-003757,S01101,Okkowo,W015,LGA01,S. Funo,48,4,2025-11-07,yes,7.698566,11.275979
BAN-003758,S01101,Okkowo,W015,LGA01,Z. Cham,59,0,2025-10-25,yes,7.698708,11.27404
BAN-003759,S00681,Jimadu,W008,LGA01,U. Musa,70,2,2025-10-18,yes,7.384053,10.944975
BAN-003760,S01604,Lozatu-Tudun,W023,LGA03,R. Cham,38,2,2025-11-07,yes,7.84296,11.28011
BAN-003761,S01604,Lozatu-Tudun,W023,LGA03,U. Bala,125,1,2025-11-24,yes,7.842799,11.281112
BAN-003762,S01604,Lozatu-Tudun,W023,LGA03,U. Dogo,166,4,2025-11-11,yes,7.840991,11.282757
BAN-003763,S01604,Lozatu-Tudun,W023,LGA03,Y. Bala,53,2,2025-10-01,yes,7.841163,11.28012
BAN-003764,S01604,Lozatu-Tudun,W023,LGA03,A. Lami,211,3,2025-11-17,yes,7.840355,11.280398
BAN-003765,S02179,Hatiwo,W034,LGA03,A. Zubi,116,0,2025-10-30,yes,8.136368,11.194596
BAN-003766,S00589,Doluri,W007,LGA01,M. Dogo,71,0,2025-12-08,yes,7.455776,11.226502
BAN-003767,S02386,Zakoma,W038,LGA03,Z. Wada,174,3,2025-10-19,yes,8.334503,11.407509
BAN-003768,S00088,Ekrafa,W001,LGA01,M. Yaro,96,0,2025-11-30,yes,7.040684,10.956548
BAN-003769,S00088,Ekrafa,W001,LGA01,A. Oje,2,3,2025-11-14,yes,7.039049,10.956017
BAN-003770,S00088,Ekrafa,W001,LGA01,I. Bala,249,4,2025-10-19,yes,7.039106,10.953964
BAN-003771,S02217,Washashi,W035,LGA04,B. Yaro,27,4,2025-11-08,yes,8.213456,11.022487
BAN-003772,S02217,Washashi,W035,LGA04,U. Rabi,206,0,2025-12-08,yes,8.214016,11.022743
BAN-003773,S01553,Zadewo,W021,LGA02,R. Tanko,249,1,2025-10-18,yes,7.862812,10.53034
BAN-003774,S01553,Zadewo,W021,LGA02,A. Yaro,250,3,2025-11-09,yes,7.861704,10.530993
BAN-003775,S01553,Zadewo,W021,LGA02,H. Ede,20,4,2025-12-04,yes,7.862287,10.531252
BAN-003776,S00674,Fasaru,W008,LGA01,I. Nura,246,4,2025-10-02,yes,7.197038,10.92965
BAN-003777,S00674,Fasaru,W008,LGA01,U. Abu,151,3,2025-10-07,yes,7.198513,10.930767
BAN-003778,S02361,Bizaru,W037,LGA03,B. Rabi,207,4,2025-10-10,yes,8.228252,11.557752
BAN-003779,S02361,Bizaru,W037,LGA03,A. Abu,13,0,2025-11-02,yes,8.227363,11.558563
BAN-003780,S02361,Bizaru,W037,LGA03,R. Tanko,95,3,2025-10-26,yes,8.225836,11.557441
BAN-003781,S02361,Bizaru,W037,LGA03,M. Haru,2,4,2025-11-04,yes,8.226291,11.55686
BAN-003782,S02119,Dodeta,W033,LGA03,F. Yaro,27,1,2025-12-06,yes,8.003528,11.175938
BAN-003783,S02119,Dodeta,W033,LGA03,Z. Rabi,98,3,2025-12-04,yes,8.002186,11.172158
BAN-003784,S01162,Sarayi-Kofar,W015,LGA01,Z. Abu,113,4,2025-11-26,yes,7.693974,11.288103
BAN-003785,S01162,Sarayi-Kofar,W015,LGA01,Y. Umar,222,0,2025-10-08,yes,7.693624,11.287052
BAN-003786,S01162,Sarayi-Kofar,W015,LGA01,M. Umar,229,4,2025-11-22,yes,7.695813,11.286362
BAN-003787,S01162,Sarayi-Kofar,W015,LGA01,K. Umar,20,4,2025-10-06,yes,7.694333,11.285948
BAN-003788,S02403,Agjima-Kudu,W038,LGA03,A. Kabo,233,3,2025-11-21,yes,8.361404,11.406371
BAN-003789,S02403,Agjima-Kudu,W038,LGA03,A. Oje,85,1,2025-10-17,yes,8.359607,11.405563
BAN-003790,S00861,Okwaba,W010,LGA02,I. Cham,141,3,2025-11-06,yes,7.443774,10.756609
BAN-003791,S00861,Okwaba,W010,LGA02,Y. Kabo,77,0,2025-11-19,no,7.44526,10.757791
BAN-003792,S00861,Okwaba,W010,LGA02,Z. Wada,192,1,2025-12-07,yes,7.443443,10.757978
BAN-003793,S00861,Okwaba,W010,LGA02,M. Zubi,197,1,2025-11-13,yes,7.443957,10.758424
BAN-003794,S02338,Jijiba,W037,LGA03,Z. Musa,91,1,2025-10-26,yes,8.185937,11.520876
BAN-003795,S02338,Jijiba,W037,LGA03,M. Umar,173,2,2025-11-14,yes,8.186071,11.52147
BAN-003796,S02338,Jijiba,W037,LGA03,A. Haru,183,2,2025-10-28,yes,8.184845,11.522523
BAN-003797,S02338,Jijiba,W037,LGA03,M. Ede,136,3,2025-10-30,no,8.186309,11.519674
BAN-003798,S02338,Jijiba,W037,LGA03,B. Funo,10,0,2025-11-07,yes,8.186151,11.520897
BAN-003799,S02016,Faladu-Yamma,W031,LGA03,I. Pama,50,0,2025-11-23,yes,8.008582,11.338207
BAN-003800,S02016,Faladu-Yamma,W031,LGA03,R. Bala,156,1,2025-11-01,yes,8.008964,11.338087
BAN-003801,S02016,Faladu-Yamma,W031,LGA03,U. Nura,192,3,2025-11-19,no,8.010069,11.337536
BAN-003802,S02016,Faladu-Yamma,W031,LGA03,K. Funo,207,2,2025-12-06,yes,8.007735,11.337667
BAN-003803,S02016,Faladu-Yamma,W031,LGA03,U. Gani,209,1,2025-10-02,yes,8.008466,11.338537
BAN-003804,S02441,Enjina,W039,LGA04,B. Isa,67,1,2025-11-19,yes,8.314924,10.909744
BAN-003805,S02441,Enjina,W039,LGA04,Z. Cham,144,2,2025-11-12,no,8.315438,10.911591
BAN-003806,S02441,Enjina,W039,LGA04,Z. Dogo,146,3,2025-10-04,yes,8.315849,10.909993
BAN-003807,S02441,Enjina,W039,LGA04,H. Zubi,163,4,2025-11-03,yes,8.316076,10.910455
BAN-003808,S01608,Matita,W023,LGA03,S. Wada,257,3,2025-10-07,yes,7.933874,11.205932
BAN-003809,S01608,Matita,W023,LGA03,F. Musa,68,0,2025-10-24,yes,7.933614,11.205513
BAN-003810,S01608,Matita,W023,LGA03,I. Haru,93,0,2025-11-14,yes,7.933908,11.205791
BAN-003811,S01259,Subeja,W016,LGA02,K. Funo,46,2,2025-10-14,yes,7.572998,10.45344
BAN-003812,S01259,Subeja,W016,LGA02,Z. Funo,242,2,2025-12-05,yes,7.574125,10.453589
BAN-003813,S01259,Subeja,W016,LGA02,I. Bala,166,4,2025-10-09,yes,7.575608,10.452902
BAN-003814,S00897,Ibdeta,W011,LGA02,A. Isa,128,0,2025-11-27,yes,7.651699,10.426932
BAN-003815,S00897,Ibdeta,W011,LGA02,H. Zubi,14,2,2025-12-08,no,7.650919,10.429135
BAN-003816,S00446,Ibnani,W006,LGA01,B. Cham,45,4,2025-11-10,yes,7.271737,11.281541
BAN-003817,S00446,Ibnani,W006,LGA01,Z. Gani,202,1,2025-11-12,yes,7.27263,11.281596
BAN-003818,S00446,Ibnani,W006,LGA01,M. Tanko,74,1,2025-10-04,no,7.272709,11.280948
BAN-003819,S00400,Eksana,W005,LGA02,M. Nura,44,2,2025-11-12,yes,7.374229,10.64205
BAN-003820,S01352,Kangoko,W018,LGA02,Z. Yaro,87,0,2025-10-22,yes,7.615862,10.608471
BAN-003821,S01096,Haberi,W015,LGA01,S. Cham,192,3,2025-12-09,no,7.571878,11.25255
BAN-003822,S01096,Haberi,W015,LGA01,F. Bala,184,4,2025-10-17,yes,7.572064,11.254647
BAN-003823,S01088,Adlata,W014,LGA01,A. Ede,249,2,2025-10-02,yes,7.5363,11.559351
BAN-003824,S01088,Adlata,W014,LGA01,F. Dogo,204,0,2025-11-27,no,7.535611,11.560541
BAN-003825,S01088,Adlata,W014,LGA01,S. Tanko,246,0,2025-11-30,yes,7.535805,11.561156
BAN-003826,S01088,Adlata,W014,LGA01,Y. Funo,1,0,2025-10-03,yes,7.535598,11.56064
BAN-003827,S01256,Ibngoni,W016,LGA02,R. Dogo,38,0,2025-10-26,yes,7.604616,10.466734
BAN-003828,S02093,Guzayi,W032,LGA04,H. Jibo,100,0,2025-11-18,yes,8.057069,10.84331
BAN-003829,S02093,Guzayi,W032,LGA04,A. Lami,225,0,2025-11-19,yes,8.056625,10.844665
BAN-003830,S01165,Umwama-Arewa,W015,LGA01,I. Funo,13,3,2025-12-09,yes,7.563974,11.256073
BAN-003831,S01165,Umwama-Arewa,W015,LGA01,K. Sule,201,2,2025-10-15,yes,7.567627,11.256353
BAN-003832,S00231,Lonaba,W003,LGA01,M. Sule,212,3,2025-11-04,yes,7.439423,11.029299
BAN-003833,S01584,Rizana,W022,LGA03,F. Dogo,113,4,2025-10-22,yes,8.185069,11.429784
BAN-003834,S01584,Rizana,W022,LGA03,H. Sule,187,4,2025-10-21,yes,8.184071,11.431629
BAN-003835,S01690,Ekjidu,W025,LGA04,A. Dogo,21,3,2025-11-01,yes,7.749928,11.103295
BAN-003836,S01690,Ekjidu,W025,LGA04,H. Yaro,98,0,2025-10-17,yes,7.749985,11.102361
BAN-003837,S00105,Kaluja,W001,LGA01,I. Oje,11,2,2025-10-24,yes,7.090615,11.101397
BAN-003838,S02056,Yejija,W032,LGA04,M. Yaro,135,1,2025-10-16,no,8.060495,10.838307
BAN-003839,S02056,Yejija,W032,LGA04,M. Ede,58,4,2025-11-21,yes,8.060759,10.839037
BAN-003840,S00537,Bikofa-Arewa,W007,LGA01,R. Cham,13,2,2025-10-03,yes,7.330339,11.162673
BAN-003841,S02380,Hangowo,W038,LGA03,Z. Nura,173,2,2025-11-18,yes,8.346251,11.411964
BAN-003842,S02380,Hangowo,W038,LGA03,U. Yaro,219,2,2025-11-13,yes,8.345488,11.409847
BAN-003843,S02380,Hangowo,W038,LGA03,I. Gani,230,1,2025-11-05,yes,8.344698,11.411953
BAN-003844,S02380,Hangowo,W038,LGA03,M. Nura,16,4,2025-12-02,yes,8.345909,11.408805
BAN-003845,S02380,Hangowo,W038,LGA03,Y. Kabo,152,2,2025-11-27,yes,8.346837,11.409163
BAN-003846,S01815,Jiwashi,W028,LGA04,S. Abu,144,3,2025-10-14,yes,7.886929,10.873408
BAN-003847,S01815,Jiwashi,W028,LGA04,Z. Nura,114,0,2025-11-23,no,7.886723,10.876027
BAN-003848,S02099,Dozama,W032,LGA04,K. Sule,169,4,2025-10-16,yes,8.163322,10.940255
BAN-003849,S02099,Dozama,W032,LGA04,Y. Isa,104,2,2025-11-19,yes,8.163123,10.93998
BAN-003850,S02099,Dozama,W032,LGA04,F. Pama,130,0,2025-10-13,yes,8.162813,10.938793
BAN-003851,S01899,Batsina,W029,LGA04,Z. Sule,47,1,2025-10-15,yes,7.932473,11.085837
BAN-003852,S01899,Batsina,W029,LGA04,S. Lami,150,4,2025-11-11,yes,7.931931,11.087304
BAN-003853,S01899,Batsina,W029,LGA04,Y. Isa,253,3,2025-11-02,yes,7.932332,11.084654
BAN-003854,S01899,Batsina,W029,LGA04,B. Ede,251,0,2025-10-17,yes,7.93263,11.085829
BAN-003855,S00787,Nudede,W008,LGA01,I. Zubi,133,1,2025-11-27,no,7.429189,10.942676
BAN-003856,S00787,Nudede,W008,LGA01,I. Sule,19,0,2025-10-29,yes,7.427328,10.943306
BAN-003857,S00787,Nudede,W008,LGA01,H. Sule,158,1,2025-12-01,yes,7.428974,10.942852
BAN-003858,S00787,Nudede,W008,LGA01,R. Funo,72,4,2025-11-28,yes,7.427752,10.94343
BAN-003859,S00255,Adsashi,W003,LGA01,I. Ede,12,0,2025-10-01,yes,7.430036,10.979808
BAN-003860,S00255,Adsashi,W003,LGA01,U. Nura,25,1,2025-10-07,yes,7.432089,10.978715
BAN-003861,S00255,Adsashi,W003,LGA01,Z. Bala,203,0,2025-12-07,yes,7.429958,10.979014
BAN-003862,S00194,Enmari,W002,LGA01,I. Bala,137,4,2025-11-16,yes,7.109635,10.718047
BAN-003863,S00194,Enmari,W002,LGA01,H. Zubi,240,3,2025-10-15,yes,7.111245,10.721446
BAN-003864,S00194,Enmari,W002,LGA01,F. Nura,118,0,2025-10-19,yes,7.110951,10.719015
BAN-003865,S01116,Tanaba,W015,LGA01,Z. Kabo,63,1,2025-12-01,yes,7.519269,11.193049
BAN-003866,S01116,Tanaba,W015,LGA01,S. Gani,39,3,2025-11-25,yes,7.519629,11.193313
BAN-003867,S01116,Tanaba,W015,LGA01,F. Kabo,47,0,2025-10-26,yes,7.517984,11.193348
BAN-003868,S01116,Tanaba,W015,LGA01,K. Isa,161,1,2025-11-06,yes,7.517401,11.191284
BAN-003869,S01116,Tanaba,W015,LGA01,A. Jibo,183,1,2025-10-01,yes,7.520147,11.192152
BAN-003870,S02344,Hatifa,W037,LGA03,M. Umar,49,2,2025-11-16,yes,8.217917,11.546381
BAN-003871,S02004,Gukoyi,W031,LGA03,U. Funo,156,3,2025-11-12,yes,8.002497,11.322784
BAN-003872,S00894,Lolade,W011,LGA02,A. Haru,167,4,2025-10-30,yes,7.597733,10.424093
BAN-003873,S00894,Lolade,W011,LGA02,I. Haru,164,1,2025-12-06,yes,7.597835,10.421879
BAN-003874,S00894,Lolade,W011,LGA02,R. Kabo,184,3,2025-10-05,yes,7.598604,10.423201
BAN-003875,S01786,Harana,W027,LGA03,Z. Isa,74,3,2025-11-12,yes,7.912976,11.47754
BAN-003876,S01786,Harana,W027,LGA03,K. Pama,138,4,2025-10-03,yes,7.913512,11.475795
BAN-003877,S01077,Zashatu-Kudu,W014,LGA01,A. Abu,193,3,2025-10-21,yes,7.401798,11.461387
BAN-003878,S01077,Zashatu-Kudu,W014,LGA01,M. Bala,33,4,2025-10-05,yes,7.402132,11.461546
BAN-003879,S01077,Zashatu-Kudu,W014,LGA01,Y. Musa,28,4,2025-10-05,yes,7.404801,11.460119
BAN-003880,S01677,Jibeyi-Arewa,W025,LGA04,S. Yaro,16,4,2025-10-02,yes,7.798543,11.107845
BAN-003881,S01997,Zademi,W031,LGA03,H. Zubi,72,1,2025-11-27,yes,8.053255,11.271588
BAN-003882,S01997,Zademi,W031,LGA03,M. Funo,172,4,2025-11-18,yes,8.05306,11.272633
BAN-003883,S01997,Zademi,W031,LGA03,B. Zubi,205,4,2025-10-05,yes,8.05158,11.273867
BAN-003884,S01997,Zademi,W031,LGA03,U. Musa,154,4,2025-12-04,yes,8.051488,11.273009
BAN-003885,S01536,Irraba,W021,LGA02,A. Bala,156,3,2025-10-31,yes,7.823875,10.624872
BAN-003886,S01536,Irraba,W021,LGA02,R. Jibo,86,3,2025-10-04,yes,7.824944,10.623627
BAN-003887,S01536,Irraba,W021,LGA02,F. Dogo,119,0,2025-10-03,no,7.825238,10.625999
BAN-003888,S00828,Okzade,W010,LGA02,M. Isa,117,4,2025-10-26,yes,7.43658,10.800935
BAN-003889,S01135,Dobeko,W015,LGA01,U. Jibo,150,0,2025-11-08,yes,7.714011,11.297799
BAN-003890,S01135,Dobeko,W015,LGA01,B. Ede,86,1,2025-11-18,yes,7.713369,11.29901
BAN-003891,S01748,Bangofa,W026,LGA03,A. Ede,179,2,2025-10-30,yes,7.742169,11.515278
BAN-003892,S01748,Bangofa,W026,LGA03,H. Oje,19,3,2025-11-08,yes,7.74133,11.517257
BAN-003893,S01748,Bangofa,W026,LGA03,R. Musa,165,1,2025-10-19,yes,7.741665,11.517131
BAN-003894,S01748,Bangofa,W026,LGA03,M. Sule,90,4,2025-10-07,yes,7.741765,11.516687
BAN-003895,S00655,Basaba,W007,LGA01,F. Cham,199,2,2025-10-11,yes,7.359989,11.232321
BAN-003896,S02388,Jitsija,W038,LGA03,U. Tanko,138,2,2025-10-05,yes,8.317858,11.435722
BAN-003897,S02388,Jitsija,W038,LGA03,K. Musa,246,0,2025-11-06,yes,8.317383,11.435405
BAN-003898,S00504,Enngori,W006,LGA01,K. Cham,179,1,2025-10-15,yes,7.233231,11.38105
BAN-003899,S00504,Enngori,W006,LGA01,S. Gani,206,0,2025-11-26,yes,7.233703,11.380333
BAN-003900,S00504,Enngori,W006,LGA01,S. Lami,52,4,2025-10-12,yes,7.234283,11.379301
BAN-003901,S00504,Enngori,W006,LGA01,B. Rabi,144,1,2025-10-17,yes,7.235529,11.380784
BAN-003902,S00504,Enngori,W006,LGA01,U. Rabi,163,3,2025-11-27,yes,7.234134,11.379922
BAN-003903,S01705,Iryoma,W025,LGA04,B. Haru,243,0,2025-11-13,yes,7.780617,11.140351
BAN-003904,S00375,Zajina,W005,LGA02,B. Cham,70,4,2025-12-05,no,7.310524,10.764727
BAN-003905,S01022,Yekoja,W014,LGA01,U. Musa,4,3,2025-11-05,yes,7.401835,11.506785
BAN-003906,S01022,Yekoja,W014,LGA01,M. Jibo,31,2,2025-11-04,yes,7.402179,11.506952
BAN-003907,S01022,Yekoja,W014,LGA01,B. Umar,179,4,2025-11-01,yes,7.403268,11.504907
BAN-003908,S01419,Ibjiwo,W019,LGA04,M. Abu,228,2,2025-11-07,yes,7.618065,11.020947
BAN-003909,S01419,Ibjiwo,W019,LGA04,M. Gani,154,4,2025-10-19,yes,7.616448,11.021428
BAN-003910,S00825,Agsani,W009,LGA02,S. Funo,52,1,2025-11-21,yes,7.481736,10.993658
BAN-003911,S00825,Agsani,W009,LGA02,Y. Jibo,149,4,2025-10-22,yes,7.482712,10.993684
BAN-003912,S00825,Agsani,W009,LGA02,A. Tanko,44,4,2025-10-16,yes,7.481992,10.995312
BAN-003913,S00684,Dobaja,W008,LGA01,Z. Zubi,59,2,2025-11-08,yes,7.425107,10.935189
BAN-003914,S00408,Longoko,W006,LGA01,H. Umar,170,2,2025-10-31,yes,7.271776,11.204836
BAN-003915,S00408,Longoko,W006,LGA01,A. Nura,246,0,2025-11-23,yes,7.272279,11.203481
BAN-003916,S02169,Ibrifa,W034,LGA03,H. Lami,19,4,2025-11-03,yes,8.24892,11.217474
BAN-003917,S02169,Ibrifa,W034,LGA03,K. Bala,136,2,2025-11-10,yes,8.248803,11.219334
BAN-003918,S02169,Ibrifa,W034,LGA03,U. Musa,201,3,2025-11-19,yes,8.246874,11.218923
BAN-003919,S02169,Ibrifa,W034,LGA03,H. Bala,79,2,2025-11-08,yes,8.247576,11.219191
BAN-003920,S00993,Badudu,W013,LGA02,K. Haru,58,1,2025-11-07,no,7.510968,10.556181
BAN-003921,S00993,Badudu,W013,LGA02,Y. Zubi,19,2,2025-11-22,yes,7.511975,10.555862
BAN-003922,S00993,Badudu,W013,LGA02,K. Jibo,136,0,2025-10-19,yes,7.513366,10.557136
BAN-003923,S00993,Badudu,W013,LGA02,S. Umar,173,1,2025-10-03,yes,7.511904,10.557629
BAN-003924,S01177,Adtsina,W015,LGA01,A. Nura,114,2,2025-11-04,yes,7.674267,11.291319
BAN-003925,S01177,Adtsina,W015,LGA01,B. Oje,210,0,2025-12-05,yes,7.676198,11.292265
BAN-003926,S01177,Adtsina,W015,LGA01,Z. Jibo,122,3,2025-11-14,yes,7.676582,11.289905
BAN-003927,S01177,Adtsina,W015,LGA01,M. Gani,165,1,2025-11-22,yes,7.675211,11.291649
BAN-003928,S01093,Ekyoyi,W014,LGA01,R. Kabo,230,4,2025-10-14,yes,7.547537,11.537987
BAN-003929,S01093,Ekyoyi,W014,LGA01,F. Tanko,140,0,2025-11-17,yes,7.548155,11.53674
BAN-003930,S01093,Ekyoyi,W014,LGA01,H. Musa,39,3,2025-10-03,yes,7.548357,11.537397
BAN-003931,S01093,Ekyoyi,W014,LGA01,R. Lami,99,0,2025-11-20,yes,7.548279,11.537197
BAN-003932,S02473,Adride-Tudun,W040,LGA04,H. Oje,210,0,2025-10-21,yes,8.399796,11.203103
BAN-003933,S02473,Adride-Tudun,W040,LGA04,M. Haru,186,4,2025-11-03,yes,8.401063,11.203021
BAN-003934,S01871,Irriko,W029,LGA04,K. Abu,97,3,2025-10-24,yes,7.971405,10.945763
BAN-003935,S02165,Uztiwa,W034,LGA03,Z. Isa,21,1,2025-12-03,yes,8.218169,11.312306
BAN-003936,S02165,Uztiwa,W034,LGA03,S. Wada,1,1,2025-11-01,yes,8.216794,11.315861
BAN-003937,S02165,Uztiwa,W034,LGA03,B. Dogo,115,4,2025-11-29,yes,8.218518,11.31377
BAN-003938,S02165,Uztiwa,W034,LGA03,H. Kabo,203,3,2025-10-13,yes,8.218103,11.31286
BAN-003939,S02165,Uztiwa,W034,LGA03,Y. Cham,99,3,2025-11-09,yes,8.216637,11.314358
BAN-003940,S02164,Umtsiko-Tudun,W034,LGA03,Y. Wada,254,3,2025-11-05,yes,8.266651,11.151921
BAN-003941,S02164,Umtsiko-Tudun,W034,LGA03,K. Haru,96,1,2025-10-20,yes,8.267228,11.152862
BAN-003942,S02164,Umtsiko-Tudun,W034,LGA03,Z. Wada,251,0,2025-10-19,yes,8.266435,11.152804
BAN-003943,S00500,Zazana,W006,LGA01,A. Tanko,249,0,2025-12-02,yes,7.204587,11.223445
BAN-003944,S00500,Zazana,W006,LGA01,B. Funo,164,4,2025-12-07,no,7.205339,11.224901
BAN-003945,S01937,Yelafa,W030,LGA04,A. Haru,96,2,2025-10-02,yes,7.906827,10.632923
BAN-003946,S01937,Yelafa,W030,LGA04,Y. Funo,181,1,2025-10-07,no,7.908611,10.632916
BAN-003947,S01937,Yelafa,W030,LGA04,F. Tanko,56,2,2025-12-04,yes,7.907665,10.632082
BAN-003948,S02460,Umnadu,W039,LGA04,B. Pama,87,3,2025-11-26,no,8.24581,10.839267
BAN-003949,S00633,Ennawa,W007,LGA01,Y. Zubi,108,0,2025-11-01,yes,7.345061,11.266087
BAN-003950,S00633,Ennawa,W007,LGA01,F. Zubi,65,0,2025-12-03,yes,7.345301,11.263792
BAN-003951,S01904,Fayoma,W029,LGA04,K. Umar,148,4,2025-11-24,yes,7.97237,10.983524
BAN-003952,S01904,Fayoma,W029,LGA04,Y. Sule,241,0,2025-10-15,yes,7.973863,10.984333
BAN-003953,S01904,Fayoma,W029,LGA04,S. Haru,66,0,2025-11-25,yes,7.972148,10.983785
BAN-003954,S01904,Fayoma,W029,LGA04,H. Kabo,227,3,2025-11-07,yes,7.973895,10.982708
BAN-003955,S02082,Enbana,W032,LGA04,I. Pama,42,1,2025-12-09,yes,8.080383,10.905406
BAN-003956,S02082,Enbana,W032,LGA04,F. Abu,65,3,2025-12-09,yes,8.079399,10.904414
BAN-003957,S02082,Enbana,W032,LGA04,F. Nura,88,0,2025-10-03,yes,8.080037,10.90684
BAN-003958,S02082,Enbana,W032,LGA04,K. Oje,107,2,2025-11-09,no,8.07917,10.90611
BAN-003959,S02082,Enbana,W032,LGA04,A. Haru,18,1,2025-10-14,yes,8.079961,10.906877
BAN-003960,S02082,Enbana,W032,LGA04,Z. Lami,45,2,2025-10-17,yes,8.080769,10.907032
BAN-003961,S02082,Enbana,W032,LGA04,H. Sule,249,2,2025-10-24,yes,8.079732,10.905626
BAN-003962,S01398,Irbetu-Tsakiya,W019,LGA04,U. Isa,140,2,2025-10-13,yes,7.620137,11.002821
BAN-003963,S01398,Irbetu-Tsakiya,W019,LGA04,R. Kabo,199,1,2025-10-08,yes,7.620814,11.002853
BAN-003964,S01398,Irbetu-Tsakiya,W019,LGA04,A. Dogo,202,1,2025-10-29,no,7.620045,11.004291
BAN-003965,S01398,Irbetu-Tsakiya,W019,LGA04,F. Jibo,180,2,2025-11-24,yes,7.620639,11.004374
BAN-003966,S02025,Masayi,W031,LGA03,U. Bala,99,3,2025-11-22,yes,7.924761,11.323447
BAN-003967,S02025,Masayi,W031,LGA03,Z. Nura,77,2,2025-11-07,yes,7.925378,11.324636
BAN-003968,S01869,Bijija,W029,LGA04,Z. Oje,44,4,2025-12-09,yes,7.949584,11.084634
BAN-003969,S01869,Bijija,W029,LGA04,A. Wada,209,4,2025-11-04,no,7.950003,11.087396
BAN-003970,S01197,Rikoyi,W015,LGA01,H. Musa,195,4,2025-10-10,yes,7.614627,11.274362
BAN-003971,S01197,Rikoyi,W015,LGA01,S. Bala,196,3,2025-11-28,yes,7.615228,11.274362
BAN-003972,S01197,Rikoyi,W015,LGA01,I. Dogo,221,3,2025-10-04,yes,7.615299,11.274241
BAN-003973,S01817,Nuduwo,W028,LGA04,B. Jibo,163,2,2025-10-23,yes,7.942972,10.749788
BAN-003974,S01817,Nuduwo,W028,LGA04,R. Haru,195,2,2025-10-15,yes,7.942715,10.750033
BAN-003975,S01817,Nuduwo,W028,LGA04,B. Tanko,154,0,2025-10-31,yes,7.942991,10.750802
BAN-003976,S01817,Nuduwo,W028,LGA04,Z. Kabo,237,2,2025-12-07,yes,7.941941,10.749493
BAN-003977,S01817,Nuduwo,W028,LGA04,Y. Sule,63,4,2025-11-11,yes,7.941036,10.749677
BAN-003978,S01817,Nuduwo,W028,LGA04,K. Wada,94,3,2025-10-12,yes,7.943809,10.750654
BAN-003979,S01058,Salatu,W014,LGA01,Z. Umar,255,4,2025-11-18,yes,7.51022,11.49554
BAN-003980,S01252,Dongori,W016,LGA02,H. Pama,39,1,2025-10-29,yes,7.654444,10.492413
BAN-003981,S00855,Entima-Sabo,W010,LGA02,S. Dogo,87,1,2025-10-23,yes,7.437945,10.802908
BAN-003982,S01864,Ibbana,W029,LGA04,Y. Dogo,113,4,2025-10-29,yes,7.882059,11.014944
