name,label,settlement_type,ward_code,ward_name,lga_code,lga_name,state_code,state_name,longitude,latitude,target_population_under5
S01324,Adwade,Hamlet,W018,Adwana,LGA02,Gwarin,BAN,Bansara,7.626486,10.635147,16.0
S01361,Agludu,Settlement,W018,Adwana,LGA02,Gwarin,BAN,Bansara,7.563093,10.640153,36.0
S01338,Bangofa-Kudu,Village,W018,Adwana,LGA02,Gwarin,BAN,Bansara,7.576082,10.672121,60.0
S01354,Bidefa,Village,W018,Adwana,LGA02,Gwarin,BAN,Bansara,7.577403,10.636471,29.0
S01326,Biduru,Settlement,W018,Adwana,LGA02,Gwarin,BAN,Bansara,7.582938,10.63088,31.0
S01364,Bitija,Hamlet,W018,Adwana,LGA02,Gwarin,BAN,Bansara,7.597233,10.633195,24.0
S01363,Bitina,Village,W018,Adwana,LGA02,Gwarin,BAN,Bansara,7.602694,10.619233,127.0
S01340,Biwadu-Gabas,Settlement,W018,Adwana,LGA02,Gwarin,BAN,Bansara,7.550425,10.651426,92.0
S01330,Daduna,Hamlet,W018,Adwana,LGA02,Gwarin,BAN,Bansara,7.629789,10.641825,28.0
S01367,Doluko,Village,W018,Adwana,LGA02,Gwarin,BAN,Bansara,7.6062,10.61249,43.0
S01329,Enluri,Settlement,W018,Adwana,LGA02,Gwarin,BAN,Bansara,7.609117,10.614121,10.0
S01347,Ennadu,Settlement,W018,Adwana,LGA02,Gwarin,BAN,Bansara,7.577133,10.648855,65.0
S01350,Enwatu,Settlement,W018,Adwana,LGA02,Gwarin,BAN,Bansara,7.637722200850346,10.711325,20.0
S01343,Enyoko,Village,W018,Adwana,LGA02,Gwarin,BAN,Bansara,7.604417,10.628684,82.0
S01325,Fadeba,Village,W018,Adwana,LGA02,Gwarin,BAN,Bansara,7.561081,10.636897,16.0
S01327,Faluna,Village,W018,Adwana,LGA02,Gwarin,BAN,Bansara,7.542991,10.711187,189.0
S01341,Gungode,Settlement,W018,Adwana,LGA02,Gwarin,BAN,Bansara,7.575116,10.663338,14.0
S01353,Gungofa,Village,W018,Adwana,LGA02,Gwarin,BAN,Bansara,7.570752,10.662875,119.0
S01348,Ibbeja,Hamlet,W018,Adwana,LGA02,Gwarin,BAN,Bansara,7.606423,10.645061,33.0
S01344,Ibnani-Kudu,Hamlet,W018,Adwana,LGA02,Gwarin,BAN,Bansara,7.566799,10.640382,18.0
S01362,Irkowo,Village,W018,Adwana,LGA02,Gwarin,BAN,Bansara,7.625597,10.627547,54.0
S01349,Irnata-Yamma,Hamlet,W018,Adwana,LGA02,Gwarin,BAN,Bansara,7.640253,10.621201,15.0
S01337,Iryoru,Village,W018,Adwana,LGA02,Gwarin,BAN,Bansara,7.628542,10.6127,65.0
S01358,Jidusa,Hamlet,W018,Adwana,LGA02,Gwarin,BAN,Bansara,7.549817,10.646969,18.0
S01336,Jikotu-Kudu,Hamlet,W018,Adwana,LGA02,Gwarin,BAN,Bansara,7.576189,10.639359,17.0
S01335,Jiritu,Settlement,W018,Adwana,LGA02,Gwarin,BAN,Bansara,7.551268,10.658229,13.0
S01352,Kangoko,Village,W018,Adwana,LGA02,Gwarin,BAN,Bansara,7.616855,10.607705,84.0
S01332,Kubema,Settlement,W018,Adwana,LGA02,Gwarin,BAN,Bansara,7.616149,10.630063,18.0
S01360,Kukota-Yamma,Hamlet,W018,Adwana,LGA02,Gwarin,BAN,Bansara,7.628362,10.621635,17.0
S01339,Kuwawo,Village,W018,Adwana,LGA02,Gwarin,BAN,Bansara,7.56093,10.639211,26.0
S01346,Lowama-Gabas,Village,W018,Adwana,LGA02,Gwarin,BAN,Bansara,7.546868,10.651861,42.0
S01323,Majita,Settlement,W018,Adwana,LGA02,Gwarin,BAN,Bansara,7.64294,10.654858,82.0
S01366,Mangona,Settlement,W018,Adwana,LGA02,Gwarin,BAN,Bansara,7.629454,10.624492,17.0
S01370,Marawo,Village,W018,Adwana,LGA02,Gwarin,BAN,Bansara,7.651142,10.732271,19.0
S01365,Nubeshi,Hamlet,W018,Adwana,LGA02,Gwarin,BAN,Bansara,7.555263,10.634593,3.0
S01333,Nudude,Village,W018,Adwana,LGA02,Gwarin,BAN,Bansara,7.622413,10.614591,146.0
S01345,Nuwawa,Hamlet,W018,Adwana,LGA02,Gwarin,BAN,Bansara,7.548567,10.655576,23.0
S01359,Nuyotu-Gabas,Hamlet,W018,Adwana,LGA02,Gwarin,BAN,Bansara,7.687864,10.614873,21.0
S01357,Olmafa-Tsakiya,Hamlet,W018,Adwana,LGA02,Gwarin,BAN,Bansara,7.631306,10.625603,8.0
S01356,Risawa-Gabas,Village,W018,Adwana,LGA02,Gwarin,BAN,Bansara,7.62464,10.628587,29.0
S01334,Tariba,Village,W018,Adwana,LGA02,Gwarin,BAN,Bansara,7.551169,10.747542,20.0
S01351,Tatsiru,Hamlet,W018,Adwana,LGA02,Gwarin,BAN,Bansara,7.567866,10.64673,9.0
S01322,Umluri,Hamlet,W018,Adwana,LGA02,Gwarin,BAN,Bansara,7.555808,10.633317,14.0
S01328,Ummale,Village,W018,Adwana,LGA02,Gwarin,BAN,Bansara,7.571588,10.725953,22.0
S01369,Umriba,Village,W018,Adwana,LGA02,Gwarin,BAN,Bansara,7.623148,10.62114,80.0
S01368,Wajitu-Arewa,Village,W018,Adwana,LGA02,Gwarin,BAN,Bansara,7.564318,10.645325,38.0
S01342,Yebafa,Village,W018,Adwana,LGA02,Gwarin,BAN,Bansara,7.614076,10.62731,34.0
S01355,Zanawa,Hamlet,W018,Adwana,LGA02,Gwarin,BAN,Bansara,7.638907,10.626288,22.0
S01331,Zawaru,Village,W018,Adwana,LGA02,Gwarin,BAN,Bansara,7.580822,10.645371,58.0
S00938,Bijiru,Village,W012,Darari,LGA02,Gwarin,BAN,Bansara,7.429997,10.468265,91.0
S00941,Doyoru,Village,W012,Darari,LGA02,Gwarin,BAN,Bansara,7.327903,10.495844,61.0
S00949,Ennale,Village,W012,Darari,LGA02,Gwarin,BAN,Bansara,7.365524,10.511387,15.0
S00930,Enngoni-Yamma,Village,W012,Darari,LGA02,Gwarin,BAN,Bansara,7.330937,10.547169,31.0
S00935,Ensawo,Village,W012,Darari,LGA02,Gwarin,BAN,Bansara,7.344431,10.550346,81.0
S00932,Habatu,Hamlet,W012,Darari,LGA02,Gwarin,BAN,Bansara,7.328668,10.519834,12.0
S00944,Haluta,Village,W012,Darari,LGA02,Gwarin,BAN,Bansara,7.31043,10.516305,22.0
S00952,Ibdushi,Hamlet,W012,Darari,LGA02,Gwarin,BAN,Bansara,7.321847,10.520494,43.0
S00946,Ibmawa,Village,W012,Darari,LGA02,Gwarin,BAN,Bansara,7.33522,10.533201,167.0
S00929,Jikoko,Village,W012,Darari,LGA02,Gwarin,BAN,Bansara,7.324705,10.497805,85.0
S00940,Kabafa-Yamma,Hamlet,W012,Darari,LGA02,Gwarin,BAN,Bansara,7.332454,10.492404,45.0
S00948,Kamasa,Village,W012,Darari,LGA02,Gwarin,BAN,Bansara,7.33167,10.500264,54.0
S00927,Kujifa,Village,W012,Darari,LGA02,Gwarin,BAN,Bansara,7.456489,10.467199,173.0
S00934,Kurisa,Hamlet,W012,Darari,LGA02,Gwarin,BAN,Bansara,7.325045,10.50209,41.0
S00943,Kuriwo,Village,W012,Darari,LGA02,Gwarin,BAN,Bansara,7.400692,10.452861,9.0
S00942,Kushaba,Settlement,W012,Darari,LGA02,Gwarin,BAN,Bansara,7.342749,10.500771,51.0
S00947,Mazana,Settlement,W012,Darari,LGA02,Gwarin,BAN,Bansara,7.391207,10.491406,60.0
S00936,Nuderi,Hamlet,W012,Darari,LGA02,Gwarin,BAN,Bansara,7.432699,10.471632,20.0
S00939,Okngori,Settlement,W012,Darari,LGA02,Gwarin,BAN,Bansara,7.344232,10.502982,58.0
S00931,Rijidu,Hamlet,W012,Darari,LGA02,Gwarin,BAN,Bansara,7.334347,10.527604,38.0
S00928,Satside,Village,W012,Darari,LGA02,Gwarin,BAN,Bansara,7.328255,10.527786,87.0
S00926,Sungodu,Village,W012,Darari,LGA02,Gwarin,BAN,Bansara,7.324586,10.514205,115.0
S00933,Tawako,Village,W012,Darari,LGA02,Gwarin,BAN,Bansara,7.458745,10.454442,150.0
S00937,Umsale,Village,W012,Darari,LGA02,Gwarin,BAN,Bansara,7.316596,10.526595,115.0
S00945,Umtiwo,Village,W012,Darari,LGA02,Gwarin,BAN,Bansara,7.423669,10.452464,146.0
S00951,Wamama,Settlement,W012,Darari,LGA02,Gwarin,BAN,Bansara,7.325056,10.50828,57.0
S00950,Zakota,Hamlet,W012,Darari,LGA02,Gwarin,BAN,Bansara,7.330579,10.560816,16.0
S00881,Adyowo,Hamlet,W011,Enyoko-Kofar,LGA02,Gwarin,BAN,Bansara,7.748297,10.393517,54.0
S00895,Aglayi,Village,W011,Enyoko-Kofar,LGA02,Gwarin,BAN,Bansara,7.701337,10.416512,18.0
S00888,Bibafa,Settlement,W011,Enyoko-Kofar,LGA02,Gwarin,BAN,Bansara,7.723452,10.390444,54.0
S00882,Bimaba-Kofar,Settlement,W011,Enyoko-Kofar,LGA02,Gwarin,BAN,Bansara,7.718791,10.420122,57.0
S00887,Biwaba,Settlement,W011,Enyoko-Kofar,LGA02,Gwarin,BAN,Bansara,7.602156,10.430614,20.0
S00910,Bizatu,Village,W011,Enyoko-Kofar,LGA02,Gwarin,BAN,Bansara,7.611556,10.413685,81.0
S00901,Dayoni-Kudu,Settlement,W011,Enyoko-Kofar,LGA02,Gwarin,BAN,Bansara,7.70901,10.476095,11.0
S00875,Dazaba,Hamlet,W011,Enyoko-Kofar,LGA02,Gwarin,BAN,Bansara,7.564069,10.400804,30.0
S00914,Doshawo,Hamlet,W011,Enyoko-Kofar,LGA02,Gwarin,BAN,Bansara,7.726696,10.409491,7.0
S00912,Endefa,Hamlet,W011,Enyoko-Kofar,LGA02,Gwarin,BAN,Bansara,7.608332,10.429624,10.0
S00900,Enjiwa,Settlement,W011,Enyoko-Kofar,LGA02,Gwarin,BAN,Bansara,7.641796,10.404567,34.0
S00879,Enluwa,Urban block,W011,Enyoko-Kofar,LGA02,Gwarin,BAN,Bansara,7.593484,10.372532,303.0
S00906,Ennashi,Settlement,W011,Enyoko-Kofar,LGA02,Gwarin,BAN,Bansara,7.698152,10.418491,34.0
S00890,Entina,Hamlet,W011,Enyoko-Kofar,LGA02,Gwarin,BAN,Bansara,7.566494,10.423747,27.0
S00918,Enwade,Hamlet,W011,Enyoko-Kofar,LGA02,Gwarin,BAN,Bansara,7.704543,10.488818,10.0
S00908,Falami,Hamlet,W011,Enyoko-Kofar,LGA02,Gwarin,BAN,Bansara,7.589722,10.421465,23.0
S00880,Farani,Settlement,W011,Enyoko-Kofar,LGA02,Gwarin,BAN,Bansara,7.669437,10.470584,96.0
S00920,Farasa,Hamlet,W011,Enyoko-Kofar,LGA02,Gwarin,BAN,Bansara,7.726038,10.402832,4.0
S00872,Fayowo,Village,W011,Enyoko-Kofar,LGA02,Gwarin,BAN,Bansara,7.746926,10.415517,61.0
S00874,Guderu,Village,W011,Enyoko-Kofar,LGA02,Gwarin,BAN,Bansara,7.744771,10.410851,119.0
S00905,Gurawa,Settlement,W011,Enyoko-Kofar,LGA02,Gwarin,BAN,Bansara,7.611107,10.389166,66.0
S00915,Gurija,Hamlet,W011,Enyoko-Kofar,LGA02,Gwarin,BAN,Bansara,7.717925,10.487689,30.0
S00876,Guzafa,Hamlet,W011,Enyoko-Kofar,LGA02,Gwarin,BAN,Bansara,7.590057,10.427558,6.0
S00903,Halaru,Settlement,W011,Enyoko-Kofar,LGA02,Gwarin,BAN,Bansara,7.736398,10.465126,12.0
S00897,Ibdeta,Village,W011,Enyoko-Kofar,LGA02,Gwarin,BAN,Bansara,7.651173,10.427962,79.0
S00873,Ibsharu,Village,W011,Enyoko-Kofar,LGA02,Gwarin,BAN,Bansara,7.715605,10.479963,28.0
S00925,Ibtsiwa,Village,W011,Enyoko-Kofar,LGA02,Gwarin,BAN,Bansara,7.594387,10.429899,29.0
S00907,Jibari,Village,W011,Enyoko-Kofar,LGA02,Gwarin,BAN,Bansara,7.73577,10.405734,39.0
S00922,Jideri,Village,W011,Enyoko-Kofar,LGA02,Gwarin,BAN,Bansara,7.697589,10.42103,131.0
S00899,Jinani,Hamlet,W011,Enyoko-Kofar,LGA02,Gwarin,BAN,Bansara,7.705002,10.412266,27.0
S00911,Kuride,Village,W011,Enyoko-Kofar,LGA02,Gwarin,BAN,Bansara,7.713231,10.494124,28.0
S00896,Kuyoko,Village,W011,Enyoko-Kofar,LGA02,Gwarin,BAN,Bansara,7.676509,10.365949,110.0
S00886,Lodeja,Hamlet,W011,Enyoko-Kofar,LGA02,Gwarin,BAN,Bansara,7.558284,10.418976,47.0
S00894,Lolade,Village,W011,Enyoko-Kofar,LGA02,Gwarin,BAN,Bansara,7.597463,10.421999,96.0
S00891,Lowatu,Village,W011,Enyoko-Kofar,LGA02,Gwarin,BAN,Bansara,7.572435,10.399481,50.0
S00923,Nulako,Village,W011,Enyoko-Kofar,LGA02,Gwarin,BAN,Bansara,7.742756,10.470769,118.0
S00913,Nuradu,Hamlet,W011,Enyoko-Kofar,LGA02,Gwarin,BAN,Bansara,7.67595,10.434364,43.0
S00924,Oktina,Village,W011,Enyoko-Kofar,LGA02,Gwarin,BAN,Bansara,7.718606,10.416917,32.0
S00889,Oktsini,Hamlet,W011,Enyoko-Kofar,LGA02,Gwarin,BAN,Bansara,7.61746,10.424557,13.0
S00892,Olbeba,Village,W011,Enyoko-Kofar,LGA02,Gwarin,BAN,Bansara,7.707046,10.402524,30.0
S00921,Olbemi-Kudu,Hamlet,W011,Enyoko-Kofar,LGA02,Gwarin,BAN,Bansara,7.605649,10.441808,14.0
S00917,Olmami,Village,W011,Enyoko-Kofar,LGA02,Gwarin,BAN,Bansara,7.584431,10.4183,86.0
S00884,Ribawa,Hamlet,W011,Enyoko-Kofar,LGA02,Gwarin,BAN,Bansara,7.585462,10.416432,12.0
S00885,Riduko,Village,W011,Enyoko-Kofar,LGA02,Gwarin,BAN,Bansara,7.702719,10.435202,45.0
S00883,Ritsiba,Hamlet,W011,Enyoko-Kofar,LGA02,Gwarin,BAN,Bansara,7.594728,10.406755,12.0
S00904,Sadedu,Hamlet,W011,Enyoko-Kofar,LGA02,Gwarin,BAN,Bansara,7.754875,10.423017,4.0
S00898,Saduri-Gabas,Settlement,W011,Enyoko-Kofar,LGA02,Gwarin,BAN,Bansara,7.585269,10.405774,74.0
S00893,Sashaba,Hamlet,W011,Enyoko-Kofar,LGA02,Gwarin,BAN,Bansara,7.730796,10.471925,47.0
S00916,Suzayi,Hamlet,W011,Enyoko-Kofar,LGA02,Gwarin,BAN,Bansara,7.740238,10.418368,7.0
S00902,Talawo,Village,W011,Enyoko-Kofar,LGA02,Gwarin,BAN,Bansara,7.727136,10.416396,41.0
S00877,Umlawo,Hamlet,W011,Enyoko-Kofar,LGA02,Gwarin,BAN,Bansara,7.717825,10.461099,37.0
S00878,Wazami,Hamlet,W011,Enyoko-Kofar,LGA02,Gwarin,BAN,Bansara,7.716025,10.405903,10.0
S00909,Zabale,Settlement,W011,Enyoko-Kofar,LGA02,Gwarin,BAN,Bansara,7.739704,10.415343,60.0
S00919,Zalasa,Village,W011,Enyoko-Kofar,LGA02,Gwarin,BAN,Bansara,7.596503,10.390223,50.0
S00864,Agngoja,Village,W010,Fazafa,LGA02,Gwarin,BAN,Bansara,7.39779,10.846164,40.0
S00857,Baludu-Gabas,Hamlet,W010,Fazafa,LGA02,Gwarin,BAN,Bansara,7.420379,10.880013,24.0
S00843,Bibeyi,Village,W010,Fazafa,LGA02,Gwarin,BAN,Bansara,7.411834,10.868903,130.0
S00866,Bilade,Hamlet,W010,Fazafa,LGA02,Gwarin,BAN,Bansara,7.429669,10.804972,20.0
S00837,Biyomi,Hamlet,W010,Fazafa,LGA02,Gwarin,BAN,Bansara,7.486305,10.798827,15.0
S00840,Dajile,Urban block,W010,Fazafa,LGA02,Gwarin,BAN,Bansara,7.399693,10.877864,193.0
S00853,Dobesa,Urban block,W010,Fazafa,LGA02,Gwarin,BAN,Bansara,7.430531,10.753206,564.0
S00862,Dolari,Village,W010,Fazafa,LGA02,Gwarin,BAN,Bansara,7.401015,10.851367,96.0
S00831,Enluru,Village,W010,Fazafa,LGA02,Gwarin,BAN,Bansara,7.427306,10.789788,46.0
S00855,Entima-Sabo,Hamlet,W010,Fazafa,LGA02,Gwarin,BAN,Bansara,7.438405,10.803289,3.0
S00847,Fariwa-Tsakiya,Village,W010,Fazafa,LGA02,Gwarin,BAN,Bansara,7.423915,10.906693,115.0
S00856,Gudeja,Settlement,W010,Fazafa,LGA02,Gwarin,BAN,Bansara,7.446851,10.883179,6.0
S00839,Guluma,Settlement,W010,Fazafa,LGA02,Gwarin,BAN,Bansara,7.412295,10.900244,79.0
S00867,Hamasa-Tudun,Hamlet,W010,Fazafa,LGA02,Gwarin,BAN,Bansara,7.437001,10.775644,7.0
S00868,Ibbawo,Hamlet,W010,Fazafa,LGA02,Gwarin,BAN,Bansara,7.474973,10.775624,11.0
S00826,Ibyofa,Village,W010,Fazafa,LGA02,Gwarin,BAN,Bansara,7.378752,10.823223,64.0
S00850,Irmana-Sabo,Village,W010,Fazafa,LGA02,Gwarin,BAN,Bansara,7.398123,10.782524,50.0
S00858,Jiyole-Yamma,Village,W010,Fazafa,LGA02,Gwarin,BAN,Bansara,7.478745,10.808104,60.0
S00833,Kasani,Village,W010,Fazafa,LGA02,Gwarin,BAN,Bansara,7.422949,10.901691,23.0
S00829,Kutsiwo,Settlement,W010,Fazafa,LGA02,Gwarin,BAN,Bansara,7.437029,10.845626,39.0
S00848,Lodewa,Hamlet,W010,Fazafa,LGA02,Gwarin,BAN,Bansara,7.419587,10.816779,
S00836,Madeko,Hamlet,W010,Fazafa,LGA02,Gwarin,BAN,Bansara,7.382724,10.829599,9.0
S00851,Okbami,Village,W010,Fazafa,LGA02,Gwarin,BAN,Bansara,7.420985,10.901499,32.0
S00841,Okkoni,Village,W010,Fazafa,LGA02,Gwarin,BAN,Bansara,7.411649,10.898791,119.0
S00860,Okmami,Village,W010,Fazafa,LGA02,Gwarin,BAN,Bansara,7.413318,10.895467,92.0
S00846,Okshata,Hamlet,W010,Fazafa,LGA02,Gwarin,BAN,Bansara,7.413858,10.805366,15.0
S00861,Okwaba,Hamlet,W010,Fazafa,LGA02,Gwarin,BAN,Bansara,7.444357,10.757621,26.0
S00870,Okyosa,Hamlet,W010,Fazafa,LGA02,Gwarin,BAN,Bansara,7.380508,10.794054,22.0
S00828,Okzade,Village,W010,Fazafa,LGA02,Gwarin,BAN,Bansara,7.434969,10.803039,59.0
S00849,Ribefa,Village,W010,Fazafa,LGA02,Gwarin,BAN,Bansara,7.433887,10.762987,75.0
S00863,Sarawo,Settlement,W010,Fazafa,LGA02,Gwarin,BAN,Bansara,7.457031,10.859359,18.0
S00832,Satsisa-Tudun,Village,W010,Fazafa,LGA02,Gwarin,BAN,Bansara,7.427542,10.801947,62.0
S00869,Sulushi,Village,W010,Fazafa,LGA02,Gwarin,BAN,Bansara,7.427856,10.776318,137.0
S00852,Susaba-Kofar,Village,W010,Fazafa,LGA02,Gwarin,BAN,Bansara,7.446788,10.841926,20.0
S00834,Susayi,Village,W010,Fazafa,LGA02,Gwarin,BAN,Bansara,7.42613,10.866783,22.0
S00854,Tasana,Hamlet,W010,Fazafa,LGA02,Gwarin,BAN,Bansara,7.454886,10.791091,35.0
S00865,Tashade-Gabas,Urban block,W010,Fazafa,LGA02,Gwarin,BAN,Bansara,7.422466,10.879757,284.0
S00845,Tawawo,Hamlet,W010,Fazafa,LGA02,Gwarin,BAN,Bansara,7.427355,10.811604,3.0
S00830,Tazari,Village,W010,Fazafa,LGA02,Gwarin,BAN,Bansara,7.429312,10.776243,93.0
S00844,Umnani,Village,W010,Fazafa,LGA02,Gwarin,BAN,Bansara,7.426301,10.789741,45.0
S00859,Waludu-Kofar,Hamlet,W010,Fazafa,LGA02,Gwarin,BAN,Bansara,7.421574,10.883788,41.0
S00827,Watishi,Village,W010,Fazafa,LGA02,Gwarin,BAN,Bansara,7.437057,10.773073,102.0
S00838,Yewami,Village,W010,Fazafa,LGA02,Gwarin,BAN,Bansara,7.422735,10.766297,45.0
S00835,Zaraja,Village,W010,Fazafa,LGA02,Gwarin,BAN,Bansara,7.405863,10.783679,56.0
S00842,Zashako,Village,W010,Fazafa,LGA02,Gwarin,BAN,Bansara,7.395016,10.873188,110.0
S00871,Zazaba,Hamlet,W010,Fazafa,LGA02,Gwarin,BAN,Bansara,7.458375,10.769674,26.0
S00398,Adlawo,Village,W005,Jijile,LGA02,Gwarin,BAN,Bansara,7.445462,10.706556,63.0
S00407,Agmaru,Hamlet,W005,Jijile,LGA02,Gwarin,BAN,Bansara,7.358481,10.726668,11.0
S00390,Agsasa,Village,W005,Jijile,LGA02,Gwarin,BAN,Bansara,7.387564,10.751497,30.0
S00378,Agzadu,Village,W005,Jijile,LGA02,Gwarin,BAN,Bansara,7.388775,10.716853,83.0
S00388,Daladu,Settlement,W005,Jijile,LGA02,Gwarin,BAN,Bansara,7.317467,10.781155,36.0
S00391,Danani,Settlement,W005,Jijile,LGA02,Gwarin,BAN,Bansara,7.254353,10.782416,50.0
S00395,Ekkofa,Village,W005,Jijile,LGA02,Gwarin,BAN,Bansara,7.311411,10.795249,66.0
S00403,Ekngofa,Settlement,W005,Jijile,LGA02,Gwarin,BAN,Bansara,7.344049,10.734988,72.0
S00400,Eksana,Hamlet,W005,Jijile,LGA02,Gwarin,BAN,Bansara,7.373919,10.642449,14.0
S00405,Enmashi,Hamlet,W005,Jijile,LGA02,Gwarin,BAN,Bansara,7.366395,10.70447,20.0
S00383,Entsina,Village,W005,Jijile,LGA02,Gwarin,BAN,Bansara,7.380006,10.722819,46.0
S00393,Farawa-Kofar,Settlement,W005,Jijile,LGA02,Gwarin,BAN,Bansara,7.316138,10.753561,10.0
S00401,Gungowa,Village,W005,Jijile,LGA02,Gwarin,BAN,Bansara,7.384561,10.679251,130.0
S00374,Gusayi,Village,W005,Jijile,LGA02,Gwarin,BAN,Bansara,7.40696,10.703588,81.0
S00372,Haluta-Tudun,Village,W005,Jijile,LGA02,Gwarin,BAN,Bansara,7.330119,10.771291,43.0
S00402,Hasayi,Village,W005,Jijile,LGA02,Gwarin,BAN,Bansara,7.292573,10.76525,52.0
S00370,Ibluko-Tudun,Village,W005,Jijile,LGA02,Gwarin,BAN,Bansara,7.295342,10.767153,46.0
S00385,Ibluwo,Village,W005,Jijile,LGA02,Gwarin,BAN,Bansara,7.319853,10.714427,14.0
S00392,Jidule,Hamlet,W005,Jijile,LGA02,Gwarin,BAN,Bansara,7.298727,10.751518,3.0
S00406,Katside,Hamlet,W005,Jijile,LGA02,Gwarin,BAN,Bansara,7.394495,10.708852,34.0
S00373,Loduwo,Village,W005,Jijile,LGA02,Gwarin,BAN,Bansara,7.326681,10.759976,59.0
S00381,Lorako,Settlement,W005,Jijile,LGA02,Gwarin,BAN,Bansara,7.288424,10.783261,41.0
S00399,Matiyi,Settlement,W005,Jijile,LGA02,Gwarin,BAN,Bansara,7.301942,10.773115,18.0
S00387,Nusadu,Settlement,W005,Jijile,LGA02,Gwarin,BAN,Bansara,7.309335,10.648819,57.0
S00389,Nuyole,Village,W005,Jijile,LGA02,Gwarin,BAN,Bansara,7.283536,10.749702,132.0
S00394,Olbana-Tsakiya,Village,W005,Jijile,LGA02,Gwarin,BAN,Bansara,7.358284,10.704053,134.0
S00377,Olduyi-Kudu,Village,W005,Jijile,LGA02,Gwarin,BAN,Bansara,7.327723,10.781233,10.0
S00369,Oljina,Hamlet,W005,Jijile,LGA02,Gwarin,BAN,Bansara,7.379273,10.710231,9.0
S00380,Olriri,Village,W005,Jijile,LGA02,Gwarin,BAN,Bansara,7.375874,10.715545,79.0
S00396,Olrishi,Settlement,W005,Jijile,LGA02,Gwarin,BAN,Bansara,7.307783,10.753534,62.0
S00371,Ririyi,Hamlet,W005,Jijile,LGA02,Gwarin,BAN,Bansara,7.326621,10.738177,13.0
S00404,Sakosa,Settlement,W005,Jijile,LGA02,Gwarin,BAN,Bansara,7.408979,10.720991,35.0
S00379,Suzawo,Settlement,W005,Jijile,LGA02,Gwarin,BAN,Bansara,7.423321,10.736466,36.0
S00382,Tatidu,Hamlet,W005,Jijile,LGA02,Gwarin,BAN,Bansara,7.329622,10.77502,61.0
S00397,Uzjimi,Village,W005,Jijile,LGA02,Gwarin,BAN,Bansara,7.386267,10.733516,108.0
S00384,Yemani,Hamlet,W005,Jijile,LGA02,Gwarin,BAN,Bansara,7.316643,10.770062,8.0
S00376,Yerita,Hamlet,W005,Jijile,LGA02,Gwarin,BAN,Bansara,7.338132,10.775844,25.0
S00386,Yezatu,Hamlet,W005,Jijile,LGA02,Gwarin,BAN,Bansara,7.388505,10.719992,10.0
S00375,Zajina,Hamlet,W005,Jijile,LGA02,Gwarin,BAN,Bansara,7.31031,10.76456,7.0
S00966,Adrale,Village,W013,Sashako,LGA02,Gwarin,BAN,Bansara,7.494484,10.548834,61.0
S00957,Adsako,Village,W013,Sashako,LGA02,Gwarin,BAN,Bansara,7.501046,10.667574,62.0
S00971,Agtisa,Village,W013,Sashako,LGA02,Gwarin,BAN,Bansara,7.45308,10.677865,71.0
S00993,Badudu,Hamlet,W013,Sashako,LGA02,Gwarin,BAN,Bansara,7.511989,10.556693,23.0
S00970,Bangotu,Hamlet,W013,Sashako,LGA02,Gwarin,BAN,Bansara,7.411096,10.619356,22.0
S00954,Bibedu,Hamlet,W013,Sashako,LGA02,Gwarin,BAN,Bansara,7.5276,10.671773,36.0
S00955,Datina,Village,W013,Sashako,LGA02,Gwarin,BAN,Bansara,7.459062,10.56483,32.0
S00974,Dazashi,Hamlet,W013,Sashako,LGA02,Gwarin,BAN,Bansara,7.46127,10.507365,25.0
S00959,Dodetu,Hamlet,W013,Sashako,LGA02,Gwarin,BAN,Bansara,7.49633,10.537451,30.0
S00953,Dolule-Tsakiya,Settlement,W013,Sashako,LGA02,Gwarin,BAN,Bansara,7.474932,10.579228,25.0
S00967,Ekjimi,Village,W013,Sashako,LGA02,Gwarin,BAN,Bansara,7.500367,10.566747,63.0
S00976,Ekyoni,Village,W013,Sashako,LGA02,Gwarin,BAN,Bansara,7.513388,10.663949,100.0
S00963,Enbewa-Tsakiya,Village,W013,Sashako,LGA02,Gwarin,BAN,Bansara,7.394855,10.601069,26.0
S00984,Enlawo-Tudun,Settlement,W013,Sashako,LGA02,Gwarin,BAN,Bansara,7.523375,10.642406,43.0
S00958,Fatima-Kudu,Hamlet,W013,Sashako,LGA02,Gwarin,BAN,Bansara,7.483686,10.559731,17.0
S00965,Fatsiwa,Village,W013,Sashako,LGA02,Gwarin,BAN,Bansara,7.502212,10.552474,109.0
S00995,Gubale,Urban block,W013,Sashako,LGA02,Gwarin,BAN,Bansara,7.591148989856912,10.537226,210.0
S00994,Gushatu,Village,W013,Sashako,LGA02,Gwarin,BAN,Bansara,7.480336,10.56305,56.0
S00992,Gutsitu-Kudu,Hamlet,W013,Sashako,LGA02,Gwarin,BAN,Bansara,7.498323,10.546917,18.0
S00988,Ibtsina,Village,W013,Sashako,LGA02,Gwarin,BAN,Bansara,7.495505,10.585959,110.0
S00991,Irduja,Settlement,W013,Sashako,LGA02,Gwarin,BAN,Bansara,7.448425,10.555048,88.0
S00956,Irjiba-Yamma,Hamlet,W013,Sashako,LGA02,Gwarin,BAN,Bansara,7.486592,10.53248,45.0
S00977,Irzawo,Hamlet,W013,Sashako,LGA02,Gwarin,BAN,Bansara,7.519917,10.569271,23.0
S00989,Jingona,Hamlet,W013,Sashako,LGA02,Gwarin,BAN,Bansara,7.504177,10.652844,45.0
S00961,Kajita,Village,W013,Sashako,LGA02,Gwarin,BAN,Bansara,7.524012,10.667258,121.0
S00960,Kalama,Settlement,W013,Sashako,LGA02,Gwarin,BAN,Bansara,7.48574,10.675293,42.0
S00986,Kawadu,Settlement,W013,Sashako,LGA02,Gwarin,BAN,Bansara,7.456414,10.555696,39.0
S00980,Kudewo-Yamma,Village,W013,Sashako,LGA02,Gwarin,BAN,Bansara,7.455046,10.652246,49.0
S00975,Kurita,Village,W013,Sashako,LGA02,Gwarin,BAN,Bansara,7.422871,10.549604,41.0
S00973,Kushadu,Hamlet,W013,Sashako,LGA02,Gwarin,BAN,Bansara,7.506095,10.675748,54.0
S00987,Lozayi,Hamlet,W013,Sashako,LGA02,Gwarin,BAN,Bansara,7.386592,10.563169,13.0
S00978,Mangoko,Village,W013,Sashako,LGA02,Gwarin,BAN,Bansara,7.493766,10.651456,25.0
S00969,Mawana,Village,W013,Sashako,LGA02,Gwarin,BAN,Bansara,7.499465,10.553358,36.0
S00982,Okmaja,Settlement,W013,Sashako,LGA02,Gwarin,BAN,Bansara,7.516587,10.568737,38.0
S00981,Ringomi,Settlement,W013,Sashako,LGA02,Gwarin,BAN,Bansara,7.514493,10.680411,40.0
S00985,Salako,Hamlet,W013,Sashako,LGA02,Gwarin,BAN,Bansara,7.500603,10.557202,11.0
S00990,Salude-Sabo,Village,W013,Sashako,LGA02,Gwarin,BAN,Bansara,7.533537,10.64716,129.0
S00968,Sayoma,Hamlet,W013,Sashako,LGA02,Gwarin,BAN,Bansara,7.485012,10.535622,39.0
S00983,Surima-Gabas,Settlement,W013,Sashako,LGA02,Gwarin,BAN,Bansara,7.476944,10.577674,53.0
S00972,Sushafa,Settlement,W013,Sashako,LGA02,Gwarin,BAN,Bansara,7.471303,10.558672,85.0
S00979,Talata-Tsakiya,Settlement,W013,Sashako,LGA02,Gwarin,BAN,Bansara,7.468543,10.666239,75.0
S00964,Uzdusa-Kudu,Hamlet,W013,Sashako,LGA02,Gwarin,BAN,Bansara,7.491881,10.673933,22.0
S00962,Uzsana-Gabas,Settlement,W013,Sashako,LGA02,Gwarin,BAN,Bansara,7.405383,10.552758,20.0
S00997,Zasami-Tsakiya,Village,W013,Sashako,LGA02,Gwarin,BAN,Bansara,7.499013,10.659167,19.0
S00996,Zashayi,Hamlet,W013,Sashako,LGA02,Gwarin,BAN,Bansara,7.488105,10.665165,15.0
S01237,Adtidu,Urban block,W016,Uzritu,LGA02,Gwarin,BAN,Bansara,7.579759,10.434259,174.0
S01264,Aglana,Hamlet,W016,Uzritu,LGA02,Gwarin,BAN,Bansara,7.55964,10.602954,23.0
S01239,Aglashi,Hamlet,W016,Uzritu,LGA02,Gwarin,BAN,Bansara,7.56987,10.44335,13.0
S01234,Agngowa,Settlement,W016,Uzritu,LGA02,Gwarin,BAN,Bansara,7.637487,10.494078,30.0
S01238,Agrishi,Village,W016,Uzritu,LGA02,Gwarin,BAN,Bansara,7.558672,10.472885,33.0
S01255,Bakoko-Gabas,Village,W016,Uzritu,LGA02,Gwarin,BAN,Bansara,7.635615,10.518614,128.0
S01268,Bakori,Village,W016,Uzritu,LGA02,Gwarin,BAN,Bansara,7.587255,10.459452,43.0
S01233,Birafa,Village,W016,Uzritu,LGA02,Gwarin,BAN,Bansara,7.655441,10.481361,102.0
S01267,Biwako-Sabo,Settlement,W016,Uzritu,LGA02,Gwarin,BAN,Bansara,7.634881,10.509686,31.0
S01248,Dalawa,Hamlet,W016,Uzritu,LGA02,Gwarin,BAN,Bansara,7.640341,10.504173,38.0
S01275,Damawa,Settlement,W016,Uzritu,LGA02,Gwarin,BAN,Bansara,7.585572,10.489757,38.0
S01246,Doluta,Hamlet,W016,Uzritu,LGA02,Gwarin,BAN,Bansara,7.665082,10.482539,11.0
S01252,Dongori,Village,W016,Uzritu,LGA02,Gwarin,BAN,Bansara,7.654901,10.493137,22.0
S01247,Fazaru,Hamlet,W016,Uzritu,LGA02,Gwarin,BAN,Bansara,7.585481,10.598728,11.0
S01272,Gushawa,Village,W016,Uzritu,LGA02,Gwarin,BAN,Bansara,7.55458,10.456223,93.0
S01258,Gutide,Hamlet,W016,Uzritu,LGA02,Gwarin,BAN,Bansara,7.646281,10.48193,21.0
S01253,Habaja,Village,W016,Uzritu,LGA02,Gwarin,BAN,Bansara,7.615659,10.488087,105.0
S01260,Hajishi,Village,W016,Uzritu,LGA02,Gwarin,BAN,Bansara,7.622551,10.452034,37.0
S01240,Haraja,Village,W016,Uzritu,LGA02,Gwarin,BAN,Bansara,7.589636,10.453646,94.0
S01256,Ibngoni,Village,W016,Uzritu,LGA02,Gwarin,BAN,Bansara,7.603882,10.468383,132.0
S01274,Ibtsiri,Village,W016,Uzritu,LGA02,Gwarin,BAN,Bansara,7.656724,10.518936,49.0
S01232,Irraja,Urban block,W016,Uzritu,LGA02,Gwarin,BAN,Bansara,7.56504,10.43052,72.0
S01265,Kawade,Settlement,W016,Uzritu,LGA02,Gwarin,BAN,Bansara,7.492622,10.454432,69.0
S01270,Lotsiko,Village,W016,Uzritu,LGA02,Gwarin,BAN,Bansara,7.611802,10.483499,16.0
S01251,Lotsimi,Village,W016,Uzritu,LGA02,Gwarin,BAN,Bansara,7.642625,10.486862,54.0
S01276,Nujija,Settlement,W016,Uzritu,LGA02,Gwarin,BAN,Bansara,7.585348,10.453266,23.0
S01271,Nulude,Village,W016,Uzritu,LGA02,Gwarin,BAN,Bansara,7.627134,10.491437,45.0
S01263,Nuriri,Village,W016,Uzritu,LGA02,Gwarin,BAN,Bansara,7.537081,10.467637,76.0
S01245,Nuwashi,Village,W016,Uzritu,LGA02,Gwarin,BAN,Bansara,7.65701,10.484698,71.0
S01254,Okkoma,Hamlet,W016,Uzritu,LGA02,Gwarin,BAN,Bansara,7.578981,10.438075,18.0
S01243,Okyoja,Village,W016,Uzritu,LGA02,Gwarin,BAN,Bansara,7.627743,10.507764,62.0
S01249,Olbena,Settlement,W016,Uzritu,LGA02,Gwarin,BAN,Bansara,7.579672,10.460694,59.0
S01236,Oljitu,Settlement,W016,Uzritu,LGA02,Gwarin,BAN,Bansara,7.633087,10.500139,39.0
S01242,Olratu,Village,W016,Uzritu,LGA02,Gwarin,BAN,Bansara,7.570491,10.503526,75.0
S01266,Ribata,Hamlet,W016,Uzritu,LGA02,Gwarin,BAN,Bansara,7.670063,10.489446,46.0
S01273,Riyota,Village,W016,Uzritu,LGA02,Gwarin,BAN,Bansara,7.638666,10.497314,17.0
S01259,Subeja,Village,W016,Uzritu,LGA02,Gwarin,BAN,Bansara,7.573806,10.452744,53.0
S01257,Suriyi,Settlement,W016,Uzritu,LGA02,Gwarin,BAN,Bansara,7.664928,10.485981,32.0
S01231,Tadefa,Village,W016,Uzritu,LGA02,Gwarin,BAN,Bansara,7.562329,10.449011,42.0
S01261,Talufa,Hamlet,W016,Uzritu,LGA02,Gwarin,BAN,Bansara,7.678957,10.484553,49.0
S01262,Tangoshi,Village,W016,Uzritu,LGA02,Gwarin,BAN,Bansara,7.632634,10.500824,96.0
S01269,Umtiyi,Village,W016,Uzritu,LGA02,Gwarin,BAN,Bansara,7.584251,10.446026,32.0
S01235,Uzjiba,Village,W016,Uzritu,LGA02,Gwarin,BAN,Bansara,7.570645,10.440412,21.0
S01250,Wadena-Arewa,Village,W016,Uzritu,LGA02,Gwarin,BAN,Bansara,7.58196,10.436619,232.0
S01244,Wajifa,Hamlet,W016,Uzritu,LGA02,Gwarin,BAN,Bansara,7.642995,10.494372,20.0
S01277,Yemasa-Gabas,Village,W016,Uzritu,LGA02,Gwarin,BAN,Bansara,7.654807,10.484611,26.0
S01241,Zaluyi,Hamlet,W016,Uzritu,LGA02,Gwarin,BAN,Bansara,7.571533,10.45816,20.0
S00822,Agdeko,Hamlet,W009,Washatu,LGA02,Gwarin,BAN,Bansara,7.522954,10.954546,28.0
S00796,Agmade,Settlement,W009,Washatu,LGA02,Gwarin,BAN,Bansara,7.491365,11.029286,3.0
S00825,Agsani,Hamlet,W009,Washatu,LGA02,Gwarin,BAN,Bansara,7.482933,10.994311,46.0
S00818,Agshari,Village,W009,Washatu,LGA02,Gwarin,BAN,Bansara,7.547805,10.943579,25.0
S00823,Bazawo,Hamlet,W009,Washatu,LGA02,Gwarin,BAN,Bansara,7.493541,11.032353,13.0
S00807,Domade,Village,W009,Washatu,LGA02,Gwarin,BAN,Bansara,7.479482,11.008172,24.0
S00805,Dorashi,Settlement,W009,Washatu,LGA02,Gwarin,BAN,Bansara,7.546898,10.972749,22.0
S00803,Fanashi,Settlement,W009,Washatu,LGA02,Gwarin,BAN,Bansara,7.571068,10.965947,89.0
S00798,Gubako,Village,W009,Washatu,LGA02,Gwarin,BAN,Bansara,7.499302,11.023774,62.0
S00820,Ibzade-Arewa,Village,W009,Washatu,LGA02,Gwarin,BAN,Bansara,7.565557,10.86257,83.0
S00809,Irngoma-Arewa,Settlement,W009,Washatu,LGA02,Gwarin,BAN,Bansara,7.601631,10.822419,59.0
S00817,Jijiwo,Hamlet,W009,Washatu,LGA02,Gwarin,BAN,Bansara,7.555314,10.956213,8.0
S00814,Kasami,Village,W009,Washatu,LGA02,Gwarin,BAN,Bansara,7.51162,10.998924,47.0
S00791,Kujidu,Settlement,W009,Washatu,LGA02,Gwarin,BAN,Bansara,7.623405,10.797477,52.0
S00824,Loduma-Tudun,Village,W009,Washatu,LGA02,Gwarin,BAN,Bansara,7.507549,11.009563,104.0
S00795,Mabadu,Settlement,W009,Washatu,LGA02,Gwarin,BAN,Bansara,7.52853,10.977484,53.0
S00804,Madena,Village,W009,Washatu,LGA02,Gwarin,BAN,Bansara,7.539983,10.962829,23.0
S00793,Malako,Hamlet,W009,Washatu,LGA02,Gwarin,BAN,Bansara,7.501941,11.015028,34.0
S00789,Matsima,Hamlet,W009,Washatu,LGA02,Gwarin,BAN,Bansara,7.583255,10.950035,26.0
S00794,Mayoru,Settlement,W009,Washatu,LGA02,Gwarin,BAN,Bansara,7.491873,11.005198,63.0
S00811,Okbani,Village,W009,Washatu,LGA02,Gwarin,BAN,Bansara,7.57956,10.948236,47.0
S00821,Oktini,Urban block,W009,Washatu,LGA02,Gwarin,BAN,Bansara,7.531744,11.025117,180.0
S00810,Okzaru,Village,W009,Washatu,LGA02,Gwarin,BAN,Bansara,7.556759,10.959824,47.0
S00806,Ribeta,Village,W009,Washatu,LGA02,Gwarin,BAN,Bansara,7.497759,11.025491,35.0
S00792,Rikoma,Village,W009,Washatu,LGA02,Gwarin,BAN,Bansara,7.569553,10.951088,56.0
S00799,Rikotu,Hamlet,W009,Washatu,LGA02,Gwarin,BAN,Bansara,7.531328,11.006614,14.0
S00812,Rilayi,Village,W009,Washatu,LGA02,Gwarin,BAN,Bansara,7.50377,11.004766,62.0
S00797,Ringosa-Gabas,Village,W009,Washatu,LGA02,Gwarin,BAN,Bansara,7.53746,10.921368,64.0
S00816,Sawade,Urban block,W009,Washatu,LGA02,Gwarin,BAN,Bansara,7.500587,10.995465,499.0
S00808,Sawawa,Village,W009,Washatu,LGA02,Gwarin,BAN,Bansara,7.535795,10.969275,6.0
S00801,Tadetu-Gabas,Settlement,W009,Washatu,LGA02,Gwarin,BAN,Bansara,7.490845,11.010228,52.0
S00819,Tatishi-Arewa,Settlement,W009,Washatu,LGA02,Gwarin,BAN,Bansara,7.560685,10.961093,37.0
S00815,Umshade-Yamma,Hamlet,W009,Washatu,LGA02,Gwarin,BAN,Bansara,7.494485,11.018864,34.0
S00800,Uzdemi,Village,W009,Washatu,LGA02,Gwarin,BAN,Bansara,7.532793,10.846289,60.0
S00813,Uzshaja-Arewa,Village,W009,Washatu,LGA02,Gwarin,BAN,Bansara,7.5898,10.935683,61.0
S00790,Uztsimi,Village,W009,Washatu,LGA02,Gwarin,BAN,Bansara,7.514759,11.01041,125.0
S00802,Wayole-Kofar,Hamlet,W009,Washatu,LGA02,Gwarin,BAN,Bansara,7.551641,10.96727,23.0
S00788,Zayoma,Urban block,W009,Washatu,LGA02,Gwarin,BAN,Bansara,7.490951,11.009486,125.0
S00339,Agbeja,Village,W004,Yesawo,LGA02,Gwarin,BAN,Bansara,7.241039,10.572897,95.0
S00337,Agrale,Village,W004,Yesawo,LGA02,Gwarin,BAN,Bansara,7.224331,10.633795,25.0
S00362,Agtsiwa,Urban block,W004,Yesawo,LGA02,Gwarin,BAN,Bansara,7.234727,10.5717,440.0
S00330,Baritu,Village,W004,Yesawo,LGA02,Gwarin,BAN,Bansara,7.195187,10.68726,95.0
S00331,Bawari-Yamma,Village,W004,Yesawo,LGA02,Gwarin,BAN,Bansara,7.228225,10.586026,64.0
S00360,Dangoja,Village,W004,Yesawo,LGA02,Gwarin,BAN,Bansara,7.24835,10.576047,86.0
S00344,Datsisa-Arewa,Hamlet,W004,Yesawo,LGA02,Gwarin,BAN,Bansara,7.182022,10.68309,9.0
S00363,Dolaja,Village,W004,Yesawo,LGA02,Gwarin,BAN,Bansara,7.150998,10.66558,17.0
S00332,Ekbade,Hamlet,W004,Yesawo,LGA02,Gwarin,BAN,Bansara,7.187035,10.61587,8.0
S00358,Ekdeja,Hamlet,W004,Yesawo,LGA02,Gwarin,BAN,Bansara,7.26841,10.564401,5.0
S00351,Eklufa,Settlement,W004,Yesawo,LGA02,Gwarin,BAN,Bansara,7.185531,10.695851,12.0
S00347,Fabemi-Kofar,Village,W004,Yesawo,LGA02,Gwarin,BAN,Bansara,7.26264,10.607177,29.0
S00345,Falama,Village,W004,Yesawo,LGA02,Gwarin,BAN,Bansara,7.204952,10.59458,64.0
S00352,Falana,Village,W004,Yesawo,LGA02,Gwarin,BAN,Bansara,7.201383,10.705544,23.0
S00350,Fanadu,Village,W004,Yesawo,LGA02,Gwarin,BAN,Bansara,7.158801,10.648866,116.0
S00334,Gubatu-Kudu,Hamlet,W004,Yesawo,LGA02,Gwarin,BAN,Bansara,7.27585,10.594675,
S00335,Halani,Settlement,W004,Yesawo,LGA02,Gwarin,BAN,Bansara,7.213916,10.658237,12.0
S00340,Hatiwo-Sabo,Hamlet,W004,Yesawo,LGA02,Gwarin,BAN,Bansara,7.189234,10.662487,56.0
S00367,Ibdule,Village,W004,Yesawo,LGA02,Gwarin,BAN,Bansara,7.18085,10.702637,83.0
S00355,Ibsasa,Hamlet,W004,Yesawo,LGA02,Gwarin,BAN,Bansara,7.261598,10.607048,8.0
S00329,Ibshaja,Hamlet,W004,Yesawo,LGA02,Gwarin,BAN,Bansara,7.248575,10.57124,9.0
S00361,Irjina,Village,W004,Yesawo,LGA02,Gwarin,BAN,Bansara,7.234767,10.595043,69.0
S00336,Jimaba,Village,W004,Yesawo,LGA02,Gwarin,BAN,Bansara,7.21734,10.693585,58.0
S00356,Katima,Hamlet,W004,Yesawo,LGA02,Gwarin,BAN,Bansara,7.238987,10.580068,8.0
S00338,Kunawo,Hamlet,W004,Yesawo,LGA02,Gwarin,BAN,Bansara,7.194944,10.683681,22.0
S00348,Lolutu,Village,W004,Yesawo,LGA02,Gwarin,BAN,Bansara,7.191121,10.680233,15.0
S00366,Losadu-Tudun,Village,W004,Yesawo,LGA02,Gwarin,BAN,Bansara,7.184485,10.70379,30.0
S00365,Lotide-Kofar,Hamlet,W004,Yesawo,LGA02,Gwarin,BAN,Bansara,7.212726,10.690471,13.0
S00342,Okbele,Hamlet,W004,Yesawo,LGA02,Gwarin,BAN,Bansara,7.195427,10.669986,3.0
S00343,Oklale,Village,W004,Yesawo,LGA02,Gwarin,BAN,Bansara,7.183042,10.675162,47.0
S00349,Oltiwo-Sabo,Hamlet,W004,Yesawo,LGA02,Gwarin,BAN,Bansara,7.227483,10.578117,55.0
S00364,Sangoru-Sabo,Village,W004,Yesawo,LGA02,Gwarin,BAN,Bansara,7.201645,10.704503,56.0
S00353,Sushadu-Yamma,Village,W004,Yesawo,LGA02,Gwarin,BAN,Bansara,7.178882,10.685413,23.0
S00357,Umjiri,Urban block,W004,Yesawo,LGA02,Gwarin,BAN,Bansara,7.218137,10.588305,221.0
S00359,Uzbede,Village,W004,Yesawo,LGA02,Gwarin,BAN,Bansara,7.194783,10.672214,93.0
S00354,Uzbede-Yamma,Hamlet,W004,Yesawo,LGA02,Gwarin,BAN,Bansara,7.173966,10.693766,14.0
S00333,Uzyowa,Hamlet,W004,Yesawo,LGA02,Gwarin,BAN,Bansara,7.175272,10.698037,13.0
S00368,Yedena,Village,W004,Yesawo,LGA02,Gwarin,BAN,Bansara,7.216807,10.682468,25.0
S00346,Yedude,Hamlet,W004,Yesawo,LGA02,Gwarin,BAN,Bansara,7.27305,10.61904,17.0
S00341,Yetsisa,Hamlet,W004,Yesawo,LGA02,Gwarin,BAN,Bansara,7.231762,10.63105,6.0
S01523,Adlufa,Village,W021,Yezata,LGA02,Gwarin,BAN,Bansara,7.871392,10.515694,34.0
S01552,Agsawo,Hamlet,W021,Yezata,LGA02,Gwarin,BAN,Bansara,7.886786,10.554967,8.0
S01542,Daluta,Settlement,W021,Yezata,LGA02,Gwarin,BAN,Bansara,7.725235,10.55961,65.0
S01514,Daradu-Kudu,Village,W021,Yezata,LGA02,Gwarin,BAN,Bansara,7.879893,10.467355,48.0
S01518,Ekshadu,Village,W021,Yezata,LGA02,Gwarin,BAN,Bansara,7.856954,10.569812,42.0
S01540,Ekshashi,Village,W021,Yezata,LGA02,Gwarin,BAN,Bansara,7.847146,10.574144,183.0
S01522,Fangota,Village,W021,Yezata,LGA02,Gwarin,BAN,Bansara,7.858724,10.541522,13.0
S01544,Hadele-Arewa,Hamlet,W021,Yezata,LGA02,Gwarin,BAN,Bansara,7.837191,10.543674,46.0
S01529,Hakoma,Village,W021,Yezata,LGA02,Gwarin,BAN,Bansara,7.888513,10.517351,85.0
S01539,Hakosa,Settlement,W021,Yezata,LGA02,Gwarin,BAN,Bansara,7.894844,10.479033,20.0
S01547,Ibbayi,Village,W021,Yezata,LGA02,Gwarin,BAN,Bansara,7.877436,10.53469,30.0
S01549,Iblumi,Hamlet,W021,Yezata,LGA02,Gwarin,BAN,Bansara,7.878354,10.480628,15.0
S01538,Ibshami,Hamlet,W021,Yezata,LGA02,Gwarin,BAN,Bansara,7.891864,10.518849,4.0
S01545,Ibtide-Tudun,Village,W021,Yezata,LGA02,Gwarin,BAN,Bansara,7.900657,10.477311,62.0
S01515,Irbaja,Hamlet,W021,Yezata,LGA02,Gwarin,BAN,Bansara,7.886722,10.488959,18.0
S01534,Irngode,Hamlet,W021,Yezata,LGA02,Gwarin,BAN,Bansara,7.916135,10.5138,40.0
S01536,Irraba,Village,W021,Yezata,LGA02,Gwarin,BAN,Bansara,7.824257,10.624195,20.0
S01533,Irtide,Settlement,W021,Yezata,LGA02,Gwarin,BAN,Bansara,7.871801,10.493992,25.0
S01526,Jiriyi,Settlement,W021,Yezata,LGA02,Gwarin,BAN,Bansara,7.81974,10.456969,34.0
S01517,Jisami,Hamlet,W021,Yezata,LGA02,Gwarin,BAN,Bansara,7.887323,10.549489,13.0
S01554,Kamawo,Village,W021,Yezata,LGA02,Gwarin,BAN,Bansara,7.892363,10.559092,87.0
S01528,Kujija,Village,W021,Yezata,LGA02,Gwarin,BAN,Bansara,7.86937,10.511849,37.0
S01550,Kungosa-Arewa,Village,W021,Yezata,LGA02,Gwarin,BAN,Bansara,7.894003,10.543056,36.0
S01543,Lolashi,Hamlet,W021,Yezata,LGA02,Gwarin,BAN,Bansara,7.88318,10.542068,15.0
S01520,Maberi-Kofar,Hamlet,W021,Yezata,LGA02,Gwarin,BAN,Bansara,7.88121,10.576925,15.0
S01521,Majija-Gabas,Hamlet,W021,Yezata,LGA02,Gwarin,BAN,Bansara,7.864724,10.537481,5.0
S01530,Mawani,Hamlet,W021,Yezata,LGA02,Gwarin,BAN,Bansara,7.875689,10.501819,14.0
S01524,Nuzaba,Village,W021,Yezata,LGA02,Gwarin,BAN,Bansara,7.870738,10.54964,59.0
S01546,Okshatu,Village,W021,Yezata,LGA02,Gwarin,BAN,Bansara,7.888667,10.47087,39.0
S01548,Salaja,Hamlet,W021,Yezata,LGA02,Gwarin,BAN,Bansara,7.86192,10.471374,21.0
S01541,Sayofa,Hamlet,W021,Yezata,LGA02,Gwarin,BAN,Bansara,7.874871,10.453862,60.0
S01535,Sazale,Hamlet,W021,Yezata,LGA02,Gwarin,BAN,Bansara,7.875416,10.491516,12.0
S01527,Sungode,Settlement,W021,Yezata,LGA02,Gwarin,BAN,Bansara,7.859476,10.495152,30.0
S01531,Wasale,Village,W021,Yezata,LGA02,Gwarin,BAN,Bansara,7.86,10.597298,124.0
S01532,Watiyi,Village,W021,Yezata,LGA02,Gwarin,BAN,Bansara,7.858155,10.494237,158.0
S01516,Yebeba,Settlement,W021,Yezata,LGA02,Gwarin,BAN,Bansara,7.858471,10.469742,18.0
S01525,Yengode,Hamlet,W021,Yezata,LGA02,Gwarin,BAN,Bansara,7.875715,10.501626,36.0
S01537,Yengona,Village,W021,Yezata,LGA02,Gwarin,BAN,Bansara,7.87467,10.476966,44.0
S01553,Zadewo,Village,W021,Yezata,LGA02,Gwarin,BAN,Bansara,7.861407,10.530841,10.0
S01519,Zasale,Village,W021,Yezata,LGA02,Gwarin,BAN,Bansara,7.749566,10.609694,69.0
S01551,Zazako,Village,W021,Yezata,LGA02,Gwarin,BAN,Bansara,7.922076,10.492945,28.0
S01207,Admashi,Hamlet,W015,Baluru,LGA01,Idi-Oro,BAN,Bansara,7.673062,11.306388,63.0
S01202,Adsana,Village,W015,Baluru,LGA01,Idi-Oro,BAN,Bansara,7.511084,11.208222,145.0
S01177,Adtsina,Hamlet,W015,Baluru,LGA01,Idi-Oro,BAN,Bansara,7.675572,11.291215,20.0
S01128,Agyowa-Tudun,Hamlet,W015,Baluru,LGA01,Idi-Oro,BAN,Bansara,7.491842,11.21725,19.0
S01174,Agyowo,Village,W015,Baluru,LGA01,Idi-Oro,BAN,Bansara,7.508765,11.219791,112.0
S01158,Bariyi,Hamlet,W015,Baluru,LGA01,Idi-Oro,BAN,Bansara,7.679236,11.28132,40.0
S01206,Bashashi,Hamlet,W015,Baluru,LGA01,Idi-Oro,BAN,Bansara,7.557546,11.269784,49.0
S01191,Bibako,Hamlet,W015,Baluru,LGA01,Idi-Oro,BAN,Bansara,7.523788,11.203971,82.0
S01111,Bikoja-Tsakiya,Settlement,W015,Baluru,LGA01,Idi-Oro,BAN,Bansara,7.493137,11.21752,116.0
S01133,Bisaja,Urban block,W015,Baluru,LGA01,Idi-Oro,BAN,Bansara,7.683409,11.275546,275.0
S01163,Bishale,Village,W015,Baluru,LGA01,Idi-Oro,BAN,Bansara,7.518248,11.244011,271.0
S01230,Bitile,Hamlet,W015,Baluru,LGA01,Idi-Oro,BAN,Bansara,7.726167,11.277347,24.0
S01120,Bitsiyi,Village,W015,Baluru,LGA01,Idi-Oro,BAN,Bansara,7.665472,11.277988,135.0
S01156,Daluna,Urban block,W015,Baluru,LGA01,Idi-Oro,BAN,Bansara,7.694902,11.265077,368.0
S01145,Dangode,Village,W015,Baluru,LGA01,Idi-Oro,BAN,Bansara,7.493857,11.356204,139.0
S01188,Darile-Arewa,Village,W015,Baluru,LGA01,Idi-Oro,BAN,Bansara,7.538967,11.281896,118.0
S01168,Dasharu,Urban block,W015,Baluru,LGA01,Idi-Oro,BAN,Bansara,7.657826,11.262971,198.0
S01228,Dawako,Village,W015,Baluru,LGA01,Idi-Oro,BAN,Bansara,7.516259,11.367413,86.0
S01137,Dayoja,Hamlet,W015,Baluru,LGA01,Idi-Oro,BAN,Bansara,7.564826,11.274598,29.0
S01135,Dobeko,Hamlet,W015,Baluru,LGA01,Idi-Oro,BAN,Bansara,7.713771,11.298133,44.0
S01098,Domadu,Urban block,W015,Baluru,LGA01,Idi-Oro,BAN,Bansara,7.693626,11.280297,105.0
S01183,Domari,Hamlet,W015,Baluru,LGA01,Idi-Oro,BAN,Bansara,7.482806,11.187645,41.0
S01195,Dorana,Urban block,W015,Baluru,LGA01,Idi-Oro,BAN,Bansara,7.533087,11.2992,356.0
S01131,Doriba,Urban block,W015,Baluru,LGA01,Idi-Oro,BAN,Bansara,7.553608,11.301884,771.0
S01192,Doritu,Village,W015,Baluru,LGA01,Idi-Oro,BAN,Bansara,7.695615,11.27502,164.0
S01109,Dosashi,Village,W015,Baluru,LGA01,Idi-Oro,BAN,Bansara,7.508958,11.193804,136.0
S01210,Dowawa-Yamma,Urban block,W015,Baluru,LGA01,Idi-Oro,BAN,Bansara,7.71246,11.279193,410.0
S01186,Ekdema,Village,W015,Baluru,LGA01,Idi-Oro,BAN,Bansara,7.496018,11.254443,67.0
S01144,Ekjiyi-Arewa,Hamlet,W015,Baluru,LGA01,Idi-Oro,BAN,Bansara,7.509187,11.248234,43.0
S01160,Eklawa,Village,W015,Baluru,LGA01,Idi-Oro,BAN,Bansara,7.514178,11.209277,167.0
S01189,Ekratu-Kudu,Village,W015,Baluru,LGA01,Idi-Oro,BAN,Bansara,7.661869,11.265109,165.0
S01223,Ektide,Village,W015,Baluru,LGA01,Idi-Oro,BAN,Bansara,7.703457,11.269393,213.0
S01200,Ektina,Urban block,W015,Baluru,LGA01,Idi-Oro,BAN,Bansara,7.716918,11.27706,785.0
S01146,Enmale,Village,W015,Baluru,LGA01,Idi-Oro,BAN,Bansara,7.555483,11.263674,108.0
S01117,Enngoni,Settlement,W015,Baluru,LGA01,Idi-Oro,BAN,Bansara,7.510269,11.208236,17.0
S01130,Ensharu,Village,W015,Baluru,LGA01,Idi-Oro,BAN,Bansara,7.70945,11.274274,104.0
S01099,Entiyi,Village,W015,Baluru,LGA01,Idi-Oro,BAN,Bansara,7.539368,11.247286,32.0
S01194,Enwama,Urban block,W015,Baluru,LGA01,Idi-Oro,BAN,Bansara,7.705836,11.277647,575.0
S01172,Fanasa,Settlement,W015,Baluru,LGA01,Idi-Oro,BAN,Bansara,7.650583,11.254022,210.0
S01220,Fatsiwo-Yamma,Urban block,W015,Baluru,LGA01,Idi-Oro,BAN,Bansara,7.540551,11.296309,988.0
S01204,Gulawo,Village,W015,Baluru,LGA01,Idi-Oro,BAN,Bansara,7.500583,11.220344,153.0
S01208,Gungole,Hamlet,W015,Baluru,LGA01,Idi-Oro,BAN,Bansara,7.729566,11.294697,28.0
S01096,Haberi,Settlement,W015,Baluru,LGA01,Idi-Oro,BAN,Bansara,7.572012,11.253869,74.0
S01178,Hajile-Kudu,Urban block,W015,Baluru,LGA01,Idi-Oro,BAN,Bansara,7.509715,11.17761,80.0
S01141,Ibkole,Hamlet,W015,Baluru,LGA01,Idi-Oro,BAN,Bansara,7.673591,11.293923,17.0
S01127,Ibrasa,Urban block,W015,Baluru,LGA01,Idi-Oro,BAN,Bansara,7.723774,11.277092,149.0
S01140,Irbetu,Hamlet,W015,Baluru,LGA01,Idi-Oro,BAN,Bansara,7.500407,11.231372,18.0
S01122,Irdeko,Urban block,W015,Baluru,LGA01,Idi-Oro,BAN,Bansara,7.675763,11.256566,475.0
S01097,Irjina-Kudu,Village,W015,Baluru,LGA01,Idi-Oro,BAN,Bansara,7.529422,11.230303,50.0
S01148,Irmako,Settlement,W015,Baluru,LGA01,Idi-Oro,BAN,Bansara,7.505446,11.202518,122.0
S01108,Iryoko,Hamlet,W015,Baluru,LGA01,Idi-Oro,BAN,Bansara,7.546526,11.175333,34.0
S01227,Irzami,Hamlet,W015,Baluru,LGA01,Idi-Oro,BAN,Bansara,7.481477,11.184274,27.0
S01190,Jikoni,Urban block,W015,Baluru,LGA01,Idi-Oro,BAN,Bansara,7.56125,11.25484,625.0
S01134,Jilari,Settlement,W015,Baluru,LGA01,Idi-Oro,BAN,Bansara,7.570117,11.24628,184.0
S01106,Jirashi,Urban block,W015,Baluru,LGA01,Idi-Oro,BAN,Bansara,7.539186,11.305923,583.0
S01175,Jizani,Settlement,W015,Baluru,LGA01,Idi-Oro,BAN,Bansara,7.518164,11.245769,52.0
S01147,Kanale,Village,W015,Baluru,LGA01,Idi-Oro,BAN,Bansara,7.538129,11.287442,139.0
S01153,Karatu-Arewa,Urban block,W015,Baluru,LGA01,Idi-Oro,BAN,Bansara,7.482533,11.229327,485.0
S01166,Kariba,Hamlet,W015,Baluru,LGA01,Idi-Oro,BAN,Bansara,7.483414,11.203544,46.0
S01180,Kazani,Village,W015,Baluru,LGA01,Idi-Oro,BAN,Bansara,7.516372,11.222577,147.0
S01215,Kudumi-Kudu,Urban block,W015,Baluru,LGA01,Idi-Oro,BAN,Bansara,7.540443,11.250391,581.0
S01199,Kuluta,Settlement,W015,Baluru,LGA01,Idi-Oro,BAN,Bansara,7.531025,11.24428,275.0
S01161,Kumako-Sabo,Village,W015,Baluru,LGA01,Idi-Oro,BAN,Bansara,7.493273,11.204919,108.0
S01125,Kutiru,Village,W015,Baluru,LGA01,Idi-Oro,BAN,Bansara,7.552834,11.356305,112.0
S01219,Kuwawa,Hamlet,W015,Baluru,LGA01,Idi-Oro,BAN,Bansara,7.712858,11.301205,40.0
S01138,Lobeyi-Arewa,Urban block,W015,Baluru,LGA01,Idi-Oro,BAN,Bansara,7.520249,11.197625,594.0
S01222,Lodeshi,Village,W015,Baluru,LGA01,Idi-Oro,BAN,Bansara,7.501014,11.240533,67.0
S01132,Lojiwo,Settlement,W015,Baluru,LGA01,Idi-Oro,BAN,Bansara,7.655335,11.323681,76.0
S01114,Lokota,Village,W015,Baluru,LGA01,Idi-Oro,BAN,Bansara,7.698389,11.29083,242.0
S01198,Losawo,Urban block,W015,Baluru,LGA01,Idi-Oro,BAN,Bansara,7.577852,11.25281,491.0
S01143,Loyoni,Settlement,W015,Baluru,LGA01,Idi-Oro,BAN,Bansara,7.713549,11.284635,131.0
S01201,Loyoru-Sabo,Hamlet,W015,Baluru,LGA01,Idi-Oro,BAN,Bansara,7.719601,11.291178,11.0
S01126,Manana,Village,W015,Baluru,LGA01,Idi-Oro,BAN,Bansara,7.61575,11.276424,128.0
S01185,Marana,Hamlet,W015,Baluru,LGA01,Idi-Oro,BAN,Bansara,7.710523,11.266117,64.0
S01224,Nurifa,Settlement,W015,Baluru,LGA01,Idi-Oro,BAN,Bansara,7.61692,11.349369,114.0
S01221,Nutide,Urban block,W015,Baluru,LGA01,Idi-Oro,BAN,Bansara,7.653485,11.358181,871.0
S01101,Okkowo,Village,W015,Baluru,LGA01,Idi-Oro,BAN,Bansara,7.699547,11.2763,277.0
S01129,Okrawa,Village,W015,Baluru,LGA01,Idi-Oro,BAN,Bansara,7.565458,11.188418,258.0
S01187,Okyode,Village,W015,Baluru,LGA01,Idi-Oro,BAN,Bansara,7.679263,11.278667,325.0
S01152,Olbale-Tsakiya,Hamlet,W015,Baluru,LGA01,Idi-Oro,BAN,Bansara,7.69814,11.259936,27.0
S01211,Olduwo,Settlement,W015,Baluru,LGA01,Idi-Oro,BAN,Bansara,7.528675,11.346021,103.0
S01179,Oljiba,Urban block,W015,Baluru,LGA01,Idi-Oro,BAN,Bansara,7.720326,11.270016,603.0
S01103,Olnafa,Urban block,W015,Baluru,LGA01,Idi-Oro,BAN,Bansara,7.496918,11.192114,428.0
S01196,Olshani,Village,W015,Baluru,LGA01,Idi-Oro,BAN,Bansara,7.64106,11.240423,49.0
S01110,Oltsija,Settlement,W015,Baluru,LGA01,Idi-Oro,BAN,Bansara,7.516375,11.194046,62.0
S01142,Olwawo-Gabas,Village,W015,Baluru,LGA01,Idi-Oro,BAN,Bansara,7.568707,11.230905,147.0
S01155,Olzawo,Urban block,W015,Baluru,LGA01,Idi-Oro,BAN,Bansara,7.698807,11.264834,311.0
S01203,Rideshi,Urban block,W015,Baluru,LGA01,Idi-Oro,BAN,Bansara,7.516021,11.222121,362.0
S01118,Riduma,Settlement,W015,Baluru,LGA01,Idi-Oro,BAN,Bansara,7.555519,11.30102,126.0
S01229,Rikoni-Sabo,Urban block,W015,Baluru,LGA01,Idi-Oro,BAN,Bansara,7.514325,11.198398,580.0
S01197,Rikoyi,Village,W015,Baluru,LGA01,Idi-Oro,BAN,Bansara,7.614697,11.274589,51.0
S01115,Rinata,Village,W015,Baluru,LGA01,Idi-Oro,BAN,Bansara,7.489985,11.232007,175.0
S01213,Sadewo,Village,W015,Baluru,LGA01,Idi-Oro,BAN,Bansara,7.700103,11.283331,86.0
S01173,Saludu,Settlement,W015,Baluru,LGA01,Idi-Oro,BAN,Bansara,7.561156,11.252281,21.0
S01169,Salushi,Urban block,W015,Baluru,LGA01,Idi-Oro,BAN,Bansara,7.686606,11.263152,391.0
S01162,Sarayi-Kofar,Hamlet,W015,Baluru,LGA01,Idi-Oro,BAN,Bansara,7.694573,11.286577,102.0
S01209,Sashale,Hamlet,W015,Baluru,LGA01,Idi-Oro,BAN,Bansara,7.610237,11.285009,35.0
S01164,Sashayi,Urban block,W015,Baluru,LGA01,Idi-Oro,BAN,Bansara,7.605362,11.260017,877.0
S01104,Satsiri,Village,W015,Baluru,LGA01,Idi-Oro,BAN,Bansara,7.526689,11.181268,66.0
S01225,Suritu-Gabas,Urban block,W015,Baluru,LGA01,Idi-Oro,BAN,Bansara,7.627337,11.261324,612.0
S01136,Suzade-Tudun,Village,W015,Baluru,LGA01,Idi-Oro,BAN,Bansara,7.49998,11.22923,263.0
S01124,Tajile,Village,W015,Baluru,LGA01,Idi-Oro,BAN,Bansara,7.542661,11.227915,132.0
S01116,Tanaba,Village,W015,Baluru,LGA01,Idi-Oro,BAN,Bansara,7.518377,11.192356,58.0
S01170,Tasadu,Village,W015,Baluru,LGA01,Idi-Oro,BAN,Bansara,7.558712,11.371438,73.0
S01214,Tasaja,Hamlet,W015,Baluru,LGA01,Idi-Oro,BAN,Bansara,7.536631,11.271653,83.0
S01119,Tatsina,Hamlet,W015,Baluru,LGA01,Idi-Oro,BAN,Bansara,7.686655,11.258801,52.0
S01205,Tatsiwo,Settlement,W015,Baluru,LGA01,Idi-Oro,BAN,Bansara,7.493649,11.2141,75.0
S01157,Tawale,Urban block,W015,Baluru,LGA01,Idi-Oro,BAN,Bansara,7.697057,11.275617,428.0
S01226,Umduko,Urban block,W015,Baluru,LGA01,Idi-Oro,BAN,Bansara,7.686477,11.267177,461.0
S01217,Umlafa-Kofar,Hamlet,W015,Baluru,LGA01,Idi-Oro,BAN,Bansara,7.483907,11.217044,42.0
S01182,Umlatu,Hamlet,W015,Baluru,LGA01,Idi-Oro,BAN,Bansara,7.685004,11.237862,92.0
S01171,Ummade,Hamlet,W015,Baluru,LGA01,Idi-Oro,BAN,Bansara,7.694541,11.300321,21.0
S01100,Umtimi,Village,W015,Baluru,LGA01,Idi-Oro,BAN,Bansara,7.536603,11.188887,55.0
S01165,Umwama-Arewa,Settlement,W015,Baluru,LGA01,Idi-Oro,BAN,Bansara,7.565713,11.256662,102.0
S01113,Uzdeko,Hamlet,W015,Baluru,LGA01,Idi-Oro,BAN,Bansara,7.698114,11.273261,47.0
S01181,Uzjita-Kudu,Hamlet,W015,Baluru,LGA01,Idi-Oro,BAN,Bansara,7.660445,11.279414,47.0
S01176,Uzraja,Hamlet,W015,Baluru,LGA01,Idi-Oro,BAN,Bansara,7.519891,11.225156,22.0
S01149,Uzride,Urban block,W015,Baluru,LGA01,Idi-Oro,BAN,Bansara,7.720314,11.277588,809.0
S01095,Uztija,Hamlet,W015,Baluru,LGA01,Idi-Oro,BAN,Bansara,7.499357,11.223715,60.0
S01193,Uzwashi,Village,W015,Baluru,LGA01,Idi-Oro,BAN,Bansara,7.516693,11.248817,132.0
S01123,Wadeko,Urban block,W015,Baluru,LGA01,Idi-Oro,BAN,Bansara,7.532022,11.128154,160.0
S01216,Wamashi,Village,W015,Baluru,LGA01,Idi-Oro,BAN,Bansara,7.503606,11.224153,16.0
S01107,Wangofa,Settlement,W015,Baluru,LGA01,Idi-Oro,BAN,Bansara,7.516744,11.189835,176.0
S01102,Wasaja,Urban block,W015,Baluru,LGA01,Idi-Oro,BAN,Bansara,7.682074,11.301343,340.0
S01218,Wasako,Urban block,W015,Baluru,LGA01,Idi-Oro,BAN,Bansara,7.52154,11.245191,440.0
S01154,Yeduyi,Village,W015,Baluru,LGA01,Idi-Oro,BAN,Bansara,7.728555,11.300728,164.0
S01112,Yejile,Urban block,W015,Baluru,LGA01,Idi-Oro,BAN,Bansara,7.502999,11.345794,471.0
S01167,Yelade,Hamlet,W015,Baluru,LGA01,Idi-Oro,BAN,Bansara,7.691223,11.29693,25.0
S01139,Yeluwa-Tudun,Village,W015,Baluru,LGA01,Idi-Oro,BAN,Bansara,7.714317,11.271077,234.0
S01184,Yeshasa,Village,W015,Baluru,LGA01,Idi-Oro,BAN,Bansara,7.506059,11.229002,93.0
S01105,Yezadu,Hamlet,W015,Baluru,LGA01,Idi-Oro,BAN,Bansara,7.573324,11.270052,33.0
S01212,Yezari-Kudu,Hamlet,W015,Baluru,LGA01,Idi-Oro,BAN,Bansara,7.646175,11.306067,40.0
S01121,Zaduna,Hamlet,W015,Baluru,LGA01,Idi-Oro,BAN,Bansara,7.557651,11.167696,45.0
S01150,Zanaja-Arewa,Settlement,W015,Baluru,LGA01,Idi-Oro,BAN,Bansara,7.659214,11.289267,37.0
S01151,Zayole,Urban block,W015,Baluru,LGA01,Idi-Oro,BAN,Bansara,7.509834,11.191926,346.0
S01159,Zazayi-Tudun,Hamlet,W015,Baluru,LGA01,Idi-Oro,BAN,Bansara,7.705144,11.311082,85.0
S00606,Adduma,Village,W007,Bayoyi,LGA01,Idi-Oro,BAN,Bansara,7.371567,11.25507,64.0
S00604,Adtiri,Village,W007,Bayoyi,LGA01,Idi-Oro,BAN,Bansara,7.393713,11.240346,78.0
S00540,Adzafa-Yamma,Hamlet,W007,Bayoyi,LGA01,Idi-Oro,BAN,Bansara,7.362619,11.235724,36.0
S00585,Agbasa-Sabo,Urban block,W007,Bayoyi,LGA01,Idi-Oro,BAN,Bansara,7.372134,11.25073,266.0
S00543,Agjiko,Village,W007,Bayoyi,LGA01,Idi-Oro,BAN,Bansara,7.352474,11.241536,108.0
S00548,Agshatu,Urban block,W007,Bayoyi,LGA01,Idi-Oro,BAN,Bansara,7.386912,11.240241,443.0
S00539,Baduri,Hamlet,W007,Bayoyi,LGA01,Idi-Oro,BAN,Bansara,7.31009,11.304969,26.0
S00611,Bakode,Village,W007,Bayoyi,LGA01,Idi-Oro,BAN,Bansara,7.358395,11.249217,74.0
S00632,Banadu,Urban block,W007,Bayoyi,LGA01,Idi-Oro,BAN,Bansara,7.426648,11.322696,230.0
S00655,Basaba,Village,W007,Bayoyi,LGA01,Idi-Oro,BAN,Bansara,7.360773,11.232792,81.0
S00617,Basaru,Hamlet,W007,Bayoyi,LGA01,Idi-Oro,BAN,Bansara,7.288679,11.365766,34.0
S00583,Bideba,Hamlet,W007,Bayoyi,LGA01,Idi-Oro,BAN,Bansara,7.41122,11.150691,31.0
S00537,Bikofa-Arewa,Hamlet,W007,Bayoyi,LGA01,Idi-Oro,BAN,Bansara,7.331118,11.162352,17.0
S00616,Bitsitu-Arewa,Hamlet,W007,Bayoyi,LGA01,Idi-Oro,BAN,Bansara,7.440525,11.258889,68.0
S00570,Dabeko-Tsakiya,Settlement,W007,Bayoyi,LGA01,Idi-Oro,BAN,Bansara,7.436254,11.140118,74.0
S00541,Dadeyi,Settlement,W007,Bayoyi,LGA01,Idi-Oro,BAN,Bansara,7.397558,11.142994,153.0
S00556,Dashawa,Urban block,W007,Bayoyi,LGA01,Idi-Oro,BAN,Bansara,7.359947,11.213419,401.0
S00626,Datitu,Hamlet,W007,Bayoyi,LGA01,Idi-Oro,BAN,Bansara,7.478626,11.119976,56.0
S00644,Dayode,Settlement,W007,Bayoyi,LGA01,Idi-Oro,BAN,Bansara,7.428058,11.198341,88.0
S00613,Dazaja,Hamlet,W007,Bayoyi,LGA01,Idi-Oro,BAN,Bansara,7.300712,11.286218,26.0
S00654,Doduru,Settlement,W007,Bayoyi,LGA01,Idi-Oro,BAN,Bansara,7.387888,11.350179,171.0
S00566,Dokowa,Settlement,W007,Bayoyi,LGA01,Idi-Oro,BAN,Bansara,7.343515,11.254526,19.0
S00569,Doludu,Village,W007,Bayoyi,LGA01,Idi-Oro,BAN,Bansara,7.428061,11.265971,111.0
S00589,Doluri,Village,W007,Bayoyi,LGA01,Idi-Oro,BAN,Bansara,7.455801,11.227143,31.0
S00619,Doriru,Hamlet,W007,Bayoyi,LGA01,Idi-Oro,BAN,Bansara,7.414628,11.253281,47.0
S00573,Dosasa-Tudun,Village,W007,Bayoyi,LGA01,Idi-Oro,BAN,Bansara,7.411979,11.238006,41.0
S00595,Ekdusa,Settlement,W007,Bayoyi,LGA01,Idi-Oro,BAN,Bansara,7.448747,11.292416,43.0
S00614,Ekduwo,Village,W007,Bayoyi,LGA01,Idi-Oro,BAN,Bansara,7.372307,11.178965,57.0
S00615,Ekkoyi,Village,W007,Bayoyi,LGA01,Idi-Oro,BAN,Bansara,7.359143,11.236996,87.0
S00657,Eklade,Settlement,W007,Bayoyi,LGA01,Idi-Oro,BAN,Bansara,7.362609,11.242195,26.0
S00646,Ekluwa,Hamlet,W007,Bayoyi,LGA01,Idi-Oro,BAN,Bansara,7.386886,11.231539,30.0
S00659,Ektsitu,Hamlet,W007,Bayoyi,LGA01,Idi-Oro,BAN,Bansara,7.361624,11.261403,12.0
S00572,Ekwana,Village,W007,Bayoyi,LGA01,Idi-Oro,BAN,Bansara,7.3894,11.279726,213.0
S00633,Ennawa,Village,W007,Bayoyi,LGA01,Idi-Oro,BAN,Bansara,7.345336,11.265597,39.0
S00591,Ensashi,Urban block,W007,Bayoyi,LGA01,Idi-Oro,BAN,Bansara,7.460757,11.202823,382.0
S00622,Entsishi,Village,W007,Bayoyi,LGA01,Idi-Oro,BAN,Bansara,7.45448,11.178972,80.0
S00630,Enwadu,Urban block,W007,Bayoyi,LGA01,Idi-Oro,BAN,Bansara,7.391227,11.259915,158.0
S00546,Enzako,Settlement,W007,Bayoyi,LGA01,Idi-Oro,BAN,Bansara,7.374452,11.22254,60.0
S00567,Fabema,Village,W007,Bayoyi,LGA01,Idi-Oro,BAN,Bansara,7.376342,11.221738,136.0
S00577,Fatini-Kofar,Village,W007,Bayoyi,LGA01,Idi-Oro,BAN,Bansara,7.467026,11.183125,155.0
S00582,Gushama,Urban block,W007,Bayoyi,LGA01,Idi-Oro,BAN,Bansara,7.4081,11.237529,515.0
S00652,Harani,Urban block,W007,Bayoyi,LGA01,Idi-Oro,BAN,Bansara,7.369661,11.242133,684.0
S00598,Ibjimi-Sabo,Village,W007,Bayoyi,LGA01,Idi-Oro,BAN,Bansara,7.311707,11.21454,215.0
S00597,Ibkoba,Village,W007,Bayoyi,LGA01,Idi-Oro,BAN,Bansara,7.457471,11.19183,94.0
S00580,Ibshako,Village,W007,Bayoyi,LGA01,Idi-Oro,BAN,Bansara,7.341216,11.3494,215.0
S00636,Ibwasa,Urban block,W007,Bayoyi,LGA01,Idi-Oro,BAN,Bansara,7.419899,11.302984,885.0
S00565,Irbata-Sabo,Hamlet,W007,Bayoyi,LGA01,Idi-Oro,BAN,Bansara,7.449944,11.239201,53.0
S00618,Irbefa-Arewa,Settlement,W007,Bayoyi,LGA01,Idi-Oro,BAN,Bansara,7.380048,11.246283,29.0
S00627,Irluri,Village,W007,Bayoyi,LGA01,Idi-Oro,BAN,Bansara,7.367023,11.236562,159.0
S00623,Irngoni,Village,W007,Bayoyi,LGA01,Idi-Oro,BAN,Bansara,7.396047,11.27934,169.0
S00624,Irrishi,Village,W007,Bayoyi,LGA01,Idi-Oro,BAN,Bansara,7.448014,11.197726,70.0
S00594,Jilama,Settlement,W007,Bayoyi,LGA01,Idi-Oro,BAN,Bansara,7.46777,11.196293,83.0
S00593,Jiyoma,Hamlet,W007,Bayoyi,LGA01,Idi-Oro,BAN,Bansara,7.356214,11.265799,32.0
S00631,Kabale,Village,W007,Bayoyi,LGA01,Idi-Oro,BAN,Bansara,7.436651,11.249263,96.0
S00609,Kabani,Settlement,W007,Bayoyi,LGA01,Idi-Oro,BAN,Bansara,7.356459,11.240959,134.0
S00568,Kangoma,Urban block,W007,Bayoyi,LGA01,Idi-Oro,BAN,Bansara,7.371491,11.233136,448.0
S00574,Kangoru,Village,W007,Bayoyi,LGA01,Idi-Oro,BAN,Bansara,7.388417,11.242439,174.0
S00552,Kawako-Tudun,Hamlet,W007,Bayoyi,LGA01,Idi-Oro,BAN,Bansara,7.3858,11.324848,44.0
S00557,Kutsifa,Village,W007,Bayoyi,LGA01,Idi-Oro,BAN,Bansara,7.360968,11.223473,119.0
S00650,Kuwale,Village,W007,Bayoyi,LGA01,Idi-Oro,BAN,Bansara,7.450194,11.209052,138.0
S00608,Kuyoba,Hamlet,W007,Bayoyi,LGA01,Idi-Oro,BAN,Bansara,7.422964,11.297864,33.0
S00586,Lobeko,Urban block,W007,Bayoyi,LGA01,Idi-Oro,BAN,Bansara,7.403895,11.133671,29.0
S00575,Lodutu,Village,W007,Bayoyi,LGA01,Idi-Oro,BAN,Bansara,7.374745,11.229872,79.0
S00535,Lolata,Hamlet,W007,Bayoyi,LGA01,Idi-Oro,BAN,Bansara,7.320748,11.329382,42.0
S00588,Loludu,Village,W007,Bayoyi,LGA01,Idi-Oro,BAN,Bansara,7.384608,11.233062,148.0
S00621,Makotu,Village,W007,Bayoyi,LGA01,Idi-Oro,BAN,Bansara,7.35896,11.230193,137.0
S00555,Malusa,Village,W007,Bayoyi,LGA01,Idi-Oro,BAN,Bansara,7.36867,11.247392,160.0
S00620,Nunaja,Village,W007,Bayoyi,LGA01,Idi-Oro,BAN,Bansara,7.447885,11.349649,165.0
S00638,Nusashi,Village,W007,Bayoyi,LGA01,Idi-Oro,BAN,Bansara,7.320324,11.222049,16.0
S00656,Okbaba-Tsakiya,Urban block,W007,Bayoyi,LGA01,Idi-Oro,BAN,Bansara,7.383512,11.18231,151.0
S00558,Okdutu,Village,W007,Bayoyi,LGA01,Idi-Oro,BAN,Bansara,7.379712,11.161591,155.0
S00590,Okshadu,Village,W007,Bayoyi,LGA01,Idi-Oro,BAN,Bansara,7.342877,11.243553,121.0
S00653,Oktiri-Gabas,Village,W007,Bayoyi,LGA01,Idi-Oro,BAN,Bansara,7.30008,11.301228,49.0
S00610,Oktiwo,Village,W007,Bayoyi,LGA01,Idi-Oro,BAN,Bansara,7.347249,11.417682,81.0
S00536,Oktsiko,Settlement,W007,Bayoyi,LGA01,Idi-Oro,BAN,Bansara,7.399069,11.214757,186.0
S00587,Oljile,Village,W007,Bayoyi,LGA01,Idi-Oro,BAN,Bansara,7.318237,11.328476,122.0
S00599,Olngosa,Urban block,W007,Bayoyi,LGA01,Idi-Oro,BAN,Bansara,7.321465,11.316399,98.0
S00549,Oltija,Village,W007,Bayoyi,LGA01,Idi-Oro,BAN,Bansara,7.369089,11.240476,133.0
S00649,Ribemi-Tsakiya,Settlement,W007,Bayoyi,LGA01,Idi-Oro,BAN,Bansara,7.370907,11.218394,61.0
S00643,Ririwa-Sabo,Urban block,W007,Bayoyi,LGA01,Idi-Oro,BAN,Bansara,7.400099,11.274429,350.0
S00612,Ritsiko,Village,W007,Bayoyi,LGA01,Idi-Oro,BAN,Bansara,7.377603,11.222858,101.0
S00545,Sabemi-Sabo,Village,W007,Bayoyi,LGA01,Idi-Oro,BAN,Bansara,7.458331,11.199185,160.0
S00563,Saberi-Tudun,Village,W007,Bayoyi,LGA01,Idi-Oro,BAN,Bansara,7.371607,11.241653,128.0
S00601,Saraba,Settlement,W007,Bayoyi,LGA01,Idi-Oro,BAN,Bansara,7.299066,11.312552,24.0
S00592,Sariwa-Gabas,Village,W007,Bayoyi,LGA01,Idi-Oro,BAN,Bansara,7.36356,11.164167,223.0
S00547,Sasharu,Village,W007,Bayoyi,LGA01,Idi-Oro,BAN,Bansara,7.46493,11.210322,96.0
S00640,Sazaja,Hamlet,W007,Bayoyi,LGA01,Idi-Oro,BAN,Bansara,7.312417,11.387289,69.0
S00559,Suberu-Sabo,Hamlet,W007,Bayoyi,LGA01,Idi-Oro,BAN,Bansara,7.391012,11.141937,83.0
S00562,Sujitu,Village,W007,Bayoyi,LGA01,Idi-Oro,BAN,Bansara,7.436363,11.158283,66.0
S00651,Sushana-Arewa,Village,W007,Bayoyi,LGA01,Idi-Oro,BAN,Bansara,7.353548,11.226694,76.0
S00637,Sutita,Hamlet,W007,Bayoyi,LGA01,Idi-Oro,BAN,Bansara,7.408171,11.151332,29.0
S00625,Suyoru,Village,W007,Bayoyi,LGA01,Idi-Oro,BAN,Bansara,7.404363,11.258472,62.0
S00603,Talani,Village,W007,Bayoyi,LGA01,Idi-Oro,BAN,Bansara,7.464384,11.20997,46.0
S00628,Tanade,Hamlet,W007,Bayoyi,LGA01,Idi-Oro,BAN,Bansara,7.455636,11.313321,16.0
S00641,Tanafa-Yamma,Village,W007,Bayoyi,LGA01,Idi-Oro,BAN,Bansara,7.333496,11.152314,151.0
S00607,Tasari,Settlement,W007,Bayoyi,LGA01,Idi-Oro,BAN,Bansara,7.395796,11.172709,30.0
S00642,Tayosa,Village,W007,Bayoyi,LGA01,Idi-Oro,BAN,Bansara,7.291975,11.255138,42.0
S00542,Umlale,Village,W007,Bayoyi,LGA01,Idi-Oro,BAN,Bansara,7.426161,11.17756,32.0
S00554,Ummari,Hamlet,W007,Bayoyi,LGA01,Idi-Oro,BAN,Bansara,7.321279,11.298483,8.0
S00564,Umngole,Urban block,W007,Bayoyi,LGA01,Idi-Oro,BAN,Bansara,7.382501,11.245584,360.0
S00538,Umrami-Arewa,Hamlet,W007,Bayoyi,LGA01,Idi-Oro,BAN,Bansara,7.37947,11.218187,64.0
S00605,Uzdetu-Arewa,Hamlet,W007,Bayoyi,LGA01,Idi-Oro,BAN,Bansara,7.384138,11.237636,7.0
S00584,Uznatu,Urban block,W007,Bayoyi,LGA01,Idi-Oro,BAN,Bansara,7.310246,11.310883,127.0
S00602,Uzraba-Kofar,Hamlet,W007,Bayoyi,LGA01,Idi-Oro,BAN,Bansara,7.38678,11.40381,45.0
S00629,Uztiru,Settlement,W007,Bayoyi,LGA01,Idi-Oro,BAN,Bansara,7.427895,11.200899,46.0
S00647,Uztsile-Tudun,Urban block,W007,Bayoyi,LGA01,Idi-Oro,BAN,Bansara,7.449474,11.173097,376.0
S00561,Uzwaja,Urban block,W007,Bayoyi,LGA01,Idi-Oro,BAN,Bansara,7.293501,11.382335,889.0
S00571,Uzyole,Hamlet,W007,Bayoyi,LGA01,Idi-Oro,BAN,Bansara,7.347941,11.431536,49.0
S00551,Wabele,Urban block,W007,Bayoyi,LGA01,Idi-Oro,BAN,Bansara,7.342002,11.380154,355.0
S00553,Wabema-Yamma,Urban block,W007,Bayoyi,LGA01,Idi-Oro,BAN,Bansara,7.371165,11.154207,1904.0
S00658,Waduna,Village,W007,Bayoyi,LGA01,Idi-Oro,BAN,Bansara,7.388288,11.227155,197.0
S00634,Wadusa,Urban block,W007,Bayoyi,LGA01,Idi-Oro,BAN,Bansara,7.42568,11.252642,163.0
S00579,Wanasa,Village,W007,Bayoyi,LGA01,Idi-Oro,BAN,Bansara,7.314023,11.25586,76.0
S00560,Waraba,Settlement,W007,Bayoyi,LGA01,Idi-Oro,BAN,Bansara,7.374448,11.203471,93.0
S00639,Waratu,Hamlet,W007,Bayoyi,LGA01,Idi-Oro,BAN,Bansara,7.30682,11.303947,18.0
S00544,Warita-Tsakiya,Village,W007,Bayoyi,LGA01,Idi-Oro,BAN,Bansara,7.377235,11.15062,105.0
S00576,Yebawa,Village,W007,Bayoyi,LGA01,Idi-Oro,BAN,Bansara,7.359363,11.237089,105.0
S00581,Yejija-Yamma,Urban block,W007,Bayoyi,LGA01,Idi-Oro,BAN,Bansara,7.356629,11.3397,631.0
S00635,Yenani,Village,W007,Bayoyi,LGA01,Idi-Oro,BAN,Bansara,7.359685,11.2213,95.0
S00600,Yenayi,Urban block,W007,Bayoyi,LGA01,Idi-Oro,BAN,Bansara,7.384292,11.137323,142.0
S00550,Yeriri,Settlement,W007,Bayoyi,LGA01,Idi-Oro,BAN,Bansara,7.381281,11.246381,168.0
S00648,Yewafa,Settlement,W007,Bayoyi,LGA01,Idi-Oro,BAN,Bansara,7.454919,11.209213,17.0
S00645,Yezako-Kofar,Hamlet,W007,Bayoyi,LGA01,Idi-Oro,BAN,Bansara,7.352844,11.251902,89.0
S00578,Zabeta,Hamlet,W007,Bayoyi,LGA01,Idi-Oro,BAN,Bansara,7.342028,11.227675,17.0
S00596,Zashari,Urban block,W007,Bayoyi,LGA01,Idi-Oro,BAN,Bansara,7.420205,11.158838,295.0
S01009,Addedu,Urban block,W014,Bishama,LGA01,Idi-Oro,BAN,Bansara,7.426238,11.458125,370.0
S01088,Adlata,Settlement,W014,Bishama,LGA01,Idi-Oro,BAN,Bansara,7.535537,11.560769,88.0
S01080,Adngodu,Village,W014,Bishama,LGA01,Idi-Oro,BAN,Bansara,7.419894,11.42248,151.0
S01083,Agbele,Hamlet,W014,Bishama,LGA01,Idi-Oro,BAN,Bansara,7.404375,11.431611,14.0
S01011,Agjima,Village,W014,Bishama,LGA01,Idi-Oro,BAN,Bansara,7.445213,11.46275,225.0
S01089,Agzani,Urban block,W014,Bishama,LGA01,Idi-Oro,BAN,Bansara,7.389923,11.458221,319.0
S01063,Banafa,Hamlet,W014,Bishama,LGA01,Idi-Oro,BAN,Bansara,7.372554,11.472655,14.0
S01018,Barile,Village,W014,Bishama,LGA01,Idi-Oro,BAN,Bansara,7.532644,11.525,180.0
S01030,Batsiba-Tudun,Settlement,W014,Bishama,LGA01,Idi-Oro,BAN,Bansara,7.448976,11.459906,159.0
S01012,Bidude,Urban block,W014,Bishama,LGA01,Idi-Oro,BAN,Bansara,7.484911,11.494052,430.0
S01008,Bilatu-Tudun,Urban block,W014,Bishama,LGA01,Idi-Oro,BAN,Bansara,7.487661,11.502099,466.0
S01062,Dabemi,Village,W014,Bishama,LGA01,Idi-Oro,BAN,Bansara,7.502594,11.518911,97.0
S01038,Dajiyi,Village,W014,Bishama,LGA01,Idi-Oro,BAN,Bansara,7.474386,11.455978,167.0
S00998,Damade,Settlement,W014,Bishama,LGA01,Idi-Oro,BAN,Bansara,7.393801,11.474904,62.0
S01068,Datsiwa,Village,W014,Bishama,LGA01,Idi-Oro,BAN,Bansara,7.464528,11.464702,269.0
S01085,Dayoshi,Settlement,W014,Bishama,LGA01,Idi-Oro,BAN,Bansara,7.45074,11.388779,28.0
S01002,Dayoyi-Kofar,Village,W014,Bishama,LGA01,Idi-Oro,BAN,Bansara,7.349654,11.447101,166.0
S01026,Dokoja,Hamlet,W014,Bishama,LGA01,Idi-Oro,BAN,Bansara,7.491483,11.495231,34.0
S01006,Donasa,Village,W014,Bishama,LGA01,Idi-Oro,BAN,Bansara,7.445152,11.486861,45.0
S01033,Dosani-Tudun,Village,W014,Bishama,LGA01,Idi-Oro,BAN,Bansara,7.359481,11.461331,239.0
S01092,Doyodu,Village,W014,Bishama,LGA01,Idi-Oro,BAN,Bansara,7.467766,11.466951,166.0
S01005,Eksani,Urban block,W014,Bishama,LGA01,Idi-Oro,BAN,Bansara,7.502679,11.547379,479.0
S01073,Eksatu-Gabas,Settlement,W014,Bishama,LGA01,Idi-Oro,BAN,Bansara,7.461112,11.444336,140.0
S01032,Ekwawa,Hamlet,W014,Bishama,LGA01,Idi-Oro,BAN,Bansara,7.452791,11.476286,47.0
S01020,Ekyoni-Sabo,Hamlet,W014,Bishama,LGA01,Idi-Oro,BAN,Bansara,7.405432,11.431155,29.0
S01093,Ekyoyi,Village,W014,Bishama,LGA01,Idi-Oro,BAN,Bansara,7.548149,11.537068,121.0
S01052,Enbatu,Village,W014,Bishama,LGA01,Idi-Oro,BAN,Bansara,7.357418,11.446742,56.0
S01040,Enduma-Kofar,Urban block,W014,Bishama,LGA01,Idi-Oro,BAN,Bansara,7.435142,11.501086,592.0
S01024,Enlana,Urban block,W014,Bishama,LGA01,Idi-Oro,BAN,Bansara,7.374387,11.488808,560.0
S01053,Ennata,Village,W014,Bishama,LGA01,Idi-Oro,BAN,Bansara,7.387792,11.465289,145.0
S01071,Enrami,Village,W014,Bishama,LGA01,Idi-Oro,BAN,Bansara,7.505317,11.488059,42.0
S01065,Enshana,Village,W014,Bishama,LGA01,Idi-Oro,BAN,Bansara,7.401632,11.424229,213.0
S01021,Farata,Urban block,W014,Bishama,LGA01,Idi-Oro,BAN,Bansara,7.511382,11.556145,197.0
S01081,Fatsimi,Urban block,W014,Bishama,LGA01,Idi-Oro,BAN,Bansara,7.389509,11.444906,
S01043,Fayoba,Village,W014,Bishama,LGA01,Idi-Oro,BAN,Bansara,7.466858,11.481488,45.0
S01057,Gulawa,Settlement,W014,Bishama,LGA01,Idi-Oro,BAN,Bansara,7.415798,11.444227,125.0
S01082,Guluyi,Urban block,W014,Bishama,LGA01,Idi-Oro,BAN,Bansara,7.399105,11.463595,344.0
S01023,Guraja,Village,W014,Bishama,LGA01,Idi-Oro,BAN,Bansara,7.381531,11.47916,105.0
S01039,Guyona-Kofar,Village,W014,Bishama,LGA01,Idi-Oro,BAN,Bansara,7.479075,11.516129,193.0
S01061,Hanami,Village,W014,Bishama,LGA01,Idi-Oro,BAN,Bansara,7.399779,11.50172,215.0
S01069,Hazayi,Village,W014,Bishama,LGA01,Idi-Oro,BAN,Bansara,7.468257,11.46729,63.0
S01001,Ibtini-Kofar,Settlement,W014,Bishama,LGA01,Idi-Oro,BAN,Bansara,7.54371,11.569928,24.0
S01041,Ibzashi,Village,W014,Bishama,LGA01,Idi-Oro,BAN,Bansara,7.407313,11.413849,58.0
S01070,Irdeni-Arewa,Village,W014,Bishama,LGA01,Idi-Oro,BAN,Bansara,7.525695,11.50656,130.0
S01025,Irdude,Urban block,W014,Bishama,LGA01,Idi-Oro,BAN,Bansara,7.373644,11.46827,539.0
S01087,Irlushi-Kudu,Village,W014,Bishama,LGA01,Idi-Oro,BAN,Bansara,7.499542,11.51691,22.0
S01059,Irwata,Settlement,W014,Bishama,LGA01,Idi-Oro,BAN,Bansara,7.442363,11.435086,69.0
S01028,Jidetu,Hamlet,W014,Bishama,LGA01,Idi-Oro,BAN,Bansara,7.518282,11.493316,71.0
S01054,Jidude,Village,W014,Bishama,LGA01,Idi-Oro,BAN,Bansara,7.523784,11.529683,273.0
S01004,Jiduyi-Sabo,Village,W014,Bishama,LGA01,Idi-Oro,BAN,Bansara,7.473827,11.500019,60.0
S01037,Kabeyi-Arewa,Village,W014,Bishama,LGA01,Idi-Oro,BAN,Bansara,7.489201,11.471158,166.0
S01010,Kangona,Village,W014,Bishama,LGA01,Idi-Oro,BAN,Bansara,7.375548,11.435793,68.0
S01029,Kuyowa,Urban block,W014,Bishama,LGA01,Idi-Oro,BAN,Bansara,7.506946,11.569407,225.0
S01003,Lokoba-Tudun,Village,W014,Bishama,LGA01,Idi-Oro,BAN,Bansara,7.423755,11.51362,226.0
S01090,Lolani,Village,W014,Bishama,LGA01,Idi-Oro,BAN,Bansara,7.405574,11.44421,51.0
S01046,Losami,Settlement,W014,Bishama,LGA01,Idi-Oro,BAN,Bansara,7.425126,11.442354,66.0
S01076,Matsiwo,Hamlet,W014,Bishama,LGA01,Idi-Oro,BAN,Bansara,7.42045,11.45408,27.0
S01036,Mazama,Urban block,W014,Bishama,LGA01,Idi-Oro,BAN,Bansara,7.511266,11.469708,425.0
S01000,Nudule,Village,W014,Bishama,LGA01,Idi-Oro,BAN,Bansara,7.539551,11.566747,26.0
S01042,Nungoko-Tudun,Village,W014,Bishama,LGA01,Idi-Oro,BAN,Bansara,7.450077,11.462323,78.0
S01031,Nurima,Urban block,W014,Bishama,LGA01,Idi-Oro,BAN,Bansara,7.479367,11.453805,147.0
S01035,Okberi,Village,W014,Bishama,LGA01,Idi-Oro,BAN,Bansara,7.374161,11.475138,71.0
S01060,Okdedu,Settlement,W014,Bishama,LGA01,Idi-Oro,BAN,Bansara,7.427852,11.48828,32.0
S01051,Okshami-Yamma,Village,W014,Bishama,LGA01,Idi-Oro,BAN,Bansara,7.468209,11.47367,64.0
S01013,Olngoru,Village,W014,Bishama,LGA01,Idi-Oro,BAN,Bansara,7.507698,11.513119,154.0
S01045,Rilana,Settlement,W014,Bishama,LGA01,Idi-Oro,BAN,Bansara,7.390821,11.469407,104.0
S01016,Rimadu,Village,W014,Bishama,LGA01,Idi-Oro,BAN,Bansara,7.438751,11.471125,84.0
S01015,Rinaru,Hamlet,W014,Bishama,LGA01,Idi-Oro,BAN,Bansara,7.554224,11.555768,33.0
S01050,Rishayi,Settlement,W014,Bishama,LGA01,Idi-Oro,BAN,Bansara,7.528965,11.541406,67.0
S01091,Ritiru,Hamlet,W014,Bishama,LGA01,Idi-Oro,BAN,Bansara,7.48468,11.513954,43.0
S01048,Sabeni,Hamlet,W014,Bishama,LGA01,Idi-Oro,BAN,Bansara,7.367405,11.460893,13.0
S01058,Salatu,Hamlet,W014,Bishama,LGA01,Idi-Oro,BAN,Bansara,7.509784,11.49321,43.0
S01079,Salude,Hamlet,W014,Bishama,LGA01,Idi-Oro,BAN,Bansara,7.373852,11.453714,31.0
S01064,Sanatu,Urban block,W014,Bishama,LGA01,Idi-Oro,BAN,Bansara,7.500541,11.513745,387.0
S01007,Sawashi,Hamlet,W014,Bishama,LGA01,Idi-Oro,BAN,Bansara,7.386168,11.440732,18.0
S01078,Subafa,Settlement,W014,Bishama,LGA01,Idi-Oro,BAN,Bansara,7.545265,11.544992,33.0
S01072,Sukoyi,Village,W014,Bishama,LGA01,Idi-Oro,BAN,Bansara,7.40028,11.462909,67.0
S01017,Sumari,Village,W014,Bishama,LGA01,Idi-Oro,BAN,Bansara,7.393153,11.434541,27.0
S01027,Suwama,Hamlet,W014,Bishama,LGA01,Idi-Oro,BAN,Bansara,7.371653,11.452472,37.0
S01044,Suyoshi,Hamlet,W014,Bishama,LGA01,Idi-Oro,BAN,Bansara,7.527004,11.564711,34.0
S01094,Taluba,Village,W014,Bishama,LGA01,Idi-Oro,BAN,Bansara,7.491801,11.497242,126.0
S01049,Talusa,Urban block,W014,Bishama,LGA01,Idi-Oro,BAN,Bansara,7.547972,11.517211,372.0
S01067,Tanani,Village,W014,Bishama,LGA01,Idi-Oro,BAN,Bansara,7.496128,11.516287,21.0
S01055,Umjidu,Village,W014,Bishama,LGA01,Idi-Oro,BAN,Bansara,7.457185,11.494401,369.0
S01056,Ummafa,Settlement,W014,Bishama,LGA01,Idi-Oro,BAN,Bansara,7.372297,11.462586,42.0
S01086,Umrina,Settlement,W014,Bishama,LGA01,Idi-Oro,BAN,Bansara,7.401871,11.445961,93.0
S01075,Uzkoba,Village,W014,Bishama,LGA01,Idi-Oro,BAN,Bansara,7.394613,11.426419,41.0
S01084,Uzlule,Hamlet,W014,Bishama,LGA01,Idi-Oro,BAN,Bansara,7.50598,11.518342,31.0
S00999,Uzsami-Arewa,Village,W014,Bishama,LGA01,Idi-Oro,BAN,Bansara,7.44254,11.490792,215.0
S01074,Waride-Tsakiya,Village,W014,Bishama,LGA01,Idi-Oro,BAN,Bansara,7.454101,11.454705,62.0
S01034,Wayode,Village,W014,Bishama,LGA01,Idi-Oro,BAN,Bansara,7.376102,11.501906,80.0
S01022,Yekoja,Village,W014,Bishama,LGA01,Idi-Oro,BAN,Bansara,7.402477,11.506913,206.0
S01014,Yerile,Settlement,W014,Bishama,LGA01,Idi-Oro,BAN,Bansara,7.504962,11.434096,30.0
S01047,Yetide,Hamlet,W014,Bishama,LGA01,Idi-Oro,BAN,Bansara,7.518874,11.497556,45.0
S01066,Zabeba-Kudu,Hamlet,W014,Bishama,LGA01,Idi-Oro,BAN,Bansara,7.494997,11.489533,72.0
S01019,Zaderu-Kudu,Settlement,W014,Bishama,LGA01,Idi-Oro,BAN,Bansara,7.488691,11.493725,104.0
S01077,Zashatu-Kudu,Hamlet,W014,Bishama,LGA01,Idi-Oro,BAN,Bansara,7.40331,11.460933,18.0
S00187,Adkoyi,Village,W002,Ekduru,LGA01,Idi-Oro,BAN,Bansara,7.012608,10.891674,311.0
S00210,Adraba-Tudun,Village,W002,Ekduru,LGA01,Idi-Oro,BAN,Bansara,7.131578,10.729968,156.0
S00182,Agbade,Hamlet,W002,Ekduru,LGA01,Idi-Oro,BAN,Bansara,7.105535,10.758599,17.0
S00134,Agdede,Hamlet,W002,Ekduru,LGA01,Idi-Oro,BAN,Bansara,7.02892,10.920265,30.0
S00176,Agjiyi,Village,W002,Ekduru,LGA01,Idi-Oro,BAN,Bansara,7.046831,10.932364,81.0
S00191,Agyole-Tsakiya,Urban block,W002,Ekduru,LGA01,Idi-Oro,BAN,Bansara,7.054225,10.900399,99.0
S00145,Agyoyi-Tudun,Village,W002,Ekduru,LGA01,Idi-Oro,BAN,Bansara,7.027702,10.892079,311.0
S00124,Bakowa,Settlement,W002,Ekduru,LGA01,Idi-Oro,BAN,Bansara,7.233076,10.808467,69.0
S00128,Bakoyi,Village,W002,Ekduru,LGA01,Idi-Oro,BAN,Bansara,7.232322,10.777203,330.0
S00164,Balani,Village,W002,Ekduru,LGA01,Idi-Oro,BAN,Bansara,7.230121,10.762124,60.0
S00215,Balutu-Kudu,Settlement,W002,Ekduru,LGA01,Idi-Oro,BAN,Bansara,7.026409,10.856039,94.0
S00146,Bawawo,Village,W002,Ekduru,LGA01,Idi-Oro,BAN,Bansara,7.208947,10.766289,90.0
S00184,Bibeko,Settlement,W002,Ekduru,LGA01,Idi-Oro,BAN,Bansara,7.088818,10.796387,71.0
S00186,Bibemi-Gabas,Village,W002,Ekduru,LGA01,Idi-Oro,BAN,Bansara,7.118444,10.72671,63.0
S00199,Bijidu,Village,W002,Ekduru,LGA01,Idi-Oro,BAN,Bansara,7.092771,10.788268,126.0
S00220,Biluri,Village,W002,Ekduru,LGA01,Idi-Oro,BAN,Bansara,7.104016,10.773261,86.0
S00175,Dadesa,Hamlet,W002,Ekduru,LGA01,Idi-Oro,BAN,Bansara,7.112463,10.78563,29.0
S00150,Dakoba,Hamlet,W002,Ekduru,LGA01,Idi-Oro,BAN,Bansara,7.0815,10.794996,37.0
S00201,Daluwa,Hamlet,W002,Ekduru,LGA01,Idi-Oro,BAN,Bansara,7.08642,10.766662,64.0
S00139,Dangowo,Urban block,W002,Ekduru,LGA01,Idi-Oro,BAN,Bansara,7.227429,10.797377,929.0
S00165,Dariko,Hamlet,W002,Ekduru,LGA01,Idi-Oro,BAN,Bansara,7.139129,10.746277,18.0
S00130,Dariru,Urban block,W002,Ekduru,LGA01,Idi-Oro,BAN,Bansara,7.042672,10.839185,265.0
S00160,Dasatu-Tsakiya,Village,W002,Ekduru,LGA01,Idi-Oro,BAN,Bansara,7.126375,10.799967,76.0
S00154,Datsiwo,Village,W002,Ekduru,LGA01,Idi-Oro,BAN,Bansara,7.034733,10.904278,64.0
S00218,Ekluri-Tsakiya,Village,W002,Ekduru,LGA01,Idi-Oro,BAN,Bansara,7.100585,10.729689,85.0
S00190,Ekshayi,Village,W002,Ekduru,LGA01,Idi-Oro,BAN,Bansara,7.111141,10.731173,151.0
S00194,Enmari,Village,W002,Ekduru,LGA01,Idi-Oro,BAN,Bansara,7.110602,10.718336,187.0
S00206,Fadeja,Village,W002,Ekduru,LGA01,Idi-Oro,BAN,Bansara,7.098944,10.773483,79.0
S00173,Fakowo,Village,W002,Ekduru,LGA01,Idi-Oro,BAN,Bansara,7.202096,10.848132,148.0
S00198,Fangoni,Urban block,W002,Ekduru,LGA01,Idi-Oro,BAN,Bansara,7.135205,10.759231,474.0
S00185,Fangosa,Village,W002,Ekduru,LGA01,Idi-Oro,BAN,Bansara,7.075344,10.808488,179.0
S00168,Fashadu,Urban block,W002,Ekduru,LGA01,Idi-Oro,BAN,Bansara,7.096299,10.78344,325.0
S00136,Gulani,Village,W002,Ekduru,LGA01,Idi-Oro,BAN,Bansara,7.146874,10.734326,107.0
S00140,Guyoba,Village,W002,Ekduru,LGA01,Idi-Oro,BAN,Bansara,7.203856,10.774318,73.0
S00178,Habale,Urban block,W002,Ekduru,LGA01,Idi-Oro,BAN,Bansara,7.135511,10.7921,255.0
S00151,Hamade,Village,W002,Ekduru,LGA01,Idi-Oro,BAN,Bansara,7.12308,10.796225,100.0
S00158,Hangoshi,Urban block,W002,Ekduru,LGA01,Idi-Oro,BAN,Bansara,7.130201,10.761549,87.0
S00200,Hawale,Village,W002,Ekduru,LGA01,Idi-Oro,BAN,Bansara,7.076295,10.788149,128.0
S00153,Iblawa-Kofar,Urban block,W002,Ekduru,LGA01,Idi-Oro,BAN,Bansara,7.079641,10.782325,574.0
S00152,Ibngona-Arewa,Hamlet,W002,Ekduru,LGA01,Idi-Oro,BAN,Bansara,7.022653,10.87906,69.0
S00177,Ibritu,Village,W002,Ekduru,LGA01,Idi-Oro,BAN,Bansara,6.954388115003849,10.889388,118.0
S00217,Ibtsiyi,Hamlet,W002,Ekduru,LGA01,Idi-Oro,BAN,Bansara,7.099169,10.798693,26.0
S00163,Ibwari,Settlement,W002,Ekduru,LGA01,Idi-Oro,BAN,Bansara,7.121303,10.722934,140.0
S00121,Irbafa,Settlement,W002,Ekduru,LGA01,Idi-Oro,BAN,Bansara,7.134858,10.783787,61.0
S00174,Irbema,Hamlet,W002,Ekduru,LGA01,Idi-Oro,BAN,Bansara,7.148042,10.756493,32.0
S00180,Irngomi,Hamlet,W002,Ekduru,LGA01,Idi-Oro,BAN,Bansara,7.137422,10.712479,18.0
S00188,Jidedu,Urban block,W002,Ekduru,LGA01,Idi-Oro,BAN,Bansara,7.228167,10.771228,860.0
S00157,Jimashi,Settlement,W002,Ekduru,LGA01,Idi-Oro,BAN,Bansara,7.090921,10.778799,145.0
S00162,Jitsifa,Hamlet,W002,Ekduru,LGA01,Idi-Oro,BAN,Bansara,7.225508,10.77611,49.0
S00202,Kudema-Gabas,Settlement,W002,Ekduru,LGA01,Idi-Oro,BAN,Bansara,7.219863,10.80426,30.0
S00213,Kuyoma,Village,W002,Ekduru,LGA01,Idi-Oro,BAN,Bansara,7.031265,10.864211,131.0
S00161,Kuzaru,Urban block,W002,Ekduru,LGA01,Idi-Oro,BAN,Bansara,7.133176,10.79321,216.0
S00172,Lobemi,Hamlet,W002,Ekduru,LGA01,Idi-Oro,BAN,Bansara,7.100221,10.789561,14.0
S00133,Loduja,Village,W002,Ekduru,LGA01,Idi-Oro,BAN,Bansara,7.211818,10.768842,33.0
S00138,Lorade-Sabo,Urban block,W002,Ekduru,LGA01,Idi-Oro,BAN,Bansara,7.105552,10.716086,410.0
S00137,Lotisa,Hamlet,W002,Ekduru,LGA01,Idi-Oro,BAN,Bansara,7.069988,10.783365,32.0
S00143,Lowade,Hamlet,W002,Ekduru,LGA01,Idi-Oro,BAN,Bansara,7.026992,10.91861,26.0
S00123,Mabani,Village,W002,Ekduru,LGA01,Idi-Oro,BAN,Bansara,7.034548,10.880157,105.0
S00195,Mashafa,Village,W002,Ekduru,LGA01,Idi-Oro,BAN,Bansara,7.088684,10.728512,118.0
S00129,Nudeja-Sabo,Village,W002,Ekduru,LGA01,Idi-Oro,BAN,Bansara,7.114609,10.713879,200.0
S00216,Okbako,Village,W002,Ekduru,LGA01,Idi-Oro,BAN,Bansara,7.23026,10.789671,40.0
S00125,Okmari,Urban block,W002,Ekduru,LGA01,Idi-Oro,BAN,Bansara,7.140257,10.731256,582.0
S00208,Okzatu,Hamlet,W002,Ekduru,LGA01,Idi-Oro,BAN,Bansara,7.177691,10.784757,43.0
S00127,Ollawo,Hamlet,W002,Ekduru,LGA01,Idi-Oro,BAN,Bansara,7.069231,10.778969,7.0
S00171,Olmami-Yamma,Urban block,W002,Ekduru,LGA01,Idi-Oro,BAN,Bansara,7.13638,10.757978,422.0
S00170,Olrita,Hamlet,W002,Ekduru,LGA01,Idi-Oro,BAN,Bansara,7.207641,10.779115,28.0
S00141,Ribafa,Hamlet,W002,Ekduru,LGA01,Idi-Oro,BAN,Bansara,7.234753,10.784463,36.0
S00148,Ribaja,Village,W002,Ekduru,LGA01,Idi-Oro,BAN,Bansara,7.106366,10.809701,94.0
S00207,Rizani,Village,W002,Ekduru,LGA01,Idi-Oro,BAN,Bansara,7.111973,10.736919,77.0
S00212,Sanana,Village,W002,Ekduru,LGA01,Idi-Oro,BAN,Bansara,7.109858,10.794536,79.0
S00166,Sarishi-Arewa,Urban block,W002,Ekduru,LGA01,Idi-Oro,BAN,Bansara,7.122619,10.778849,521.0
S00189,Satisa,Settlement,W002,Ekduru,LGA01,Idi-Oro,BAN,Bansara,7.159981,10.809301,23.0
S00131,Sazashi,Village,W002,Ekduru,LGA01,Idi-Oro,BAN,Bansara,7.028413,10.867265,66.0
S00214,Suduru-Gabas,Hamlet,W002,Ekduru,LGA01,Idi-Oro,BAN,Bansara,7.22263,10.754536,41.0
S00149,Sularu,Village,W002,Ekduru,LGA01,Idi-Oro,BAN,Bansara,7.129003,10.795989,90.0
S00155,Sunako,Urban block,W002,Ekduru,LGA01,Idi-Oro,BAN,Bansara,7.101642,10.809229,79.0
S00169,Surasa,Hamlet,W002,Ekduru,LGA01,Idi-Oro,BAN,Bansara,7.103629,10.779009,39.0
S00193,Takofa,Village,W002,Ekduru,LGA01,Idi-Oro,BAN,Bansara,7.096699,10.780457,48.0
S00132,Tangowa-Arewa,Village,W002,Ekduru,LGA01,Idi-Oro,BAN,Bansara,7.122205,10.726101,109.0
S00167,Umluwo,Village,W002,Ekduru,LGA01,Idi-Oro,BAN,Bansara,7.21536,10.802698,137.0
S00211,Uzkotu,Settlement,W002,Ekduru,LGA01,Idi-Oro,BAN,Bansara,7.023185,10.881941,212.0
S00205,Uznashi,Urban block,W002,Ekduru,LGA01,Idi-Oro,BAN,Bansara,7.078868,10.763829,89.0
S00126,Uzshani,Hamlet,W002,Ekduru,LGA01,Idi-Oro,BAN,Bansara,7.220297,10.799302,38.0
S00219,Uztsija,Village,W002,Ekduru,LGA01,Idi-Oro,BAN,Bansara,7.097185,10.772972,175.0
S00204,Waluwo,Hamlet,W002,Ekduru,LGA01,Idi-Oro,BAN,Bansara,7.106608,10.805227,14.0
S00147,Watsiyi,Hamlet,W002,Ekduru,LGA01,Idi-Oro,BAN,Bansara,7.148616,10.744296,49.0
S00183,Wayoru-Sabo,Village,W002,Ekduru,LGA01,Idi-Oro,BAN,Bansara,7.222078,10.774631,221.0
S00135,Yebede,Village,W002,Ekduru,LGA01,Idi-Oro,BAN,Bansara,7.072203,10.928203,58.0
S00156,Yelata,Settlement,W002,Ekduru,LGA01,Idi-Oro,BAN,Bansara,7.12143,10.752138,64.0
S00197,Yetiba,Village,W002,Ekduru,LGA01,Idi-Oro,BAN,Bansara,7.114434,10.740139,89.0
S00142,Yetsina,Urban block,W002,Ekduru,LGA01,Idi-Oro,BAN,Bansara,7.088222,10.744765,419.0
S00209,Yetsiwa-Kudu,Village,W002,Ekduru,LGA01,Idi-Oro,BAN,Bansara,7.235993,10.786187,369.0
S00179,Yezawo,Village,W002,Ekduru,LGA01,Idi-Oro,BAN,Bansara,7.109247,10.728116,392.0
S00122,Zajija,Village,W002,Ekduru,LGA01,Idi-Oro,BAN,Bansara,7.192763,10.730917,26.0
S00192,Zajitu,Village,W002,Ekduru,LGA01,Idi-Oro,BAN,Bansara,7.159032,10.784975,94.0
S00196,Zakotu-Tsakiya,Hamlet,W002,Ekduru,LGA01,Idi-Oro,BAN,Bansara,7.16566,10.810034,19.0
S00159,Zashaja,Urban block,W002,Ekduru,LGA01,Idi-Oro,BAN,Bansara,7.092855,10.777946,270.0
S00203,Zatija,Hamlet,W002,Ekduru,LGA01,Idi-Oro,BAN,Bansara,7.087951,10.815011,37.0
S00181,Zayowo,Village,W002,Ekduru,LGA01,Idi-Oro,BAN,Bansara,7.180571,10.871717,
S00144,Zazashi,Village,W002,Ekduru,LGA01,Idi-Oro,BAN,Bansara,7.232992,10.80643,133.0
S00106,Adbaru,Settlement,W001,Ekngoyi,LGA01,Idi-Oro,BAN,Bansara,7.062711,11.042577,68.0
S00085,Adbeta,Hamlet,W001,Ekngoyi,LGA01,Idi-Oro,BAN,Bansara,7.048635,11.073911,22.0
S00080,Adnade-Kofar,Village,W001,Ekngoyi,LGA01,Idi-Oro,BAN,Bansara,7.206952,11.137924,117.0
S00068,Adrija-Sabo,Village,W001,Ekngoyi,LGA01,Idi-Oro,BAN,Bansara,7.032172,11.115906,109.0
S00037,Adtsitu,Village,W001,Ekngoyi,LGA01,Idi-Oro,BAN,Bansara,7.060373,10.991454,300.0
S00097,Agbawo,Urban block,W001,Ekngoyi,LGA01,Idi-Oro,BAN,Bansara,7.054834,10.968352,534.0
S00092,Agtsiko-Gabas,Village,W001,Ekngoyi,LGA01,Idi-Oro,BAN,Bansara,7.159108,11.092896,90.0
S00059,Agwako,Hamlet,W001,Ekngoyi,LGA01,Idi-Oro,BAN,Bansara,7.069533,10.962133,63.0
S00111,Biduja-Sabo,Hamlet,W001,Ekngoyi,LGA01,Idi-Oro,BAN,Bansara,7.155659,11.166784,28.0
S00015,Binako,Settlement,W001,Ekngoyi,LGA01,Idi-Oro,BAN,Bansara,7.102302,11.171373,36.0
S00017,Biriyi,Urban block,W001,Ekngoyi,LGA01,Idi-Oro,BAN,Bansara,7.201269,11.158669,392.0
S00006,Bishaja-Gabas,Hamlet,W001,Ekngoyi,LGA01,Idi-Oro,BAN,Bansara,7.114381,11.056097,69.0
S00026,Dabedu,Hamlet,W001,Ekngoyi,LGA01,Idi-Oro,BAN,Bansara,7.168708,11.162693,21.0
S00077,Dajisa,Village,W001,Ekngoyi,LGA01,Idi-Oro,BAN,Bansara,7.043993,11.093838,117.0
S00042,Damako,Hamlet,W001,Ekngoyi,LGA01,Idi-Oro,BAN,Bansara,7.08705,11.137163,34.0
S00065,Danasa,Hamlet,W001,Ekngoyi,LGA01,Idi-Oro,BAN,Bansara,7.165333,11.164793,39.0
S00008,Danashi,Urban block,W001,Ekngoyi,LGA01,Idi-Oro,BAN,Bansara,7.161445,11.138556,579.0
S00118,Donadu,Settlement,W001,Ekngoyi,LGA01,Idi-Oro,BAN,Bansara,7.077207,11.035975,92.0
S00047,Dorita,Village,W001,Ekngoyi,LGA01,Idi-Oro,BAN,Bansara,7.079782,11.133849,122.0
S00004,Dosari,Village,W001,Ekngoyi,LGA01,Idi-Oro,BAN,Bansara,7.161071,11.093949,96.0
S00104,Dotina,Village,W001,Ekngoyi,LGA01,Idi-Oro,BAN,Bansara,7.067359,10.966506,77.0
S00088,Ekrafa,Urban block,W001,Ekngoyi,LGA01,Idi-Oro,BAN,Bansara,7.04016,10.955648,1017.0
S00012,Ekrari,Hamlet,W001,Ekngoyi,LGA01,Idi-Oro,BAN,Bansara,7.038673,11.013737,60.0
S00119,Ekshani,Village,W001,Ekngoyi,LGA01,Idi-Oro,BAN,Bansara,7.049177,11.066639,63.0
S00110,Ekyosa,Village,W001,Ekngoyi,LGA01,Idi-Oro,BAN,Bansara,7.221619,11.129241,54.0
S00010,Enjiru,Urban block,W001,Ekngoyi,LGA01,Idi-Oro,BAN,Bansara,7.027125,11.081613,371.0
S00116,Enriru-Kofar,Settlement,W001,Ekngoyi,LGA01,Idi-Oro,BAN,Bansara,7.033939,11.006895,0.0
S00044,Ensama,Hamlet,W001,Ekngoyi,LGA01,Idi-Oro,BAN,Bansara,7.226328,11.135569,60.0
S00113,Enyowa,Village,W001,Ekngoyi,LGA01,Idi-Oro,BAN,Bansara,7.083602,10.954684,241.0
S00094,Fakoshi,Hamlet,W001,Ekngoyi,LGA01,Idi-Oro,BAN,Bansara,7.050521,10.965321,24.0
S00084,Faluni,Village,W001,Ekngoyi,LGA01,Idi-Oro,BAN,Bansara,7.213336,11.120874,104.0
S00060,Fanaja,Hamlet,W001,Ekngoyi,LGA01,Idi-Oro,BAN,Bansara,7.152214,11.045123,29.0
S00019,Fasatu,Hamlet,W001,Ekngoyi,LGA01,Idi-Oro,BAN,Bansara,7.027014,11.040046,8.0
S00075,Fashale-Kofar,Hamlet,W001,Ekngoyi,LGA01,Idi-Oro,BAN,Bansara,7.080786,11.001601,71.0
S00114,Gubade-Tsakiya,Urban block,W001,Ekngoyi,LGA01,Idi-Oro,BAN,Bansara,7.084167,10.9833,316.0
S00108,Guludu,Village,W001,Ekngoyi,LGA01,Idi-Oro,BAN,Bansara,7.124539,11.125157,78.0
S00074,Guluna,Settlement,W001,Ekngoyi,LGA01,Idi-Oro,BAN,Bansara,7.189576,11.159293,68.0
S00070,Gungoshi,Settlement,W001,Ekngoyi,LGA01,Idi-Oro,BAN,Bansara,7.207757,11.128798,49.0
S00020,Guwami-Yamma,Urban block,W001,Ekngoyi,LGA01,Idi-Oro,BAN,Bansara,7.065562,11.189003,1364.0
S00087,Hadema,Hamlet,W001,Ekngoyi,LGA01,Idi-Oro,BAN,Bansara,7.25334922089565,11.039187,44.0
S00002,Haduni,Urban block,W001,Ekngoyi,LGA01,Idi-Oro,BAN,Bansara,7.150789,11.15951,538.0
S00098,Halusa,Hamlet,W001,Ekngoyi,LGA01,Idi-Oro,BAN,Bansara,7.178503,11.135529,28.0
S00081,Haluyi,Hamlet,W001,Ekngoyi,LGA01,Idi-Oro,BAN,Bansara,7.115158,11.028847,96.0
S00053,Hatsiwo,Village,W001,Ekngoyi,LGA01,Idi-Oro,BAN,Bansara,7.064087,11.055537,126.0
S00120,Hazatu,Urban block,W001,Ekngoyi,LGA01,Idi-Oro,BAN,Bansara,7.063283,10.948909,357.0
S00023,Ibdutu,Village,W001,Ekngoyi,LGA01,Idi-Oro,BAN,Bansara,7.095255,11.054927,179.0
S00055,Ibmaja,Village,W001,Ekngoyi,LGA01,Idi-Oro,BAN,Bansara,7.182394,11.129532,55.0
S00056,Ibrawo,Urban block,W001,Ekngoyi,LGA01,Idi-Oro,BAN,Bansara,7.035921,11.035611,666.0
S00112,Ibshade,Settlement,W001,Ekngoyi,LGA01,Idi-Oro,BAN,Bansara,7.12708,11.039206,93.0
S00090,Irdema,Hamlet,W001,Ekngoyi,LGA01,Idi-Oro,BAN,Bansara,7.03894,11.037306,37.0
S00102,Irduri,Hamlet,W001,Ekngoyi,LGA01,Idi-Oro,BAN,Bansara,7.026341,11.077056,38.0
S00033,Irlatu-Gabas,Settlement,W001,Ekngoyi,LGA01,Idi-Oro,BAN,Bansara,7.15132,11.049376,31.0
S00050,Irluko,Settlement,W001,Ekngoyi,LGA01,Idi-Oro,BAN,Bansara,7.219417,11.12951,225.0
S00062,Irsadu-Sabo,Hamlet,W001,Ekngoyi,LGA01,Idi-Oro,BAN,Bansara,7.035398,11.067,34.0
S00072,Irzatu,Urban block,W001,Ekngoyi,LGA01,Idi-Oro,BAN,Bansara,7.033982,11.086848,725.0
S00039,Jideni,Village,W001,Ekngoyi,LGA01,Idi-Oro,BAN,Bansara,7.164716,11.026716,45.0
S00089,Jiduja,Village,W001,Ekngoyi,LGA01,Idi-Oro,BAN,Bansara,7.132653,11.013267,106.0
S00022,Jimawa,Village,W001,Ekngoyi,LGA01,Idi-Oro,BAN,Bansara,7.036134,11.007819,58.0
S00034,Jitifa,Hamlet,W001,Ekngoyi,LGA01,Idi-Oro,BAN,Bansara,7.072608,10.965498,15.0
S00049,Kadudu,Village,W001,Ekngoyi,LGA01,Idi-Oro,BAN,Bansara,7.051484,11.104887,184.0
S00082,Kaladu,Village,W001,Ekngoyi,LGA01,Idi-Oro,BAN,Bansara,7.024104,11.037773,88.0
S00105,Kaluja,Urban block,W001,Ekngoyi,LGA01,Idi-Oro,BAN,Bansara,7.092386,11.102475,381.0
S00029,Kangofa,Village,W001,Ekngoyi,LGA01,Idi-Oro,BAN,Bansara,7.048351,11.024543,69.0
S00046,Kasama-Tudun,Settlement,W001,Ekngoyi,LGA01,Idi-Oro,BAN,Bansara,7.05559,11.09671,31.0
S00095,Kashako,Hamlet,W001,Ekngoyi,LGA01,Idi-Oro,BAN,Bansara,7.02251,11.009713,30.0
S00051,Kulama,Village,W001,Ekngoyi,LGA01,Idi-Oro,BAN,Bansara,7.147701,11.041319,129.0
S00011,Kushatu,Hamlet,W001,Ekngoyi,LGA01,Idi-Oro,BAN,Bansara,7.053988,10.95665,30.0
S00093,Lobaba,Settlement,W001,Ekngoyi,LGA01,Idi-Oro,BAN,Bansara,7.135917,11.186389,163.0
S00041,Lodule,Village,W001,Ekngoyi,LGA01,Idi-Oro,BAN,Bansara,7.060058,11.003448,92.0
S00078,Lolale,Hamlet,W001,Ekngoyi,LGA01,Idi-Oro,BAN,Bansara,7.047479,11.0183,18.0
S00054,Loshaja,Village,W001,Ekngoyi,LGA01,Idi-Oro,BAN,Bansara,7.078284,11.081093,173.0
S00035,Makole-Arewa,Village,W001,Ekngoyi,LGA01,Idi-Oro,BAN,Bansara,7.1451,11.026904,149.0
S00100,Mashasa,Village,W001,Ekngoyi,LGA01,Idi-Oro,BAN,Bansara,7.061507,10.962902,96.0
S00024,Mashashi,Settlement,W001,Ekngoyi,LGA01,Idi-Oro,BAN,Bansara,7.151156,11.045863,50.0
S00109,Numawa,Village,W001,Ekngoyi,LGA01,Idi-Oro,BAN,Bansara,7.157376,11.057408,29.0
S00083,Nuwaja,Urban block,W001,Ekngoyi,LGA01,Idi-Oro,BAN,Bansara,7.107215,10.98015,236.0
S00057,Nuwani,Urban block,W001,Ekngoyi,LGA01,Idi-Oro,BAN,Bansara,7.181389,11.159146,368.0
S00096,Okkotu,Urban block,W001,Ekngoyi,LGA01,Idi-Oro,BAN,Bansara,7.04953,11.052846,868.0
S00032,Okmaba,Village,W001,Ekngoyi,LGA01,Idi-Oro,BAN,Bansara,7.049927,11.056509,108.0
S00021,Okmata-Sabo,Village,W001,Ekngoyi,LGA01,Idi-Oro,BAN,Bansara,7.117315,11.078677,246.0
S00115,Okngowa,Village,W001,Ekngoyi,LGA01,Idi-Oro,BAN,Bansara,7.146778,11.043354,54.0
S00064,Okwadu,Village,W001,Ekngoyi,LGA01,Idi-Oro,BAN,Bansara,7.038256,10.949531,143.0
S00086,Ollale,Urban block,W001,Ekngoyi,LGA01,Idi-Oro,BAN,Bansara,7.05126,11.062528,427.0
S00018,Oltiko,Settlement,W001,Ekngoyi,LGA01,Idi-Oro,BAN,Bansara,7.197939,11.099233,107.0
S00099,Ribeni,Village,W001,Ekngoyi,LGA01,Idi-Oro,BAN,Bansara,7.05907,10.958079,63.0
S00036,Ridewo-Gabas,Settlement,W001,Ekngoyi,LGA01,Idi-Oro,BAN,Bansara,7.042721,11.073816,115.0
S00063,Ringowa,Urban block,W001,Ekngoyi,LGA01,Idi-Oro,BAN,Bansara,7.174387,11.04608,137.0
S00027,Riwayi,Village,W001,Ekngoyi,LGA01,Idi-Oro,BAN,Bansara,7.030036,11.087616,101.0
S00073,Riyoma-Gabas,Urban block,W001,Ekngoyi,LGA01,Idi-Oro,BAN,Bansara,7.01783,11.003108,369.0
S00013,Rizadu,Village,W001,Ekngoyi,LGA01,Idi-Oro,BAN,Bansara,7.039114,11.017934,150.0
S00091,Saluru,Village,W001,Ekngoyi,LGA01,Idi-Oro,BAN,Bansara,7.117245,11.019985,36.0
S00117,Sarade,Village,W001,Ekngoyi,LGA01,Idi-Oro,BAN,Bansara,7.189771,11.142535,110.0
S00067,Sayowa,Hamlet,W001,Ekngoyi,LGA01,Idi-Oro,BAN,Bansara,7.054602,11.021144,29.0
S00040,Sazafa,Urban block,W001,Ekngoyi,LGA01,Idi-Oro,BAN,Bansara,7.023837,11.057645,171.0
S00101,Suludu-Arewa,Urban block,W001,Ekngoyi,LGA01,Idi-Oro,BAN,Bansara,7.163585,11.015249,495.0
S00001,Surawa,Village,W001,Ekngoyi,LGA01,Idi-Oro,BAN,Bansara,7.166551,11.173847,145.0
S00030,Suriru,Hamlet,W001,Ekngoyi,LGA01,Idi-Oro,BAN,Bansara,7.070925,11.029547,22.0
S00071,Sutiwo,Village,W001,Ekngoyi,LGA01,Idi-Oro,BAN,Bansara,7.17708,11.098781,177.0
S00048,Taduri,Village,W001,Ekngoyi,LGA01,Idi-Oro,BAN,Bansara,7.038087,11.046953,126.0
S00076,Tarani,Urban block,W001,Ekngoyi,LGA01,Idi-Oro,BAN,Bansara,7.040814,10.965418,423.0
S00066,Tararu-Gabas,Urban block,W001,Ekngoyi,LGA01,Idi-Oro,BAN,Bansara,7.044654,11.096985,364.0
S00043,Taritu,Village,W001,Ekngoyi,LGA01,Idi-Oro,BAN,Bansara,7.171422,11.156388,188.0
S00052,Tasama,Village,W001,Ekngoyi,LGA01,Idi-Oro,BAN,Bansara,7.171142,11.129894,99.0
S00103,Tashade-Kudu,Hamlet,W001,Ekngoyi,LGA01,Idi-Oro,BAN,Bansara,7.14436,11.192285,48.0
S00058,Umratu,Village,W001,Ekngoyi,LGA01,Idi-Oro,BAN,Bansara,7.079446,11.047238,166.0
S00038,Umsayi,Village,W001,Ekngoyi,LGA01,Idi-Oro,BAN,Bansara,7.041015,11.026213,157.0
S00016,Umzashi,Urban block,W001,Ekngoyi,LGA01,Idi-Oro,BAN,Bansara,7.14658,11.006795,344.0
S00045,Uzbena,Village,W001,Ekngoyi,LGA01,Idi-Oro,BAN,Bansara,7.063746,11.08566,286.0
S00007,Uzduma,Urban block,W001,Ekngoyi,LGA01,Idi-Oro,BAN,Bansara,7.192986,11.161636,378.0
S00009,Uzrita,Hamlet,W001,Ekngoyi,LGA01,Idi-Oro,BAN,Bansara,7.146177,11.171176,58.0
S00005,Wabade,Village,W001,Ekngoyi,LGA01,Idi-Oro,BAN,Bansara,7.097021,11.009781,62.0
S00025,Wamade,Village,W001,Ekngoyi,LGA01,Idi-Oro,BAN,Bansara,7.042614,10.953771,121.0
S00031,Wamako,Urban block,W001,Ekngoyi,LGA01,Idi-Oro,BAN,Bansara,7.037446,10.955953,301.0
S00079,Warana,Hamlet,W001,Ekngoyi,LGA01,Idi-Oro,BAN,Bansara,7.060873,10.997459,11.0
S00003,Watiru,Hamlet,W001,Ekngoyi,LGA01,Idi-Oro,BAN,Bansara,7.064421,11.019136,61.0
S00107,Wawatu,Urban block,W001,Ekngoyi,LGA01,Idi-Oro,BAN,Bansara,7.14365,11.051228,516.0
S00028,Yerifa,Settlement,W001,Ekngoyi,LGA01,Idi-Oro,BAN,Bansara,7.147323,11.040776,104.0
S00069,Zakole-Arewa,Urban block,W001,Ekngoyi,LGA01,Idi-Oro,BAN,Bansara,7.024625,11.021364,494.0
S00014,Zasafa,Urban block,W001,Ekngoyi,LGA01,Idi-Oro,BAN,Bansara,7.147327,11.206474,324.0
S00061,Zawatu,Hamlet,W001,Ekngoyi,LGA01,Idi-Oro,BAN,Bansara,7.033282,11.09712,12.0
S01460,Adngoba,Village,W020,Famade,LGA01,Idi-Oro,BAN,Bansara,7.75221,11.166326,47.0
S01509,Agmasa,Village,W020,Famade,LGA01,Idi-Oro,BAN,Bansara,7.716298,11.142481,163.0
S01473,Agmawa,Hamlet,W020,Famade,LGA01,Idi-Oro,BAN,Bansara,7.60247,11.077278,63.0
S01431,Agzaba,Village,W020,Famade,LGA01,Idi-Oro,BAN,Bansara,7.722511,11.121426,33.0
S01494,Bikoyi,Village,W020,Famade,LGA01,Idi-Oro,BAN,Bansara,7.730641,11.164245,76.0
S01453,Bingoyi,Urban block,W020,Famade,LGA01,Idi-Oro,BAN,Bansara,7.645337,11.059431,248.0
S01512,Bisaru,Urban block,W020,Famade,LGA01,Idi-Oro,BAN,Bansara,7.739303,11.13727,433.0
S01490,Biyoba,Urban block,W020,Famade,LGA01,Idi-Oro,BAN,Bansara,7.579126,11.095708,318.0
S01501,Dabeba,Village,W020,Famade,LGA01,Idi-Oro,BAN,Bansara,7.728702,11.125533,71.0
S01429,Darana-Arewa,Hamlet,W020,Famade,LGA01,Idi-Oro,BAN,Bansara,7.676089,11.119627,21.0
S01481,Domade-Yamma,Village,W020,Famade,LGA01,Idi-Oro,BAN,Bansara,7.598608,11.088889,89.0
S01506,Enjisa,Village,W020,Famade,LGA01,Idi-Oro,BAN,Bansara,7.733383,11.174759,66.0
S01425,Ensaba,Village,W020,Famade,LGA01,Idi-Oro,BAN,Bansara,7.583888,11.084425,176.0
S01467,Gukori,Hamlet,W020,Famade,LGA01,Idi-Oro,BAN,Bansara,7.724386,11.163464,63.0
S01448,Gumawa,Hamlet,W020,Famade,LGA01,Idi-Oro,BAN,Bansara,7.720671,11.154281,18.0
S01443,Gusade-Kofar,Village,W020,Famade,LGA01,Idi-Oro,BAN,Bansara,7.587953,11.054854,291.0
S01464,Hajidu,Hamlet,W020,Famade,LGA01,Idi-Oro,BAN,Bansara,7.762662,11.182175,23.0
S01447,Halata,Village,W020,Famade,LGA01,Idi-Oro,BAN,Bansara,7.710018,11.120487,54.0
S01477,Hamako-Kofar,Village,W020,Famade,LGA01,Idi-Oro,BAN,Bansara,7.730583,11.149755,74.0
S01480,Hasale,Urban block,W020,Famade,LGA01,Idi-Oro,BAN,Bansara,7.704134,11.163403,475.0
S01463,Hayole,Village,W020,Famade,LGA01,Idi-Oro,BAN,Bansara,7.682647,11.155914,101.0
S01424,Ibbasa,Village,W020,Famade,LGA01,Idi-Oro,BAN,Bansara,7.549404,11.119672,132.0
S01438,Ibwadu,Settlement,W020,Famade,LGA01,Idi-Oro,BAN,Bansara,7.722813,11.148319,71.0
S01475,Ibwaja,Village,W020,Famade,LGA01,Idi-Oro,BAN,Bansara,7.5975,11.053939,72.0
S01436,Ibyosa,Hamlet,W020,Famade,LGA01,Idi-Oro,BAN,Bansara,7.737007,11.144667,104.0
S01508,Irjitu,Hamlet,W020,Famade,LGA01,Idi-Oro,BAN,Bansara,7.710711,11.178903,26.0
S01458,Irshani,Settlement,W020,Famade,LGA01,Idi-Oro,BAN,Bansara,7.694159,11.150454,30.0
S01483,Irtsishi,Village,W020,Famade,LGA01,Idi-Oro,BAN,Bansara,7.551658,11.128073,179.0
S01440,Jidudu,Hamlet,W020,Famade,LGA01,Idi-Oro,BAN,Bansara,7.585645,11.073824,69.0
S01432,Jiradu,Urban block,W020,Famade,LGA01,Idi-Oro,BAN,Bansara,7.620768,11.095678,617.0
S01486,Jirale,Urban block,W020,Famade,LGA01,Idi-Oro,BAN,Bansara,7.730104,11.150785,177.0
S01497,Jisafa,Settlement,W020,Famade,LGA01,Idi-Oro,BAN,Bansara,7.697054,11.179326,91.0
S01449,Jiwako,Village,W020,Famade,LGA01,Idi-Oro,BAN,Bansara,7.635391,11.195146,163.0
S01433,Jiwatu,Village,W020,Famade,LGA01,Idi-Oro,BAN,Bansara,7.587064,11.149833,96.0
S01489,Kaludu-Sabo,Village,W020,Famade,LGA01,Idi-Oro,BAN,Bansara,7.696743,11.137312,95.0
S01442,Kaluyi,Hamlet,W020,Famade,LGA01,Idi-Oro,BAN,Bansara,7.736016,11.154513,50.0
S01472,Kashashi-Gabas,Hamlet,W020,Famade,LGA01,Idi-Oro,BAN,Bansara,7.754034,11.151403,6.0
S01435,Kudena,Village,W020,Famade,LGA01,Idi-Oro,BAN,Bansara,7.640704,11.079525,76.0
S01456,Kujidu-Kofar,Village,W020,Famade,LGA01,Idi-Oro,BAN,Bansara,7.717364,11.118823,42.0
S01493,Kukoru,Urban block,W020,Famade,LGA01,Idi-Oro,BAN,Bansara,7.700037,11.157931,147.0
S01470,Lobale,Settlement,W020,Famade,LGA01,Idi-Oro,BAN,Bansara,7.720615,11.161519,44.0
S01510,Lodushi,Village,W020,Famade,LGA01,Idi-Oro,BAN,Bansara,7.725146,11.166651,289.0
S01451,Lojini-Tsakiya,Urban block,W020,Famade,LGA01,Idi-Oro,BAN,Bansara,7.757689,11.187742,262.0
S01441,Lolako,Village,W020,Famade,LGA01,Idi-Oro,BAN,Bansara,7.711207,11.149805,167.0
S01428,Mabema,Hamlet,W020,Famade,LGA01,Idi-Oro,BAN,Bansara,7.719464,11.132187,22.0
S01452,Mamadu,Hamlet,W020,Famade,LGA01,Idi-Oro,BAN,Bansara,7.642605,11.085844,34.0
S01505,Matsiko,Village,W020,Famade,LGA01,Idi-Oro,BAN,Bansara,7.711668,11.163806,141.0
S01504,Nurima-Yamma,Hamlet,W020,Famade,LGA01,Idi-Oro,BAN,Bansara,7.706949,11.156812,48.0
S01502,Nusade,Urban block,W020,Famade,LGA01,Idi-Oro,BAN,Bansara,7.697545,11.147116,405.0
S01474,Nusale,Hamlet,W020,Famade,LGA01,Idi-Oro,BAN,Bansara,7.686951,11.179084,50.0
S01485,Nushaja,Urban block,W020,Famade,LGA01,Idi-Oro,BAN,Bansara,7.600347,11.108804,
S01465,Nutiri,Hamlet,W020,Famade,LGA01,Idi-Oro,BAN,Bansara,7.697575,11.072173,45.0
S01495,Okmayi,Village,W020,Famade,LGA01,Idi-Oro,BAN,Bansara,7.601701,11.143552,52.0
S01511,Oknani,Settlement,W020,Famade,LGA01,Idi-Oro,BAN,Bansara,7.682918,11.184898,45.0
S01466,Olmata,Village,W020,Famade,LGA01,Idi-Oro,BAN,Bansara,7.705961,11.158877,85.0
S01479,Risani-Gabas,Urban block,W020,Famade,LGA01,Idi-Oro,BAN,Bansara,7.612015,11.080194,458.0
S01488,Sabawo,Village,W020,Famade,LGA01,Idi-Oro,BAN,Bansara,7.678044,11.139258,204.0
S01450,Sabewo-Gabas,Urban block,W020,Famade,LGA01,Idi-Oro,BAN,Bansara,7.698592,11.144091,1036.0
S01496,Sabeyi,Village,W020,Famade,LGA01,Idi-Oro,BAN,Bansara,7.727791,11.215979,99.0
S01482,Saduma,Urban block,W020,Famade,LGA01,Idi-Oro,BAN,Bansara,7.766572,11.133067,307.0
S01437,Sanami,Hamlet,W020,Famade,LGA01,Idi-Oro,BAN,Bansara,7.675213,11.084507,11.0
S01487,Sayoba-Kofar,Village,W020,Famade,LGA01,Idi-Oro,BAN,Bansara,7.633072,11.073341,82.0
S01471,Sazami-Yamma,Hamlet,W020,Famade,LGA01,Idi-Oro,BAN,Bansara,7.733613,11.124923,35.0
S01434,Sudeja-Tsakiya,Urban block,W020,Famade,LGA01,Idi-Oro,BAN,Bansara,7.728778,11.13206,330.0
S01439,Suduri,Urban block,W020,Famade,LGA01,Idi-Oro,BAN,Bansara,7.703915,11.140416,457.0
S01469,Suluja-Tudun,Village,W020,Famade,LGA01,Idi-Oro,BAN,Bansara,7.702347,11.129288,201.0
S01507,Susade-Tudun,Urban block,W020,Famade,LGA01,Idi-Oro,BAN,Bansara,7.662133,11.080832,346.0
S01446,Tabami,Village,W020,Famade,LGA01,Idi-Oro,BAN,Bansara,7.757046,11.182301,153.0
S01430,Taberu,Hamlet,W020,Famade,LGA01,Idi-Oro,BAN,Bansara,7.582323,11.06927,9.0
S01476,Tayoni,Hamlet,W020,Famade,LGA01,Idi-Oro,BAN,Bansara,7.59717,11.137583,55.0
S01503,Umbaba,Hamlet,W020,Famade,LGA01,Idi-Oro,BAN,Bansara,7.608491,11.071002,24.0
S01492,Umdumi-Tudun,Hamlet,W020,Famade,LGA01,Idi-Oro,BAN,Bansara,7.731632,11.189632,16.0
S01427,Ummasa-Tudun,Urban block,W020,Famade,LGA01,Idi-Oro,BAN,Bansara,7.668353,11.186405,241.0
S01500,Umsade,Hamlet,W020,Famade,LGA01,Idi-Oro,BAN,Bansara,7.690805,11.12857,37.0
S01478,Umshako,Village,W020,Famade,LGA01,Idi-Oro,BAN,Bansara,7.736085,11.162713,198.0
S01491,Uzngoni-Kofar,Village,W020,Famade,LGA01,Idi-Oro,BAN,Bansara,7.755756,11.132024,180.0
S01454,Uzrani,Urban block,W020,Famade,LGA01,Idi-Oro,BAN,Bansara,7.682881,11.167405,552.0
S01459,Wabawa,Settlement,W020,Famade,LGA01,Idi-Oro,BAN,Bansara,7.758027,11.126297,123.0
S01484,Wajiri,Urban block,W020,Famade,LGA01,Idi-Oro,BAN,Bansara,7.748426430662183,11.065857,842.0
S01445,Wakoba,Hamlet,W020,Famade,LGA01,Idi-Oro,BAN,Bansara,7.755804,11.166595,86.0
S01426,Warashi,Village,W020,Famade,LGA01,Idi-Oro,BAN,Bansara,7.726344,11.132617,28.0
S01444,Yenatu,Urban block,W020,Famade,LGA01,Idi-Oro,BAN,Bansara,7.72508,11.143701,704.0
S01499,Yerifa-Arewa,Urban block,W020,Famade,LGA01,Idi-Oro,BAN,Bansara,7.712736,11.201004,436.0
S01457,Yeyode,Village,W020,Famade,LGA01,Idi-Oro,BAN,Bansara,7.727766,11.13161,112.0
S01498,Zabeni,Settlement,W020,Famade,LGA01,Idi-Oro,BAN,Bansara,7.711466,11.257721,127.0
S01461,Zabetu-Gabas,Hamlet,W020,Famade,LGA01,Idi-Oro,BAN,Bansara,7.743766,11.142318,18.0
S01513,Zakoja,Settlement,W020,Famade,LGA01,Idi-Oro,BAN,Bansara,7.762469,11.131261,65.0
S01468,Zamayi,Village,W020,Famade,LGA01,Idi-Oro,BAN,Bansara,7.714191,11.147359,122.0
S01462,Zatsima,Hamlet,W020,Famade,LGA01,Idi-Oro,BAN,Bansara,7.730092,11.143396,46.0
S01455,Zazata,Urban block,W020,Famade,LGA01,Idi-Oro,BAN,Bansara,7.67212,11.067962,446.0
S00453,Adlashi,Village,W006,Okradu,LGA01,Idi-Oro,BAN,Bansara,7.264116,11.247099,135.0
S00484,Adngoyi,Village,W006,Okradu,LGA01,Idi-Oro,BAN,Bansara,7.168446,11.291077,55.0
S00440,Adtsiwa-Tsakiya,Settlement,W006,Okradu,LGA01,Idi-Oro,BAN,Bansara,7.258916,11.153544,111.0
S00529,Adyoyi,Urban block,W006,Okradu,LGA01,Idi-Oro,BAN,Bansara,7.256995,11.250609,455.0
S00466,Agrade,Hamlet,W006,Okradu,LGA01,Idi-Oro,BAN,Bansara,7.271034,11.189545,12.0
S00523,Agrifa,Settlement,W006,Okradu,LGA01,Idi-Oro,BAN,Bansara,7.247981,11.148954,47.0
S00420,Badede,Urban block,W006,Okradu,LGA01,Idi-Oro,BAN,Bansara,7.16296,11.28031,379.0
S00444,Bakota,Village,W006,Okradu,LGA01,Idi-Oro,BAN,Bansara,7.157168,11.259943,167.0
S00528,Bamaba,Village,W006,Okradu,LGA01,Idi-Oro,BAN,Bansara,7.256204,11.16803,175.0
S00483,Bawako,Urban block,W006,Okradu,LGA01,Idi-Oro,BAN,Bansara,7.144595,11.311434,165.0
S00448,Bayode,Settlement,W006,Okradu,LGA01,Idi-Oro,BAN,Bansara,7.27914,11.214203,46.0
S00454,Bazasa,Village,W006,Okradu,LGA01,Idi-Oro,BAN,Bansara,7.245803,11.226143,210.0
S00413,Bideyi,Settlement,W006,Okradu,LGA01,Idi-Oro,BAN,Bansara,7.207739,11.176705,199.0
S00488,Biluba,Village,W006,Okradu,LGA01,Idi-Oro,BAN,Bansara,7.26357,11.203078,155.0
S00458,Bilufa,Urban block,W006,Okradu,LGA01,Idi-Oro,BAN,Bansara,7.242705,11.278547,982.0
S00414,Bitsiri,Hamlet,W006,Okradu,LGA01,Idi-Oro,BAN,Bansara,7.185903,11.298059,23.0
S00438,Biyoru,Hamlet,W006,Okradu,LGA01,Idi-Oro,BAN,Bansara,7.254145,11.206349,37.0
S00509,Damashi,Urban block,W006,Okradu,LGA01,Idi-Oro,BAN,Bansara,7.201055,11.261411,417.0
S00419,Dangowa,Village,W006,Okradu,LGA01,Idi-Oro,BAN,Bansara,7.195485,11.345582,80.0
S00481,Dodufa-Tudun,Settlement,W006,Okradu,LGA01,Idi-Oro,BAN,Bansara,7.271706,11.243935,84.0
S00534,Ekrayi,Village,W006,Okradu,LGA01,Idi-Oro,BAN,Bansara,7.271842,11.238217,59.0
S00411,Enbewa,Hamlet,W006,Okradu,LGA01,Idi-Oro,BAN,Bansara,7.176656,11.354242,50.0
S00442,Enlale,Hamlet,W006,Okradu,LGA01,Idi-Oro,BAN,Bansara,7.149112,11.306452,40.0
S00434,Ennawa-Gabas,Hamlet,W006,Okradu,LGA01,Idi-Oro,BAN,Bansara,7.247759,11.400909,52.0
S00504,Enngori,Hamlet,W006,Okradu,LGA01,Idi-Oro,BAN,Bansara,7.234664,11.380289,80.0
S00470,Enzawo,Urban block,W006,Okradu,LGA01,Idi-Oro,BAN,Bansara,7.242573,11.250963,259.0
S00409,Famako,Village,W006,Okradu,LGA01,Idi-Oro,BAN,Bansara,7.28389,11.332785,143.0
S00501,Fanawo,Village,W006,Okradu,LGA01,Idi-Oro,BAN,Bansara,7.217543,11.350958,46.0
S00493,Fashana,Settlement,W006,Okradu,LGA01,Idi-Oro,BAN,Bansara,7.261109,11.279038,66.0
S00517,Fawaba,Village,W006,Okradu,LGA01,Idi-Oro,BAN,Bansara,7.266246,11.196443,143.0
S00521,Fazana,Hamlet,W006,Okradu,LGA01,Idi-Oro,BAN,Bansara,7.214853,11.330679,28.0
S00424,Gubemi,Urban block,W006,Okradu,LGA01,Idi-Oro,BAN,Bansara,7.169288,11.305135,78.0
S00445,Gunana,Village,W006,Okradu,LGA01,Idi-Oro,BAN,Bansara,7.252583,11.169084,113.0
S00457,Gurita,Hamlet,W006,Okradu,LGA01,Idi-Oro,BAN,Bansara,7.184574,11.329979,18.0
S00412,Gutina,Village,W006,Okradu,LGA01,Idi-Oro,BAN,Bansara,7.19433,11.344744,83.0
S00474,Gutina-Tsakiya,Hamlet,W006,Okradu,LGA01,Idi-Oro,BAN,Bansara,7.283317,11.244857,21.0
S00518,Hajiri,Hamlet,W006,Okradu,LGA01,Idi-Oro,BAN,Bansara,7.256303,11.233556,92.0
S00416,Hakowo,Village,W006,Okradu,LGA01,Idi-Oro,BAN,Bansara,7.251078,11.144387,30.0
S00472,Harasa,Hamlet,W006,Okradu,LGA01,Idi-Oro,BAN,Bansara,7.258097,11.286441,23.0
S00439,Hasawo,Hamlet,W006,Okradu,LGA01,Idi-Oro,BAN,Bansara,7.172469,11.31351,35.0
S00467,Hazadu,Settlement,W006,Okradu,LGA01,Idi-Oro,BAN,Bansara,7.156889,11.314989,39.0
S00530,Ibbefa,Village,W006,Okradu,LGA01,Idi-Oro,BAN,Bansara,7.254443,11.219454,46.0
S00507,Ibdeba,Hamlet,W006,Okradu,LGA01,Idi-Oro,BAN,Bansara,7.254299,11.212543,56.0
S00436,Ibduko,Urban block,W006,Okradu,LGA01,Idi-Oro,BAN,Bansara,7.217134,11.23879,385.0
S00460,Ibluna,Settlement,W006,Okradu,LGA01,Idi-Oro,BAN,Bansara,7.252008,11.250015,102.0
S00446,Ibnani,Village,W006,Okradu,LGA01,Idi-Oro,BAN,Bansara,7.273157,11.280534,157.0
S00499,Ibngodu,Village,W006,Okradu,LGA01,Idi-Oro,BAN,Bansara,7.191698,11.367788,220.0
S00490,Ibsayi,Urban block,W006,Okradu,LGA01,Idi-Oro,BAN,Bansara,7.1764,11.333968,536.0
S00443,Ibtiba,Settlement,W006,Okradu,LGA01,Idi-Oro,BAN,Bansara,7.177983,11.3094,39.0
S00498,Ibzadu,Settlement,W006,Okradu,LGA01,Idi-Oro,BAN,Bansara,7.168236,11.313351,36.0
S00514,Irlufa-Gabas,Hamlet,W006,Okradu,LGA01,Idi-Oro,BAN,Bansara,7.264442,11.158635,29.0
S00468,Jibena-Kudu,Hamlet,W006,Okradu,LGA01,Idi-Oro,BAN,Bansara,7.244694,11.245052,36.0
S00430,Jimani,Hamlet,W006,Okradu,LGA01,Idi-Oro,BAN,Bansara,7.248858,11.196817,32.0
S00487,Jirita,Hamlet,W006,Okradu,LGA01,Idi-Oro,BAN,Bansara,7.232311,11.160556,62.0
S00511,Jiyoni,Village,W006,Okradu,LGA01,Idi-Oro,BAN,Bansara,7.25749,11.273118,213.0
S00533,Kadetu,Village,W006,Okradu,LGA01,Idi-Oro,BAN,Bansara,7.27467,11.271799,290.0
S00452,Kalude,Village,W006,Okradu,LGA01,Idi-Oro,BAN,Bansara,7.252446,11.263598,73.0
S00477,Kalule,Village,W006,Okradu,LGA01,Idi-Oro,BAN,Bansara,7.170799,11.292885,58.0
S00496,Kalushi,Village,W006,Okradu,LGA01,Idi-Oro,BAN,Bansara,7.278228,11.311954,287.0
S00441,Kangotu,Village,W006,Okradu,LGA01,Idi-Oro,BAN,Bansara,7.269543,11.245814,117.0
S00494,Kasashi,Village,W006,Okradu,LGA01,Idi-Oro,BAN,Bansara,7.245969,11.164813,143.0
S00431,Katsidu,Settlement,W006,Okradu,LGA01,Idi-Oro,BAN,Bansara,7.181914,11.311323,114.0
S00425,Kawama,Hamlet,W006,Okradu,LGA01,Idi-Oro,BAN,Bansara,7.133459590526011,11.188759,36.0
S00432,Kazaru,Hamlet,W006,Okradu,LGA01,Idi-Oro,BAN,Bansara,7.19798,11.298649,3.0
S00479,Kungoma-Tsakiya,Settlement,W006,Okradu,LGA01,Idi-Oro,BAN,Bansara,7.261815,11.163442,38.0
S00450,Kuwadu,Hamlet,W006,Okradu,LGA01,Idi-Oro,BAN,Bansara,7.189684,11.340128,10.0
S00408,Longoko,Hamlet,W006,Okradu,LGA01,Idi-Oro,BAN,Bansara,7.272505,11.203974,36.0
S00520,Lorata,Settlement,W006,Okradu,LGA01,Idi-Oro,BAN,Bansara,7.19661,11.346298,213.0
S00459,Lorisa,Village,W006,Okradu,LGA01,Idi-Oro,BAN,Bansara,7.211086,11.320482,62.0
S00522,Losale,Village,W006,Okradu,LGA01,Idi-Oro,BAN,Bansara,7.26578,11.151469,201.0
S00512,Loyode,Village,W006,Okradu,LGA01,Idi-Oro,BAN,Bansara,7.233029,11.216236,102.0
S00503,Nudeja,Settlement,W006,Okradu,LGA01,Idi-Oro,BAN,Bansara,7.212859,11.261414,74.0
S00482,Nuwade,Hamlet,W006,Okradu,LGA01,Idi-Oro,BAN,Bansara,7.238442,11.22999,12.0
S00428,Okderu,Urban block,W006,Okradu,LGA01,Idi-Oro,BAN,Bansara,7.275838,11.277931,564.0
S00478,Okkona,Hamlet,W006,Okradu,LGA01,Idi-Oro,BAN,Bansara,7.23982,11.224862,65.0
S00418,Oknami,Settlement,W006,Okradu,LGA01,Idi-Oro,BAN,Bansara,7.240292,11.285507,75.0
S00435,Okrasa,Village,W006,Okradu,LGA01,Idi-Oro,BAN,Bansara,7.211817,11.366119,166.0
S00469,Oksawa,Urban block,W006,Okradu,LGA01,Idi-Oro,BAN,Bansara,7.18906,11.300539,412.0
S00513,Okshami,Hamlet,W006,Okradu,LGA01,Idi-Oro,BAN,Bansara,7.144084,11.280733,18.0
S00485,Okzashi-Tsakiya,Hamlet,W006,Okradu,LGA01,Idi-Oro,BAN,Bansara,7.283518,11.242449,83.0
S00505,Oldeko,Hamlet,W006,Okradu,LGA01,Idi-Oro,BAN,Bansara,7.253665,11.245392,69.0
S00447,Ollule,Village,W006,Okradu,LGA01,Idi-Oro,BAN,Bansara,7.182766,11.350988,291.0
S00516,Olzaja,Village,W006,Okradu,LGA01,Idi-Oro,BAN,Bansara,7.266685,11.248041,12.0
S00463,Risaja,Hamlet,W006,Okradu,LGA01,Idi-Oro,BAN,Bansara,7.185768,11.30668,51.0
S00451,Subafa-Sabo,Village,W006,Okradu,LGA01,Idi-Oro,BAN,Bansara,7.231822,11.233288,65.0
S00437,Subatu,Hamlet,W006,Okradu,LGA01,Idi-Oro,BAN,Bansara,7.188853,11.346574,61.0
S00427,Sujimi,Village,W006,Okradu,LGA01,Idi-Oro,BAN,Bansara,7.166269,11.302335,126.0
S00526,Sujiri,Village,W006,Okradu,LGA01,Idi-Oro,BAN,Bansara,7.205806,11.359635,121.0
S00508,Sukona,Village,W006,Okradu,LGA01,Idi-Oro,BAN,Bansara,7.243064,11.325488,185.0
S00492,Suludu,Urban block,W006,Okradu,LGA01,Idi-Oro,BAN,Bansara,7.17985,11.356634,360.0
S00480,Sulufa-Yamma,Urban block,W006,Okradu,LGA01,Idi-Oro,BAN,Bansara,7.235263,11.25266,356.0
S00426,Sungofa,Village,W006,Okradu,LGA01,Idi-Oro,BAN,Bansara,7.235551,11.294637,45.0
S00497,Sungori-Arewa,Urban block,W006,Okradu,LGA01,Idi-Oro,BAN,Bansara,7.275823,11.216771,162.0
S00506,Surashi-Kudu,Urban block,W006,Okradu,LGA01,Idi-Oro,BAN,Bansara,7.191035,11.26303,223.0
S00527,Sushata,Hamlet,W006,Okradu,LGA01,Idi-Oro,BAN,Bansara,7.165684,11.262652,42.0
S00491,Sutsija,Settlement,W006,Okradu,LGA01,Idi-Oro,BAN,Bansara,7.257395,11.274017,41.0
S00429,Sutsiri,Urban block,W006,Okradu,LGA01,Idi-Oro,BAN,Bansara,7.269783,11.235178,446.0
S00417,Sutsiwa,Hamlet,W006,Okradu,LGA01,Idi-Oro,BAN,Bansara,7.264103,11.224658,27.0
S00456,Talaru,Urban block,W006,Okradu,LGA01,Idi-Oro,BAN,Bansara,7.220864,11.149342,490.0
S00489,Tangoma,Village,W006,Okradu,LGA01,Idi-Oro,BAN,Bansara,7.281102,11.319066,121.0
S00525,Tayona,Village,W006,Okradu,LGA01,Idi-Oro,BAN,Bansara,7.187271,11.302059,180.0
S00423,Umdemi-Tudun,Village,W006,Okradu,LGA01,Idi-Oro,BAN,Bansara,7.261236,11.213228,192.0
S00422,Umlami,Urban block,W006,Okradu,LGA01,Idi-Oro,BAN,Bansara,7.28246,11.216829,508.0
S00524,Umnana-Tudun,Hamlet,W006,Okradu,LGA01,Idi-Oro,BAN,Bansara,7.285734,11.175768,19.0
S00510,Umtima,Hamlet,W006,Okradu,LGA01,Idi-Oro,BAN,Bansara,7.276508,11.223293,34.0
S00455,Umwana,Village,W006,Okradu,LGA01,Idi-Oro,BAN,Bansara,7.185266,11.299753,140.0
S00502,Uzwata-Yamma,Urban block,W006,Okradu,LGA01,Idi-Oro,BAN,Bansara,7.260874,11.254645,147.0
S00532,Wabeyi,Urban block,W006,Okradu,LGA01,Idi-Oro,BAN,Bansara,7.105729,11.283697,1380.0
S00473,Waduru,Hamlet,W006,Okradu,LGA01,Idi-Oro,BAN,Bansara,7.248337,11.218998,72.0
S00464,Waludu,Settlement,W006,Okradu,LGA01,Idi-Oro,BAN,Bansara,7.145078,11.312107,61.0
S00461,Wasawa,Village,W006,Okradu,LGA01,Idi-Oro,BAN,Bansara,7.233932,11.216896,72.0
S00465,Washata,Hamlet,W006,Okradu,LGA01,Idi-Oro,BAN,Bansara,7.196242,11.275026,30.0
S00410,Watsija,Village,W006,Okradu,LGA01,Idi-Oro,BAN,Bansara,7.282484,11.22323,60.0
S00462,Wayoni,Urban block,W006,Okradu,LGA01,Idi-Oro,BAN,Bansara,7.260268,11.354922,489.0
S00415,Yedeja-Arewa,Urban block,W006,Okradu,LGA01,Idi-Oro,BAN,Bansara,7.264991,11.22375,432.0
S00515,Yeduri,Urban block,W006,Okradu,LGA01,Idi-Oro,BAN,Bansara,7.194654,11.265568,288.0
S00476,Yelaja,Settlement,W006,Okradu,LGA01,Idi-Oro,BAN,Bansara,7.228184,11.257199,129.0
S00519,Yeluta,Hamlet,W006,Okradu,LGA01,Idi-Oro,BAN,Bansara,7.260014,11.264416,45.0
S00531,Yengomi,Hamlet,W006,Okradu,LGA01,Idi-Oro,BAN,Bansara,7.204985,11.269194,31.0
S00421,Zadele-Gabas,Village,W006,Okradu,LGA01,Idi-Oro,BAN,Bansara,7.240745,11.173339,232.0
S00433,Zajiyi,Urban block,W006,Okradu,LGA01,Idi-Oro,BAN,Bansara,7.195377,11.206729,244.0
S00471,Zamari,Urban block,W006,Okradu,LGA01,Idi-Oro,BAN,Bansara,7.258859,11.241392,280.0
S00486,Zanaru,Urban block,W006,Okradu,LGA01,Idi-Oro,BAN,Bansara,7.15484,11.206267,325.0
S00475,Zarija,Hamlet,W006,Okradu,LGA01,Idi-Oro,BAN,Bansara,7.204768,11.355049,35.0
S00495,Zashashi,Village,W006,Okradu,LGA01,Idi-Oro,BAN,Bansara,7.249337,11.169122,247.0
S00449,Zayoru,Village,W006,Okradu,LGA01,Idi-Oro,BAN,Bansara,7.281459,11.18571,168.0
S00500,Zazana,Urban block,W006,Okradu,LGA01,Idi-Oro,BAN,Bansara,7.205802,11.22368,528.0
S00254,Adkomi,Village,W003,Satita,LGA01,Idi-Oro,BAN,Bansara,7.371775,11.105123,62.0
S00252,Admako,Settlement,W003,Satita,LGA01,Idi-Oro,BAN,Bansara,7.428989,11.009129,69.0
S00278,Adnama,Hamlet,W003,Satita,LGA01,Idi-Oro,BAN,Bansara,7.266009,11.110184,24.0
S00240,Adnashi,Hamlet,W003,Satita,LGA01,Idi-Oro,BAN,Bansara,7.179679,10.987562,73.0
S00279,Adrana,Village,W003,Satita,LGA01,Idi-Oro,BAN,Bansara,7.207393,11.025773,251.0
S00255,Adsashi,Village,W003,Satita,LGA01,Idi-Oro,BAN,Bansara,7.430698,10.980203,103.0
S00284,Adtile,Village,W003,Satita,LGA01,Idi-Oro,BAN,Bansara,7.455408,11.031074,115.0
S00317,Agmami,Hamlet,W003,Satita,LGA01,Idi-Oro,BAN,Bansara,7.36975,11.131212,77.0
S00326,Agmashi,Hamlet,W003,Satita,LGA01,Idi-Oro,BAN,Bansara,7.461655,10.997521,28.0
S00318,Agtsiru,Urban block,W003,Satita,LGA01,Idi-Oro,BAN,Bansara,7.227575,10.983273,545.0
S00250,Bajifa,Settlement,W003,Satita,LGA01,Idi-Oro,BAN,Bansara,7.288481,11.12125,120.0
S00311,Bajimi,Village,W003,Satita,LGA01,Idi-Oro,BAN,Bansara,7.243281,10.997716,184.0
S00321,Bakota-Yamma,Village,W003,Satita,LGA01,Idi-Oro,BAN,Bansara,7.23939,11.121376,109.0
S00327,Bawawa-Kofar,Hamlet,W003,Satita,LGA01,Idi-Oro,BAN,Bansara,7.435931,11.041793,15.0
S00271,Bishana,Settlement,W003,Satita,LGA01,Idi-Oro,BAN,Bansara,7.226032,10.992225,165.0
S00293,Biwawo,Village,W003,Satita,LGA01,Idi-Oro,BAN,Bansara,7.429449,11.040967,163.0
S00272,Dalama,Hamlet,W003,Satita,LGA01,Idi-Oro,BAN,Bansara,7.341194,11.036764,73.0
S00270,Damana,Hamlet,W003,Satita,LGA01,Idi-Oro,BAN,Bansara,7.409874,11.121707,24.0
S00305,Darayi,Hamlet,W003,Satita,LGA01,Idi-Oro,BAN,Bansara,7.265269,11.099681,9.0
S00237,Dashami-Kofar,Village,W003,Satita,LGA01,Idi-Oro,BAN,Bansara,7.427573,10.985128,127.0
S00281,Datiwo,Settlement,W003,Satita,LGA01,Idi-Oro,BAN,Bansara,7.415138,11.004518,66.0
S00256,Datsisa,Village,W003,Satita,LGA01,Idi-Oro,BAN,Bansara,7.206036,10.99817,262.0
S00226,Dodemi,Village,W003,Satita,LGA01,Idi-Oro,BAN,Bansara,7.364403,10.981514,73.0
S00228,Doduja,Settlement,W003,Satita,LGA01,Idi-Oro,BAN,Bansara,7.265373,11.079524,84.0
S00298,Dokori,Hamlet,W003,Satita,LGA01,Idi-Oro,BAN,Bansara,7.443838,11.038858,21.0
S00269,Dolata-Kofar,Village,W003,Satita,LGA01,Idi-Oro,BAN,Bansara,7.458337,11.059705,168.0
S00287,Donadu-Gabas,Hamlet,W003,Satita,LGA01,Idi-Oro,BAN,Bansara,7.411746,11.07906,35.0
S00264,Dozawa,Hamlet,W003,Satita,LGA01,Idi-Oro,BAN,Bansara,7.290061,11.101094,53.0
S00223,Ekshafa,Urban block,W003,Satita,LGA01,Idi-Oro,BAN,Bansara,7.416548,10.994777,270.0
S00235,Ekwawo,Urban block,W003,Satita,LGA01,Idi-Oro,BAN,Bansara,7.272188,10.982645,422.0
S00277,Enbemi,Urban block,W003,Satita,LGA01,Idi-Oro,BAN,Bansara,7.456256,11.004607,771.0
S00285,Enrishi-Tsakiya,Urban block,W003,Satita,LGA01,Idi-Oro,BAN,Bansara,7.44522,11.015677,229.0
S00324,Ensayi,Village,W003,Satita,LGA01,Idi-Oro,BAN,Bansara,7.468999,11.066591,183.0
S00299,Enshawa,Urban block,W003,Satita,LGA01,Idi-Oro,BAN,Bansara,7.209381,11.069743,431.0
S00230,Entile-Yamma,Village,W003,Satita,LGA01,Idi-Oro,BAN,Bansara,7.441295,11.038178,52.0
S00267,Entsini,Urban block,W003,Satita,LGA01,Idi-Oro,BAN,Bansara,7.43514,11.006726,502.0
S00307,Fabako,Village,W003,Satita,LGA01,Idi-Oro,BAN,Bansara,7.266587,11.10548,133.0
S00282,Fazaba,Settlement,W003,Satita,LGA01,Idi-Oro,BAN,Bansara,7.451318,10.990426,79.0
S00244,Gubeta,Urban block,W003,Satita,LGA01,Idi-Oro,BAN,Bansara,7.237447,10.977413,370.0
S00306,Gudele,Settlement,W003,Satita,LGA01,Idi-Oro,BAN,Bansara,7.409756,11.058639,68.0
S00280,Gulasa-Sabo,Village,W003,Satita,LGA01,Idi-Oro,BAN,Bansara,7.211033,10.972331,34.0
S00242,Gulushi,Settlement,W003,Satita,LGA01,Idi-Oro,BAN,Bansara,7.403844,11.11196,103.0
S00224,Gusaru,Urban block,W003,Satita,LGA01,Idi-Oro,BAN,Bansara,7.428424,10.99366,889.0
S00320,Gusawo,Village,W003,Satita,LGA01,Idi-Oro,BAN,Bansara,7.192477,11.027902,168.0
S00261,Guwani-Kofar,Urban block,W003,Satita,LGA01,Idi-Oro,BAN,Bansara,7.214988,11.029589,945.0
S00221,Habefa,Hamlet,W003,Satita,LGA01,Idi-Oro,BAN,Bansara,7.330549,10.965434,32.0
S00315,Ibnari,Settlement,W003,Satita,LGA01,Idi-Oro,BAN,Bansara,7.469964,11.021616,59.0
S00288,Ibtsija,Settlement,W003,Satita,LGA01,Idi-Oro,BAN,Bansara,7.381911,11.072577,59.0
S00266,Irbata,Urban block,W003,Satita,LGA01,Idi-Oro,BAN,Bansara,7.438566,11.004266,720.0
S00227,Irduru,Hamlet,W003,Satita,LGA01,Idi-Oro,BAN,Bansara,7.453766,11.006332,6.0
S00286,Jijita,Hamlet,W003,Satita,LGA01,Idi-Oro,BAN,Bansara,7.366581,11.102769,74.0
S00304,Jilusa,Village,W003,Satita,LGA01,Idi-Oro,BAN,Bansara,7.254513,10.973781,88.0
S00239,Jimaja,Village,W003,Satita,LGA01,Idi-Oro,BAN,Bansara,7.229021,11.0078,206.0
S00276,Jinata,Village,W003,Satita,LGA01,Idi-Oro,BAN,Bansara,7.299211,11.062987,93.0
S00325,Kamadu,Village,W003,Satita,LGA01,Idi-Oro,BAN,Bansara,7.220152,10.969853,50.0
S00273,Kamata,Urban block,W003,Satita,LGA01,Idi-Oro,BAN,Bansara,7.271782,11.003609,139.0
S00234,Karawa,Village,W003,Satita,LGA01,Idi-Oro,BAN,Bansara,7.415467,11.101245,71.0
S00310,Karitu,Village,W003,Satita,LGA01,Idi-Oro,BAN,Bansara,7.422673,10.983563,246.0
S00262,Kudewa-Kofar,Hamlet,W003,Satita,LGA01,Idi-Oro,BAN,Bansara,7.250187,11.117289,48.0
S00292,Kukodu,Village,W003,Satita,LGA01,Idi-Oro,BAN,Bansara,7.20831,11.047314,277.0
S00323,Kulale,Village,W003,Satita,LGA01,Idi-Oro,BAN,Bansara,7.372969,11.122507,85.0
S00247,Lobadu,Settlement,W003,Satita,LGA01,Idi-Oro,BAN,Bansara,7.210089,11.008765,81.0
S00259,Lobani-Tudun,Settlement,W003,Satita,LGA01,Idi-Oro,BAN,Bansara,7.448475,10.998757,26.0
S00231,Lonaba,Village,W003,Satita,LGA01,Idi-Oro,BAN,Bansara,7.438777,11.028321,108.0
S00289,Lozawa,Settlement,W003,Satita,LGA01,Idi-Oro,BAN,Bansara,7.22623,11.030926,96.0
S00316,Mabaru,Hamlet,W003,Satita,LGA01,Idi-Oro,BAN,Bansara,7.253816,11.127691,52.0
S00249,Manadu,Hamlet,W003,Satita,LGA01,Idi-Oro,BAN,Bansara,7.443855,11.009757,75.0
S00222,Nuduta,Hamlet,W003,Satita,LGA01,Idi-Oro,BAN,Bansara,7.465561,11.015925,23.0
S00265,Okrina,Urban block,W003,Satita,LGA01,Idi-Oro,BAN,Bansara,7.38623,10.971843,408.0
S00232,Olbawo,Urban block,W003,Satita,LGA01,Idi-Oro,BAN,Bansara,7.21854,10.998028,343.0
S00238,Olkoshi,Urban block,W003,Satita,LGA01,Idi-Oro,BAN,Bansara,7.438268,11.10261,131.0
S00300,Olluyi,Settlement,W003,Satita,LGA01,Idi-Oro,BAN,Bansara,7.258265,10.990615,74.0
S00274,Olnaba-Sabo,Urban block,W003,Satita,LGA01,Idi-Oro,BAN,Bansara,7.183011,10.997913,970.0
S00283,Olnata,Hamlet,W003,Satita,LGA01,Idi-Oro,BAN,Bansara,7.247416,10.97444,24.0
S00290,Olnayi,Village,W003,Satita,LGA01,Idi-Oro,BAN,Bansara,7.377468,11.110334,47.0
S00319,Rikoshi,Urban block,W003,Satita,LGA01,Idi-Oro,BAN,Bansara,7.449792,11.051997,757.0
S00312,Rilafa,Village,W003,Satita,LGA01,Idi-Oro,BAN,Bansara,7.223659,10.991164,188.0
S00291,Riluna,Hamlet,W003,Satita,LGA01,Idi-Oro,BAN,Bansara,7.457975,11.029928,13.0
S00246,Rimafa-Kudu,Urban block,W003,Satita,LGA01,Idi-Oro,BAN,Bansara,7.253182,10.981263,567.0
S00225,Rinaja,Village,W003,Satita,LGA01,Idi-Oro,BAN,Bansara,7.365768,11.096557,112.0
S00245,Ritsima-Tsakiya,Hamlet,W003,Satita,LGA01,Idi-Oro,BAN,Bansara,7.422686,11.031244,87.0
S00263,Sabaru,Hamlet,W003,Satita,LGA01,Idi-Oro,BAN,Bansara,7.366212,11.109088,60.0
S00248,Suderu,Hamlet,W003,Satita,LGA01,Idi-Oro,BAN,Bansara,7.242758,11.04221,86.0
S00313,Suduwo,Village,W003,Satita,LGA01,Idi-Oro,BAN,Bansara,7.26032,10.979019,169.0
S00253,Sukosa,Village,W003,Satita,LGA01,Idi-Oro,BAN,Bansara,7.22908,11.066524,182.0
S00309,Sulade,Village,W003,Satita,LGA01,Idi-Oro,BAN,Bansara,7.226176,10.996478,95.0
S00243,Surifa,Settlement,W003,Satita,LGA01,Idi-Oro,BAN,Bansara,7.389459,11.077727,61.0
S00251,Susama,Urban block,W003,Satita,LGA01,Idi-Oro,BAN,Bansara,7.395988,11.100397,165.0
S00314,Suyoko,Village,W003,Satita,LGA01,Idi-Oro,BAN,Bansara,7.259548,11.12708,78.0
S00295,Tabewa-Tudun,Village,W003,Satita,LGA01,Idi-Oro,BAN,Bansara,7.420875,11.090051,239.0
S00260,Tadedu,Village,W003,Satita,LGA01,Idi-Oro,BAN,Bansara,7.435299,10.996173,25.0
S00229,Tajija,Hamlet,W003,Satita,LGA01,Idi-Oro,BAN,Bansara,7.386991,11.087803,22.0
S00328,Tamami-Kofar,Village,W003,Satita,LGA01,Idi-Oro,BAN,Bansara,7.468283,11.034947,109.0
S00308,Umjiwa-Kudu,Hamlet,W003,Satita,LGA01,Idi-Oro,BAN,Bansara,7.455776,11.03287,23.0
S00303,Umkoru,Village,W003,Satita,LGA01,Idi-Oro,BAN,Bansara,7.245708,11.10832,129.0
S00297,Umnata,Hamlet,W003,Satita,LGA01,Idi-Oro,BAN,Bansara,7.217397,10.972632,61.0
S00241,Umnawo,Hamlet,W003,Satita,LGA01,Idi-Oro,BAN,Bansara,7.241088,11.010484,36.0
S00296,Uzbata,Village,W003,Satita,LGA01,Idi-Oro,BAN,Bansara,7.245885,11.041682,102.0
S00268,Uzkowo,Urban block,W003,Satita,LGA01,Idi-Oro,BAN,Bansara,7.239608,10.999979,378.0
S00294,Uzlako,Settlement,W003,Satita,LGA01,Idi-Oro,BAN,Bansara,7.271927,10.976346,91.0
S00258,Uzmashi,Settlement,W003,Satita,LGA01,Idi-Oro,BAN,Bansara,7.221958,10.991247,169.0
S00257,Uzyori,Urban block,W003,Satita,LGA01,Idi-Oro,BAN,Bansara,7.217871,10.957419,403.0
S00275,Uzyosa-Kudu,Hamlet,W003,Satita,LGA01,Idi-Oro,BAN,Bansara,7.198245,10.9876,12.0
S00233,Yengole-Gabas,Hamlet,W003,Satita,LGA01,Idi-Oro,BAN,Bansara,7.250355,11.094596,
S00236,Yetija,Settlement,W003,Satita,LGA01,Idi-Oro,BAN,Bansara,7.278567,11.106206,14.0
S00301,Yetsiwa,Village,W003,Satita,LGA01,Idi-Oro,BAN,Bansara,7.430603,10.99948,65.0
S00322,Yezaba,Village,W003,Satita,LGA01,Idi-Oro,BAN,Bansara,7.411106,11.036257,126.0
S00302,Zabayi-Yamma,Village,W003,Satita,LGA01,Idi-Oro,BAN,Bansara,7.21624,11.008435,261.0
S00694,Addudu,Village,W008,Umyosa,LGA01,Idi-Oro,BAN,Bansara,7.359225,10.857187,173.0
S00688,Adjiwo,Hamlet,W008,Umyosa,LGA01,Idi-Oro,BAN,Bansara,7.442974,10.955766,6.0
S00663,Adlari-Kofar,Hamlet,W008,Umyosa,LGA01,Idi-Oro,BAN,Bansara,7.193367,10.928889,26.0
S00764,Adshasa,Settlement,W008,Umyosa,LGA01,Idi-Oro,BAN,Bansara,7.238616,10.917946,184.0
S00667,Adyole,Village,W008,Umyosa,LGA01,Idi-Oro,BAN,Bansara,7.323871,10.860991,58.0
S00683,Agbadu,Urban block,W008,Umyosa,LGA01,Idi-Oro,BAN,Bansara,7.329075,10.863018,130.0
S00678,Aglama,Urban block,W008,Umyosa,LGA01,Idi-Oro,BAN,Bansara,7.44241,10.959312,278.0
S00697,Agngoba,Village,W008,Umyosa,LGA01,Idi-Oro,BAN,Bansara,7.444948,10.956667,187.0
S00753,Agwama,Village,W008,Umyosa,LGA01,Idi-Oro,BAN,Bansara,7.313721,10.954666,88.0
S00733,Agzari,Urban block,W008,Umyosa,LGA01,Idi-Oro,BAN,Bansara,7.190205,10.909051,523.0
S00728,Badesa,Urban block,W008,Umyosa,LGA01,Idi-Oro,BAN,Bansara,7.434042,10.949903,729.0
S00714,Bajita,Hamlet,W008,Umyosa,LGA01,Idi-Oro,BAN,Bansara,7.434619,10.944433,50.0
S00687,Batsisa,Hamlet,W008,Umyosa,LGA01,Idi-Oro,BAN,Bansara,7.367433,10.870089,24.0
S00740,Bayomi,Village,W008,Umyosa,LGA01,Idi-Oro,BAN,Bansara,7.210121,10.922048,206.0
S00703,Bikota,Village,W008,Umyosa,LGA01,Idi-Oro,BAN,Bansara,7.428571,10.956978,146.0
S00702,Bilaba,Village,W008,Umyosa,LGA01,Idi-Oro,BAN,Bansara,7.257556,10.886695,134.0
S00776,Biluwo-Yamma,Village,W008,Umyosa,LGA01,Idi-Oro,BAN,Bansara,7.395232,10.958627,73.0
S00700,Birari,Hamlet,W008,Umyosa,LGA01,Idi-Oro,BAN,Bansara,7.181931,10.918442,23.0
S00699,Biriko,Village,W008,Umyosa,LGA01,Idi-Oro,BAN,Bansara,7.32048,10.818151,80.0
S00741,Bitsiko,Urban block,W008,Umyosa,LGA01,Idi-Oro,BAN,Bansara,7.166539,10.924379,476.0
S00705,Dajiwa,Village,W008,Umyosa,LGA01,Idi-Oro,BAN,Bansara,7.206492,10.928996,155.0
S00746,Daluru-Arewa,Hamlet,W008,Umyosa,LGA01,Idi-Oro,BAN,Bansara,7.224977,10.910618,29.0
S00695,Darana,Hamlet,W008,Umyosa,LGA01,Idi-Oro,BAN,Bansara,7.355398,10.888683,18.0
S00666,Datita,Hamlet,W008,Umyosa,LGA01,Idi-Oro,BAN,Bansara,7.387812,10.94372,41.0
S00763,Dazako,Village,W008,Umyosa,LGA01,Idi-Oro,BAN,Bansara,7.425445,10.928942,293.0
S00684,Dobaja,Village,W008,Umyosa,LGA01,Idi-Oro,BAN,Bansara,7.423676,10.934728,91.0
S00713,Dojimi,Hamlet,W008,Umyosa,LGA01,Idi-Oro,BAN,Bansara,7.220007,10.935882,20.0
S00710,Ekluyi-Kofar,Village,W008,Umyosa,LGA01,Idi-Oro,BAN,Bansara,7.357978,10.89852,45.0
S00762,Enduta,Village,W008,Umyosa,LGA01,Idi-Oro,BAN,Bansara,7.355781,10.834656,32.0
S00786,Enkoru-Yamma,Hamlet,W008,Umyosa,LGA01,Idi-Oro,BAN,Bansara,7.418616,10.953641,76.0
S00664,Enlaru,Urban block,W008,Umyosa,LGA01,Idi-Oro,BAN,Bansara,7.207956,10.908941,180.0
S00748,Enngoko,Village,W008,Umyosa,LGA01,Idi-Oro,BAN,Bansara,7.250883,10.943067,37.0
S00725,Entita,Village,W008,Umyosa,LGA01,Idi-Oro,BAN,Bansara,7.418632,10.962345,129.0
S00719,Entsima,Hamlet,W008,Umyosa,LGA01,Idi-Oro,BAN,Bansara,7.227793,10.939008,50.0
S00676,Entsina-Kofar,Village,W008,Umyosa,LGA01,Idi-Oro,BAN,Bansara,7.404341,10.90401,56.0
S00745,Enyoba,Hamlet,W008,Umyosa,LGA01,Idi-Oro,BAN,Bansara,7.242207,10.891844,33.0
S00686,Enyosa,Hamlet,W008,Umyosa,LGA01,Idi-Oro,BAN,Bansara,7.427714,10.946292,37.0
S00775,Fabawo,Hamlet,W008,Umyosa,LGA01,Idi-Oro,BAN,Bansara,7.33066,10.858822,50.0
S00706,Faduwa,Urban block,W008,Umyosa,LGA01,Idi-Oro,BAN,Bansara,7.260547,10.940304,643.0
S00701,Fajile,Village,W008,Umyosa,LGA01,Idi-Oro,BAN,Bansara,7.419953,10.942019,236.0
S00677,Falushi,Hamlet,W008,Umyosa,LGA01,Idi-Oro,BAN,Bansara,7.366522,10.856075,34.0
S00744,Famatu,Village,W008,Umyosa,LGA01,Idi-Oro,BAN,Bansara,7.426904,10.961768,192.0
S00674,Fasaru,Urban block,W008,Umyosa,LGA01,Idi-Oro,BAN,Bansara,7.19803,10.930676,744.0
S00736,Fashaba,Village,W008,Umyosa,LGA01,Idi-Oro,BAN,Bansara,7.259218,10.939031,178.0
S00685,Fazaja-Sabo,Settlement,W008,Umyosa,LGA01,Idi-Oro,BAN,Bansara,7.36539,10.858397,56.0
S00712,Gulako,Urban block,W008,Umyosa,LGA01,Idi-Oro,BAN,Bansara,7.440981,10.949535,463.0
S00679,Gulawa-Tudun,Village,W008,Umyosa,LGA01,Idi-Oro,BAN,Bansara,7.217175,10.922914,120.0
S00668,Gunatu-Gabas,Village,W008,Umyosa,LGA01,Idi-Oro,BAN,Bansara,7.432312,10.966143,93.0
S00680,Gurata,Village,W008,Umyosa,LGA01,Idi-Oro,BAN,Bansara,7.330844,10.856631,124.0
S00784,Hababa,Hamlet,W008,Umyosa,LGA01,Idi-Oro,BAN,Bansara,7.220192,10.912078,29.0
S00739,Hakoko,Settlement,W008,Umyosa,LGA01,Idi-Oro,BAN,Bansara,7.195232,10.917596,63.0
S00767,Halule,Village,W008,Umyosa,LGA01,Idi-Oro,BAN,Bansara,7.194576,10.905744,79.0
S00729,Hamata,Settlement,W008,Umyosa,LGA01,Idi-Oro,BAN,Bansara,7.248852,10.868526,36.0
S00672,Hangodu-Kudu,Urban block,W008,Umyosa,LGA01,Idi-Oro,BAN,Bansara,7.322456,10.853215,387.0
S00698,Hasani,Village,W008,Umyosa,LGA01,Idi-Oro,BAN,Bansara,7.253007,10.925885,85.0
S00721,Ibdema,Urban block,W008,Umyosa,LGA01,Idi-Oro,BAN,Bansara,7.435787,10.950314,686.0
S00754,Ibduja,Urban block,W008,Umyosa,LGA01,Idi-Oro,BAN,Bansara,7.435084,10.952799,254.0
S00757,Ibkodu,Hamlet,W008,Umyosa,LGA01,Idi-Oro,BAN,Bansara,7.426184,10.972645,13.0
S00722,Irjitu-Kofar,Village,W008,Umyosa,LGA01,Idi-Oro,BAN,Bansara,7.417512,10.935453,160.0
S00696,Irngosa,Hamlet,W008,Umyosa,LGA01,Idi-Oro,BAN,Bansara,7.424209,10.969162,59.0
S00772,Irrako,Settlement,W008,Umyosa,LGA01,Idi-Oro,BAN,Bansara,7.413838,10.940992,75.0
S00665,Irsale,Hamlet,W008,Umyosa,LGA01,Idi-Oro,BAN,Bansara,7.161797,10.923225,41.0
S00723,Irtsiru,Settlement,W008,Umyosa,LGA01,Idi-Oro,BAN,Bansara,7.43685,10.964865,106.0
S00682,Irzari,Village,W008,Umyosa,LGA01,Idi-Oro,BAN,Bansara,7.300808,10.946128,113.0
S00662,Jibena,Village,W008,Umyosa,LGA01,Idi-Oro,BAN,Bansara,7.204619,10.913538,166.0
S00681,Jimadu,Village,W008,Umyosa,LGA01,Idi-Oro,BAN,Bansara,7.38405,10.944467,109.0
S00752,Jitile,Village,W008,Umyosa,LGA01,Idi-Oro,BAN,Bansara,7.41703,10.969849,173.0
S00720,Jiwale,Hamlet,W008,Umyosa,LGA01,Idi-Oro,BAN,Bansara,7.338246,10.935312,29.0
S00779,Katsimi,Village,W008,Umyosa,LGA01,Idi-Oro,BAN,Bansara,7.429117,10.970925,103.0
S00673,Kawaja,Urban block,W008,Umyosa,LGA01,Idi-Oro,BAN,Bansara,7.422547,10.939668,136.0
S00709,Kayomi,Hamlet,W008,Umyosa,LGA01,Idi-Oro,BAN,Bansara,7.405195,10.957698,25.0
S00692,Kurana,Village,W008,Umyosa,LGA01,Idi-Oro,BAN,Bansara,7.183049,10.929155,71.0
S00751,Kusayi,Urban block,W008,Umyosa,LGA01,Idi-Oro,BAN,Bansara,7.19895,10.935172,346.0
S00769,Kushata,Village,W008,Umyosa,LGA01,Idi-Oro,BAN,Bansara,7.394149,10.962742,93.0
S00755,Kutsile,Village,W008,Umyosa,LGA01,Idi-Oro,BAN,Bansara,7.325127,10.915601,253.0
S00691,Kuwashi,Hamlet,W008,Umyosa,LGA01,Idi-Oro,BAN,Bansara,7.296419,10.952955,31.0
S00765,Lomashi,Hamlet,W008,Umyosa,LGA01,Idi-Oro,BAN,Bansara,7.209285,10.905162,38.0
S00670,Lotsina,Hamlet,W008,Umyosa,LGA01,Idi-Oro,BAN,Bansara,7.20311,10.916034,31.0
S00785,Makowo-Kofar,Settlement,W008,Umyosa,LGA01,Idi-Oro,BAN,Bansara,7.414008,10.961798,169.0
S00737,Maludu,Village,W008,Umyosa,LGA01,Idi-Oro,BAN,Bansara,7.205216,10.93231,56.0
S00773,Mashadu,Urban block,W008,Umyosa,LGA01,Idi-Oro,BAN,Bansara,7.398607,10.953553,752.0
S00671,Mazatu,Urban block,W008,Umyosa,LGA01,Idi-Oro,BAN,Bansara,7.181704,10.904153,483.0
S00787,Nudede,Urban block,W008,Umyosa,LGA01,Idi-Oro,BAN,Bansara,7.428279,10.943432,474.0
S00690,Nulade-Sabo,Village,W008,Umyosa,LGA01,Idi-Oro,BAN,Bansara,7.348624,10.865647,45.0
S00717,Nurari,Village,W008,Umyosa,LGA01,Idi-Oro,BAN,Bansara,7.23542,10.811179,142.0
S00669,Nushafa,Urban block,W008,Umyosa,LGA01,Idi-Oro,BAN,Bansara,7.434637,10.950419,1178.0
S00783,Nuyoko,Hamlet,W008,Umyosa,LGA01,Idi-Oro,BAN,Bansara,7.381792,10.952522,8.0
S00738,Nuzashi,Hamlet,W008,Umyosa,LGA01,Idi-Oro,BAN,Bansara,7.409595,10.966843,43.0
S00758,Oktsiyi,Hamlet,W008,Umyosa,LGA01,Idi-Oro,BAN,Bansara,7.188718,10.910275,95.0
S00724,Okwale,Village,W008,Umyosa,LGA01,Idi-Oro,BAN,Bansara,7.428093,10.975174,99.0
S00750,Oldede-Yamma,Urban block,W008,Umyosa,LGA01,Idi-Oro,BAN,Bansara,7.306757,10.915594,347.0
S00661,Oldema,Village,W008,Umyosa,LGA01,Idi-Oro,BAN,Bansara,7.22508,10.93345,123.0
S00760,Olluri,Village,W008,Umyosa,LGA01,Idi-Oro,BAN,Bansara,7.432979,10.962736,131.0
S00770,Olrari,Village,W008,Umyosa,LGA01,Idi-Oro,BAN,Bansara,7.412826,10.930553,50.0
S00780,Oltsini,Urban block,W008,Umyosa,LGA01,Idi-Oro,BAN,Bansara,7.443641,10.948738,349.0
S00689,Olwatu,Urban block,W008,Umyosa,LGA01,Idi-Oro,BAN,Bansara,7.329201,10.847348,158.0
S00771,Rideru,Village,W008,Umyosa,LGA01,Idi-Oro,BAN,Bansara,7.444273,10.968617,128.0
S00768,Rilami,Hamlet,W008,Umyosa,LGA01,Idi-Oro,BAN,Bansara,7.191164,10.916615,29.0
S00734,Riluko,Urban block,W008,Umyosa,LGA01,Idi-Oro,BAN,Bansara,7.363861,10.902883,692.0
S00782,Ringoshi-Arewa,Village,W008,Umyosa,LGA01,Idi-Oro,BAN,Bansara,7.412075,10.957875,92.0
S00660,Riratu,Settlement,W008,Umyosa,LGA01,Idi-Oro,BAN,Bansara,7.206494,10.936414,118.0
S00730,Sasari,Hamlet,W008,Umyosa,LGA01,Idi-Oro,BAN,Bansara,7.181232,10.906748,13.0
S00749,Subadu,Hamlet,W008,Umyosa,LGA01,Idi-Oro,BAN,Bansara,7.171044,10.915329,51.0
S00774,Susako,Settlement,W008,Umyosa,LGA01,Idi-Oro,BAN,Bansara,7.392983,10.927698,97.0
S00747,Sutsiwo-Kudu,Hamlet,W008,Umyosa,LGA01,Idi-Oro,BAN,Bansara,7.388858,10.928733,56.0
S00693,Tangosa-Tudun,Settlement,W008,Umyosa,LGA01,Idi-Oro,BAN,Bansara,7.441226,10.957425,66.0
S00726,Tasale,Hamlet,W008,Umyosa,LGA01,Idi-Oro,BAN,Bansara,7.183499,10.918202,13.0
S00756,Tasata,Village,W008,Umyosa,LGA01,Idi-Oro,BAN,Bansara,7.41651,10.939477,64.0
S00716,Tasayi-Tudun,Settlement,W008,Umyosa,LGA01,Idi-Oro,BAN,Bansara,7.398066,10.935836,163.0
S00759,Tatsishi,Urban block,W008,Umyosa,LGA01,Idi-Oro,BAN,Bansara,7.414458,10.971537,409.0
S00742,Tawana,Village,W008,Umyosa,LGA01,Idi-Oro,BAN,Bansara,7.184732,10.927088,149.0
S00707,Umdena,Urban block,W008,Umyosa,LGA01,Idi-Oro,BAN,Bansara,7.259456,10.882921,631.0
S00777,Umdule,Hamlet,W008,Umyosa,LGA01,Idi-Oro,BAN,Bansara,7.446501,10.963328,3.0
S00715,Umnaja,Village,W008,Umyosa,LGA01,Idi-Oro,BAN,Bansara,7.407274,10.908007,75.0
S00766,Umngosa,Hamlet,W008,Umyosa,LGA01,Idi-Oro,BAN,Bansara,7.195256,10.913514,14.0
S00743,Umshade-Sabo,Urban block,W008,Umyosa,LGA01,Idi-Oro,BAN,Bansara,7.33697,10.873212,416.0
S00778,Umtija,Urban block,W008,Umyosa,LGA01,Idi-Oro,BAN,Bansara,7.440979,10.953429,364.0
S00727,Uzmasa,Hamlet,W008,Umyosa,LGA01,Idi-Oro,BAN,Bansara,7.416014,10.968359,41.0
S00731,Uzshawa,Hamlet,W008,Umyosa,LGA01,Idi-Oro,BAN,Bansara,7.345282,10.877389,43.0
S00711,Waduja,Hamlet,W008,Umyosa,LGA01,Idi-Oro,BAN,Bansara,7.430167,10.966938,81.0
S00704,Walatu,Urban block,W008,Umyosa,LGA01,Idi-Oro,BAN,Bansara,7.377345,10.86471,820.0
S00718,Yedufa,Settlement,W008,Umyosa,LGA01,Idi-Oro,BAN,Bansara,7.364313,10.846278,47.0
S00761,Yekota,Settlement,W008,Umyosa,LGA01,Idi-Oro,BAN,Bansara,7.421014,10.975248,99.0
S00781,Yetsifa-Kofar,Village,W008,Umyosa,LGA01,Idi-Oro,BAN,Bansara,7.214658,10.915732,71.0
S00675,Zabafa,Village,W008,Umyosa,LGA01,Idi-Oro,BAN,Bansara,7.412267,10.937438,92.0
S00708,Zaberu,Urban block,W008,Umyosa,LGA01,Idi-Oro,BAN,Bansara,7.255844,10.819167,458.0
S00735,Zaduko-Arewa,Village,W008,Umyosa,LGA01,Idi-Oro,BAN,Bansara,7.221134,10.92922,76.0
S00732,Zakotu,Village,W008,Umyosa,LGA01,Idi-Oro,BAN,Bansara,7.384885,10.962635,61.0
S02077,Adyoko-Sabo,Village,W032,Bisani-Gabas,LGA04,Ilela,BAN,Bansara,8.083206,10.850233,43.0
S02078,Adzaja,Village,W032,Bisani-Gabas,LGA04,Ilela,BAN,Bansara,8.086299,10.909424,96.0
S02087,Agbami,Village,W032,Bisani-Gabas,LGA04,Ilela,BAN,Bansara,8.069402,10.867176,64.0
S02064,Agdena,Village,W032,Bisani-Gabas,LGA04,Ilela,BAN,Bansara,8.06447,10.852198,
S02085,Agngotu,Village,W032,Bisani-Gabas,LGA04,Ilela,BAN,Bansara,8.068673,10.847444,69.0
S02097,Agsale,Hamlet,W032,Bisani-Gabas,LGA04,Ilela,BAN,Bansara,8.04979,10.8942,18.0
S02086,Agsayi,Village,W032,Bisani-Gabas,LGA04,Ilela,BAN,Bansara,8.105741,10.9151,38.0
S02091,Balari,Village,W032,Bisani-Gabas,LGA04,Ilela,BAN,Bansara,8.073558,10.933459,33.0
S02084,Bijitu,Village,W032,Bisani-Gabas,LGA04,Ilela,BAN,Bansara,8.124489,10.843281,27.0
S02054,Biwasa,Village,W032,Bisani-Gabas,LGA04,Ilela,BAN,Bansara,8.073073,10.862936,73.0
S02070,Dokoshi,Village,W032,Bisani-Gabas,LGA04,Ilela,BAN,Bansara,8.08542,10.83767,89.0
S02099,Dozama,Village,W032,Bisani-Gabas,LGA04,Ilela,BAN,Bansara,8.163037,10.940193,40.0
S02076,Ekdeba,Village,W032,Bisani-Gabas,LGA04,Ilela,BAN,Bansara,8.085994,10.904518,57.0
S02096,Ekjisa,Village,W032,Bisani-Gabas,LGA04,Ilela,BAN,Bansara,8.097047,10.866061,32.0
S02082,Enbana,Village,W032,Bisani-Gabas,LGA04,Ilela,BAN,Bansara,8.080087,10.906488,29.0
S02053,Fajiyi,Village,W032,Bisani-Gabas,LGA04,Ilela,BAN,Bansara,8.073978,10.853268,25.0
S02079,Gukowo,Settlement,W032,Bisani-Gabas,LGA04,Ilela,BAN,Bansara,8.097808,10.919832,34.0
S02093,Guzayi,Settlement,W032,Bisani-Gabas,LGA04,Ilela,BAN,Bansara,8.056846,10.844355,48.0
S02049,Habefa-Tudun,Hamlet,W032,Bisani-Gabas,LGA04,Ilela,BAN,Bansara,8.058445,10.898215,12.0
S02081,Halale,Village,W032,Bisani-Gabas,LGA04,Ilela,BAN,Bansara,8.096698,10.853796,62.0
S02067,Haluma-Yamma,Settlement,W032,Bisani-Gabas,LGA04,Ilela,BAN,Bansara,8.091338,10.882931,22.0
S02080,Ibjisa-Tudun,Hamlet,W032,Bisani-Gabas,LGA04,Ilela,BAN,Bansara,8.106844,10.938469,4.0
S02094,Ibkoko,Hamlet,W032,Bisani-Gabas,LGA04,Ilela,BAN,Bansara,8.0734,10.856121,12.0
S02055,Ibkole-Sabo,Settlement,W032,Bisani-Gabas,LGA04,Ilela,BAN,Bansara,8.098381,10.841367,63.0
S02074,Jingode,Settlement,W032,Bisani-Gabas,LGA04,Ilela,BAN,Bansara,7.991996749463848,10.914919,18.0
S02071,Kawako,Village,W032,Bisani-Gabas,LGA04,Ilela,BAN,Bansara,8.093868,10.916696,65.0
S02088,Kurawa,Village,W032,Bisani-Gabas,LGA04,Ilela,BAN,Bansara,8.061102,10.821475,87.0
S02057,Kushafa,Village,W032,Bisani-Gabas,LGA04,Ilela,BAN,Bansara,8.068989,10.833535,57.0
S02072,Kutisa,Hamlet,W032,Bisani-Gabas,LGA04,Ilela,BAN,Bansara,8.089241,10.897511,20.0
S02058,Kuyoshi,Village,W032,Bisani-Gabas,LGA04,Ilela,BAN,Bansara,8.098504,10.917447,38.0
S02089,Kuzasa,Hamlet,W032,Bisani-Gabas,LGA04,Ilela,BAN,Bansara,8.073848,10.948158,12.0
S02062,Longosa,Village,W032,Bisani-Gabas,LGA04,Ilela,BAN,Bansara,8.052803,10.894353,57.0
S02073,Losaru,Hamlet,W032,Bisani-Gabas,LGA04,Ilela,BAN,Bansara,8.085616,10.861903,27.0
S02066,Mabeko,Village,W032,Bisani-Gabas,LGA04,Ilela,BAN,Bansara,8.143933,10.879718,99.0
S02092,Matsitu,Hamlet,W032,Bisani-Gabas,LGA04,Ilela,BAN,Bansara,8.108255,10.92126,9.0
S02068,Nuraba-Yamma,Settlement,W032,Bisani-Gabas,LGA04,Ilela,BAN,Bansara,8.093215,10.894587,49.0
S02060,Okshawa,Settlement,W032,Bisani-Gabas,LGA04,Ilela,BAN,Bansara,8.119353,10.893777,40.0
S02052,Oktsiru,Village,W032,Bisani-Gabas,LGA04,Ilela,BAN,Bansara,8.090124,10.848661,6.0
S02063,Oldeni,Village,W032,Bisani-Gabas,LGA04,Ilela,BAN,Bansara,8.096186,10.896002,126.0
S02083,Olshadu,Village,W032,Bisani-Gabas,LGA04,Ilela,BAN,Bansara,8.067164,10.855422,105.0
S02090,Oltimi,Hamlet,W032,Bisani-Gabas,LGA04,Ilela,BAN,Bansara,8.05619,10.855773,39.0
S02059,Ritimi,Village,W032,Bisani-Gabas,LGA04,Ilela,BAN,Bansara,8.10807,10.9545,41.0
S02098,Sangole,Village,W032,Bisani-Gabas,LGA04,Ilela,BAN,Bansara,8.059082,10.895863,15.0
S02050,Suwale-Yamma,Hamlet,W032,Bisani-Gabas,LGA04,Ilela,BAN,Bansara,8.074325,10.853374,10.0
S02051,Tashako,Village,W032,Bisani-Gabas,LGA04,Ilela,BAN,Bansara,8.068506,10.83438,33.0
S02095,Umbena-Kofar,Village,W032,Bisani-Gabas,LGA04,Ilela,BAN,Bansara,8.088977,10.867634,9.0
S02069,Umlaja,Urban block,W032,Bisani-Gabas,LGA04,Ilela,BAN,Bansara,8.077728,10.86164,122.0
S02075,Uzzaru,Village,W032,Bisani-Gabas,LGA04,Ilela,BAN,Bansara,8.164051,10.932919,135.0
S02061,Yebami,Village,W032,Bisani-Gabas,LGA04,Ilela,BAN,Bansara,8.066636,10.857531,62.0
S02056,Yejija,Hamlet,W032,Bisani-Gabas,LGA04,Ilela,BAN,Bansara,8.060829,10.838748,41.0
S02065,Zadedu,Village,W032,Bisani-Gabas,LGA04,Ilela,BAN,Bansara,8.089436,10.834826,73.0
S02219,Adbaru-Gabas,Village,W035,Dazata,LGA04,Ilela,BAN,Bansara,8.256229,10.982751,68.0
S02266,Agdewa,Hamlet,W035,Dazata,LGA04,Ilela,BAN,Bansara,8.28085,11.084057,29.0
S02218,Agkoni,Village,W035,Dazata,LGA04,Ilela,BAN,Bansara,8.221053,11.030542,100.0
S02236,Agmata,Village,W035,Dazata,LGA04,Ilela,BAN,Bansara,8.229598,11.054249,93.0
S02259,Batiko-Kofar,Village,W035,Dazata,LGA04,Ilela,BAN,Bansara,8.217483,11.080943,60.0
S02274,Batsiri,Village,W035,Dazata,LGA04,Ilela,BAN,Bansara,8.206803,10.917527,10.0
S02239,Bilule,Village,W035,Dazata,LGA04,Ilela,BAN,Bansara,8.254148,11.102379,56.0
S02242,Binaba,Village,W035,Dazata,LGA04,Ilela,BAN,Bansara,8.284201,10.934896,26.0
S02272,Bishata,Hamlet,W035,Dazata,LGA04,Ilela,BAN,Bansara,8.255241,11.041272,45.0
S02269,Dasayi,Urban block,W035,Dazata,LGA04,Ilela,BAN,Bansara,8.217203,11.069291,176.0
S02220,Dawayi,Village,W035,Dazata,LGA04,Ilela,BAN,Bansara,8.275307,10.962582,37.0
S02229,Dotiru,Village,W035,Dazata,LGA04,Ilela,BAN,Bansara,8.245577,11.108016,87.0
S02251,Ekdeta,Settlement,W035,Dazata,LGA04,Ilela,BAN,Bansara,8.224388,11.007572,46.0
S02261,Ekmani,Village,W035,Dazata,LGA04,Ilela,BAN,Bansara,8.290395,10.939619,43.0
S02271,Ekwatu-Sabo,Hamlet,W035,Dazata,LGA04,Ilela,BAN,Bansara,8.232913,11.021104,28.0
S02235,Ekzako,Hamlet,W035,Dazata,LGA04,Ilela,BAN,Bansara,8.236984,10.959514,14.0
S02257,Enmaba,Hamlet,W035,Dazata,LGA04,Ilela,BAN,Bansara,8.261279,10.947076,20.0
S02247,Enmayi,Urban block,W035,Dazata,LGA04,Ilela,BAN,Bansara,8.266386,11.014897,27.0
S02248,Famaja-Kudu,Urban block,W035,Dazata,LGA04,Ilela,BAN,Bansara,8.214066,11.063238,238.0
S02241,Fariwo,Settlement,W035,Dazata,LGA04,Ilela,BAN,Bansara,8.161594,11.078043,15.0
S02234,Fashami,Urban block,W035,Dazata,LGA04,Ilela,BAN,Bansara,8.232052,11.034091,248.0
S02256,Gukotu,Hamlet,W035,Dazata,LGA04,Ilela,BAN,Bansara,8.252813,11.007921,26.0
S02226,Gurawo-Kofar,Hamlet,W035,Dazata,LGA04,Ilela,BAN,Bansara,8.236012,11.013082,18.0
S02265,Hanale,Village,W035,Dazata,LGA04,Ilela,BAN,Bansara,8.229618,10.976547,137.0
S02246,Ibngoru,Hamlet,W035,Dazata,LGA04,Ilela,BAN,Bansara,8.210854,11.034902,15.0
S02276,Ibsade,Village,W035,Dazata,LGA04,Ilela,BAN,Bansara,8.230861,11.030236,47.0
S02254,Irbale,Settlement,W035,Dazata,LGA04,Ilela,BAN,Bansara,8.230162,10.959671,72.0
S02237,Irlaba,Village,W035,Dazata,LGA04,Ilela,BAN,Bansara,8.22947,11.010683,87.0
S02231,Kaderi,Village,W035,Dazata,LGA04,Ilela,BAN,Bansara,8.264733,11.003366,105.0
S02240,Kalani,Village,W035,Dazata,LGA04,Ilela,BAN,Bansara,8.231297,11.066301,30.0
S02268,Kanako-Gabas,Hamlet,W035,Dazata,LGA04,Ilela,BAN,Bansara,8.244022,11.008221,37.0
S02277,Kubade,Hamlet,W035,Dazata,LGA04,Ilela,BAN,Bansara,8.113246,11.021197,11.0
S02263,Kukoko,Village,W035,Dazata,LGA04,Ilela,BAN,Bansara,8.28077,10.944633,24.0
S02275,Kumani,Village,W035,Dazata,LGA04,Ilela,BAN,Bansara,8.236639,11.010255,16.0
S02243,Kunadu,Village,W035,Dazata,LGA04,Ilela,BAN,Bansara,8.248473,11.011429,115.0
S02225,Loduni,Village,W035,Dazata,LGA04,Ilela,BAN,Bansara,8.258246,11.003884,15.0
S02245,Nuduma-Tsakiya,Village,W035,Dazata,LGA04,Ilela,BAN,Bansara,8.278036,10.931459,24.0
S02267,Nudushi,Hamlet,W035,Dazata,LGA04,Ilela,BAN,Bansara,8.281401,10.955391,3.0
S02260,Nunana,Village,W035,Dazata,LGA04,Ilela,BAN,Bansara,8.310102,10.992787,84.0
S02270,Nushade,Village,W035,Dazata,LGA04,Ilela,BAN,Bansara,8.262213,10.999055,66.0
S02273,Oljidu,Hamlet,W035,Dazata,LGA04,Ilela,BAN,Bansara,8.28091,10.953697,32.0
S02221,Olyotu,Hamlet,W035,Dazata,LGA04,Ilela,BAN,Bansara,8.275528,11.038074,17.0
S02264,Sulayi,Hamlet,W035,Dazata,LGA04,Ilela,BAN,Bansara,8.169993,10.947426,14.0
S02232,Suyoko-Tudun,Hamlet,W035,Dazata,LGA04,Ilela,BAN,Bansara,8.163913,11.010225,20.0
S02222,Suzatu,Hamlet,W035,Dazata,LGA04,Ilela,BAN,Bansara,8.321809,11.052772,35.0
S02258,Takoja-Arewa,Settlement,W035,Dazata,LGA04,Ilela,BAN,Bansara,8.211828,10.993687,50.0
S02227,Talafa,Village,W035,Dazata,LGA04,Ilela,BAN,Bansara,8.28919,10.953719,18.0
S02244,Tarimi,Village,W035,Dazata,LGA04,Ilela,BAN,Bansara,8.246159,11.068355,62.0
S02224,Tasata-Sabo,Village,W035,Dazata,LGA04,Ilela,BAN,Bansara,8.20898,11.046126,79.0
S02253,Umdesa,Hamlet,W035,Dazata,LGA04,Ilela,BAN,Bansara,8.14897,10.977829,17.0
S02255,Uzbasa,Village,W035,Dazata,LGA04,Ilela,BAN,Bansara,8.289439,10.944334,42.0
S02233,Uzjiko-Kudu,Hamlet,W035,Dazata,LGA04,Ilela,BAN,Bansara,8.205802,11.014068,13.0
S02252,Uzmaja-Kudu,Village,W035,Dazata,LGA04,Ilela,BAN,Bansara,8.30584,11.006282,41.0
S02230,Uznari,Village,W035,Dazata,LGA04,Ilela,BAN,Bansara,8.231968,11.02274,80.0
S02223,Uzshami,Village,W035,Dazata,LGA04,Ilela,BAN,Bansara,8.301976,10.983567,99.0
S02217,Washashi,Settlement,W035,Dazata,LGA04,Ilela,BAN,Bansara,8.213475,11.022468,44.0
S02250,Yerako-Sabo,Village,W035,Dazata,LGA04,Ilela,BAN,Bansara,8.264756,10.94034,83.0
S02262,Zalana,Village,W035,Dazata,LGA04,Ilela,BAN,Bansara,8.272034,11.006939,34.0
S02249,Zangota-Tudun,Village,W035,Dazata,LGA04,Ilela,BAN,Bansara,8.238792,11.013661,77.0
S02238,Zashatu,Village,W035,Dazata,LGA04,Ilela,BAN,Bansara,8.191533,10.977353,53.0
S02228,Zatsiri-Sabo,Village,W035,Dazata,LGA04,Ilela,BAN,Bansara,8.245711,11.010859,23.0
S02520,Addutu,Urban block,W040,Gujiri,LGA04,Ilela,BAN,Bansara,8.390023,11.190318,973.0
S02523,Adkowa-Gabas,Village,W040,Gujiri,LGA04,Ilela,BAN,Bansara,8.290204,11.192941,41.0
S02510,Adlude,Village,W040,Gujiri,LGA04,Ilela,BAN,Bansara,8.402551,11.203558,37.0
S02473,Adride-Tudun,Hamlet,W040,Gujiri,LGA04,Ilela,BAN,Bansara,8.401016,11.202739,6.0
S02517,Agduwa,Village,W040,Gujiri,LGA04,Ilela,BAN,Bansara,8.300819,11.193716,30.0
S02488,Agzayi-Gabas,Village,W040,Gujiri,LGA04,Ilela,BAN,Bansara,8.419023,11.231337,82.0
S02499,Babako,Village,W040,Gujiri,LGA04,Ilela,BAN,Bansara,8.375182,11.192016,68.0
S02484,Bazako,Village,W040,Gujiri,LGA04,Ilela,BAN,Bansara,8.30983,11.189222,30.0
S02498,Bidude-Kudu,Settlement,W040,Gujiri,LGA04,Ilela,BAN,Bansara,8.393156,11.217793,26.0
S02496,Dadushi,Hamlet,W040,Gujiri,LGA04,Ilela,BAN,Bansara,8.379787,11.123853,18.0
S02486,Dakofa-Yamma,Village,W040,Gujiri,LGA04,Ilela,BAN,Bansara,8.293309,11.143606,73.0
S02481,Dakoko,Hamlet,W040,Gujiri,LGA04,Ilela,BAN,Bansara,8.37048,11.238101,28.0
S02478,Darako,Village,W040,Gujiri,LGA04,Ilela,BAN,Bansara,8.345946,11.206444,16.0
S02504,Dolade-Tudun,Hamlet,W040,Gujiri,LGA04,Ilela,BAN,Bansara,8.317204,11.156682,10.0
S02494,Domale,Village,W040,Gujiri,LGA04,Ilela,BAN,Bansara,8.334285,11.213958,27.0
S02489,Dotisa,Village,W040,Gujiri,LGA04,Ilela,BAN,Bansara,8.319548,11.205499,54.0
S02483,Eklami-Gabas,Village,W040,Gujiri,LGA04,Ilela,BAN,Bansara,8.295173,11.190005,134.0
S02513,Ekmako,Hamlet,W040,Gujiri,LGA04,Ilela,BAN,Bansara,8.40681,11.21643,25.0
S02505,Ekngotu-Kudu,Village,W040,Gujiri,LGA04,Ilela,BAN,Bansara,8.394197,11.03041,113.0
S02506,Ekrishi-Tudun,Settlement,W040,Gujiri,LGA04,Ilela,BAN,Bansara,8.301695,11.175034,45.0
S02485,Enyode,Hamlet,W040,Gujiri,LGA04,Ilela,BAN,Bansara,8.289817,11.168638,14.0
S02516,Fajimi,Settlement,W040,Gujiri,LGA04,Ilela,BAN,Bansara,8.322651,11.196615,83.0
S02514,Gulutu,Settlement,W040,Gujiri,LGA04,Ilela,BAN,Bansara,8.303063,11.199654,26.0
S02493,Guyosa,Village,W040,Gujiri,LGA04,Ilela,BAN,Bansara,8.393414,11.218966,80.0
S02475,Haluko,Village,W040,Gujiri,LGA04,Ilela,BAN,Bansara,8.291432,11.168319,51.0
S02518,Hanaja,Settlement,W040,Gujiri,LGA04,Ilela,BAN,Bansara,8.28292,11.211132,57.0
S02503,Harashi,Settlement,W040,Gujiri,LGA04,Ilela,BAN,Bansara,8.392489,11.194898,15.0
S02474,Ibbale,Village,W040,Gujiri,LGA04,Ilela,BAN,Bansara,8.324179,11.140057,66.0
S02524,Ibjiba-Yamma,Village,W040,Gujiri,LGA04,Ilela,BAN,Bansara,8.319319,11.161444,15.0
S02479,Irngodu,Settlement,W040,Gujiri,LGA04,Ilela,BAN,Bansara,8.382441,11.161619,50.0
S02519,Kazami-Tsakiya,Settlement,W040,Gujiri,LGA04,Ilela,BAN,Bansara,8.37978,11.205338,16.0
S02477,Lodefa-Tsakiya,Village,W040,Gujiri,LGA04,Ilela,BAN,Bansara,8.343932,11.067854,94.0
S02522,Marami,Village,W040,Gujiri,LGA04,Ilela,BAN,Bansara,8.287345,11.172919,59.0
S02500,Okduri-Tudun,Village,W040,Gujiri,LGA04,Ilela,BAN,Bansara,8.274625,11.157703,120.0
S02487,Okkoba,Village,W040,Gujiri,LGA04,Ilela,BAN,Bansara,8.393554,11.038528,59.0
S02476,Olrale,Village,W040,Gujiri,LGA04,Ilela,BAN,Bansara,8.384541,11.195212,132.0
S02480,Rikodu,Village,W040,Gujiri,LGA04,Ilela,BAN,Bansara,8.306534,11.197033,111.0
S02511,Riyoma,Village,W040,Gujiri,LGA04,Ilela,BAN,Bansara,8.371335,11.208627,49.0
S02495,Sakodu,Village,W040,Gujiri,LGA04,Ilela,BAN,Bansara,8.403823,11.195347,126.0
S02501,Sangota-Kofar,Hamlet,W040,Gujiri,LGA04,Ilela,BAN,Bansara,8.293389,11.222075,37.0
S02509,Sarayi,Village,W040,Gujiri,LGA04,Ilela,BAN,Bansara,8.361428,11.225112,148.0
S02502,Sasami,Village,W040,Gujiri,LGA04,Ilela,BAN,Bansara,8.392125,11.188989,40.0
S02492,Sawaru,Village,W040,Gujiri,LGA04,Ilela,BAN,Bansara,8.298219,11.109595,48.0
S02512,Suderi,Urban block,W040,Gujiri,LGA04,Ilela,BAN,Bansara,8.385691,11.181207,159.0
S02490,Sujidu-Yamma,Settlement,W040,Gujiri,LGA04,Ilela,BAN,Bansara,8.305169,11.211323,20.0
S02508,Sutishi,Hamlet,W040,Gujiri,LGA04,Ilela,BAN,Bansara,8.303803,11.174078,7.0
S02521,Tamama,Settlement,W040,Gujiri,LGA04,Ilela,BAN,Bansara,8.385744,11.21229,47.0
S02507,Uzjita,Village,W040,Gujiri,LGA04,Ilela,BAN,Bansara,8.285031,11.212825,60.0
S02472,Uzmaja,Hamlet,W040,Gujiri,LGA04,Ilela,BAN,Bansara,8.326549,11.213529,14.0
S02515,Uzrisa,Village,W040,Gujiri,LGA04,Ilela,BAN,Bansara,8.285649,11.165159,83.0
S02497,Watsiko,Village,W040,Gujiri,LGA04,Ilela,BAN,Bansara,8.301438,11.212452,49.0
S02491,Zadefa-Kudu,Village,W040,Gujiri,LGA04,Ilela,BAN,Bansara,8.317449,11.17838,77.0
S02482,Zashata,Village,W040,Gujiri,LGA04,Ilela,BAN,Bansara,8.390614,11.216713,72.0
S01663,Bishani,Hamlet,W024,Kuraba-Kofar,LGA04,Ilela,BAN,Bansara,7.804255,10.787092,25.0
S01638,Dadeta,Village,W024,Kuraba-Kofar,LGA04,Ilela,BAN,Bansara,7.790494,10.682809,52.0
S01660,Doduta,Village,W024,Kuraba-Kofar,LGA04,Ilela,BAN,Bansara,7.776431,10.730748,83.0
S01655,Enwawa-Sabo,Village,W024,Kuraba-Kofar,LGA04,Ilela,BAN,Bansara,7.765686,10.789717,127.0
S01649,Faduta,Village,W024,Kuraba-Kofar,LGA04,Ilela,BAN,Bansara,7.839741,10.70031,146.0
S01637,Fatsisa,Hamlet,W024,Kuraba-Kofar,LGA04,Ilela,BAN,Bansara,7.777373,10.782198,30.0
S01645,Fazale,Village,W024,Kuraba-Kofar,LGA04,Ilela,BAN,Bansara,7.785605,10.742813,63.0
S01669,Ibshana,Hamlet,W024,Kuraba-Kofar,LGA04,Ilela,BAN,Bansara,7.72957,10.747904,7.0
S01666,Irrayi,Hamlet,W024,Kuraba-Kofar,LGA04,Ilela,BAN,Bansara,7.820442,10.764013,3.0
S01639,Irtiwo,Village,W024,Kuraba-Kofar,LGA04,Ilela,BAN,Bansara,7.812062,10.734099,120.0
S01644,Irwaja,Hamlet,W024,Kuraba-Kofar,LGA04,Ilela,BAN,Bansara,7.775067,10.77172,11.0
S01670,Jiluna,Village,W024,Kuraba-Kofar,LGA04,Ilela,BAN,Bansara,7.719991,10.627951,40.0
S01640,Kabema,Village,W024,Kuraba-Kofar,LGA04,Ilela,BAN,Bansara,7.822274,10.711958,49.0
S01648,Kamaru,Village,W024,Kuraba-Kofar,LGA04,Ilela,BAN,Bansara,7.800547,10.681927,89.0
S01659,Kutsiba,Village,W024,Kuraba-Kofar,LGA04,Ilela,BAN,Bansara,7.78635,10.767916,17.0
S01667,Kuyoyi,Hamlet,W024,Kuraba-Kofar,LGA04,Ilela,BAN,Bansara,7.82517,10.751696,19.0
S01662,Longoba,Hamlet,W024,Kuraba-Kofar,LGA04,Ilela,BAN,Bansara,7.718324,10.701253,37.0
S01642,Lotsiwo,Hamlet,W024,Kuraba-Kofar,LGA04,Ilela,BAN,Bansara,7.743074,10.640285,17.0
S01654,Olmaba,Village,W024,Kuraba-Kofar,LGA04,Ilela,BAN,Bansara,7.829925,10.69118,102.0
S01658,Rinashi,Village,W024,Kuraba-Kofar,LGA04,Ilela,BAN,Bansara,7.769053,10.765009,76.0
S01657,Risashi,Village,W024,Kuraba-Kofar,LGA04,Ilela,BAN,Bansara,7.790544,10.698507,26.0
S01656,Satsishi-Kudu,Hamlet,W024,Kuraba-Kofar,LGA04,Ilela,BAN,Bansara,7.798701,10.748964,40.0
S01652,Sungota,Village,W024,Kuraba-Kofar,LGA04,Ilela,BAN,Bansara,7.814324,10.684769,65.0
S01650,Suwaru,Hamlet,W024,Kuraba-Kofar,LGA04,Ilela,BAN,Bansara,7.778618,10.745845,27.0
S01661,Taride,Village,W024,Kuraba-Kofar,LGA04,Ilela,BAN,Bansara,7.798454,10.770761,36.0
S01636,Tazasa,Village,W024,Kuraba-Kofar,LGA04,Ilela,BAN,Bansara,7.777467,10.774299,71.0
S01646,Umduta,Village,W024,Kuraba-Kofar,LGA04,Ilela,BAN,Bansara,7.790865,10.776839,121.0
S01647,Umluba,Settlement,W024,Kuraba-Kofar,LGA04,Ilela,BAN,Bansara,7.833344,10.703461,47.0
S01651,Umngona,Village,W024,Kuraba-Kofar,LGA04,Ilela,BAN,Bansara,7.772529,10.805201,64.0
S01641,Uzkodu-Sabo,Village,W024,Kuraba-Kofar,LGA04,Ilela,BAN,Bansara,7.832893,10.779991,121.0
S01668,Uzngomi,Village,W024,Kuraba-Kofar,LGA04,Ilela,BAN,Bansara,7.817669,10.696938,37.0
S01665,Uzyoba,Hamlet,W024,Kuraba-Kofar,LGA04,Ilela,BAN,Bansara,7.815255,10.688713,44.0
S01653,Warile,Village,W024,Kuraba-Kofar,LGA04,Ilela,BAN,Bansara,7.795295,10.690472,68.0
S01643,Yengori,Village,W024,Kuraba-Kofar,LGA04,Ilela,BAN,Bansara,7.788318,10.824884,113.0
S01664,Yetiri,Hamlet,W024,Kuraba-Kofar,LGA04,Ilela,BAN,Bansara,7.815808,10.732881,16.0
S02278,Adduri,Urban block,W036,Mawako,LGA04,Ilela,BAN,Bansara,8.074167,10.736342,255.0
S02303,Agbashi,Settlement,W036,Mawako,LGA04,Ilela,BAN,Bansara,8.107982,10.747277,62.0
S02307,Agtitu-Tudun,Village,W036,Mawako,LGA04,Ilela,BAN,Bansara,8.167294,10.661604,73.0
S02292,Banatu,Village,W036,Mawako,LGA04,Ilela,BAN,Bansara,8.103685,10.726567,57.0
S02282,Bibaba-Kudu,Village,W036,Mawako,LGA04,Ilela,BAN,Bansara,8.131549,10.763057,75.0
S02298,Biduma,Urban block,W036,Mawako,LGA04,Ilela,BAN,Bansara,8.161574,10.734464,135.0
S02297,Domako,Village,W036,Mawako,LGA04,Ilela,BAN,Bansara,8.098016,10.683474,29.0
S02306,Ekwasa,Village,W036,Mawako,LGA04,Ilela,BAN,Bansara,8.100279,10.688251,67.0
S02293,Ekwata,Hamlet,W036,Mawako,LGA04,Ilela,BAN,Bansara,8.089437,10.721728,15.0
S02283,Enbedu,Village,W036,Mawako,LGA04,Ilela,BAN,Bansara,8.036254686711377,10.758374,68.0
S02299,Fadesa,Hamlet,W036,Mawako,LGA04,Ilela,BAN,Bansara,8.092804,10.755626,21.0
S02285,Hasatu,Settlement,W036,Mawako,LGA04,Ilela,BAN,Bansara,8.142009,10.792693,54.0
S02305,Ibsharu-Gabas,Hamlet,W036,Mawako,LGA04,Ilela,BAN,Bansara,8.130135,10.747074,17.0
S02294,Irjimi,Hamlet,W036,Mawako,LGA04,Ilela,BAN,Bansara,8.115757,10.757132,7.0
S02311,Kulaja,Village,W036,Mawako,LGA04,Ilela,BAN,Bansara,8.03067,10.744063,109.0
S02300,Kurile-Gabas,Settlement,W036,Mawako,LGA04,Ilela,BAN,Bansara,8.083398,10.696942,93.0
S02309,Kutima,Hamlet,W036,Mawako,LGA04,Ilela,BAN,Bansara,8.156282,10.727973,12.0
S02301,Lodewo,Village,W036,Mawako,LGA04,Ilela,BAN,Bansara,8.158467,10.747578,99.0
S02284,Malaba,Village,W036,Mawako,LGA04,Ilela,BAN,Bansara,8.100381,10.696966,67.0
S02290,Malusa-Arewa,Village,W036,Mawako,LGA04,Ilela,BAN,Bansara,8.093093,10.722216,29.0
S02302,Nuzako,Village,W036,Mawako,LGA04,Ilela,BAN,Bansara,8.170817,10.751764,78.0
S02279,Okdefa,Village,W036,Mawako,LGA04,Ilela,BAN,Bansara,8.111726,10.696295,84.0
S02281,Oktide,Village,W036,Mawako,LGA04,Ilela,BAN,Bansara,8.171737,10.654469,23.0
S02287,Olbede,Hamlet,W036,Mawako,LGA04,Ilela,BAN,Bansara,8.198511,10.781907,8.0
S02312,Olbewa,Hamlet,W036,Mawako,LGA04,Ilela,BAN,Bansara,8.089993,10.708928,17.0
S02280,Olyoru,Village,W036,Mawako,LGA04,Ilela,BAN,Bansara,8.125907,10.757832,35.0
S02291,Ringofa-Kofar,Village,W036,Mawako,LGA04,Ilela,BAN,Bansara,8.09385,10.716059,31.0
S02286,Riwako,Village,W036,Mawako,LGA04,Ilela,BAN,Bansara,8.102526,10.740177,76.0
S02310,Sarafa,Hamlet,W036,Mawako,LGA04,Ilela,BAN,Bansara,8.110903,10.694785,23.0
S02308,Sudena,Settlement,W036,Mawako,LGA04,Ilela,BAN,Bansara,8.213759,10.731288,33.0
S02296,Tamadu,Settlement,W036,Mawako,LGA04,Ilela,BAN,Bansara,8.188898,10.751581,41.0
S02295,Uzmata-Kofar,Hamlet,W036,Mawako,LGA04,Ilela,BAN,Bansara,8.109552,10.735146,22.0
S02289,Uzrifa,Settlement,W036,Mawako,LGA04,Ilela,BAN,Bansara,8.0845,10.717831,17.0
S02288,Wanawo,Hamlet,W036,Mawako,LGA04,Ilela,BAN,Bansara,8.223589,10.708479,4.0
S02304,Zashale-Yamma,Village,W036,Mawako,LGA04,Ilela,BAN,Bansara,8.148546,10.731606,35.0
S02467,Agriwo,Village,W039,Nungoni-Arewa,LGA04,Ilela,BAN,Bansara,8.276743,10.783282,113.0
S02455,Agsashi,Hamlet,W039,Nungoni-Arewa,LGA04,Ilela,BAN,Bansara,8.34161,10.920662,35.0
S02461,Agyoshi,Settlement,W039,Nungoni-Arewa,LGA04,Ilela,BAN,Bansara,8.26029,10.868584,35.0
S02446,Agzashi,Village,W039,Nungoni-Arewa,LGA04,Ilela,BAN,Bansara,8.268554,10.834485,43.0
S02440,Dakosa,Village,W039,Nungoni-Arewa,LGA04,Ilela,BAN,Bansara,8.346238,10.91443,58.0
S02464,Dosharu-Kofar,Village,W039,Nungoni-Arewa,LGA04,Ilela,BAN,Bansara,8.255754,10.847437,47.0
S02462,Dowadu-Kudu,Village,W039,Nungoni-Arewa,LGA04,Ilela,BAN,Bansara,8.324557,10.918764,52.0
S02441,Enjina,Village,W039,Nungoni-Arewa,LGA04,Ilela,BAN,Bansara,8.314895,10.910853,83.0
S02471,Enyole,Hamlet,W039,Nungoni-Arewa,LGA04,Ilela,BAN,Bansara,8.275662,10.857469,43.0
S02459,Enyota,Settlement,W039,Nungoni-Arewa,LGA04,Ilela,BAN,Bansara,8.289093,10.837737,28.0
S02425,Fajifa,Village,W039,Nungoni-Arewa,LGA04,Ilela,BAN,Bansara,8.293433,10.901941,134.0
S02431,Guduyi,Village,W039,Nungoni-Arewa,LGA04,Ilela,BAN,Bansara,8.37421,10.916837,30.0
S02469,Guwari,Hamlet,W039,Nungoni-Arewa,LGA04,Ilela,BAN,Bansara,8.343515,10.936809,11.0
S02443,Guzade,Village,W039,Nungoni-Arewa,LGA04,Ilela,BAN,Bansara,8.327625,10.937379,79.0
S02453,Hanana,Village,W039,Nungoni-Arewa,LGA04,Ilela,BAN,Bansara,8.336625,10.924729,29.0
S02436,Ibberi-Yamma,Village,W039,Nungoni-Arewa,LGA04,Ilela,BAN,Bansara,8.245854,10.838786,12.0
S02465,Kasafa,Settlement,W039,Nungoni-Arewa,LGA04,Ilela,BAN,Bansara,8.335967,10.934741,64.0
S02426,Kasayi,Village,W039,Nungoni-Arewa,LGA04,Ilela,BAN,Bansara,8.213918,10.798482,16.0
S02424,Katiyi,Village,W039,Nungoni-Arewa,LGA04,Ilela,BAN,Bansara,8.304348,10.935418,83.0
S02428,Kudumi-Kofar,Village,W039,Nungoni-Arewa,LGA04,Ilela,BAN,Bansara,8.308298,10.906955,174.0
S02434,Kuridu,Village,W039,Nungoni-Arewa,LGA04,Ilela,BAN,Bansara,8.354765,10.908542,46.0
S02452,Kushawa,Hamlet,W039,Nungoni-Arewa,LGA04,Ilela,BAN,Bansara,8.265685,10.833964,4.0
S02437,Lowale,Village,W039,Nungoni-Arewa,LGA04,Ilela,BAN,Bansara,8.348971,10.936532,55.0
S02454,Mashatu,Village,W039,Nungoni-Arewa,LGA04,Ilela,BAN,Bansara,8.369879,10.922272,26.0
S02432,Nujina,Village,W039,Nungoni-Arewa,LGA04,Ilela,BAN,Bansara,8.367726,10.925688,117.0
S02429,Nunani,Village,W039,Nungoni-Arewa,LGA04,Ilela,BAN,Bansara,8.272232,10.841655,162.0
S02458,Nuzayi,Village,W039,Nungoni-Arewa,LGA04,Ilela,BAN,Bansara,8.337334,10.917993,48.0
S02444,Okrani,Village,W039,Nungoni-Arewa,LGA04,Ilela,BAN,Bansara,8.349673,10.932023,151.0
S02470,Ringodu-Yamma,Village,W039,Nungoni-Arewa,LGA04,Ilela,BAN,Bansara,8.248525,10.85605,13.0
S02445,Risawa-Yamma,Village,W039,Nungoni-Arewa,LGA04,Ilela,BAN,Bansara,8.25922,10.827732,39.0
S02439,Sashadu,Hamlet,W039,Nungoni-Arewa,LGA04,Ilela,BAN,Bansara,8.345559,10.907824,22.0
S02430,Satiba,Hamlet,W039,Nungoni-Arewa,LGA04,Ilela,BAN,Bansara,8.306594,10.833243,5.0
S02427,Sazana,Hamlet,W039,Nungoni-Arewa,LGA04,Ilela,BAN,Bansara,8.247179,10.864717,20.0
S02447,Sazata,Village,W039,Nungoni-Arewa,LGA04,Ilela,BAN,Bansara,8.28254,10.869705,146.0
S02450,Sudule,Village,W039,Nungoni-Arewa,LGA04,Ilela,BAN,Bansara,8.256891,10.836535,89.0
S02466,Tadeko,Village,W039,Nungoni-Arewa,LGA04,Ilela,BAN,Bansara,8.279199,10.840848,80.0
S02457,Takoma,Village,W039,Nungoni-Arewa,LGA04,Ilela,BAN,Bansara,8.222973,10.904753,43.0
S02468,Umbetu-Sabo,Hamlet,W039,Nungoni-Arewa,LGA04,Ilela,BAN,Bansara,8.266831,10.852341,19.0
S02460,Umnadu,Village,W039,Nungoni-Arewa,LGA04,Ilela,BAN,Bansara,8.245873,10.840179,26.0
S02448,Umtsifa-Kofar,Village,W039,Nungoni-Arewa,LGA04,Ilela,BAN,Bansara,8.275666,10.85616,101.0
S02449,Uzsayi,Hamlet,W039,Nungoni-Arewa,LGA04,Ilela,BAN,Bansara,8.234155,10.835484,15.0
S02435,Uzwade,Settlement,W039,Nungoni-Arewa,LGA04,Ilela,BAN,Bansara,8.33893,10.939092,37.0
S02463,Waduni,Village,W039,Nungoni-Arewa,LGA04,Ilela,BAN,Bansara,8.234024,10.816212,39.0
S02451,Wajidu,Village,W039,Nungoni-Arewa,LGA04,Ilela,BAN,Bansara,8.352041,10.877267,53.0
S02433,Warifa-Sabo,Village,W039,Nungoni-Arewa,LGA04,Ilela,BAN,Bansara,8.309299,10.930682,35.0
S02438,Wasawo-Sabo,Village,W039,Nungoni-Arewa,LGA04,Ilela,BAN,Bansara,8.252277,10.847987,57.0
S02442,Watsitu,Village,W039,Nungoni-Arewa,LGA04,Ilela,BAN,Bansara,8.346556,10.900473,28.0
S02456,Wazawo,Hamlet,W039,Nungoni-Arewa,LGA04,Ilela,BAN,Bansara,8.248704,10.848491,23.0
S01687,Agriko,Village,W025,Okriba,LGA04,Ilela,BAN,Bansara,7.811452,11.116958,79.0
S01697,Birasa,Hamlet,W025,Okriba,LGA04,Ilela,BAN,Bansara,7.787632,11.11935,12.0
S01698,Bitsini,Village,W025,Okriba,LGA04,Ilela,BAN,Bansara,7.80772,11.111359,57.0
S01675,Dangowo-Gabas,Hamlet,W025,Okriba,LGA04,Ilela,BAN,Bansara,7.846773,10.937955,16.0
S01696,Dawawo,Hamlet,W025,Okriba,LGA04,Ilela,BAN,Bansara,7.792653,11.088083,42.0
S01683,Doduba,Urban block,W025,Okriba,LGA04,Ilela,BAN,Bansara,7.840818,11.073782,161.0
S01701,Dowami,Village,W025,Okriba,LGA04,Ilela,BAN,Bansara,7.796873,11.122636,26.0
S01690,Ekjidu,Village,W025,Okriba,LGA04,Ilela,BAN,Bansara,7.749829,11.102081,103.0
S01688,Enkowa-Kudu,Settlement,W025,Okriba,LGA04,Ilela,BAN,Bansara,7.748121,11.10551,9.0
S01679,Hawaru,Village,W025,Okriba,LGA04,Ilela,BAN,Bansara,7.821252,11.044258,151.0
S01686,Ibmayi,Settlement,W025,Okriba,LGA04,Ilela,BAN,Bansara,7.829223,11.022236,25.0
S01704,Ibzana,Settlement,W025,Okriba,LGA04,Ilela,BAN,Bansara,7.781227,11.118662,84.0
S01693,Irbewa-Yamma,Village,W025,Okriba,LGA04,Ilela,BAN,Bansara,7.793549,11.096979,56.0
S01692,Irngona,Village,W025,Okriba,LGA04,Ilela,BAN,Bansara,7.80167,11.133904,75.0
S01705,Iryoma,Hamlet,W025,Okriba,LGA04,Ilela,BAN,Bansara,7.781209,11.140365,10.0
S01677,Jibeyi-Arewa,Village,W025,Okriba,LGA04,Ilela,BAN,Bansara,7.797814,11.108725,40.0
S01680,Jishari,Village,W025,Okriba,LGA04,Ilela,BAN,Bansara,7.77344,11.114966,86.0
S01694,Kulana,Village,W025,Okriba,LGA04,Ilela,BAN,Bansara,7.806792,11.127859,46.0
S01674,Kulani,Village,W025,Okriba,LGA04,Ilela,BAN,Bansara,7.822522,11.081001,64.0
S01678,Longotu,Village,W025,Okriba,LGA04,Ilela,BAN,Bansara,7.810918,11.0732,41.0
S01685,Majima,Hamlet,W025,Okriba,LGA04,Ilela,BAN,Bansara,7.792467,11.109587,6.0
S01672,Oklafa,Village,W025,Okriba,LGA04,Ilela,BAN,Bansara,7.789596,11.119154,115.0
S01681,Ritsisa,Hamlet,W025,Okriba,LGA04,Ilela,BAN,Bansara,7.795377,11.061543,34.0
S01676,Riwadu,Hamlet,W025,Okriba,LGA04,Ilela,BAN,Bansara,7.728941,11.053647,16.0
S01699,Sajiba-Tudun,Village,W025,Okriba,LGA04,Ilela,BAN,Bansara,7.819849,11.053403,35.0
S01703,Sushayi,Village,W025,Okriba,LGA04,Ilela,BAN,Bansara,7.796383,11.068063,46.0
S01689,Suzama,Village,W025,Okriba,LGA04,Ilela,BAN,Bansara,7.775054,11.104465,15.0
S01695,Tatiri,Hamlet,W025,Okriba,LGA04,Ilela,BAN,Bansara,7.716396,11.047631,14.0
S01673,Uzlaja,Village,W025,Okriba,LGA04,Ilela,BAN,Bansara,7.822701,11.075851,20.0
S01684,Uzsani-Tudun,Hamlet,W025,Okriba,LGA04,Ilela,BAN,Bansara,7.780514,11.108717,11.0
S01691,Uzshatu,Village,W025,Okriba,LGA04,Ilela,BAN,Bansara,7.792168,11.114629,60.0
S01702,Wakomi,Settlement,W025,Okriba,LGA04,Ilela,BAN,Bansara,7.809002,11.062698,31.0
S01700,Wasayi-Kofar,Settlement,W025,Okriba,LGA04,Ilela,BAN,Bansara,7.806569,11.073819,29.0
S01682,Yedewo,Village,W025,Okriba,LGA04,Ilela,BAN,Bansara,7.850356,11.026985,60.0
S01671,Zakode,Hamlet,W025,Okriba,LGA04,Ilela,BAN,Bansara,7.788556,11.137155,30.0
S01706,Zamale,Village,W025,Okriba,LGA04,Ilela,BAN,Bansara,7.8118,11.132845,58.0
S01377,Adrishi,Village,W019,Umzaba-Kofar,LGA04,Ilela,BAN,Bansara,7.578763,10.975723,94.0
S01406,Adshako,Village,W019,Umzaba-Kofar,LGA04,Ilela,BAN,Bansara,7.707436,10.854893,24.0
S01413,Agyona,Hamlet,W019,Umzaba-Kofar,LGA04,Ilela,BAN,Bansara,7.605308,10.993907,16.0
S01417,Baride,Village,W019,Umzaba-Kofar,LGA04,Ilela,BAN,Bansara,7.595724,11.029643,14.0
S01405,Batishi,Village,W019,Umzaba-Kofar,LGA04,Ilela,BAN,Bansara,7.617966,10.987724,19.0
S01396,Bayowa-Kudu,Village,W019,Umzaba-Kofar,LGA04,Ilela,BAN,Bansara,7.671422,10.821992,33.0
S01374,Bazaru,Hamlet,W019,Umzaba-Kofar,LGA04,Ilela,BAN,Bansara,7.791125,10.947389,36.0
S01384,Bidudu,Urban block,W019,Umzaba-Kofar,LGA04,Ilela,BAN,Bansara,7.594472,11.017414,129.0
S01383,Bikotu,Urban block,W019,Umzaba-Kofar,LGA04,Ilela,BAN,Bansara,7.703806,10.850877,202.0
S01420,Biluru,Hamlet,W019,Umzaba-Kofar,LGA04,Ilela,BAN,Bansara,7.572132,11.001429,20.0
S01380,Dalade,Urban block,W019,Umzaba-Kofar,LGA04,Ilela,BAN,Bansara,7.596642,11.012734,180.0
S01400,Danayi,Hamlet,W019,Umzaba-Kofar,LGA04,Ilela,BAN,Bansara,7.691555,10.851957,9.0
S01378,Dazasa,Hamlet,W019,Umzaba-Kofar,LGA04,Ilela,BAN,Bansara,7.628813,11.033192,12.0
S01397,Doderu,Village,W019,Umzaba-Kofar,LGA04,Ilela,BAN,Bansara,7.587538,10.997967,48.0
S01389,Doradu,Hamlet,W019,Umzaba-Kofar,LGA04,Ilela,BAN,Bansara,7.604064,11.005583,18.0
S01422,Ekbaja,Village,W019,Umzaba-Kofar,LGA04,Ilela,BAN,Bansara,7.599224,11.016291,18.0
S01393,Eksawa,Hamlet,W019,Umzaba-Kofar,LGA04,Ilela,BAN,Bansara,7.581005,11.006662,13.0
S01386,Ektsija,Village,W019,Umzaba-Kofar,LGA04,Ilela,BAN,Bansara,7.570157,10.999661,42.0
S01381,Endeta,Hamlet,W019,Umzaba-Kofar,LGA04,Ilela,BAN,Bansara,7.678038,10.897675,9.0
S01414,Fatsina-Kofar,Settlement,W019,Umzaba-Kofar,LGA04,Ilela,BAN,Bansara,7.609814,11.003492,49.0
S01411,Gutini,Settlement,W019,Umzaba-Kofar,LGA04,Ilela,BAN,Bansara,7.562944,11.037024,35.0
S01372,Haduta,Hamlet,W019,Umzaba-Kofar,LGA04,Ilela,BAN,Bansara,7.683636,10.864323,6.0
S01385,Hajiru,Village,W019,Umzaba-Kofar,LGA04,Ilela,BAN,Bansara,7.574191,10.999905,43.0
S01390,Ibbewo,Village,W019,Umzaba-Kofar,LGA04,Ilela,BAN,Bansara,7.587352,11.028897,138.0
S01419,Ibjiwo,Hamlet,W019,Umzaba-Kofar,LGA04,Ilela,BAN,Bansara,7.617537,11.021196,19.0
S01416,Ibtifa-Sabo,Hamlet,W019,Umzaba-Kofar,LGA04,Ilela,BAN,Bansara,7.604199,10.997142,9.0
S01398,Irbetu-Tsakiya,Village,W019,Umzaba-Kofar,LGA04,Ilela,BAN,Bansara,7.61991,11.00405,53.0
S01382,Kazayi-Kudu,Village,W019,Umzaba-Kofar,LGA04,Ilela,BAN,Bansara,7.733434,10.998425,70.0
S01391,Kuyoja-Tudun,Settlement,W019,Umzaba-Kofar,LGA04,Ilela,BAN,Bansara,7.602497,10.994992,14.0
S01421,Lolari-Sabo,Village,W019,Umzaba-Kofar,LGA04,Ilela,BAN,Bansara,7.692035,10.851546,94.0
S01375,Lotifa-Sabo,Hamlet,W019,Umzaba-Kofar,LGA04,Ilela,BAN,Bansara,7.691357,10.970583,29.0
S01415,Nuluwa,Settlement,W019,Umzaba-Kofar,LGA04,Ilela,BAN,Bansara,7.578425,11.009966,49.0
S01403,Nunawa-Kofar,Village,W019,Umzaba-Kofar,LGA04,Ilela,BAN,Bansara,7.71222,10.858169,21.0
S01408,Nurimi-Tudun,Village,W019,Umzaba-Kofar,LGA04,Ilela,BAN,Bansara,7.692759,10.853195,44.0
S01373,Nuyoru,Hamlet,W019,Umzaba-Kofar,LGA04,Ilela,BAN,Bansara,7.579996,11.007027,42.0
S01423,Olbashi,Hamlet,W019,Umzaba-Kofar,LGA04,Ilela,BAN,Bansara,7.655922,10.999758,7.0
S01379,Oldena,Settlement,W019,Umzaba-Kofar,LGA04,Ilela,BAN,Bansara,7.689303,10.857919,62.0
S01409,Olshaba,Village,W019,Umzaba-Kofar,LGA04,Ilela,BAN,Bansara,7.70714,10.885409,31.0
S01412,Rinasa,Settlement,W019,Umzaba-Kofar,LGA04,Ilela,BAN,Bansara,7.612382,10.99315,24.0
S01387,Ritsima,Hamlet,W019,Umzaba-Kofar,LGA04,Ilela,BAN,Bansara,7.597933,11.010327,27.0
S01407,Sasadu,Settlement,W019,Umzaba-Kofar,LGA04,Ilela,BAN,Bansara,7.713557,10.864857,45.0
S01401,Suzani-Kudu,Hamlet,W019,Umzaba-Kofar,LGA04,Ilela,BAN,Bansara,7.709899,10.834951,24.0
S01402,Taluyi,Hamlet,W019,Umzaba-Kofar,LGA04,Ilela,BAN,Bansara,7.580831,11.00284,6.0
S01395,Tangodu-Gabas,Hamlet,W019,Umzaba-Kofar,LGA04,Ilela,BAN,Bansara,7.770767,10.960857,4.0
S01371,Umriko-Kofar,Village,W019,Umzaba-Kofar,LGA04,Ilela,BAN,Bansara,7.645241,10.984856,44.0
S01399,Umshashi,Hamlet,W019,Umzaba-Kofar,LGA04,Ilela,BAN,Bansara,7.567471,11.025128,15.0
S01392,Uzjima,Village,W019,Umzaba-Kofar,LGA04,Ilela,BAN,Bansara,7.634425,11.025009,56.0
S01394,Waduwo,Hamlet,W019,Umzaba-Kofar,LGA04,Ilela,BAN,Bansara,7.591493,11.018727,18.0
S01410,Watsina,Hamlet,W019,Umzaba-Kofar,LGA04,Ilela,BAN,Bansara,7.690375,10.865525,25.0
S01418,Wazaja,Settlement,W019,Umzaba-Kofar,LGA04,Ilela,BAN,Bansara,7.605772,11.002496,70.0
S01388,Yetsita,Hamlet,W019,Umzaba-Kofar,LGA04,Ilela,BAN,Bansara,7.603484,11.00357,22.0
S01376,Yewaba,Village,W019,Umzaba-Kofar,LGA04,Ilela,BAN,Bansara,7.726014,10.849493,36.0
S01404,Zamani,Hamlet,W019,Umzaba-Kofar,LGA04,Ilela,BAN,Bansara,7.592319,10.988128,4.0
S01837,Agngoko,Hamlet,W028,Wangoja,LGA04,Ilela,BAN,Bansara,7.886311,10.865501,10.0
S01820,Agyoja,Hamlet,W028,Wangoja,LGA04,Ilela,BAN,Bansara,7.899446,10.922209,17.0
S01799,Bajile,Urban block,W028,Wangoja,LGA04,Ilela,BAN,Bansara,7.886872,10.856334,158.0
S01841,Barashi,Village,W028,Wangoja,LGA04,Ilela,BAN,Bansara,8.013383,10.770882,72.0
S01819,Bibema,Village,W028,Wangoja,LGA04,Ilela,BAN,Bansara,7.932477,10.876878,109.0
S01843,Biberi,Settlement,W028,Wangoja,LGA04,Ilela,BAN,Bansara,7.906586,10.815524,18.0
S01800,Bijiwo,Village,W028,Wangoja,LGA04,Ilela,BAN,Bansara,7.90424,10.855287,37.0
S01831,Bishashi,Village,W028,Wangoja,LGA04,Ilela,BAN,Bansara,7.990922,10.795864,21.0
S01804,Bitsita-Kudu,Village,W028,Wangoja,LGA04,Ilela,BAN,Bansara,7.981542,10.81566,11.0
S01826,Dotsiba-Kudu,Village,W028,Wangoja,LGA04,Ilela,BAN,Bansara,7.999263,10.802743,112.0
S01823,Ekkoshi,Settlement,W028,Wangoja,LGA04,Ilela,BAN,Bansara,7.964271,10.772803,56.0
S01795,Ennaba,Hamlet,W028,Wangoja,LGA04,Ilela,BAN,Bansara,7.887446,10.882151,14.0
S01809,Enradu,Hamlet,W028,Wangoja,LGA04,Ilela,BAN,Bansara,7.980496,10.80147,37.0
S01836,Famayi,Village,W028,Wangoja,LGA04,Ilela,BAN,Bansara,7.900222,10.841189,40.0
S01821,Gukoshi,Settlement,W028,Wangoja,LGA04,Ilela,BAN,Bansara,7.982939,10.785464,35.0
S01839,Gutsile,Village,W028,Wangoja,LGA04,Ilela,BAN,Bansara,7.883138,10.861752,50.0
S01792,Guwawo,Village,W028,Wangoja,LGA04,Ilela,BAN,Bansara,8.031211,10.920248,117.0
S01811,Hamani,Village,W028,Wangoja,LGA04,Ilela,BAN,Bansara,7.990572,10.788017,95.0
S01796,Harini-Kudu,Village,W028,Wangoja,LGA04,Ilela,BAN,Bansara,7.99269,10.81684,92.0
S01842,Ibdemi,Hamlet,W028,Wangoja,LGA04,Ilela,BAN,Bansara,7.930521,10.812075,4.0
S01822,Ibduwo,Village,W028,Wangoja,LGA04,Ilela,BAN,Bansara,7.940678,10.779548,36.0
S01812,Iryoja,Village,W028,Wangoja,LGA04,Ilela,BAN,Bansara,7.865366,10.90429,17.0
S01827,Jimale,Settlement,W028,Wangoja,LGA04,Ilela,BAN,Bansara,7.7054650513675,10.855649,65.0
S01793,Jirafa,Village,W028,Wangoja,LGA04,Ilela,BAN,Bansara,7.860307,10.872836,105.0
S01815,Jiwashi,Settlement,W028,Wangoja,LGA04,Ilela,BAN,Bansara,7.887904,10.875342,65.0
S01824,Jizaba,Village,W028,Wangoja,LGA04,Ilela,BAN,Bansara,7.83684,10.875599,40.0
S01834,Kajitu,Settlement,W028,Wangoja,LGA04,Ilela,BAN,Bansara,7.866387,10.902057,24.0
S01833,Kasaru,Village,W028,Wangoja,LGA04,Ilela,BAN,Bansara,7.868025,10.855773,46.0
S01818,Kashadu,Settlement,W028,Wangoja,LGA04,Ilela,BAN,Bansara,7.883728,10.899975,27.0
S01816,Mariba,Hamlet,W028,Wangoja,LGA04,Ilela,BAN,Bansara,7.882978,10.888182,7.0
S01835,Mayole,Settlement,W028,Wangoja,LGA04,Ilela,BAN,Bansara,7.968833,10.787603,45.0
S01817,Nuduwo,Hamlet,W028,Wangoja,LGA04,Ilela,BAN,Bansara,7.942206,10.749589,40.0
S01830,Nutifa-Tudun,Hamlet,W028,Wangoja,LGA04,Ilela,BAN,Bansara,7.953136,10.795742,27.0
S01840,Okdudu,Settlement,W028,Wangoja,LGA04,Ilela,BAN,Bansara,7.857852,10.865553,39.0
S01810,Okjishi,Hamlet,W028,Wangoja,LGA04,Ilela,BAN,Bansara,7.89591,10.900223,14.0
S01806,Okmana,Hamlet,W028,Wangoja,LGA04,Ilela,BAN,Bansara,7.958151,10.757071,12.0
S01808,Oljita,Hamlet,W028,Wangoja,LGA04,Ilela,BAN,Bansara,7.98275,10.81445,14.0
S01829,Olsharu,Village,W028,Wangoja,LGA04,Ilela,BAN,Bansara,8.004946,10.775678,103.0
S01805,Satsina,Village,W028,Wangoja,LGA04,Ilela,BAN,Bansara,7.975632,10.818057,16.0
S01825,Sukodu-Kofar,Settlement,W028,Wangoja,LGA04,Ilela,BAN,Bansara,7.893172,10.88498,62.0
S01802,Tajisa-Tsakiya,Hamlet,W028,Wangoja,LGA04,Ilela,BAN,Bansara,7.996274,10.754299,14.0
S01807,Talayi,Settlement,W028,Wangoja,LGA04,Ilela,BAN,Bansara,7.999655,10.761653,72.0
S01838,Umtsisa,Hamlet,W028,Wangoja,LGA04,Ilela,BAN,Bansara,7.999175,10.74903,40.0
S01813,Umyoni,Village,W028,Wangoja,LGA04,Ilela,BAN,Bansara,7.992598,10.798116,19.0
S01801,Uzkodu,Village,W028,Wangoja,LGA04,Ilela,BAN,Bansara,7.97257,10.888123,39.0
S01828,Wabewo,Village,W028,Wangoja,LGA04,Ilela,BAN,Bansara,8.012365,10.853734,112.0
S01832,Watina,Village,W028,Wangoja,LGA04,Ilela,BAN,Bansara,7.898541,10.874006,63.0
S01794,Yetsiri,Village,W028,Wangoja,LGA04,Ilela,BAN,Bansara,7.895229,10.866714,45.0
S01814,Yezashi,Hamlet,W028,Wangoja,LGA04,Ilela,BAN,Bansara,7.979072,10.790237,17.0
S01797,Zabeja,Village,W028,Wangoja,LGA04,Ilela,BAN,Bansara,7.98265,10.9094,93.0
S01803,Zasani-Yamma,Village,W028,Wangoja,LGA04,Ilela,BAN,Bansara,7.894288,10.862059,199.0
S01798,Zazami,Village,W028,Wangoja,LGA04,Ilela,BAN,Bansara,7.867376,10.833874,81.0
S01914,Admaja,Hamlet,W029,Wangoni,LGA04,Ilela,BAN,Bansara,7.973795,10.995634,12.0
S01903,Adshayi,Settlement,W029,Wangoni,LGA04,Ilela,BAN,Bansara,7.932343,11.116075,69.0
S01872,Agberi,Hamlet,W029,Wangoni,LGA04,Ilela,BAN,Bansara,7.999662,10.96323,20.0
S01867,Agwaja,Hamlet,W029,Wangoni,LGA04,Ilela,BAN,Bansara,7.948835,11.099454,25.0
S01863,Balaba,Hamlet,W029,Wangoni,LGA04,Ilela,BAN,Bansara,7.990207,10.988249,16.0
S01879,Banawo,Settlement,W029,Wangoni,LGA04,Ilela,BAN,Bansara,7.979814,10.969328,13.0
S01880,Batsidu,Village,W029,Wangoni,LGA04,Ilela,BAN,Bansara,7.948511,11.071882,40.0
S01899,Batsina,Village,W029,Wangoni,LGA04,Ilela,BAN,Bansara,7.932175,11.086319,78.0
S01886,Batsiwa,Village,W029,Wangoni,LGA04,Ilela,BAN,Bansara,7.967354,11.072566,47.0
S01869,Bijija,Village,W029,Wangoni,LGA04,Ilela,BAN,Bansara,7.950247,11.083965,70.0
S01923,Dabashi,Village,W029,Wangoni,LGA04,Ilela,BAN,Bansara,7.990045,10.990628,24.0
S01868,Dadeshi,Urban block,W029,Wangoni,LGA04,Ilela,BAN,Bansara,7.978015,11.048466,218.0
S01877,Dajifa,Hamlet,W029,Wangoni,LGA04,Ilela,BAN,Bansara,7.95211,11.104826,10.0
S01847,Dajitu-Yamma,Village,W029,Wangoni,LGA04,Ilela,BAN,Bansara,7.883892,10.980744,90.0
S01884,Dodude,Village,W029,Wangoni,LGA04,Ilela,BAN,Bansara,7.995313,10.994658,35.0
S01918,Dongofa-Yamma,Settlement,W029,Wangoni,LGA04,Ilela,BAN,Bansara,7.891347,10.977307,29.0
S01844,Dozasa,Village,W029,Wangoni,LGA04,Ilela,BAN,Bansara,7.955321,11.065601,159.0
S01890,Ekdutu,Urban block,W029,Wangoni,LGA04,Ilela,BAN,Bansara,7.913761,11.061333,207.0
S01898,Ekmama,Village,W029,Wangoni,LGA04,Ilela,BAN,Bansara,7.950259,11.081098,28.0
S01895,Entsifa,Village,W029,Wangoni,LGA04,Ilela,BAN,Bansara,7.977751,11.063497,71.0
S01922,Enwani-Arewa,Hamlet,W029,Wangoni,LGA04,Ilela,BAN,Bansara,7.94189,11.075063,15.0
S01901,Fabawa,Hamlet,W029,Wangoni,LGA04,Ilela,BAN,Bansara,7.973305,11.04609,45.0
S01897,Fadusa,Hamlet,W029,Wangoni,LGA04,Ilela,BAN,Bansara,7.934501,11.02516,8.0
S01861,Famata,Hamlet,W029,Wangoni,LGA04,Ilela,BAN,Bansara,7.963706,11.095376,7.0
S01904,Fayoma,Urban block,W029,Wangoni,LGA04,Ilela,BAN,Bansara,7.973011,10.983914,140.0
S01887,Gubata,Hamlet,W029,Wangoni,LGA04,Ilela,BAN,Bansara,7.961735,10.979876,3.0
S01892,Gubewo,Village,W029,Wangoni,LGA04,Ilela,BAN,Bansara,7.962355,10.957669,49.0
S01860,Haduwa,Village,W029,Wangoni,LGA04,Ilela,BAN,Bansara,7.959698,11.081016,63.0
S01917,Haraja-Kudu,Village,W029,Wangoni,LGA04,Ilela,BAN,Bansara,7.996293,10.997381,49.0
S01911,Harimi,Village,W029,Wangoni,LGA04,Ilela,BAN,Bansara,7.950605,10.972447,51.0
S01852,Hawani,Village,W029,Wangoni,LGA04,Ilela,BAN,Bansara,7.945633,11.08869,143.0
S01864,Ibbana,Village,W029,Wangoni,LGA04,Ilela,BAN,Bansara,7.882205,11.0159,96.0
S01913,Irnari-Kudu,Village,W029,Wangoni,LGA04,Ilela,BAN,Bansara,7.969429,10.966818,127.0
S01871,Irriko,Hamlet,W029,Wangoni,LGA04,Ilela,BAN,Bansara,7.971001,10.945976,9.0
S01866,Jideyi,Village,W029,Wangoni,LGA04,Ilela,BAN,Bansara,7.980657,11.088125,18.0
S01894,Jikode,Village,W029,Wangoni,LGA04,Ilela,BAN,Bansara,7.95346,10.967273,97.0
S01882,Jikowa,Settlement,W029,Wangoni,LGA04,Ilela,BAN,Bansara,8.090899,11.030737,6.0
S01907,Jingota,Village,W029,Wangoni,LGA04,Ilela,BAN,Bansara,7.973838,11.059108,51.0
S01900,Kabade,Hamlet,W029,Wangoni,LGA04,Ilela,BAN,Bansara,7.971942,11.05383,27.0
S01885,Kaduna,Village,W029,Wangoni,LGA04,Ilela,BAN,Bansara,7.964739,11.056089,65.0
S01919,Kasale,Village,W029,Wangoni,LGA04,Ilela,BAN,Bansara,7.913198,11.09099,102.0
S01862,Kayoma-Gabas,Village,W029,Wangoni,LGA04,Ilela,BAN,Bansara,7.920839,11.017895,63.0
S01875,Kazaba,Village,W029,Wangoni,LGA04,Ilela,BAN,Bansara,7.878863,10.963283,47.0
S01850,Kazari,Village,W029,Wangoni,LGA04,Ilela,BAN,Bansara,7.957189,11.097659,43.0
S01865,Kumale,Hamlet,W029,Wangoni,LGA04,Ilela,BAN,Bansara,7.965419,11.07436,4.0
S01883,Kutiba-Kudu,Settlement,W029,Wangoni,LGA04,Ilela,BAN,Bansara,7.949667,11.092676,51.0
S01878,Loduwo-Kofar,Settlement,W029,Wangoni,LGA04,Ilela,BAN,Bansara,7.937905,11.051723,59.0
S01902,Losaja-Yamma,Settlement,W029,Wangoni,LGA04,Ilela,BAN,Bansara,7.867454565394065,11.107553,14.0
S01891,Loshashi,Village,W029,Wangoni,LGA04,Ilela,BAN,Bansara,7.978754,10.937983,83.0
S01921,Mabawa,Settlement,W029,Wangoni,LGA04,Ilela,BAN,Bansara,7.934009,11.092664,45.0
S01876,Malaru,Hamlet,W029,Wangoni,LGA04,Ilela,BAN,Bansara,7.961339,11.097738,28.0
S01859,Matsifa,Village,W029,Wangoni,LGA04,Ilela,BAN,Bansara,7.932452,11.106166,149.0
S01915,Nuberu,Village,W029,Wangoni,LGA04,Ilela,BAN,Bansara,7.988827,11.082303,114.0
S01909,Nuduri,Village,W029,Wangoni,LGA04,Ilela,BAN,Bansara,7.961466,11.096976,153.0
S01855,Nukoma,Settlement,W029,Wangoni,LGA04,Ilela,BAN,Bansara,8.037179,10.956311,116.0
S01905,Okbeta,Village,W029,Wangoni,LGA04,Ilela,BAN,Bansara,7.916782,11.089739,63.0
S01873,Okluma-Tudun,Village,W029,Wangoni,LGA04,Ilela,BAN,Bansara,8.034917,11.043412,81.0
S01845,Okshasa,Settlement,W029,Wangoni,LGA04,Ilela,BAN,Bansara,8.020255,11.062555,69.0
S01856,Olduni,Urban block,W029,Wangoni,LGA04,Ilela,BAN,Bansara,7.969858,11.086713,187.0
S01888,Ollule-Gabas,Hamlet,W029,Wangoni,LGA04,Ilela,BAN,Bansara,7.956423,11.080685,23.0
S01910,Rilama,Urban block,W029,Wangoni,LGA04,Ilela,BAN,Bansara,7.96314,11.090351,177.0
S01849,Ritide,Hamlet,W029,Wangoni,LGA04,Ilela,BAN,Bansara,7.964321,11.062627,23.0
S01906,Sabeja,Village,W029,Wangoni,LGA04,Ilela,BAN,Bansara,7.930104,11.11917,89.0
S01851,Saduwo-Tsakiya,Settlement,W029,Wangoni,LGA04,Ilela,BAN,Bansara,8.010251,11.083194,44.0
S01846,Sawadu,Hamlet,W029,Wangoni,LGA04,Ilela,BAN,Bansara,7.967322,11.082462,13.0
S01881,Sulale,Village,W029,Wangoni,LGA04,Ilela,BAN,Bansara,7.933857,11.042655,117.0
S01912,Tasami,Settlement,W029,Wangoni,LGA04,Ilela,BAN,Bansara,7.911336,11.076212,27.0
S01893,Tasashi,Hamlet,W029,Wangoni,LGA04,Ilela,BAN,Bansara,8.066637,10.99041,16.0
S01924,Umngode,Settlement,W029,Wangoni,LGA04,Ilela,BAN,Bansara,8.054246,10.98586,40.0
S01858,Umrima-Tsakiya,Hamlet,W029,Wangoni,LGA04,Ilela,BAN,Bansara,7.980798,10.978002,30.0
S01916,Umsani-Kofar,Village,W029,Wangoni,LGA04,Ilela,BAN,Bansara,7.97165,10.957269,116.0
S01870,Uzduta,Village,W029,Wangoni,LGA04,Ilela,BAN,Bansara,7.982679,11.084549,60.0
S01896,Uzmata,Village,W029,Wangoni,LGA04,Ilela,BAN,Bansara,8.029611,10.950799,18.0
S01854,Wabama,Hamlet,W029,Wangoni,LGA04,Ilela,BAN,Bansara,7.948728,11.075291,24.0
S01920,Wanawa,Settlement,W029,Wangoni,LGA04,Ilela,BAN,Bansara,7.929695,10.975349,23.0
S01848,Wariyi,Village,W029,Wangoni,LGA04,Ilela,BAN,Bansara,7.917846,11.055759,51.0
S01889,Watsima-Tudun,Hamlet,W029,Wangoni,LGA04,Ilela,BAN,Bansara,8.009979,10.939206,20.0
S01874,Wawayi-Kofar,Village,W029,Wangoni,LGA04,Ilela,BAN,Bansara,7.949846,11.078052,6.0
S01908,Yeluru,Village,W029,Wangoni,LGA04,Ilela,BAN,Bansara,7.94439,11.075485,102.0
S01853,Yeraba,Village,W029,Wangoni,LGA04,Ilela,BAN,Bansara,7.950862,10.986106,60.0
S01857,Zawana,Hamlet,W029,Wangoni,LGA04,Ilela,BAN,Bansara,8.013091,10.959745,22.0
S01935,Adberu,Village,W030,Yeride,LGA04,Ilela,BAN,Bansara,7.965318,10.68576,18.0
S01928,Addude,Settlement,W030,Yeride,LGA04,Ilela,BAN,Bansara,7.90864,10.616789,61.0
S01964,Bashasa-Sabo,Hamlet,W030,Yeride,LGA04,Ilela,BAN,Bansara,7.900494,10.625391,11.0
S01950,Biduja,Village,W030,Yeride,LGA04,Ilela,BAN,Bansara,7.90101,10.631634,54.0
S01941,Biluja,Hamlet,W030,Yeride,LGA04,Ilela,BAN,Bansara,8.030519,10.572812,5.0
S01939,Bizadu,Hamlet,W030,Yeride,LGA04,Ilela,BAN,Bansara,7.992559,10.522718,7.0
S01958,Doberi,Hamlet,W030,Yeride,LGA04,Ilela,BAN,Bansara,7.902023,10.642819,23.0
S01981,Dolako,Village,W030,Yeride,LGA04,Ilela,BAN,Bansara,7.91776,10.62823,15.0
S01930,Eklutu,Hamlet,W030,Yeride,LGA04,Ilela,BAN,Bansara,8.034663,10.585543,16.0
S01971,Fabani,Village,W030,Yeride,LGA04,Ilela,BAN,Bansara,7.900882,10.628936,13.0
S01963,Fadena,Village,W030,Yeride,LGA04,Ilela,BAN,Bansara,7.93925,10.655527,58.0
S01925,Fakotu,Settlement,W030,Yeride,LGA04,Ilela,BAN,Bansara,7.909216,10.619826,25.0
S01952,Fangowo,Hamlet,W030,Yeride,LGA04,Ilela,BAN,Bansara,7.970665,10.71235,24.0
S01954,Gukodu,Settlement,W030,Yeride,LGA04,Ilela,BAN,Bansara,7.889799,10.625422,53.0
S01961,Hajita,Village,W030,Yeride,LGA04,Ilela,BAN,Bansara,7.983867,10.687739,50.0
S01946,Halumi,Settlement,W030,Yeride,LGA04,Ilela,BAN,Bansara,7.904647,10.637953,26.0
S01945,Haritu,Hamlet,W030,Yeride,LGA04,Ilela,BAN,Bansara,7.913922,10.634572,20.0
S01986,Hayoshi,Village,W030,Yeride,LGA04,Ilela,BAN,Bansara,7.97205,10.592382,90.0
S01933,Ibngofa-Gabas,Settlement,W030,Yeride,LGA04,Ilela,BAN,Bansara,7.983709531247099,10.60637,59.0
S01969,Ibsaba,Hamlet,W030,Yeride,LGA04,Ilela,BAN,Bansara,7.915246,10.63982,16.0
S01962,Ibtija,Hamlet,W030,Yeride,LGA04,Ilela,BAN,Bansara,7.916408,10.631918,19.0
S01955,Ibyode,Village,W030,Yeride,LGA04,Ilela,BAN,Bansara,8.014304,10.698508,99.0
S01947,Irdemi,Village,W030,Yeride,LGA04,Ilela,BAN,Bansara,7.95043,10.648022,56.0
S01979,Irluna,Village,W030,Yeride,LGA04,Ilela,BAN,Bansara,7.93322,10.545773,194.0
S01938,Jinadu,Village,W030,Yeride,LGA04,Ilela,BAN,Bansara,8.035823,10.577437,26.0
S01957,Jingosa,Urban block,W030,Yeride,LGA04,Ilela,BAN,Bansara,7.9499,10.626289,322.0
S01975,Jirana,Hamlet,W030,Yeride,LGA04,Ilela,BAN,Bansara,8.110217,10.646204,32.0
S01974,Kaluba,Urban block,W030,Yeride,LGA04,Ilela,BAN,Bansara,8.053136,10.573198,449.0
S01934,Karata,Settlement,W030,Yeride,LGA04,Ilela,BAN,Bansara,7.91064,10.581029,49.0
S01983,Kudeko,Village,W030,Yeride,LGA04,Ilela,BAN,Bansara,8.049116,10.582867,54.0
S01977,Kushama,Hamlet,W030,Yeride,LGA04,Ilela,BAN,Bansara,7.88339,10.630549,46.0
S01948,Lokoma,Village,W030,Yeride,LGA04,Ilela,BAN,Bansara,7.893705,10.654249,70.0
S01976,Nubedu,Hamlet,W030,Yeride,LGA04,Ilela,BAN,Bansara,7.922314,10.638335,28.0
S01968,Nukona,Hamlet,W030,Yeride,LGA04,Ilela,BAN,Bansara,8.016917,10.642766,11.0
S01985,Nulule,Urban block,W030,Yeride,LGA04,Ilela,BAN,Bansara,8.0036,10.566888,317.0
S01978,Nuzari,Settlement,W030,Yeride,LGA04,Ilela,BAN,Bansara,7.893333,10.625727,71.0
S01989,Ollawa,Urban block,W030,Yeride,LGA04,Ilela,BAN,Bansara,7.956037,10.554798,295.0
S01956,Oltsiwa,Settlement,W030,Yeride,LGA04,Ilela,BAN,Bansara,8.03777,10.578977,27.0
S01927,Ringoru,Village,W030,Yeride,LGA04,Ilela,BAN,Bansara,8.080886,10.580473,17.0
S01959,Riyodu,Settlement,W030,Yeride,LGA04,Ilela,BAN,Bansara,7.907097,10.630835,53.0
S01929,Riyoyi,Settlement,W030,Yeride,LGA04,Ilela,BAN,Bansara,7.922213,10.685362,122.0
S01932,Salawo,Hamlet,W030,Yeride,LGA04,Ilela,BAN,Bansara,7.930858,10.598964,18.0
S01944,Satsiyi-Gabas,Hamlet,W030,Yeride,LGA04,Ilela,BAN,Bansara,8.03489,10.557761,20.0
S01987,Sawayi,Hamlet,W030,Yeride,LGA04,Ilela,BAN,Bansara,7.894225,10.608997,17.0
S01972,Subewo,Hamlet,W030,Yeride,LGA04,Ilela,BAN,Bansara,8.001896,10.556899,17.0
S01943,Suriri,Village,W030,Yeride,LGA04,Ilela,BAN,Bansara,7.925796,10.621056,63.0
S01960,Taladu,Village,W030,Yeride,LGA04,Ilela,BAN,Bansara,8.014421,10.544948,104.0
S01988,Tamawa,Village,W030,Yeride,LGA04,Ilela,BAN,Bansara,7.931521,10.629319,26.0
S01926,Umbafa,Village,W030,Yeride,LGA04,Ilela,BAN,Bansara,7.892781,10.677711,40.0
S01973,Umdedu,Village,W030,Yeride,LGA04,Ilela,BAN,Bansara,7.90043,10.631658,45.0
S01965,Umjiru,Hamlet,W030,Yeride,LGA04,Ilela,BAN,Bansara,7.899882,10.645977,39.0
S01966,Umluri-Sabo,Village,W030,Yeride,LGA04,Ilela,BAN,Bansara,7.933529,10.739756,80.0
S01940,Ummatu,Village,W030,Yeride,LGA04,Ilela,BAN,Bansara,7.910669,10.606843,126.0
S01984,Umrade,Hamlet,W030,Yeride,LGA04,Ilela,BAN,Bansara,7.883379,10.673027,3.0
S01931,Umrifa,Village,W030,Yeride,LGA04,Ilela,BAN,Bansara,7.940587,10.662706,131.0
S01980,Umwade,Village,W030,Yeride,LGA04,Ilela,BAN,Bansara,7.910645,10.594629,69.0
S01949,Uzdude,Village,W030,Yeride,LGA04,Ilela,BAN,Bansara,7.892708,10.620936,71.0
S01936,Uzzashi,Village,W030,Yeride,LGA04,Ilela,BAN,Bansara,7.93932,10.590878,78.0
S01953,Walumi,Village,W030,Yeride,LGA04,Ilela,BAN,Bansara,8.01039,10.588288,25.0
S01982,Wamawa,Settlement,W030,Yeride,LGA04,Ilela,BAN,Bansara,7.998105,10.676894,27.0
S01967,Watside,Village,W030,Yeride,LGA04,Ilela,BAN,Bansara,7.929295,10.648206,63.0
S01937,Yelafa,Hamlet,W030,Yeride,LGA04,Ilela,BAN,Bansara,7.908404,10.633425,16.0
S01970,Yengoru,Village,W030,Yeride,LGA04,Ilela,BAN,Bansara,8.067327,10.581241,93.0
S01951,Yewatu,Settlement,W030,Yeride,LGA04,Ilela,BAN,Bansara,7.917615,10.609291,21.0
S01942,Zangori-Sabo,Settlement,W030,Yeride,LGA04,Ilela,BAN,Bansara,7.934236,10.695327,90.0
S01320,Adberi,Village,W017,Bazasa,LGA03,Katsuma,BAN,Bansara,7.5643,11.401208,75.0
S01285,Adduna,Settlement,W017,Bazasa,LGA03,Katsuma,BAN,Bansara,7.565983,11.392797,7.0
S01321,Agkoja,Village,W017,Bazasa,LGA03,Katsuma,BAN,Bansara,7.606978,11.412736,75.0
S01278,Agrimi,Settlement,W017,Bazasa,LGA03,Katsuma,BAN,Bansara,7.528006,11.42467,25.0
S01299,Doshasa,Village,W017,Bazasa,LGA03,Katsuma,BAN,Bansara,7.522539,11.388401,114.0
S01287,Dotsile,Hamlet,W017,Bazasa,LGA03,Katsuma,BAN,Bansara,7.553456,11.394998,14.0
S01290,Fariwo-Gabas,Hamlet,W017,Bazasa,LGA03,Katsuma,BAN,Bansara,7.545013,11.394234,10.0
S01281,Gudeba,Hamlet,W017,Bazasa,LGA03,Katsuma,BAN,Bansara,7.544677,11.382806,14.0
S01294,Habayi,Village,W017,Bazasa,LGA03,Katsuma,BAN,Bansara,7.550649,11.429855,159.0
S01283,Habeba-Tudun,Village,W017,Bazasa,LGA03,Katsuma,BAN,Bansara,7.539543,11.413768,72.0
S01282,Hanatu,Hamlet,W017,Bazasa,LGA03,Katsuma,BAN,Bansara,7.552656,11.373503,21.0
S01310,Hasani-Kofar,Hamlet,W017,Bazasa,LGA03,Katsuma,BAN,Bansara,7.528854,11.392147,14.0
S01306,Hatsima-Tudun,Hamlet,W017,Bazasa,LGA03,Katsuma,BAN,Bansara,7.636696,11.525499,31.0
S01292,Irduma-Gabas,Hamlet,W017,Bazasa,LGA03,Katsuma,BAN,Bansara,7.583243,11.567145,19.0
S01318,Irmami,Hamlet,W017,Bazasa,LGA03,Katsuma,BAN,Bansara,7.552848,11.416146,18.0
S01319,Kajiba,Village,W017,Bazasa,LGA03,Katsuma,BAN,Bansara,7.533401,11.383324,49.0
S01313,Kangode,Village,W017,Bazasa,LGA03,Katsuma,BAN,Bansara,7.514418,11.408594,168.0
S01303,Kutiko,Hamlet,W017,Bazasa,LGA03,Katsuma,BAN,Bansara,7.558117,11.385108,4.0
S01302,Lojiwa,Village,W017,Bazasa,LGA03,Katsuma,BAN,Bansara,7.514916,11.417762,60.0
S01300,Lokofa-Yamma,Hamlet,W017,Bazasa,LGA03,Katsuma,BAN,Bansara,7.576572,11.406937,15.0
S01307,Lotina-Tudun,Village,W017,Bazasa,LGA03,Katsuma,BAN,Bansara,7.556035,11.417301,49.0
S01288,Lotiru-Tsakiya,Village,W017,Bazasa,LGA03,Katsuma,BAN,Bansara,7.635423,11.560235,123.0
S01295,Maberu,Hamlet,W017,Bazasa,LGA03,Katsuma,BAN,Bansara,7.54716,11.384025,28.0
S01311,Makoni,Village,W017,Bazasa,LGA03,Katsuma,BAN,Bansara,7.557902,11.393048,73.0
S01304,Mamasa,Village,W017,Bazasa,LGA03,Katsuma,BAN,Bansara,7.559203,11.423353,73.0
S01308,Olsani,Village,W017,Bazasa,LGA03,Katsuma,BAN,Bansara,7.539526,11.43052,129.0
S01312,Sakoja-Arewa,Village,W017,Bazasa,LGA03,Katsuma,BAN,Bansara,7.559991,11.394051,74.0
S01286,Saluba,Village,W017,Bazasa,LGA03,Katsuma,BAN,Bansara,7.510887,11.406867,101.0
S01316,Saluna,Village,W017,Bazasa,LGA03,Katsuma,BAN,Bansara,7.60005,11.408952,69.0
S01296,Sariwa,Village,W017,Bazasa,LGA03,Katsuma,BAN,Bansara,7.526032,11.398969,75.0
S01289,Umdudu-Sabo,Hamlet,W017,Bazasa,LGA03,Katsuma,BAN,Bansara,7.531806,11.397696,12.0
S01291,Umjima-Arewa,Settlement,W017,Bazasa,LGA03,Katsuma,BAN,Bansara,7.518154,11.394,28.0
S01317,Umrafa,Village,W017,Bazasa,LGA03,Katsuma,BAN,Bansara,7.592967,11.424878,88.0
S01315,Uzrama-Arewa,Village,W017,Bazasa,LGA03,Katsuma,BAN,Bansara,7.57098,11.406035,44.0
S01280,Uztide,Village,W017,Bazasa,LGA03,Katsuma,BAN,Bansara,7.525886,11.395172,133.0
S01297,Uztsisa-Kudu,Village,W017,Bazasa,LGA03,Katsuma,BAN,Bansara,7.538425,11.406433,90.0
S01301,Walade,Village,W017,Bazasa,LGA03,Katsuma,BAN,Bansara,7.566144,11.422329,52.0
S01305,Wangori,Hamlet,W017,Bazasa,LGA03,Katsuma,BAN,Bansara,7.550073,11.391115,7.0
S01298,Wasadu,Village,W017,Bazasa,LGA03,Katsuma,BAN,Bansara,7.535106,11.412217,8.0
S01279,Yebeba-Tudun,Hamlet,W017,Bazasa,LGA03,Katsuma,BAN,Bansara,7.528544,11.396788,23.0
S01314,Yedeyi,Village,W017,Bazasa,LGA03,Katsuma,BAN,Bansara,7.523566,11.399185,116.0
S01284,Yeyotu,Hamlet,W017,Bazasa,LGA03,Katsuma,BAN,Bansara,7.531613,11.41437,19.0
S01309,Zakona,Settlement,W017,Bazasa,LGA03,Katsuma,BAN,Bansara,7.579336,11.380186,111.0
S01293,Zawama,Village,W017,Bazasa,LGA03,Katsuma,BAN,Bansara,7.531458,11.396017,15.0
S01781,Agmana,Village,W027,Daberi,LGA03,Katsuma,BAN,Bansara,7.899721,11.463895,20.0
S01783,Badeko,Village,W027,Daberi,LGA03,Katsuma,BAN,Bansara,7.917479,11.461679,35.0
S01755,Bakodu,Settlement,W027,Daberi,LGA03,Katsuma,BAN,Bansara,7.924013,11.466326,27.0
S01785,Baluko,Village,W027,Daberi,LGA03,Katsuma,BAN,Bansara,7.915028,11.477601,14.0
S01756,Bangoni,Settlement,W027,Daberi,LGA03,Katsuma,BAN,Bansara,7.76258,11.325954,60.0
S01774,Damafa,Village,W027,Daberi,LGA03,Katsuma,BAN,Bansara,7.913179,11.509624,55.0
S01784,Dongoyi,Hamlet,W027,Daberi,LGA03,Katsuma,BAN,Bansara,7.928292,11.456452,44.0
S01787,Ekkota-Sabo,Hamlet,W027,Daberi,LGA03,Katsuma,BAN,Bansara,7.931629,11.453684,9.0
S01767,Eklafa,Village,W027,Daberi,LGA03,Katsuma,BAN,Bansara,7.944277,11.469164,104.0
S01782,Ensadu,Village,W027,Daberi,LGA03,Katsuma,BAN,Bansara,7.912132,11.493044,31.0
S01773,Haluni,Village,W027,Daberi,LGA03,Katsuma,BAN,Bansara,7.92202,11.47751,35.0
S01786,Harana,Village,W027,Daberi,LGA03,Katsuma,BAN,Bansara,7.913459,11.477113,50.0
S01761,Hariko-Yamma,Village,W027,Daberi,LGA03,Katsuma,BAN,Bansara,7.942276,11.446681,89.0
S01757,Ibsaru,Village,W027,Daberi,LGA03,Katsuma,BAN,Bansara,7.930676,11.458423,57.0
S01778,Ibwama,Hamlet,W027,Daberi,LGA03,Katsuma,BAN,Bansara,7.923554,11.484527,3.0
S01764,Irdushi-Kudu,Village,W027,Daberi,LGA03,Katsuma,BAN,Bansara,7.900672,11.497259,176.0
S01790,Irkona,Hamlet,W027,Daberi,LGA03,Katsuma,BAN,Bansara,7.944243,11.505726,6.0
S01769,Irshaja-Sabo,Urban block,W027,Daberi,LGA03,Katsuma,BAN,Bansara,7.909526,11.469198,228.0
S01788,Irtitu,Settlement,W027,Daberi,LGA03,Katsuma,BAN,Bansara,7.906094,11.465339,24.0
S01776,Kabaja,Hamlet,W027,Daberi,LGA03,Katsuma,BAN,Bansara,7.882344,11.451451,36.0
S01772,Lodeyi,Village,W027,Daberi,LGA03,Katsuma,BAN,Bansara,7.902499,11.480966,25.0
S01765,Okshawo,Village,W027,Daberi,LGA03,Katsuma,BAN,Bansara,7.910087,11.498205,89.0
S01770,Oldedu,Hamlet,W027,Daberi,LGA03,Katsuma,BAN,Bansara,7.805738,11.455498,17.0
S01766,Olngori,Village,W027,Daberi,LGA03,Katsuma,BAN,Bansara,7.974357,11.455849,166.0
S01779,Oltidu,Village,W027,Daberi,LGA03,Katsuma,BAN,Bansara,7.915413,11.463292,77.0
S01758,Ridudu,Hamlet,W027,Daberi,LGA03,Katsuma,BAN,Bansara,7.918996,11.475755,11.0
S01760,Rilana-Kudu,Hamlet,W027,Daberi,LGA03,Katsuma,BAN,Bansara,7.894834,11.46639,14.0
S01768,Rinana,Village,W027,Daberi,LGA03,Katsuma,BAN,Bansara,7.891669,11.378252,94.0
S01780,Sakowo,Village,W027,Daberi,LGA03,Katsuma,BAN,Bansara,7.912788,11.483848,111.0
S01789,Sunari-Tsakiya,Hamlet,W027,Daberi,LGA03,Katsuma,BAN,Bansara,7.919215,11.466865,21.0
S01763,Tangodu,Village,W027,Daberi,LGA03,Katsuma,BAN,Bansara,7.898295,11.450616,72.0
S01762,Umyota,Hamlet,W027,Daberi,LGA03,Katsuma,BAN,Bansara,7.925016,11.461442,19.0
S01759,Uzluru,Hamlet,W027,Daberi,LGA03,Katsuma,BAN,Bansara,7.910705,11.455235,66.0
S01791,Wakoma-Yamma,Village,W027,Daberi,LGA03,Katsuma,BAN,Bansara,7.943979,11.490658,62.0
S01771,Yengodu,Village,W027,Daberi,LGA03,Katsuma,BAN,Bansara,7.924031,11.462033,66.0
S01775,Yeyori-Arewa,Hamlet,W027,Daberi,LGA03,Katsuma,BAN,Bansara,7.902314,11.48144,8.0
S01777,Zashaba,Hamlet,W027,Daberi,LGA03,Katsuma,BAN,Bansara,7.928873,11.466221,24.0
S02184,Adngota,Settlement,W034,Dodeta,LGA03,Katsuma,BAN,Bansara,8.257833,11.186682,39.0
S02199,Adshale,Settlement,W034,Dodeta,LGA03,Katsuma,BAN,Bansara,8.168755,11.307831,27.0
S02203,Adzawa,Village,W034,Dodeta,LGA03,Katsuma,BAN,Bansara,8.116825,11.197133,61.0
S02188,Agshama,Hamlet,W034,Dodeta,LGA03,Katsuma,BAN,Bansara,8.277867,11.230221,15.0
S02191,Agyosa-Yamma,Hamlet,W034,Dodeta,LGA03,Katsuma,BAN,Bansara,8.238379,11.21919,11.0
S02196,Baberi-Kudu,Village,W034,Dodeta,LGA03,Katsuma,BAN,Bansara,8.198259,11.333924,129.0
S02170,Biradu,Hamlet,W034,Dodeta,LGA03,Katsuma,BAN,Bansara,8.114192,11.203998,34.0
S02176,Bitsina,Hamlet,W034,Dodeta,LGA03,Katsuma,BAN,Bansara,8.239709,11.251208,16.0
S02195,Biyode,Hamlet,W034,Dodeta,LGA03,Katsuma,BAN,Bansara,8.125531,11.233684,3.0
S02204,Ekjiba,Settlement,W034,Dodeta,LGA03,Katsuma,BAN,Bansara,8.122999,11.17532,46.0
S02205,Ekluwo,Village,W034,Dodeta,LGA03,Katsuma,BAN,Bansara,8.249723,11.223087,61.0
S02177,Ekraru,Village,W034,Dodeta,LGA03,Katsuma,BAN,Bansara,8.268386,11.190796,61.0
S02212,Ekrile,Settlement,W034,Dodeta,LGA03,Katsuma,BAN,Bansara,8.207244,11.238904,40.0
S02178,Ekzaru,Village,W034,Dodeta,LGA03,Katsuma,BAN,Bansara,8.129364,11.19837,62.0
S02198,Enbani,Village,W034,Dodeta,LGA03,Katsuma,BAN,Bansara,8.023746580490336,11.209742,98.0
S02216,Enshade,Village,W034,Dodeta,LGA03,Katsuma,BAN,Bansara,8.269082,11.205658,45.0
S02206,Enshadu,Village,W034,Dodeta,LGA03,Katsuma,BAN,Bansara,8.112987,11.282903,50.0
S02208,Enwafa-Gabas,Hamlet,W034,Dodeta,LGA03,Katsuma,BAN,Bansara,8.246889,11.184954,15.0
S02189,Famaba,Hamlet,W034,Dodeta,LGA03,Katsuma,BAN,Bansara,8.265982,11.193125,26.0
S02187,Gujimi,Village,W034,Dodeta,LGA03,Katsuma,BAN,Bansara,8.274364,11.24815,56.0
S02192,Gunari,Settlement,W034,Dodeta,LGA03,Katsuma,BAN,Bansara,8.109845,11.189338,12.0
S02174,Guzana,Village,W034,Dodeta,LGA03,Katsuma,BAN,Bansara,8.122707,11.220318,16.0
S02202,Hajiko,Village,W034,Dodeta,LGA03,Katsuma,BAN,Bansara,8.163486,11.190768,150.0
S02166,Halayi,Hamlet,W034,Dodeta,LGA03,Katsuma,BAN,Bansara,8.271553,11.230602,11.0
S02179,Hatiwo,Hamlet,W034,Dodeta,LGA03,Katsuma,BAN,Bansara,8.136051,11.195067,24.0
S02169,Ibrifa,Hamlet,W034,Dodeta,LGA03,Katsuma,BAN,Bansara,8.247769,11.218623,25.0
S02175,Irdutu-Kofar,Settlement,W034,Dodeta,LGA03,Katsuma,BAN,Bansara,8.27521,11.184652,48.0
S02183,Irmawo-Kofar,Settlement,W034,Dodeta,LGA03,Katsuma,BAN,Bansara,8.198089,11.122053,50.0
S02215,Jibeja-Sabo,Settlement,W034,Dodeta,LGA03,Katsuma,BAN,Bansara,8.270142,11.24391,31.0
S02207,Kuberi,Hamlet,W034,Dodeta,LGA03,Katsuma,BAN,Bansara,8.253245,11.189484,41.0
S02167,Lolaba,Village,W034,Dodeta,LGA03,Katsuma,BAN,Bansara,8.277302,11.210549,59.0
S02210,Loratu-Arewa,Village,W034,Dodeta,LGA03,Katsuma,BAN,Bansara,8.252115,11.210791,71.0
S02209,Losashi,Settlement,W034,Dodeta,LGA03,Katsuma,BAN,Bansara,8.261323,11.180926,52.0
S02193,Nujishi,Hamlet,W034,Dodeta,LGA03,Katsuma,BAN,Bansara,8.132599,11.187271,23.0
S02211,Okngodu,Hamlet,W034,Dodeta,LGA03,Katsuma,BAN,Bansara,8.133043,11.287544,8.0
S02197,Olderu,Hamlet,W034,Dodeta,LGA03,Katsuma,BAN,Bansara,8.265135,11.205058,5.0
S02168,Olnaba,Settlement,W034,Dodeta,LGA03,Katsuma,BAN,Bansara,8.245477,11.213765,41.0
S02182,Oltishi,Village,W034,Dodeta,LGA03,Katsuma,BAN,Bansara,8.125148,11.328509,72.0
S02181,Sabayi,Village,W034,Dodeta,LGA03,Katsuma,BAN,Bansara,8.250834,11.228463,24.0
S02180,Sadeko-Gabas,Hamlet,W034,Dodeta,LGA03,Katsuma,BAN,Bansara,8.259411,11.211803,21.0
S02172,Sukotu,Village,W034,Dodeta,LGA03,Katsuma,BAN,Bansara,8.229173,11.226746,88.0
S02171,Umngota-Kudu,Village,W034,Dodeta,LGA03,Katsuma,BAN,Bansara,8.112394,11.198032,83.0
S02200,Umshayi,Village,W034,Dodeta,LGA03,Katsuma,BAN,Bansara,8.264799,11.220529,38.0
S02164,Umtsiko-Tudun,Hamlet,W034,Dodeta,LGA03,Katsuma,BAN,Bansara,8.265259,11.1525,10.0
S02190,Uztiko,Hamlet,W034,Dodeta,LGA03,Katsuma,BAN,Bansara,8.12997,11.184791,7.0
S02165,Uztiwa,Hamlet,W034,Dodeta,LGA03,Katsuma,BAN,Bansara,8.217561,11.313326,15.0
S02214,Uzyotu,Village,W034,Dodeta,LGA03,Katsuma,BAN,Bansara,8.132966,11.179723,46.0
S02201,Wabayi,Hamlet,W034,Dodeta,LGA03,Katsuma,BAN,Bansara,8.259069,11.234848,38.0
S02185,Watsima,Hamlet,W034,Dodeta,LGA03,Katsuma,BAN,Bansara,8.16866,11.284987,20.0
S02186,Wazana-Tudun,Village,W034,Dodeta,LGA03,Katsuma,BAN,Bansara,8.126068,11.187414,53.0
S02194,Yekoma,Village,W034,Dodeta,LGA03,Katsuma,BAN,Bansara,8.103112,11.281907,98.0
S02173,Yekosa,Village,W034,Dodeta,LGA03,Katsuma,BAN,Bansara,8.244261,11.236558,22.0
S02213,Zangowo,Village,W034,Dodeta,LGA03,Katsuma,BAN,Bansara,8.138177,11.184126,100.0
S01732,Addudu-Kudu,Village,W026,Kungomi,LGA03,Katsuma,BAN,Bansara,7.753743,11.53321,43.0
S01736,Adduwo,Settlement,W026,Kungomi,LGA03,Katsuma,BAN,Bansara,7.70389,11.544319,138.0
S01737,Adkowa,Village,W026,Kungomi,LGA03,Katsuma,BAN,Bansara,7.73373,11.409549,40.0
S01717,Adrari,Hamlet,W026,Kungomi,LGA03,Katsuma,BAN,Bansara,7.699843,11.525242,13.0
S01713,Adtsima,Village,W026,Kungomi,LGA03,Katsuma,BAN,Bansara,7.649127,11.402383,85.0
S01730,Adzaba,Village,W026,Kungomi,LGA03,Katsuma,BAN,Bansara,7.741279,11.527543,75.0
S01728,Agdesa,Hamlet,W026,Kungomi,LGA03,Katsuma,BAN,Bansara,7.729922,11.421176,5.0
S01724,Baberu-Tsakiya,Hamlet,W026,Kungomi,LGA03,Katsuma,BAN,Bansara,7.712664,11.573489,35.0
S01709,Balayi,Village,W026,Kungomi,LGA03,Katsuma,BAN,Bansara,7.750976,11.345551,65.0
S01741,Bamani,Village,W026,Kungomi,LGA03,Katsuma,BAN,Bansara,7.709254,11.533463,74.0
S01743,Bamawo,Hamlet,W026,Kungomi,LGA03,Katsuma,BAN,Bansara,7.754148,11.400977,10.0
S01748,Bangofa,Village,W026,Kungomi,LGA03,Katsuma,BAN,Bansara,7.742536,11.515757,48.0
S01711,Bibewa,Settlement,W026,Kungomi,LGA03,Katsuma,BAN,Bansara,7.764196,11.416421,65.0
S01735,Bikowo,Village,W026,Kungomi,LGA03,Katsuma,BAN,Bansara,7.776751,11.441405,116.0
S01745,Donama,Hamlet,W026,Kungomi,LGA03,Katsuma,BAN,Bansara,7.759091,11.414734,21.0
S01751,Enngoba,Village,W026,Kungomi,LGA03,Katsuma,BAN,Bansara,7.666788,11.410631,22.0
S01727,Fajiru,Village,W026,Kungomi,LGA03,Katsuma,BAN,Bansara,7.7491,11.435383,15.0
S01747,Guwami,Hamlet,W026,Kungomi,LGA03,Katsuma,BAN,Bansara,7.748069,11.544235,47.0
S01744,Guyoshi,Village,W026,Kungomi,LGA03,Katsuma,BAN,Bansara,7.720837,11.538183,70.0
S01723,Ibjidu,Settlement,W026,Kungomi,LGA03,Katsuma,BAN,Bansara,7.728521,11.515566,59.0
S01714,Ibraja,Hamlet,W026,Kungomi,LGA03,Katsuma,BAN,Bansara,7.716355,11.526259,26.0
S01708,Irnani,Village,W026,Kungomi,LGA03,Katsuma,BAN,Bansara,7.691609,11.518098,156.0
S01738,Irrani,Village,W026,Kungomi,LGA03,Katsuma,BAN,Bansara,7.756198,11.394948,96.0
S01707,Jibasa,Hamlet,W026,Kungomi,LGA03,Katsuma,BAN,Bansara,7.755439,11.535351,17.0
S01754,Jikoshi,Settlement,W026,Kungomi,LGA03,Katsuma,BAN,Bansara,7.736291,11.535166,30.0
S01729,Jiriwa,Village,W026,Kungomi,LGA03,Katsuma,BAN,Bansara,7.749553,11.415722,52.0
S01715,Jitsiri,Urban block,W026,Kungomi,LGA03,Katsuma,BAN,Bansara,7.749957,11.411481,184.0
S01753,Kabewa,Village,W026,Kungomi,LGA03,Katsuma,BAN,Bansara,7.734186,11.52234,18.0
S01750,Kalari,Hamlet,W026,Kungomi,LGA03,Katsuma,BAN,Bansara,7.773844,11.400446,28.0
S01731,Kurama,Village,W026,Kungomi,LGA03,Katsuma,BAN,Bansara,7.732093,11.379446,40.0
S01721,Longota,Village,W026,Kungomi,LGA03,Katsuma,BAN,Bansara,7.737998,11.532159,81.0
S01726,Manama,Village,W026,Kungomi,LGA03,Katsuma,BAN,Bansara,7.718467,11.534386,20.0
S01733,Olzadu-Kofar,Village,W026,Kungomi,LGA03,Katsuma,BAN,Bansara,7.777525,11.409366,78.0
S01739,Olzawa,Settlement,W026,Kungomi,LGA03,Katsuma,BAN,Bansara,7.757164,11.437726,39.0
S01725,Risale,Hamlet,W026,Kungomi,LGA03,Katsuma,BAN,Bansara,7.732746,11.398115,27.0
S01718,Saberi,Village,W026,Kungomi,LGA03,Katsuma,BAN,Bansara,7.699546,11.350616,80.0
S01749,Sajiri,Hamlet,W026,Kungomi,LGA03,Katsuma,BAN,Bansara,7.773115,11.40963,47.0
S01746,Suriwo,Hamlet,W026,Kungomi,LGA03,Katsuma,BAN,Bansara,7.738605,11.42904,53.0
S01742,Sutisa,Village,W026,Kungomi,LGA03,Katsuma,BAN,Bansara,7.713533,11.547383,16.0
S01710,Tasawo,Village,W026,Kungomi,LGA03,Katsuma,BAN,Bansara,7.767532,11.558459,118.0
S01720,Tawatu,Settlement,W026,Kungomi,LGA03,Katsuma,BAN,Bansara,7.69786,11.503436,11.0
S01740,Uzkori,Hamlet,W026,Kungomi,LGA03,Katsuma,BAN,Bansara,7.737649,11.380464,22.0
S01719,Uzwafa,Hamlet,W026,Kungomi,LGA03,Katsuma,BAN,Bansara,7.750435,11.546149,12.0
S01716,Wadeyi,Village,W026,Kungomi,LGA03,Katsuma,BAN,Bansara,7.773778,11.420091,84.0
S01712,Wajile,Village,W026,Kungomi,LGA03,Katsuma,BAN,Bansara,7.750473,11.536484,76.0
S01722,Wawana,Hamlet,W026,Kungomi,LGA03,Katsuma,BAN,Bansara,7.766914,11.456903,52.0
S01734,Yemafa,Village,W026,Kungomi,LGA03,Katsuma,BAN,Bansara,7.745043,11.518453,60.0
S01752,Yengoko,Hamlet,W026,Kungomi,LGA03,Katsuma,BAN,Bansara,7.76576,11.423556,29.0
S02359,Adshade-Sabo,Village,W037,Longoma,LGA03,Katsuma,BAN,Bansara,8.214324,11.503142,85.0
S02337,Adzawo,Village,W037,Longoma,LGA03,Katsuma,BAN,Bansara,8.212604,11.558209,86.0
S02336,Agnade,Village,W037,Longoma,LGA03,Katsuma,BAN,Bansara,8.20739,11.554223,31.0
S02324,Agtsimi-Kudu,Village,W037,Longoma,LGA03,Katsuma,BAN,Bansara,8.190454,11.541879,74.0
S02356,Birawo,Village,W037,Longoma,LGA03,Katsuma,BAN,Bansara,8.168868,11.534381,82.0
S02329,Bishasa,Village,W037,Longoma,LGA03,Katsuma,BAN,Bansara,8.179227,11.54387,72.0
S02327,Bizade-Kofar,Village,W037,Longoma,LGA03,Katsuma,BAN,Bansara,8.231132,11.469893,63.0
S02361,Bizaru,Hamlet,W037,Longoma,LGA03,Katsuma,BAN,Bansara,8.22804,11.557902,19.0
S02350,Dazari,Settlement,W037,Longoma,LGA03,Katsuma,BAN,Bansara,8.201757,11.515577,21.0
S02353,Dozari-Sabo,Urban block,W037,Longoma,LGA03,Katsuma,BAN,Bansara,8.195154,11.507037,390.0
S02345,Ekraba,Settlement,W037,Longoma,LGA03,Katsuma,BAN,Bansara,8.23884,11.485135,73.0
S02318,Ekzaba,Hamlet,W037,Longoma,LGA03,Katsuma,BAN,Bansara,8.23336,11.554803,32.0
S02326,Faraja,Hamlet,W037,Longoma,LGA03,Katsuma,BAN,Bansara,8.2028,11.547187,17.0
S02319,Gutiri,Village,W037,Longoma,LGA03,Katsuma,BAN,Bansara,8.226762,11.537639,61.0
S02323,Gutsifa,Village,W037,Longoma,LGA03,Katsuma,BAN,Bansara,8.184308,11.526681,29.0
S02354,Hakoyi,Village,W037,Longoma,LGA03,Katsuma,BAN,Bansara,8.207828,11.532151,27.0
S02358,Hangoru,Hamlet,W037,Longoma,LGA03,Katsuma,BAN,Bansara,8.214155,11.548091,25.0
S02344,Hatifa,Settlement,W037,Longoma,LGA03,Katsuma,BAN,Bansara,8.218461,11.545366,8.0
S02330,Ibderu,Village,W037,Longoma,LGA03,Katsuma,BAN,Bansara,8.184097,11.533524,54.0
S02333,Irzata,Village,W037,Longoma,LGA03,Katsuma,BAN,Bansara,8.185887,11.505552,87.0
S02338,Jijiba,Village,W037,Longoma,LGA03,Katsuma,BAN,Bansara,8.18591,11.519999,56.0
S02316,Jishawa,Village,W037,Longoma,LGA03,Katsuma,BAN,Bansara,8.235492,11.517535,127.0
S02360,Kademi,Settlement,W037,Longoma,LGA03,Katsuma,BAN,Bansara,8.196104,11.520691,36.0
S02325,Kadule,Village,W037,Longoma,LGA03,Katsuma,BAN,Bansara,8.215632,11.572282,73.0
S02351,Kakowa,Hamlet,W037,Longoma,LGA03,Katsuma,BAN,Bansara,8.204792,11.560617,18.0
S02355,Kamaba-Arewa,Village,W037,Longoma,LGA03,Katsuma,BAN,Bansara,8.188456,11.542163,64.0
S02320,Kutina,Village,W037,Longoma,LGA03,Katsuma,BAN,Bansara,8.205577,11.511003,40.0
S02332,Kuyowo-Yamma,Village,W037,Longoma,LGA03,Katsuma,BAN,Bansara,8.240808,11.46599,20.0
S02328,Lodeja-Tsakiya,Village,W037,Longoma,LGA03,Katsuma,BAN,Bansara,8.238937,11.547094,119.0
S02340,Lotsishi,Village,W037,Longoma,LGA03,Katsuma,BAN,Bansara,8.216782,11.455742,23.0
S02346,Matidu,Hamlet,W037,Longoma,LGA03,Katsuma,BAN,Bansara,8.210729,11.541953,6.0
S02315,Nulama-Kofar,Village,W037,Longoma,LGA03,Katsuma,BAN,Bansara,8.204029,11.57011,23.0
S02349,Nunani-Kudu,Hamlet,W037,Longoma,LGA03,Katsuma,BAN,Bansara,8.208408,11.565979,62.0
S02362,Nushadu,Village,W037,Longoma,LGA03,Katsuma,BAN,Bansara,8.177523,11.528195,16.0
S02314,Nutsifa-Gabas,Hamlet,W037,Longoma,LGA03,Katsuma,BAN,Bansara,8.240758,11.462606,26.0
S02334,Oktsiba,Village,W037,Longoma,LGA03,Katsuma,BAN,Bansara,8.193938,11.48862,33.0
S02342,Oktsimi-Gabas,Hamlet,W037,Longoma,LGA03,Katsuma,BAN,Bansara,8.207621,11.538552,32.0
S02343,Olbako,Hamlet,W037,Longoma,LGA03,Katsuma,BAN,Bansara,8.201982,11.49954,32.0
S02313,Olluru,Village,W037,Longoma,LGA03,Katsuma,BAN,Bansara,8.223885,11.565168,98.0
S02348,Sabafa,Hamlet,W037,Longoma,LGA03,Katsuma,BAN,Bansara,8.193625,11.545334,6.0
S02317,Sasade-Tsakiya,Village,W037,Longoma,LGA03,Katsuma,BAN,Bansara,8.214112,11.509621,42.0
S02335,Suridu,Settlement,W037,Longoma,LGA03,Katsuma,BAN,Bansara,8.202454,11.547745,26.0
S02322,Umbede,Village,W037,Longoma,LGA03,Katsuma,BAN,Bansara,8.212121,11.565571,32.0
S02321,Umduja-Kofar,Village,W037,Longoma,LGA03,Katsuma,BAN,Bansara,8.183989,11.547611,77.0
S02339,Umluyi,Hamlet,W037,Longoma,LGA03,Katsuma,BAN,Bansara,8.211132,11.564025,17.0
S02357,Wajiwo,Village,W037,Longoma,LGA03,Katsuma,BAN,Bansara,8.221043,11.504265,63.0
S02352,Wangoshi,Hamlet,W037,Longoma,LGA03,Katsuma,BAN,Bansara,8.182239,11.56564,20.0
S02331,Warako-Yamma,Village,W037,Longoma,LGA03,Katsuma,BAN,Bansara,8.179667,11.517216,90.0
S02347,Washari,Village,W037,Longoma,LGA03,Katsuma,BAN,Bansara,8.195792,11.554739,42.0
S02341,Yerana,Hamlet,W037,Longoma,LGA03,Katsuma,BAN,Bansara,8.188294,11.530441,27.0
S02396,Adluta,Village,W038,Sashasa,LGA03,Katsuma,BAN,Bansara,8.257204,11.393619,118.0
S02382,Adrisa,Hamlet,W038,Sashasa,LGA03,Katsuma,BAN,Bansara,8.407473,11.296295,5.0
S02383,Agduyi,Village,W038,Sashasa,LGA03,Katsuma,BAN,Bansara,8.32117,11.430327,98.0
S02403,Agjima-Kudu,Hamlet,W038,Sashasa,LGA03,Katsuma,BAN,Bansara,8.35928,11.405042,16.0
S02365,Barifa,Hamlet,W038,Sashasa,LGA03,Katsuma,BAN,Bansara,8.300093,11.431789,11.0
S02377,Bisawa,Village,W038,Sashasa,LGA03,Katsuma,BAN,Bansara,8.337673,11.437859,84.0
S02370,Bizari,Village,W038,Sashasa,LGA03,Katsuma,BAN,Bansara,8.246692,11.405789,79.0
S02397,Dalani-Gabas,Settlement,W038,Sashasa,LGA03,Katsuma,BAN,Bansara,8.323817,11.418444,26.0
S02385,Dashatu,Village,W038,Sashasa,LGA03,Katsuma,BAN,Bansara,8.418025,11.261514,39.0
S02394,Domama,Settlement,W038,Sashasa,LGA03,Katsuma,BAN,Bansara,8.319983,11.438274,36.0
S02418,Ektiyi,Hamlet,W038,Sashasa,LGA03,Katsuma,BAN,Bansara,8.275016,11.313425,15.0
S02371,Enduyi,Village,W038,Sashasa,LGA03,Katsuma,BAN,Bansara,8.318824,11.406503,52.0
S02412,Fanale,Village,W038,Sashasa,LGA03,Katsuma,BAN,Bansara,8.354472,11.397394,3.0
S02375,Farayi,Settlement,W038,Sashasa,LGA03,Katsuma,BAN,Bansara,8.335275,11.300854,91.0
S02404,Fawashi,Village,W038,Sashasa,LGA03,Katsuma,BAN,Bansara,8.29263,11.254938,49.0
S02378,Habeshi,Village,W038,Sashasa,LGA03,Katsuma,BAN,Bansara,8.417047,11.337818,160.0
S02400,Haduri,Village,W038,Sashasa,LGA03,Katsuma,BAN,Bansara,8.264764,11.413526,97.0
S02380,Hangowo,Village,W038,Sashasa,LGA03,Katsuma,BAN,Bansara,8.345764,11.410175,37.0
S02398,Hazawa,Hamlet,W038,Sashasa,LGA03,Katsuma,BAN,Bansara,8.306316,11.422046,11.0
S02422,Ibjifa,Urban block,W038,Sashasa,LGA03,Katsuma,BAN,Bansara,8.329334,11.449854,102.0
S02363,Ibmafa,Village,W038,Sashasa,LGA03,Katsuma,BAN,Bansara,8.345527,11.400558,52.0
S02399,Ibshata-Kudu,Settlement,W038,Sashasa,LGA03,Katsuma,BAN,Bansara,8.331516,11.414917,34.0
S02374,Irriwo,Village,W038,Sashasa,LGA03,Katsuma,BAN,Bansara,8.410593,11.293085,36.0
S02413,Jidede,Village,W038,Sashasa,LGA03,Katsuma,BAN,Bansara,8.360602,11.386577,30.0
S02415,Jikoja-Tudun,Hamlet,W038,Sashasa,LGA03,Katsuma,BAN,Bansara,8.367801,11.427583,8.0
S02388,Jitsija,Hamlet,W038,Sashasa,LGA03,Katsuma,BAN,Bansara,8.318298,11.43657,19.0
S02406,Kabako-Sabo,Settlement,W038,Sashasa,LGA03,Katsuma,BAN,Bansara,8.32512,11.398499,25.0
S02410,Makofa,Village,W038,Sashasa,LGA03,Katsuma,BAN,Bansara,8.411299,11.277595,23.0
S02402,Mangodu,Settlement,W038,Sashasa,LGA03,Katsuma,BAN,Bansara,8.405262,11.319682,12.0
S02369,Mayona,Settlement,W038,Sashasa,LGA03,Katsuma,BAN,Bansara,8.348438,11.427285,30.0
S02419,Mazako,Village,W038,Sashasa,LGA03,Katsuma,BAN,Bansara,8.356814,11.387772,58.0
S02414,Nuberu-Yamma,Urban block,W038,Sashasa,LGA03,Katsuma,BAN,Bansara,8.259391,11.40591,78.0
S02390,Nulatu,Village,W038,Sashasa,LGA03,Katsuma,BAN,Bansara,8.24768,11.40266,11.0
S02408,Nurishi,Village,W038,Sashasa,LGA03,Katsuma,BAN,Bansara,8.393486,11.293582,85.0
S02420,Oldetu,Village,W038,Sashasa,LGA03,Katsuma,BAN,Bansara,8.409953,11.31061,34.0
S02392,Olsadu,Village,W038,Sashasa,LGA03,Katsuma,BAN,Bansara,8.278418,11.40136,35.0
S02409,Rirawo,Urban block,W038,Sashasa,LGA03,Katsuma,BAN,Bansara,8.340779,11.415079,160.0
S02417,Ritsiru,Village,W038,Sashasa,LGA03,Katsuma,BAN,Bansara,8.347124,11.442369,175.0
S02411,Riyoja,Village,W038,Sashasa,LGA03,Katsuma,BAN,Bansara,8.350738,11.401157,153.0
S02405,Sanawo,Village,W038,Sashasa,LGA03,Katsuma,BAN,Bansara,8.34162,11.427553,74.0
S02421,Sawatu,Settlement,W038,Sashasa,LGA03,Katsuma,BAN,Bansara,8.308897,11.405895,25.0
S02379,Sushatu-Arewa,Hamlet,W038,Sashasa,LGA03,Katsuma,BAN,Bansara,8.272114,11.42345,16.0
S02376,Sutile,Village,W038,Sashasa,LGA03,Katsuma,BAN,Bansara,8.365021,11.423485,90.0
S02395,Tabata,Village,W038,Sashasa,LGA03,Katsuma,BAN,Bansara,8.383207,11.399925,113.0
S02372,Umjide,Village,W038,Sashasa,LGA03,Katsuma,BAN,Bansara,8.235076,11.403724,34.0
S02393,Umrawo,Hamlet,W038,Sashasa,LGA03,Katsuma,BAN,Bansara,8.305056,11.369403,20.0
S02384,Uzbatu,Village,W038,Sashasa,LGA03,Katsuma,BAN,Bansara,8.428792,11.288223,96.0
S02391,Uzbeja,Village,W038,Sashasa,LGA03,Katsuma,BAN,Bansara,8.243845,11.397904,66.0
S02401,Uzkoshi,Village,W038,Sashasa,LGA03,Katsuma,BAN,Bansara,8.322425,11.35036,26.0
S02367,Uzyode,Urban block,W038,Sashasa,LGA03,Katsuma,BAN,Bansara,8.37749,11.378918,248.0
S02387,Wamani-Yamma,Hamlet,W038,Sashasa,LGA03,Katsuma,BAN,Bansara,8.386105,11.293568,19.0
S02381,Wangowa,Settlement,W038,Sashasa,LGA03,Katsuma,BAN,Bansara,8.416838,11.313189,4.0
S02389,Watide,Settlement,W038,Sashasa,LGA03,Katsuma,BAN,Bansara,8.238541,11.363782,41.0
S02416,Yedeja,Village,W038,Sashasa,LGA03,Katsuma,BAN,Bansara,8.256738,11.40204,143.0
S02366,Yesari,Village,W038,Sashasa,LGA03,Katsuma,BAN,Bansara,8.315392,11.42476,97.0
S02423,Yezawa,Settlement,W038,Sashasa,LGA03,Katsuma,BAN,Bansara,8.254669,11.385908,60.0
S02368,Zabadu,Hamlet,W038,Sashasa,LGA03,Katsuma,BAN,Bansara,8.415573,11.276948,20.0
S02373,Zabashi,Urban block,W038,Sashasa,LGA03,Katsuma,BAN,Bansara,8.311609,11.439817,88.0
S02407,Zajishi,Hamlet,W038,Sashasa,LGA03,Katsuma,BAN,Bansara,8.24514,11.393834,26.0
S02386,Zakoma,Village,W038,Sashasa,LGA03,Katsuma,BAN,Bansara,8.334832,11.407074,39.0
S02364,Zaluna-Arewa,Urban block,W038,Sashasa,LGA03,Katsuma,BAN,Bansara,8.415099,11.308987,140.0
S02011,Adluba-Tsakiya,Hamlet,W031,Satide,LGA03,Katsuma,BAN,Bansara,8.044613,11.289764,44.0
S01993,Adsharu,Urban block,W031,Satide,LGA03,Katsuma,BAN,Bansara,7.925134,11.361985,305.0
S02012,Adyodu,Hamlet,W031,Satide,LGA03,Katsuma,BAN,Bansara,7.897130150087383,11.319106,24.0
S01994,Agbaba,Hamlet,W031,Satide,LGA03,Katsuma,BAN,Bansara,7.970353,11.339157,43.0
S02032,Babena,Hamlet,W031,Satide,LGA03,Katsuma,BAN,Bansara,7.935253,11.372324,5.0
S02001,Batsitu-Kudu,Village,W031,Satide,LGA03,Katsuma,BAN,Bansara,7.940819,11.360569,45.0
S02040,Bawawo-Kofar,Village,W031,Satide,LGA03,Katsuma,BAN,Bansara,7.997942,11.319873,48.0
S02034,Bishari,Hamlet,W031,Satide,LGA03,Katsuma,BAN,Bansara,8.103631,11.305884,27.0
S02005,Bitsiba,Hamlet,W031,Satide,LGA03,Katsuma,BAN,Bansara,7.867084,11.303606,13.0
S01996,Dararu,Village,W031,Satide,LGA03,Katsuma,BAN,Bansara,8.081713,11.32517,40.0
S02019,Dobawo,Village,W031,Satide,LGA03,Katsuma,BAN,Bansara,8.0174,11.339927,23.0
S02021,Dongodu,Settlement,W031,Satide,LGA03,Katsuma,BAN,Bansara,7.941098,11.371711,97.0
S02022,Dorisa,Hamlet,W031,Satide,LGA03,Katsuma,BAN,Bansara,7.928939,11.345928,16.0
S02020,Ekdewa,Village,W031,Satide,LGA03,Katsuma,BAN,Bansara,8.005271,11.325464,73.0
S02031,Ekjishi-Sabo,Village,W031,Satide,LGA03,Katsuma,BAN,Bansara,7.986945,11.336717,29.0
S02007,Ekngoshi,Village,W031,Satide,LGA03,Katsuma,BAN,Bansara,7.946645,11.344479,22.0
S02003,Ekradu,Village,W031,Satide,LGA03,Katsuma,BAN,Bansara,7.988415,11.330591,93.0
S02044,Enkota-Kudu,Urban block,W031,Satide,LGA03,Katsuma,BAN,Bansara,7.998127,11.333886,179.0
S02008,Enlari,Village,W031,Satide,LGA03,Katsuma,BAN,Bansara,8.055634,11.267668,54.0
S02028,Ennami-Sabo,Hamlet,W031,Satide,LGA03,Katsuma,BAN,Bansara,7.947958,11.361963,20.0
S02016,Faladu-Yamma,Village,W031,Satide,LGA03,Katsuma,BAN,Bansara,8.008737,11.337486,35.0
S02004,Gukoyi,Hamlet,W031,Satide,LGA03,Katsuma,BAN,Bansara,8.002164,11.323139,22.0
S02046,Gurami,Village,W031,Satide,LGA03,Katsuma,BAN,Bansara,8.013759,11.259834,24.0
S01998,Hadele,Hamlet,W031,Satide,LGA03,Katsuma,BAN,Bansara,7.943592,11.389037,16.0
S02002,Hasaru-Kudu,Settlement,W031,Satide,LGA03,Katsuma,BAN,Bansara,7.918688,11.361436,69.0
S01992,Ibriwo,Village,W031,Satide,LGA03,Katsuma,BAN,Bansara,8.070596,11.272564,130.0
S01999,Irbari,Settlement,W031,Satide,LGA03,Katsuma,BAN,Bansara,8.011918,11.330813,16.0
S02024,Irtiru,Village,W031,Satide,LGA03,Katsuma,BAN,Bansara,7.945221,11.382799,52.0
S02018,Kabashi,Settlement,W031,Satide,LGA03,Katsuma,BAN,Bansara,7.901209,11.342131,50.0
S01990,Kalawa,Village,W031,Satide,LGA03,Katsuma,BAN,Bansara,7.966094,11.358732,56.0
S02045,Kubaja,Settlement,W031,Satide,LGA03,Katsuma,BAN,Bansara,7.98659,11.33206,76.0
S02013,Kulako-Yamma,Village,W031,Satide,LGA03,Katsuma,BAN,Bansara,8.052634,11.256466,55.0
S02042,Lonata-Kudu,Village,W031,Satide,LGA03,Katsuma,BAN,Bansara,8.083927,11.359609,60.0
S02014,Mangona-Gabas,Village,W031,Satide,LGA03,Katsuma,BAN,Bansara,8.054633,11.279191,12.0
S02025,Masayi,Village,W031,Satide,LGA03,Katsuma,BAN,Bansara,7.925146,11.324774,50.0
S02010,Nuluri,Village,W031,Satide,LGA03,Katsuma,BAN,Bansara,7.986118,11.359902,30.0
S02047,Nurashi,Village,W031,Satide,LGA03,Katsuma,BAN,Bansara,7.963053,11.303488,36.0
S02036,Nurija,Village,W031,Satide,LGA03,Katsuma,BAN,Bansara,7.919912,11.340808,15.0
S02015,Oksale,Village,W031,Satide,LGA03,Katsuma,BAN,Bansara,8.016225,11.2437,57.0
S02035,Oldeshi,Settlement,W031,Satide,LGA03,Katsuma,BAN,Bansara,7.925901,11.362089,17.0
S02038,Ribesa,Settlement,W031,Satide,LGA03,Katsuma,BAN,Bansara,7.982017,11.329181,18.0
S02029,Rikosa,Hamlet,W031,Satide,LGA03,Katsuma,BAN,Bansara,8.080481,11.273178,8.0
S02048,Sariri,Village,W031,Satide,LGA03,Katsuma,BAN,Bansara,8.002613,11.354699,100.0
S02017,Sujide,Village,W031,Satide,LGA03,Katsuma,BAN,Bansara,7.893140712319378,11.410192,118.0
S02043,Sujide-Gabas,Urban block,W031,Satide,LGA03,Katsuma,BAN,Bansara,8.010007,11.313965,208.0
S02041,Sumama,Hamlet,W031,Satide,LGA03,Katsuma,BAN,Bansara,7.916648,11.362866,10.0
S02033,Tashata,Village,W031,Satide,LGA03,Katsuma,BAN,Bansara,7.909835,11.337081,74.0
S02023,Umnayi-Kofar,Village,W031,Satide,LGA03,Katsuma,BAN,Bansara,7.924949,11.363737,17.0
S01995,Uzraba,Village,W031,Satide,LGA03,Katsuma,BAN,Bansara,7.980134,11.332524,46.0
S02030,Uzwawo,Village,W031,Satide,LGA03,Katsuma,BAN,Bansara,7.945078,11.36423,48.0
S02000,Wangoyi,Hamlet,W031,Satide,LGA03,Katsuma,BAN,Bansara,8.041907,11.271039,14.0
S02026,Wazata,Hamlet,W031,Satide,LGA03,Katsuma,BAN,Bansara,7.925249,11.369601,7.0
S02009,Yeladu,Hamlet,W031,Satide,LGA03,Katsuma,BAN,Bansara,7.938448,11.318772,16.0
S02037,Yemata,Urban block,W031,Satide,LGA03,Katsuma,BAN,Bansara,7.977882,11.41859,131.0
S02039,Yengoni,Village,W031,Satide,LGA03,Katsuma,BAN,Bansara,7.96801,11.342782,101.0
S01997,Zademi,Hamlet,W031,Satide,LGA03,Katsuma,BAN,Bansara,8.053359,11.27231,26.0
S02006,Zamaja,Settlement,W031,Satide,LGA03,Katsuma,BAN,Bansara,8.006549,11.321064,38.0
S02027,Zarisa,Hamlet,W031,Satide,LGA03,Katsuma,BAN,Bansara,8.074695,11.280881,29.0
S01991,Zayole-Kofar,Hamlet,W031,Satide,LGA03,Katsuma,BAN,Bansara,8.036685,11.246042,30.0
S01576,Adkona,Settlement,W022,Sudefa,LGA03,Katsuma,BAN,Bansara,7.973358,11.563654,33.0
S01565,Adlutu,Village,W022,Sudefa,LGA03,Katsuma,BAN,Bansara,8.004924,11.491318,133.0
S01557,Bashani,Hamlet,W022,Sudefa,LGA03,Katsuma,BAN,Bansara,8.099243,11.419236,29.0
S01559,Bibaru,Village,W022,Sudefa,LGA03,Katsuma,BAN,Bansara,8.205564,11.451553,34.0
S01582,Bikoru,Village,W022,Sudefa,LGA03,Katsuma,BAN,Bansara,8.201373,11.4232,8.0
S01585,Dazama-Tsakiya,Village,W022,Sudefa,LGA03,Katsuma,BAN,Bansara,8.064636,11.549524,91.0
S01577,Dobaru,Village,W022,Sudefa,LGA03,Katsuma,BAN,Bansara,8.058061,11.527257,107.0
S01570,Ekrishi,Village,W022,Sudefa,LGA03,Katsuma,BAN,Bansara,8.185743,11.45515,11.0
S01571,Enraja,Hamlet,W022,Sudefa,LGA03,Katsuma,BAN,Bansara,8.199674,11.441283,14.0
S01573,Habami,Hamlet,W022,Sudefa,LGA03,Katsuma,BAN,Bansara,8.093876,11.521774,37.0
S01555,Haradu,Village,W022,Sudefa,LGA03,Katsuma,BAN,Bansara,8.100793,11.517119,63.0
S01587,Ibnasa,Settlement,W022,Sudefa,LGA03,Katsuma,BAN,Bansara,8.169434,11.432009,49.0
S01581,Irlani-Gabas,Village,W022,Sudefa,LGA03,Katsuma,BAN,Bansara,8.070282,11.523141,58.0
S01556,Jikoru,Village,W022,Sudefa,LGA03,Katsuma,BAN,Bansara,7.996388,11.573264,87.0
S01567,Jitiko-Kofar,Settlement,W022,Sudefa,LGA03,Katsuma,BAN,Bansara,7.977374,11.46788,47.0
S01566,Karimi-Kudu,Village,W022,Sudefa,LGA03,Katsuma,BAN,Bansara,8.098029,11.565339,38.0
S01563,Kuluna,Village,W022,Sudefa,LGA03,Katsuma,BAN,Bansara,8.065922,11.519368,49.0
S01572,Kungona,Village,W022,Sudefa,LGA03,Katsuma,BAN,Bansara,8.192607,11.447992,58.0
S01579,Kuzade-Sabo,Village,W022,Sudefa,LGA03,Katsuma,BAN,Bansara,8.071933,11.522148,173.0
S01578,Lomaba,Village,W022,Sudefa,LGA03,Katsuma,BAN,Bansara,8.148346,11.387,41.0
S01564,Okngotu,Village,W022,Sudefa,LGA03,Katsuma,BAN,Bansara,8.058612,11.437872,124.0
S01568,Oktishi,Village,W022,Sudefa,LGA03,Katsuma,BAN,Bansara,8.094154,11.496044,41.0
S01562,Okyoshi,Hamlet,W022,Sudefa,LGA03,Katsuma,BAN,Bansara,8.201245,11.429595,19.0
S01580,Ringoni,Village,W022,Sudefa,LGA03,Katsuma,BAN,Bansara,8.206003,11.442311,35.0
S01584,Rizana,Settlement,W022,Sudefa,LGA03,Katsuma,BAN,Bansara,8.184028,11.431083,56.0
S01569,Saluwo,Hamlet,W022,Sudefa,LGA03,Katsuma,BAN,Bansara,8.203837,11.394496,25.0
S01560,Sujiyi-Yamma,Village,W022,Sudefa,LGA03,Katsuma,BAN,Bansara,8.186490663180097,11.516674,24.0
S01583,Suwaja,Hamlet,W022,Sudefa,LGA03,Katsuma,BAN,Bansara,8.072925,11.510211,15.0
S01575,Tatsiri,Hamlet,W022,Sudefa,LGA03,Katsuma,BAN,Bansara,8.030918,11.545354,17.0
S01574,Tawasa,Urban block,W022,Sudefa,LGA03,Katsuma,BAN,Bansara,8.178306,11.450793,146.0
S01558,Umshari,Hamlet,W022,Sudefa,LGA03,Katsuma,BAN,Bansara,8.17524,11.427496,12.0
S01588,Umtsidu,Village,W022,Sudefa,LGA03,Katsuma,BAN,Bansara,8.12299,11.539779,102.0
S01561,Uzjide,Settlement,W022,Sudefa,LGA03,Katsuma,BAN,Bansara,8.169835,11.450013,59.0
S01589,Wabami,Hamlet,W022,Sudefa,LGA03,Katsuma,BAN,Bansara,8.113387,11.545842,20.0
S01586,Walashi-Kudu,Village,W022,Sudefa,LGA03,Katsuma,BAN,Bansara,8.191303,11.454427,29.0
S01621,Adbeyi,Hamlet,W023,Suwade,LGA03,Katsuma,BAN,Bansara,7.887674,11.182358,20.0
S01602,Adluna,Settlement,W023,Suwade,LGA03,Katsuma,BAN,Bansara,7.837291,11.129677,128.0
S01611,Aglushi,Hamlet,W023,Suwade,LGA03,Katsuma,BAN,Bansara,7.833086,11.224408,19.0
S01594,Agsatu,Village,W023,Suwade,LGA03,Katsuma,BAN,Bansara,7.783984,11.225116,82.0
S01593,Agshaja,Village,W023,Suwade,LGA03,Katsuma,BAN,Bansara,7.91324,11.23687,48.0
S01597,Agshashi,Settlement,W023,Suwade,LGA03,Katsuma,BAN,Bansara,7.866739,11.131903,30.0
S01605,Dabale-Arewa,Hamlet,W023,Suwade,LGA03,Katsuma,BAN,Bansara,7.924359,11.19881,5.0
S01600,Dashami,Hamlet,W023,Suwade,LGA03,Katsuma,BAN,Bansara,7.827318,11.260695,6.0
S01626,Dosani,Settlement,W023,Suwade,LGA03,Katsuma,BAN,Bansara,7.776686,11.159058,78.0
S01601,Dotima-Kofar,Village,W023,Suwade,LGA03,Katsuma,BAN,Bansara,7.823697,11.246378,41.0
S01606,Ekrimi,Urban block,W023,Suwade,LGA03,Katsuma,BAN,Bansara,7.927534,11.192459,367.0
S01618,Fadeni,Village,W023,Suwade,LGA03,Katsuma,BAN,Bansara,7.826168,11.254608,20.0
S01607,Fanatu,Village,W023,Suwade,LGA03,Katsuma,BAN,Bansara,7.791441,11.232323,35.0
S01591,Fangona,Village,W023,Suwade,LGA03,Katsuma,BAN,Bansara,7.853054,11.219853,39.0
S01609,Fatsima,Village,W023,Suwade,LGA03,Katsuma,BAN,Bansara,7.824053,11.244494,33.0
S01622,Gubasa,Village,W023,Suwade,LGA03,Katsuma,BAN,Bansara,7.821171,11.283114,78.0
S01619,Guriwa,Village,W023,Suwade,LGA03,Katsuma,BAN,Bansara,7.839697,11.225763,54.0
S01635,Halana,Urban block,W023,Suwade,LGA03,Katsuma,BAN,Bansara,7.924128,11.197397,250.0
S01633,Hangona,Hamlet,W023,Suwade,LGA03,Katsuma,BAN,Bansara,7.927523,11.168819,11.0
S01592,Ibdeko,Hamlet,W023,Suwade,LGA03,Katsuma,BAN,Bansara,7.935278,11.195304,15.0
S01620,Ibnami,Village,W023,Suwade,LGA03,Katsuma,BAN,Bansara,7.898891,11.195542,32.0
S01624,Irnako,Village,W023,Suwade,LGA03,Katsuma,BAN,Bansara,7.83823,11.251227,21.0
S01614,Jilani-Gabas,Hamlet,W023,Suwade,LGA03,Katsuma,BAN,Bansara,7.874731,11.218673,13.0
S01603,Karawo,Hamlet,W023,Suwade,LGA03,Katsuma,BAN,Bansara,7.930856,11.194268,9.0
S01634,Kujiyi,Village,W023,Suwade,LGA03,Katsuma,BAN,Bansara,7.914449,11.187027,16.0
S01628,Kurasa,Village,W023,Suwade,LGA03,Katsuma,BAN,Bansara,7.902005,11.130934,62.0
S01629,Lorina,Village,W023,Suwade,LGA03,Katsuma,BAN,Bansara,7.836344,11.273677,79.0
S01604,Lozatu-Tudun,Settlement,W023,Suwade,LGA03,Katsuma,BAN,Bansara,7.841178,11.280838,12.0
S01610,Marari,Village,W023,Suwade,LGA03,Katsuma,BAN,Bansara,7.803446,11.214932,39.0
S01625,Marari-Kofar,Village,W023,Suwade,LGA03,Katsuma,BAN,Bansara,7.937443,11.194857,60.0
S01613,Marashi,Village,W023,Suwade,LGA03,Katsuma,BAN,Bansara,7.831558,11.233158,34.0
S01608,Matita,Hamlet,W023,Suwade,LGA03,Katsuma,BAN,Bansara,7.933741,11.205362,5.0
S01598,Mazani-Gabas,Urban block,W023,Suwade,LGA03,Katsuma,BAN,Bansara,7.919383,11.213561,175.0
S01632,Numatu,Village,W023,Suwade,LGA03,Katsuma,BAN,Bansara,7.80699,11.255603,27.0
S01612,Nungoma,Village,W023,Suwade,LGA03,Katsuma,BAN,Bansara,7.827588,11.135263,78.0
S01631,Nuritu,Settlement,W023,Suwade,LGA03,Katsuma,BAN,Bansara,7.818524,11.244134,54.0
S01623,Risatu,Hamlet,W023,Suwade,LGA03,Katsuma,BAN,Bansara,7.830464,11.259967,13.0
S01617,Tajifa,Hamlet,W023,Suwade,LGA03,Katsuma,BAN,Bansara,7.909677,11.209747,14.0
S01615,Tazawa,Village,W023,Suwade,LGA03,Katsuma,BAN,Bansara,7.915751,11.145117,68.0
S01596,Umladu,Village,W023,Suwade,LGA03,Katsuma,BAN,Bansara,7.911742,11.207755,60.0
S01599,Umnasa,Village,W023,Suwade,LGA03,Katsuma,BAN,Bansara,7.839786,11.226829,48.0
S01630,Uzdudu,Village,W023,Suwade,LGA03,Katsuma,BAN,Bansara,7.811477,11.246627,78.0
S01616,Uznaba,Hamlet,W023,Suwade,LGA03,Katsuma,BAN,Bansara,7.90618,11.178172,31.0
S01595,Wariru,Village,W023,Suwade,LGA03,Katsuma,BAN,Bansara,7.928827,11.202676,91.0
S01627,Yeshako-Arewa,Settlement,W023,Suwade,LGA03,Katsuma,BAN,Bansara,7.845312,11.284221,34.0
S01590,Yetsile-Sabo,Settlement,W023,Suwade,LGA03,Katsuma,BAN,Bansara,7.927977,11.178386,54.0
S02113,Adkoba,Village,W033,Tasayi,LGA03,Katsuma,BAN,Bansara,7.984994,11.158934,20.0
S02147,Adluja,Village,W033,Tasayi,LGA03,Katsuma,BAN,Bansara,7.976238,11.136056,23.0
S02116,Adshami,Hamlet,W033,Tasayi,LGA03,Katsuma,BAN,Bansara,7.976286,11.178227,21.0
S02151,Adshata,Village,W033,Tasayi,LGA03,Katsuma,BAN,Bansara,7.984958,11.201546,80.0
S02127,Adtini,Village,W033,Tasayi,LGA03,Katsuma,BAN,Bansara,7.994571,11.200945,162.0
S02142,Balawo-Kofar,Hamlet,W033,Tasayi,LGA03,Katsuma,BAN,Bansara,7.985631,11.177647,35.0
S02159,Baluri,Village,W033,Tasayi,LGA03,Katsuma,BAN,Bansara,8.105519,11.154036,122.0
S02130,Batiru,Hamlet,W033,Tasayi,LGA03,Katsuma,BAN,Bansara,7.953223,11.193092,21.0
S02106,Dabewa-Yamma,Village,W033,Tasayi,LGA03,Katsuma,BAN,Bansara,7.981532,11.181404,85.0
S02162,Dayoni,Hamlet,W033,Tasayi,LGA03,Katsuma,BAN,Bansara,7.993972,11.160601,16.0
S02119,Dodeta,Village,W033,Tasayi,LGA03,Katsuma,BAN,Bansara,8.002158,11.174844,77.0
S02114,Dorasa,Village,W033,Tasayi,LGA03,Katsuma,BAN,Bansara,7.963988,11.137369,52.0
S02121,Ekbashi,Urban block,W033,Tasayi,LGA03,Katsuma,BAN,Bansara,7.977841,11.130177,67.0
S02137,Ekluma,Village,W033,Tasayi,LGA03,Katsuma,BAN,Bansara,7.974611,11.158602,37.0
S02124,Ekrama,Village,W033,Tasayi,LGA03,Katsuma,BAN,Bansara,7.971432,11.119796,86.0
S02132,Ektsina,Village,W033,Tasayi,LGA03,Katsuma,BAN,Bansara,8.042933,11.220294,80.0
S02136,Enrashi-Kudu,Hamlet,W033,Tasayi,LGA03,Katsuma,BAN,Bansara,8.069137,11.102954,13.0
S02145,Enshaja,Village,W033,Tasayi,LGA03,Katsuma,BAN,Bansara,7.974749,11.182142,78.0
S02157,Falako,Hamlet,W033,Tasayi,LGA03,Katsuma,BAN,Bansara,7.992976,11.15383,21.0
S02156,Faluwa-Sabo,Village,W033,Tasayi,LGA03,Katsuma,BAN,Bansara,8.004594,11.200323,27.0
S02110,Fangodu,Village,W033,Tasayi,LGA03,Katsuma,BAN,Bansara,7.994622,11.151983,32.0
S02146,Gutimi,Settlement,W033,Tasayi,LGA03,Katsuma,BAN,Bansara,7.984263,11.129898,50.0
S02115,Haberi-Yamma,Urban block,W033,Tasayi,LGA03,Katsuma,BAN,Bansara,8.036784,11.172728,261.0
S02148,Hasana,Settlement,W033,Tasayi,LGA03,Katsuma,BAN,Bansara,7.996166,11.200174,99.0
S02105,Ibbemi,Village,W033,Tasayi,LGA03,Katsuma,BAN,Bansara,7.976231,11.169569,35.0
S02143,Ibkomi,Hamlet,W033,Tasayi,LGA03,Katsuma,BAN,Bansara,8.008664,11.151124,15.0
S02107,Ibkoru,Settlement,W033,Tasayi,LGA03,Katsuma,BAN,Bansara,7.990269,11.144393,66.0
S02135,Irdufa,Village,W033,Tasayi,LGA03,Katsuma,BAN,Bansara,7.975829,11.132588,49.0
S02118,Irshasa,Hamlet,W033,Tasayi,LGA03,Katsuma,BAN,Bansara,8.077047,11.100033,17.0
S02123,Kadeta,Settlement,W033,Tasayi,LGA03,Katsuma,BAN,Bansara,7.97792,11.165652,49.0
S02126,Kajiwo,Village,W033,Tasayi,LGA03,Katsuma,BAN,Bansara,7.965091,11.185297,90.0
S02103,Kanawa,Hamlet,W033,Tasayi,LGA03,Katsuma,BAN,Bansara,8.05816,11.153629,37.0
S02104,Kariri,Settlement,W033,Tasayi,LGA03,Katsuma,BAN,Bansara,8.014032,11.139375,24.0
S02100,Katsini,Village,W033,Tasayi,LGA03,Katsuma,BAN,Bansara,8.008027,11.140697,87.0
S02133,Kazashi,Village,W033,Tasayi,LGA03,Katsuma,BAN,Bansara,7.993051,11.18168,20.0
S02144,Kudeja,Village,W033,Tasayi,LGA03,Katsuma,BAN,Bansara,7.951936,11.180921,40.0
S02149,Kujide,Village,W033,Tasayi,LGA03,Katsuma,BAN,Bansara,7.993962,11.165245,52.0
S02155,Lobeba-Kofar,Settlement,W033,Tasayi,LGA03,Katsuma,BAN,Bansara,8.004194,11.175878,128.0
S02131,Lorami,Hamlet,W033,Tasayi,LGA03,Katsuma,BAN,Bansara,7.994927,11.122978,52.0
S02112,Lozaru-Sabo,Settlement,W033,Tasayi,LGA03,Katsuma,BAN,Bansara,7.990188,11.111951,32.0
S02108,Nulale,Village,W033,Tasayi,LGA03,Katsuma,BAN,Bansara,7.960303,11.139215,75.0
S02117,Nulusa,Village,W033,Tasayi,LGA03,Katsuma,BAN,Bansara,7.96899,11.18568,73.0
S02129,Nuluwo,Hamlet,W033,Tasayi,LGA03,Katsuma,BAN,Bansara,7.993598,11.148135,3.0
S02101,Nutita,Hamlet,W033,Tasayi,LGA03,Katsuma,BAN,Bansara,7.968094,11.176018,20.0
S02128,Oldede,Hamlet,W033,Tasayi,LGA03,Katsuma,BAN,Bansara,7.968726,11.169152,10.0
S02158,Oljimi,Hamlet,W033,Tasayi,LGA03,Katsuma,BAN,Bansara,8.00174,11.196175,70.0
S02140,Olsami,Village,W033,Tasayi,LGA03,Katsuma,BAN,Bansara,7.957984,11.137345,52.0
S02160,Ribaba,Hamlet,W033,Tasayi,LGA03,Katsuma,BAN,Bansara,7.949529,11.113174,9.0
S02161,Ribawo,Village,W033,Tasayi,LGA03,Katsuma,BAN,Bansara,7.99481,11.180346,59.0
S02125,Rijimi,Village,W033,Tasayi,LGA03,Katsuma,BAN,Bansara,8.013749,11.150628,72.0
S02111,Rijiri,Settlement,W033,Tasayi,LGA03,Katsuma,BAN,Bansara,8.031581,11.159581,17.0
S02109,Risale-Sabo,Village,W033,Tasayi,LGA03,Katsuma,BAN,Bansara,7.996697,11.143936,67.0
S02120,Subewa-Kudu,Hamlet,W033,Tasayi,LGA03,Katsuma,BAN,Bansara,8.067918,11.232669,13.0
S02139,Tademi,Hamlet,W033,Tasayi,LGA03,Katsuma,BAN,Bansara,8.056107,11.076398,4.0
S02138,Umduma,Village,W033,Tasayi,LGA03,Katsuma,BAN,Bansara,8.017619,11.17765,65.0
S02141,Umlari,Village,W033,Tasayi,LGA03,Katsuma,BAN,Bansara,7.958567,11.161112,40.0
S02153,Umnade,Hamlet,W033,Tasayi,LGA03,Katsuma,BAN,Bansara,8.00555,11.191882,29.0
S02150,Uzdede,Hamlet,W033,Tasayi,LGA03,Katsuma,BAN,Bansara,7.956415,11.114367,16.0
S02102,Yenade,Settlement,W033,Tasayi,LGA03,Katsuma,BAN,Bansara,7.996482,11.11678,46.0
S02152,Yezawa-Gabas,Urban block,W033,Tasayi,LGA03,Katsuma,BAN,Bansara,8.000888,11.183919,512.0
S02163,Zamaru,Village,W033,Tasayi,LGA03,Katsuma,BAN,Bansara,7.968385,11.195808,91.0
S02122,Zangoma,Hamlet,W033,Tasayi,LGA03,Katsuma,BAN,Bansara,7.975572,11.190775,29.0
S02134,Zarari,Village,W033,Tasayi,LGA03,Katsuma,BAN,Bansara,7.98543,11.152313,77.0
S02154,Zayoba,Settlement,W033,Tasayi,LGA03,Katsuma,BAN,Bansara,8.001252,11.198387,
