scenario_name,settlement_id,visit_classification,team_count,first_observed_at,last_observed_at,dwell_duration_minutes,eligible_gps_point_count,nearest_attribution_distance_m,confidence_class,ambiguous_attribution_count
baseline_30m,D00083,unvisited,0,,,0.0,0,,review,0
baseline_30m,D00184,unvisited,0,,,0.0,0,,review,0
baseline_30m,D00230,unvisited,0,,,0.0,0,,review,0
baseline_30m,D00246,unvisited,0,,,0.0,0,,review,0
baseline_30m,D00320,unvisited,0,,,0.0,0,,review,0
baseline_30m,D00347,unvisited,0,,,0.0,0,,review,0
baseline_30m,D00363,unvisited,0,,,0.0,0,,review,0
baseline_30m,D00378,unvisited,0,,,0.0,0,,review,0
baseline_30m,D00511,unvisited,0,,,0.0,0,,review,0
baseline_30m,D00555,unvisited,0,,,0.0,0,,review,0
baseline_30m,D00578,unvisited,0,,,0.0,0,,review,0
baseline_30m,D00752,unvisited,0,,,0.0,0,,review,0
baseline_30m,D00943,unvisited,0,,,0.0,0,,review,0
baseline_30m,D01074,unvisited,0,,,0.0,0,,review,0
baseline_30m,D01076,ambiguous,1,2026-03-09 13:31:00,2026-03-09 13:31:00,0.0,1,14.9720938064481,ambiguous,0
baseline_30m,D01108,unvisited,0,,,0.0,0,,review,0
baseline_30m,D01175,unvisited,0,,,0.0,0,,review,0
baseline_30m,D01209,unvisited,0,,,0.0,0,,review,0
baseline_30m,D01332,unvisited,0,,,0.0,0,,review,0
baseline_30m,D01432,unvisited,0,,,0.0,0,,review,0
baseline_30m,D01536,unvisited,0,,,0.0,0,,review,0
baseline_30m,D01632,unvisited,0,,,0.0,0,,review,0
baseline_30m,D01686,unvisited,0,,,0.0,0,,review,0
baseline_30m,D01757,unvisited,0,,,0.0,0,,review,0
baseline_30m,D01765,unvisited,0,,,0.0,0,,review,0
baseline_30m,D01777,unvisited,0,,,0.0,0,,review,0
baseline_30m,D01839,unvisited,0,,,0.0,0,,review,0
baseline_30m,D01905,unvisited,0,,,0.0,0,,review,0
baseline_30m,D01917,unvisited,0,,,0.0,0,,review,0
baseline_30m,D01994,unvisited,0,,,0.0,0,,review,0
baseline_30m,D02009,unvisited,0,,,0.0,0,,review,0
baseline_30m,D02192,unvisited,0,,,0.0,0,,review,0
baseline_30m,D02236,unvisited,0,,,0.0,0,,review,0
baseline_30m,D02268,unvisited,0,,,0.0,0,,review,0
baseline_30m,D02456,unvisited,0,,,0.0,0,,review,0
baseline_30m,D02466,unvisited,0,,,0.0,0,,review,0
baseline_30m,D02468,unvisited,0,,,0.0,0,,review,0
baseline_30m,D02521,unvisited,0,,,0.0,0,,review,0
baseline_30m,S00001,unvisited,0,,,0.0,0,,review,0
baseline_30m,S00002,unvisited,0,,,0.0,0,,review,0
baseline_30m,S00003,unvisited,0,,,0.0,0,,review,0
baseline_30m,S00004,unvisited,0,,,0.0,0,,review,0
baseline_30m,S00005,unvisited,0,,,0.0,0,,review,0
baseline_30m,S00006,unvisited,0,,,0.0,0,,review,0
baseline_30m,S00007,unvisited,0,,,0.0,0,,review,0
baseline_30m,S00008,unvisited,0,,,0.0,0,,review,0
baseline_30m,S00009,unvisited,0,,,0.0,0,,review,0
baseline_30m,S00010,unvisited,0,,,0.0,0,,review,0
baseline_30m,S00011,unvisited,0,,,0.0,0,,review,0
baseline_30m,S00012,unvisited,0,,,0.0,0,,review,0
baseline_30m,S00013,unvisited,0,,,0.0,0,,review,0
baseline_30m,S00014,unvisited,0,,,0.0,0,,review,0
baseline_30m,S00015,unvisited,0,,,0.0,0,,review,0
baseline_30m,S00016,unvisited,0,,,0.0,0,,review,0
baseline_30m,S00017,unvisited,0,,,0.0,0,,review,0
baseline_30m,S00018,unvisited,0,,,0.0,0,,review,0
baseline_30m,S00019,unvisited,0,,,0.0,0,,review,0
baseline_30m,S00020,unvisited,0,,,0.0,0,,review,0
baseline_30m,S00021,unvisited,0,,,0.0,0,,review,0
baseline_30m,S00022,unvisited,0,,,0.0,0,,review,0
baseline_30m,S00023,unvisited,0,,,0.0,0,,review,0
baseline_30m,S00024,unvisited,0,,,0.0,0,,review,0
baseline_30m,S00025,unvisited,0,,,0.0,0,,review,0
baseline_30m,S00026,ambiguous,1,2026-03-10 07:42:00,2026-03-10 08:08:00,0.0,5,15.0568376654614,ambiguous,0
baseline_30m,S00027,unvisited,0,,,0.0,0,,review,0
baseline_30m,S00028,unvisited,0,,,0.0,0,,review,0
baseline_30m,S00029,unvisited,0,,,0.0,0,,review,0
baseline_30m,S00030,unvisited,0,,,0.0,0,,review,0
baseline_30m,S00031,unvisited,0,,,0.0,0,,review,0
baseline_30m,S00032,unvisited,0,,,0.0,0,,review,0
baseline_30m,S00033,visited,1,2026-03-09 07:17:00,2026-03-09 07:36:00,19.0,3,11.1103505422638,high,0
baseline_30m,S00034,unvisited,0,,,0.0,0,,review,0
baseline_30m,S00035,ambiguous,1,2026-03-13 15:55:00,2026-03-13 15:55:00,0.0,1,21.6464844459156,ambiguous,0
baseline_30m,S00036,unvisited,0,,,0.0,0,,review,0
baseline_30m,S00037,unvisited,0,,,0.0,0,,review,0
baseline_30m,S00038,unvisited,0,,,0.0,0,,review,0
baseline_30m,S00039,unvisited,0,,,0.0,0,,review,0
baseline_30m,S00040,unvisited,0,,,0.0,0,,review,0
baseline_30m,S00041,unvisited,0,,,0.0,0,,review,0
baseline_30m,S00042,unvisited,0,,,0.0,0,,review,0
baseline_30m,S00043,unvisited,0,,,0.0,0,,review,0
baseline_30m,S00044,unvisited,0,,,0.0,0,,review,0
baseline_30m,S00045,unvisited,0,,,0.0,0,,review,0
baseline_30m,S00046,visited,1,2026-03-11 07:32:00,2026-03-11 08:06:00,34.0,11,4.47361774088971,high,0
baseline_30m,S00047,unvisited,0,,,0.0,0,,review,0
baseline_30m,S00048,unvisited,0,,,0.0,0,,review,0
baseline_30m,S00049,unvisited,0,,,0.0,0,,review,0
baseline_30m,S00050,unvisited,0,,,0.0,0,,review,0
baseline_30m,S00051,unvisited,0,,,0.0,0,,review,0
baseline_30m,S00052,unvisited,0,,,0.0,0,,review,0
baseline_30m,S00053,unvisited,0,,,0.0,0,,review,0
baseline_30m,S00054,unvisited,0,,,0.0,0,,review,0
baseline_30m,S00055,unvisited,0,,,0.0,0,,review,0
baseline_30m,S00056,unvisited,0,,,0.0,0,,review,0
baseline_30m,S00057,unvisited,0,,,0.0,0,,review,0
baseline_30m,S00058,unvisited,0,,,0.0,0,,review,0
baseline_30m,S00059,ambiguous,1,2026-03-13 07:38:00,2026-03-13 07:42:00,0.0,2,9.27817734758478,ambiguous,0
baseline_30m,S00060,unvisited,0,,,0.0,0,,review,0
baseline_30m,S00061,unvisited,0,,,0.0,0,,review,0
baseline_30m,S00062,unvisited,0,,,0.0,0,,review,0
baseline_30m,S00063,ambiguous,1,2026-03-13 14:38:00,2026-03-13 14:52:00,0.0,4,9.42762426119221,ambiguous,0
baseline_30m,S00064,unvisited,0,,,0.0,0,,review,0
baseline_30m,S00065,unvisited,0,,,0.0,0,,review,0
baseline_30m,S00066,unvisited,0,,,0.0,0,,review,0
baseline_30m,S00067,unvisited,0,,,0.0,0,,review,0
baseline_30m,S00068,unvisited,0,,,0.0,0,,review,0
baseline_30m,S00069,visited,1,2026-03-13 10:08:00,2026-03-13 10:35:00,27.0,10,3.04440682554494,high,0
baseline_30m,S00070,unvisited,0,,,0.0,0,,review,0
baseline_30m,S00071,unvisited,0,,,0.0,0,,review,0
baseline_30m,S00072,unvisited,0,,,0.0,0,,review,0
baseline_30m,S00073,unvisited,0,,,0.0,0,,review,0
baseline_30m,S00074,unvisited,0,,,0.0,0,,review,0
baseline_30m,S00075,unvisited,0,,,0.0,0,,review,0
baseline_30m,S00076,unvisited,0,,,0.0,0,,review,0
baseline_30m,S00077,unvisited,0,,,0.0,0,,review,0
baseline_30m,S00078,unvisited,0,,,0.0,0,,review,0
baseline_30m,S00079,unvisited,0,,,0.0,0,,review,0
baseline_30m,S00080,unvisited,0,,,0.0,0,,review,0
baseline_30m,S00081,unvisited,0,,,0.0,0,,review,0
baseline_30m,S00082,unvisited,0,,,0.0,0,,review,0
baseline_30m,S00083,unvisited,0,,,0.0,0,,review,0
baseline_30m,S00084,unvisited,0,,,0.0,0,,review,0
baseline_30m,S00085,unvisited,0,,,0.0,0,,review,0
baseline_30m,S00086,unvisited,0,,,0.0,0,,review,0
baseline_30m,S00087,unvisited,0,,,0.0,0,,review,0
baseline_30m,S00088,unvisited,0,,,0.0,0,,review,0
baseline_30m,S00089,unvisited,0,,,0.0,0,,review,0
baseline_30m,S00090,unvisited,0,,,0.0,0,,review,0
baseline_30m,S00091,unvisited,0,,,0.0,0,,review,0
baseline_30m,S00092,unvisited,0,,,0.0,0,,review,0
baseline_30m,S00093,unvisited,0,,,0.0,0,,review,0
baseline_30m,S00094,unvisited,0,,,0.0,0,,review,0
baseline_30m,S00095,unvisited,0,,,0.0,0,,review,0
baseline_30m,S00096,unvisited,0,,,0.0,0,,review,0
baseline_30m,S00097,unvisited,0,,,0.0,0,,review,0
baseline_30m,S00098,unvisited,0,,,0.0,0,,review,0
baseline_30m,S00099,unvisited,0,,,0.0,0,,review,0
baseline_30m,S00100,unvisited,0,,,0.0,0,,review,0
baseline_30m,S00101,unvisited,0,,,0.0,0,,review,0
baseline_30m,S00102,unvisited,0,,,0.0,0,,review,0
baseline_30m,S00103,unvisited,0,,,0.0,0,,review,0
baseline_30m,S00104,unvisited,0,,,0.0,0,,review,0
baseline_30m,S00105,unvisited,0,,,0.0,0,,review,0
baseline_30m,S00106,unvisited,0,,,0.0,0,,review,0
baseline_30m,S00107,unvisited,0,,,0.0,0,,review,0
baseline_30m,S00108,unvisited,0,,,0.0,0,,review,0
baseline_30m,S00109,unvisited,0,,,0.0,0,,review,0
baseline_30m,S00110,unvisited,0,,,0.0,0,,review,0
baseline_30m,S00111,unvisited,0,,,0.0,0,,review,0
baseline_30m,S00112,unvisited,0,,,0.0,0,,review,0
baseline_30m,S00113,unvisited,0,,,0.0,0,,review,0
baseline_30m,S00114,unvisited,0,,,0.0,0,,review,0
baseline_30m,S00115,unvisited,0,,,0.0,0,,review,0
baseline_30m,S00116,unvisited,0,,,0.0,0,,review,0
baseline_30m,S00117,visited,1,2026-03-11 11:40:00,2026-03-11 12:07:00,27.0,8,9.34291116423699,high,0
baseline_30m,S00118,unvisited,0,,,0.0,0,,review,0
baseline_30m,S00119,unvisited,0,,,0.0,0,,review,0
baseline_30m,S00120,unvisited,0,,,0.0,0,,review,0
baseline_30m,S00121,unvisited,0,,,0.0,0,,review,0
baseline_30m,S00122,unvisited,0,,,0.0,0,,review,0
baseline_30m,S00123,unvisited,0,,,0.0,0,,review,0
baseline_30m,S00124,unvisited,0,,,0.0,0,,review,0
baseline_30m,S00125,unvisited,0,,,0.0,0,,review,0
baseline_30m,S00126,unvisited,0,,,0.0,0,,review,0
baseline_30m,S00127,unvisited,0,,,0.0,0,,review,0
baseline_30m,S00128,ambiguous,1,2026-03-11 16:17:00,2026-03-11 16:17:00,0.0,1,20.6060775128751,ambiguous,0
baseline_30m,S00129,unvisited,0,,,0.0,0,,review,0
baseline_30m,S00130,unvisited,0,,,0.0,0,,review,0
baseline_30m,S00131,unvisited,0,,,0.0,0,,review,0
baseline_30m,S00132,unvisited,0,,,0.0,0,,review,0
baseline_30m,S00133,unvisited,0,,,0.0,0,,review,0
baseline_30m,S00134,unvisited,0,,,0.0,0,,review,0
baseline_30m,S00135,unvisited,0,,,0.0,0,,review,0
baseline_30m,S00136,unvisited,0,,,0.0,0,,review,0
baseline_30m,S00137,unvisited,0,,,0.0,0,,review,0
baseline_30m,S00138,unvisited,0,,,0.0,0,,review,0
baseline_30m,S00139,unvisited,0,,,0.0,0,,review,0
baseline_30m,S00140,unvisited,0,,,0.0,0,,review,0
baseline_30m,S00141,unvisited,0,,,0.0,0,,review,0
baseline_30m,S00142,unvisited,0,,,0.0,0,,review,0
baseline_30m,S00143,unvisited,0,,,0.0,0,,review,0
baseline_30m,S00144,unvisited,0,,,0.0,0,,review,0
baseline_30m,S00145,unvisited,0,,,0.0,0,,review,0
baseline_30m,S00146,unvisited,0,,,0.0,0,,review,0
baseline_30m,S00147,unvisited,0,,,0.0,0,,review,0
baseline_30m,S00148,unvisited,0,,,0.0,0,,review,0
baseline_30m,S00149,unvisited,0,,,0.0,0,,review,0
baseline_30m,S00150,unvisited,0,,,0.0,0,,review,0
baseline_30m,S00151,unvisited,0,,,0.0,0,,review,0
baseline_30m,S00152,ambiguous,1,2026-03-11 07:46:00,2026-03-11 07:46:00,0.0,1,10.3090358697925,ambiguous,0
baseline_30m,S00153,unvisited,0,,,0.0,0,,review,0
baseline_30m,S00154,unvisited,0,,,0.0,0,,review,0
baseline_30m,S00155,unvisited,0,,,0.0,0,,review,0
baseline_30m,S00156,unvisited,0,,,0.0,0,,review,0
baseline_30m,S00157,unvisited,0,,,0.0,0,,review,0
baseline_30m,S00158,unvisited,0,,,0.0,0,,review,0
baseline_30m,S00159,unvisited,0,,,0.0,0,,review,0
baseline_30m,S00160,unvisited,0,,,0.0,0,,review,0
baseline_30m,S00161,unvisited,0,,,0.0,0,,review,0
baseline_30m,S00162,unvisited,0,,,0.0,0,,review,0
baseline_30m,S00163,unvisited,0,,,0.0,0,,review,0
baseline_30m,S00164,unvisited,0,,,0.0,0,,review,0
baseline_30m,S00165,unvisited,0,,,0.0,0,,review,0
baseline_30m,S00166,unvisited,0,,,0.0,0,,review,0
baseline_30m,S00167,unvisited,0,,,0.0,0,,review,0
baseline_30m,S00168,unvisited,0,,,0.0,0,,review,0
baseline_30m,S00169,unvisited,0,,,0.0,0,,review,0
baseline_30m,S00170,unvisited,0,,,0.0,0,,review,0
baseline_30m,S00171,unvisited,0,,,0.0,0,,review,0
baseline_30m,S00172,unvisited,0,,,0.0,0,,review,0
baseline_30m,S00173,unvisited,0,,,0.0,0,,review,0
baseline_30m,S00174,unvisited,0,,,0.0,0,,review,0
baseline_30m,S00175,unvisited,0,,,0.0,0,,review,0
baseline_30m,S00176,unvisited,0,,,0.0,0,,review,0
baseline_30m,S00177,unvisited,0,,,0.0,0,,review,0
baseline_30m,S00178,unvisited,0,,,0.0,0,,review,0
baseline_30m,S00179,unvisited,0,,,0.0,0,,review,0
baseline_30m,S00180,unvisited,0,,,0.0,0,,review,0
baseline_30m,S00181,unvisited,0,,,0.0,0,,review,0
baseline_30m,S00182,unvisited,0,,,0.0,0,26.0489028153782,review,0
baseline_30m,S00183,unvisited,0,,,0.0,0,,review,0
baseline_30m,S00184,unvisited,0,,,0.0,0,,review,0
baseline_30m,S00185,unvisited,0,,,0.0,0,,review,0
baseline_30m,S00186,unvisited,0,,,0.0,0,,review,0
baseline_30m,S00187,unvisited,0,,,0.0,0,,review,0
baseline_30m,S00188,unvisited,0,,,0.0,0,,review,0
baseline_30m,S00189,unvisited,0,,,0.0,0,,review,0
baseline_30m,S00190,unvisited,0,,,0.0,0,,review,0
baseline_30m,S00191,unvisited,0,,,0.0,0,,review,0
baseline_30m,S00192,unvisited,0,,,0.0,0,,review,0
baseline_30m,S00193,unvisited,0,,,0.0,0,,review,0
baseline_30m,S00194,unvisited,0,,,0.0,0,,review,0
baseline_30m,S00195,unvisited,0,,,0.0,0,,review,0
baseline_30m,S00196,unvisited,0,,,0.0,0,,review,0
baseline_30m,S00197,visited,1,2026-03-11 12:03:00,2026-03-11 12:35:00,32.0,33,1.71140219929421,high,0
baseline_30m,S00198,unvisited,0,,,0.0,0,,review,0
baseline_30m,S00199,unvisited,0,,,0.0,0,,review,0
baseline_30m,S00200,unvisited,0,,,0.0,0,,review,0
baseline_30m,S00201,unvisited,0,,,0.0,0,,review,0
baseline_30m,S00202,unvisited,0,,,0.0,0,,review,0
baseline_30m,S00203,unvisited,0,,,0.0,0,,review,0
baseline_30m,S00204,unvisited,0,,,0.0,0,,review,0
baseline_30m,S00205,unvisited,0,,,0.0,0,,review,0
baseline_30m,S00206,unvisited,0,,,0.0,0,,review,0
baseline_30m,S00207,unvisited,0,,,0.0,0,,review,0
baseline_30m,S00208,unvisited,0,,,0.0,0,,review,0
baseline_30m,S00209,unvisited,0,,,0.0,0,,review,0
baseline_30m,S00210,unvisited,0,,,0.0,0,,review,0
baseline_30m,S00211,unvisited,0,,,0.0,0,,review,0
baseline_30m,S00212,unvisited,0,,,0.0,0,,review,0
baseline_30m,S00213,unvisited,0,,,0.0,0,,review,0
baseline_30m,S00214,unvisited,0,,,0.0,0,,review,0
baseline_30m,S00215,unvisited,0,,,0.0,0,,review,0
baseline_30m,S00216,unvisited,0,,,0.0,0,,review,0
baseline_30m,S00217,unvisited,0,,,0.0,0,,review,0
baseline_30m,S00218,unvisited,0,,,0.0,0,,review,0
baseline_30m,S00219,unvisited,0,,,0.0,0,,review,0
baseline_30m,S00220,unvisited,0,,,0.0,0,,review,0
baseline_30m,S00221,unvisited,0,,,0.0,0,,review,0
baseline_30m,S00222,unvisited,0,,,0.0,0,,review,0
baseline_30m,S00223,unvisited,0,,,0.0,0,,review,0
baseline_30m,S00224,unvisited,0,,,0.0,0,,review,0
baseline_30m,S00225,unvisited,0,,,0.0,0,,review,0
baseline_30m,S00226,unvisited,0,,,0.0,0,,review,0
baseline_30m,S00227,unvisited,0,,,0.0,0,,review,0
baseline_30m,S00228,unvisited,0,,,0.0,0,,review,0
baseline_30m,S00229,unvisited,0,,,0.0,0,,review,0
baseline_30m,S00230,visited,1,2026-03-11 12:46:00,2026-03-11 13:07:00,21.0,8,17.5425048231813,high,0
baseline_30m,S00231,unvisited,0,,,0.0,0,,review,0
baseline_30m,S00232,unvisited,0,,,0.0,0,,review,0
baseline_30m,S00233,unvisited,0,,,0.0,0,,review,0
baseline_30m,S00234,unvisited,0,,,0.0,0,,review,0
baseline_30m,S00235,ambiguous,1,2026-03-11 08:21:00,2026-03-11 08:21:00,0.0,1,23.6114733910166,ambiguous,0
baseline_30m,S00236,visited,1,2026-03-13 08:46:00,2026-03-13 09:01:00,15.0,4,10.0480770079524,high,0
baseline_30m,S00237,unvisited,0,,,0.0,0,,review,0
baseline_30m,S00238,unvisited,0,,,0.0,0,,review,0
baseline_30m,S00239,unvisited,0,,,0.0,0,,review,0
baseline_30m,S00240,unvisited,0,,,0.0,0,,review,0
baseline_30m,S00241,unvisited,0,,,0.0,0,,review,0
baseline_30m,S00242,unvisited,0,,,0.0,0,,review,0
baseline_30m,S00243,unvisited,0,,,0.0,0,,review,0
baseline_30m,S00244,unvisited,0,,,0.0,0,,review,0
baseline_30m,S00245,unvisited,0,,,0.0,0,,review,0
baseline_30m,S00246,unvisited,0,,,0.0,0,,review,0
baseline_30m,S00247,unvisited,0,,,0.0,0,,review,0
baseline_30m,S00248,visited,1,2026-03-12 07:40:00,2026-03-12 08:08:00,28.0,9,10.6828164362451,high,0
baseline_30m,S00249,unvisited,0,,,0.0,0,,review,0
baseline_30m,S00250,unvisited,0,,,0.0,0,,review,0
baseline_30m,S00251,unvisited,0,,,0.0,0,,review,0
baseline_30m,S00252,unvisited,0,,,0.0,0,,review,0
baseline_30m,S00253,unvisited,0,,,0.0,0,,review,0
baseline_30m,S00254,unvisited,0,,,0.0,0,,review,0
baseline_30m,S00255,unvisited,0,,,0.0,0,,review,0
baseline_30m,S00256,unvisited,0,,,0.0,0,,review,0
baseline_30m,S00257,unvisited,0,,,0.0,0,,review,0
baseline_30m,S00258,unvisited,0,,,0.0,0,,review,0
baseline_30m,S00259,unvisited,0,,,0.0,0,,review,0
baseline_30m,S00260,unvisited,0,,,0.0,0,,review,0
baseline_30m,S00261,unvisited,0,,,0.0,0,,review,0
baseline_30m,S00262,unvisited,0,,,0.0,0,,review,0
baseline_30m,S00263,visited,1,2026-03-11 17:44:00,2026-03-11 18:10:00,26.0,10,6.02482719705612,high,0
baseline_30m,S00264,unvisited,0,,,0.0,0,,review,0
baseline_30m,S00265,unvisited,0,,,0.0,0,,review,0
baseline_30m,S00266,unvisited,0,,,0.0,0,,review,0
baseline_30m,S00267,unvisited,0,,,0.0,0,,review,0
baseline_30m,S00268,unvisited,0,,,0.0,0,,review,0
baseline_30m,S00269,unvisited,0,,,0.0,0,,review,0
baseline_30m,S00270,unvisited,0,,,0.0,0,,review,0
baseline_30m,S00271,unvisited,0,,,0.0,0,,review,0
baseline_30m,S00272,unvisited,0,,,0.0,0,,review,0
baseline_30m,S00273,unvisited,0,,,0.0,0,,review,0
baseline_30m,S00274,visited,1,2026-03-12 10:16:00,2026-03-12 10:41:00,25.0,5,4.25205091846953,high,0
baseline_30m,S00275,unvisited,0,,,0.0,0,,review,0
baseline_30m,S00276,unvisited,0,,,0.0,0,,review,0
baseline_30m,S00277,ambiguous,1,2026-03-12 17:34:00,2026-03-12 17:34:00,0.0,1,26.4546549377994,ambiguous,0
baseline_30m,S00278,unvisited,0,,,0.0,0,,review,0
baseline_30m,S00279,unvisited,0,,,0.0,0,,review,0
baseline_30m,S00280,unvisited,0,,,0.0,0,,review,0
baseline_30m,S00281,unvisited,0,,,0.0,0,,review,0
baseline_30m,S00282,unvisited,0,,,0.0,0,,review,0
baseline_30m,S00283,unvisited,0,,,0.0,0,,review,0
baseline_30m,S00284,ambiguous,1,2026-03-11 13:49:00,2026-03-11 13:56:00,0.0,3,7.74847537722516,ambiguous,0
baseline_30m,S00285,unvisited,0,,,0.0,0,,review,0
baseline_30m,S00286,unvisited,0,,,0.0,0,,review,0
baseline_30m,S00287,visited,1,2026-03-09 07:27:00,2026-03-09 07:57:00,30.0,9,9.74835515817165,high,0
baseline_30m,S00288,ambiguous,1,2026-03-10 07:16:00,2026-03-10 07:29:00,0.0,5,11.6358984410538,ambiguous,0
baseline_30m,S00289,unvisited,0,,,0.0,0,,review,0
baseline_30m,S00290,unvisited,0,,,0.0,0,,review,0
baseline_30m,S00291,unvisited,0,,,0.0,0,,review,0
baseline_30m,S00292,unvisited,0,,,0.0,0,,review,0
baseline_30m,S00293,unvisited,0,,,0.0,0,,review,0
baseline_30m,S00294,unvisited,0,,,0.0,0,,review,0
baseline_30m,S00295,unvisited,0,,,0.0,0,,review,0
baseline_30m,S00296,unvisited,0,,,0.0,0,,review,0
baseline_30m,S00297,unvisited,0,,,0.0,0,,review,0
baseline_30m,S00298,unvisited,0,,,0.0,0,,review,0
baseline_30m,S00299,unvisited,0,,,0.0,0,,review,0
baseline_30m,S00300,unvisited,0,,,0.0,0,,review,0
baseline_30m,S00301,unvisited,0,,,0.0,0,,review,0
baseline_30m,S00302,unvisited,0,,,0.0,0,,review,0
baseline_30m,S00303,unvisited,0,,,0.0,0,,review,0
baseline_30m,S00304,unvisited,0,,,0.0,0,,review,0
baseline_30m,S00305,unvisited,0,,,0.0,0,,review,0
baseline_30m,S00306,unvisited,0,,,0.0,0,,review,0
baseline_30m,S00307,unvisited,0,,,0.0,0,,review,0
baseline_30m,S00308,unvisited,0,,,0.0,0,,review,0
baseline_30m,S00309,unvisited,0,,,0.0,0,,review,0
baseline_30m,S00310,unvisited,0,,,0.0,0,,review,0
baseline_30m,S00311,unvisited,0,,,0.0,0,,review,0
baseline_30m,S00312,unvisited,0,,,0.0,0,,review,0
baseline_30m,S00313,visited,1,2026-03-11 07:44:00,2026-03-11 08:03:00,19.0,6,11.797696048901,high,0
baseline_30m,S00314,unvisited,0,,,0.0,0,,review,0
baseline_30m,S00315,unvisited,0,,,0.0,0,,review,0
baseline_30m,S00316,unvisited,0,,,0.0,0,,review,0
baseline_30m,S00317,unvisited,0,,,0.0,0,,review,0
baseline_30m,S00318,unvisited,0,,,0.0,0,,review,0
baseline_30m,S00319,unvisited,0,,,0.0,0,,review,0
baseline_30m,S00320,unvisited,0,,,0.0,0,,review,0
baseline_30m,S00321,visited,1,2026-03-13 07:26:00,2026-03-13 07:41:00,15.0,4,6.80430363981186,high,0
baseline_30m,S00322,unvisited,0,,,0.0,0,,review,0
baseline_30m,S00323,unvisited,0,,,0.0,0,,review,0
baseline_30m,S00324,unvisited,0,,,0.0,0,,review,0
baseline_30m,S00325,unvisited,0,,,0.0,0,,review,0
baseline_30m,S00326,unvisited,0,,,0.0,0,,review,0
baseline_30m,S00327,unvisited,0,,,0.0,0,,review,0
baseline_30m,S00328,unvisited,0,,,0.0,0,,review,0
baseline_30m,S00329,unvisited,0,,,0.0,0,,review,0
baseline_30m,S00330,unvisited,0,,,0.0,0,,review,0
baseline_30m,S00331,unvisited,0,,,0.0,0,,review,0
baseline_30m,S00332,unvisited,0,,,0.0,0,,review,0
baseline_30m,S00333,unvisited,0,,,0.0,0,,review,0
baseline_30m,S00334,unvisited,0,,,0.0,0,,review,0
baseline_30m,S00335,unvisited,0,,,0.0,0,,review,0
baseline_30m,S00336,unvisited,0,,,0.0,0,,review,0
baseline_30m,S00337,unvisited,0,,,0.0,0,,review,0
baseline_30m,S00338,unvisited,0,,,0.0,0,,review,0
baseline_30m,S00339,unvisited,0,,,0.0,0,,review,0
baseline_30m,S00340,unvisited,0,,,0.0,0,,review,0
baseline_30m,S00341,unvisited,0,,,0.0,0,,review,0
baseline_30m,S00342,unvisited,0,,,0.0,0,,review,0
baseline_30m,S00343,unvisited,0,,,0.0,0,,review,0
baseline_30m,S00344,unvisited,0,,,0.0,0,,review,0
baseline_30m,S00345,unvisited,0,,,0.0,0,,review,0
baseline_30m,S00346,unvisited,0,,,0.0,0,,review,0
baseline_30m,S00347,unvisited,0,,,0.0,0,,review,0
baseline_30m,S00348,ambiguous,1,2026-03-09 07:32:00,2026-03-09 07:32:00,0.0,1,17.1381084456469,ambiguous,0
baseline_30m,S00349,unvisited,0,,,0.0,0,,review,0
baseline_30m,S00350,unvisited,0,,,0.0,0,,review,0
baseline_30m,S00351,unvisited,0,,,0.0,0,,review,0
baseline_30m,S00352,unvisited,0,,,0.0,0,,review,0
baseline_30m,S00353,unvisited,0,,,0.0,0,,review,0
baseline_30m,S00354,unvisited,0,,,0.0,0,,review,0
baseline_30m,S00355,unvisited,0,,,0.0,0,,review,0
baseline_30m,S00356,unvisited,0,,,0.0,0,,review,0
baseline_30m,S00357,unvisited,0,,,0.0,0,,review,0
baseline_30m,S00358,unvisited,0,,,0.0,0,,review,0
baseline_30m,S00359,unvisited,0,,,0.0,0,,review,0
baseline_30m,S00360,unvisited,0,,,0.0,0,,review,0
baseline_30m,S00361,unvisited,0,,,0.0,0,,review,0
baseline_30m,S00362,ambiguous,1,2026-03-13 08:31:00,2026-03-13 08:31:00,0.0,1,2.92422324486122,ambiguous,0
baseline_30m,S00363,unvisited,0,,,0.0,0,,review,0
baseline_30m,S00364,unvisited,0,,,0.0,0,,review,0
baseline_30m,S00365,unvisited,0,,,0.0,0,,review,0
baseline_30m,S00366,unvisited,0,,,0.0,0,,review,0
baseline_30m,S00367,unvisited,0,,,0.0,0,,review,0
baseline_30m,S00368,unvisited,0,,,0.0,0,,review,0
baseline_30m,S00369,unvisited,0,,,0.0,0,,review,0
baseline_30m,S00370,unvisited,0,,,0.0,0,,review,0
baseline_30m,S00371,unvisited,0,,,0.0,0,,review,0
baseline_30m,S00372,unvisited,0,,,0.0,0,,review,0
baseline_30m,S00373,unvisited,0,,,0.0,0,,review,0
baseline_30m,S00374,unvisited,0,,,0.0,0,,review,0
baseline_30m,S00375,unvisited,0,,,0.0,0,,review,0
baseline_30m,S00376,unvisited,0,,,0.0,0,,review,0
baseline_30m,S00377,unvisited,0,,,0.0,0,,review,0
baseline_30m,S00378,unvisited,0,,,0.0,0,,review,0
baseline_30m,S00379,unvisited,0,,,0.0,0,,review,0
baseline_30m,S00380,unvisited,0,,,0.0,0,,review,0
baseline_30m,S00381,unvisited,0,,,0.0,0,,review,0
baseline_30m,S00382,unvisited,0,,,0.0,0,,review,0
baseline_30m,S00383,unvisited,0,,,0.0,0,,review,0
baseline_30m,S00384,unvisited,0,,,0.0,0,,review,0
baseline_30m,S00385,unvisited,0,,,0.0,0,,review,0
baseline_30m,S00386,unvisited,0,,,0.0,0,,review,0
baseline_30m,S00387,unvisited,0,,,0.0,0,,review,0
baseline_30m,S00388,unvisited,0,,,0.0,0,,review,0
baseline_30m,S00389,unvisited,0,,,0.0,0,,review,0
baseline_30m,S00390,unvisited,0,,,0.0,0,,review,0
baseline_30m,S00391,unvisited,0,,,0.0,0,,review,0
baseline_30m,S00392,unvisited,0,,,0.0,0,,review,0
baseline_30m,S00393,unvisited,0,,,0.0,0,,review,0
baseline_30m,S00394,unvisited,0,,,0.0,0,,review,0
baseline_30m,S00395,unvisited,0,,,0.0,0,,review,0
baseline_30m,S00396,unvisited,0,,,0.0,0,,review,0
baseline_30m,S00397,unvisited,0,,,0.0,0,,review,0
baseline_30m,S00398,unvisited,0,,,0.0,0,,review,0
baseline_30m,S00399,unvisited,0,,,0.0,0,,review,0
baseline_30m,S00400,unvisited,0,,,0.0,0,,review,0
baseline_30m,S00401,unvisited,0,,,0.0,0,,review,0
baseline_30m,S00402,unvisited,0,,,0.0,0,,review,0
baseline_30m,S00403,unvisited,0,,,0.0,0,,review,0
baseline_30m,S00404,unvisited,0,,,0.0,0,,review,0
baseline_30m,S00405,unvisited,0,,,0.0,0,,review,0
baseline_30m,S00406,unvisited,0,,,0.0,0,,review,0
baseline_30m,S00407,unvisited,0,,,0.0,0,,review,0
baseline_30m,S00408,unvisited,0,,,0.0,0,,review,0
baseline_30m,S00409,unvisited,0,,,0.0,0,,review,0
baseline_30m,S00410,unvisited,0,,,0.0,0,,review,0
baseline_30m,S00411,unvisited,0,,,0.0,0,,review,0
baseline_30m,S00412,unvisited,0,,,0.0,0,,review,0
baseline_30m,S00413,unvisited,0,,,0.0,0,,review,0
baseline_30m,S00414,unvisited,0,,,0.0,0,,review,0
baseline_30m,S00415,unvisited,0,,,0.0,0,,review,0
baseline_30m,S00416,unvisited,0,,,0.0,0,,review,0
baseline_30m,S00417,unvisited,0,,,0.0,0,,review,0
baseline_30m,S00418,unvisited,0,,,0.0,0,,review,0
baseline_30m,S00419,visited,1,2026-03-11 07:29:00,2026-03-11 07:52:00,23.0,5,6.54207794659625,high,0
baseline_30m,S00420,unvisited,0,,,0.0,0,,review,0
baseline_30m,S00421,unvisited,0,,,0.0,0,,review,0
baseline_30m,S00422,unvisited,0,,,0.0,0,,review,0
baseline_30m,S00423,unvisited,0,,,0.0,0,,review,0
baseline_30m,S00424,unvisited,0,,,0.0,0,,review,0
baseline_30m,S00425,unvisited,0,,,0.0,0,,review,0
baseline_30m,S00426,unvisited,0,,,0.0,0,,review,0
baseline_30m,S00427,unvisited,0,,,0.0,0,,review,0
baseline_30m,S00428,unvisited,0,,,0.0,0,,review,0
baseline_30m,S00429,unvisited,0,,,0.0,0,,review,0
baseline_30m,S00430,unvisited,0,,,0.0,0,,review,0
baseline_30m,S00431,unvisited,0,,,0.0,0,,review,0
baseline_30m,S00432,unvisited,0,,,0.0,0,,review,0
baseline_30m,S00433,unvisited,0,,,0.0,0,,review,0
baseline_30m,S00434,unvisited,0,,,0.0,0,,review,0
baseline_30m,S00435,unvisited,0,,,0.0,0,,review,0
baseline_30m,S00436,unvisited,0,,,0.0,0,,review,0
baseline_30m,S00437,unvisited,0,,,0.0,0,,review,0
baseline_30m,S00438,unvisited,0,,,0.0,0,,review,0
baseline_30m,S00439,unvisited,0,,,0.0,0,,review,0
baseline_30m,S00440,unvisited,0,,,0.0,0,,review,0
baseline_30m,S00441,unvisited,0,,,0.0,0,,review,0
baseline_30m,S00442,unvisited,0,,,0.0,0,,review,0
baseline_30m,S00443,unvisited,0,,,0.0,0,,review,0
baseline_30m,S00444,unvisited,0,,,0.0,0,,review,0
baseline_30m,S00445,unvisited,0,,,0.0,0,,review,0
baseline_30m,S00446,unvisited,0,,,0.0,0,,review,0
baseline_30m,S00447,unvisited,0,,,0.0,0,,review,0
baseline_30m,S00448,unvisited,0,,,0.0,0,,review,0
baseline_30m,S00449,unvisited,0,,,0.0,0,,review,0
baseline_30m,S00450,unvisited,0,,,0.0,0,,review,0
baseline_30m,S00451,unvisited,0,,,0.0,0,,review,0
baseline_30m,S00452,unvisited,0,,,0.0,0,,review,0
baseline_30m,S00453,unvisited,0,,,0.0,0,,review,0
baseline_30m,S00454,unvisited,0,,,0.0,0,,review,0
baseline_30m,S00455,unvisited,0,,,0.0,0,,review,0
baseline_30m,S00456,unvisited,0,,,0.0,0,,review,0
baseline_30m,S00457,unvisited,0,,,0.0,0,,review,0
baseline_30m,S00458,unvisited,0,,,0.0,0,,review,0
baseline_30m,S00459,unvisited,0,,,0.0,0,,review,0
baseline_30m,S00460,unvisited,0,,,0.0,0,,review,0
baseline_30m,S00461,unvisited,0,,,0.0,0,,review,0
baseline_30m,S00462,unvisited,0,,,0.0,0,,review,0
baseline_30m,S00463,unvisited,0,,,0.0,0,,review,0
baseline_30m,S00464,unvisited,0,,,0.0,0,,review,0
baseline_30m,S00465,unvisited,0,,,0.0,0,,review,0
baseline_30m,S00466,unvisited,0,,,0.0,0,,review,0
baseline_30m,S00467,unvisited,0,,,0.0,0,,review,0
baseline_30m,S00468,unvisited,0,,,0.0,0,,review,0
baseline_30m,S00469,unvisited,0,,,0.0,0,,review,0
baseline_30m,S00470,unvisited,0,,,0.0,0,,review,0
baseline_30m,S00471,unvisited,0,,,0.0,0,,review,0
baseline_30m,S00472,unvisited,0,,,0.0,0,,review,0
baseline_30m,S00473,unvisited,0,,,0.0,0,,review,0
baseline_30m,S00474,unvisited,0,,,0.0,0,,review,0
baseline_30m,S00475,unvisited,0,,,0.0,0,,review,0
baseline_30m,S00476,unvisited,0,,,0.0,0,,review,0
baseline_30m,S00477,unvisited,0,,,0.0,0,,review,0
baseline_30m,S00478,unvisited,0,,,0.0,0,,review,0
baseline_30m,S00479,unvisited,0,,,0.0,0,,review,0
baseline_30m,S00480,unvisited,0,,,0.0,0,,review,0
baseline_30m,S00481,unvisited,0,,,0.0,0,,review,0
baseline_30m,S00482,unvisited,0,,,0.0,0,,review,0
baseline_30m,S00483,unvisited,0,,,0.0,0,,review,0
baseline_30m,S00484,unvisited,0,,,0.0,0,,review,0
baseline_30m,S00485,unvisited,0,,,0.0,0,,review,0
baseline_30m,S00486,unvisited,0,,,0.0,0,,review,0
baseline_30m,S00487,unvisited,0,,,0.0,0,,review,0
baseline_30m,S00488,unvisited,0,,,0.0,0,,review,0
baseline_30m,S00489,unvisited,0,,,0.0,0,,review,0
baseline_30m,S00490,unvisited,0,,,0.0,0,,review,0
baseline_30m,S00491,unvisited,0,,,0.0,0,,review,0
baseline_30m,S00492,unvisited,0,,,0.0,0,,review,0
baseline_30m,S00493,unvisited,0,,,0.0,0,,review,0
baseline_30m,S00494,visited,1,2026-03-09 08:29:00,2026-03-09 08:50:00,21.0,6,6.65167894269101,high,0
baseline_30m,S00495,unvisited,0,,,0.0,0,,review,0
baseline_30m,S00496,unvisited,0,,,0.0,0,,review,0
baseline_30m,S00497,unvisited,0,,,0.0,0,,review,0
baseline_30m,S00498,unvisited,0,,,0.0,0,,review,0
baseline_30m,S00499,unvisited,0,,,0.0,0,,review,0
baseline_30m,S00500,unvisited,0,,,0.0,0,,review,0
baseline_30m,S00501,unvisited,0,,,0.0,0,,review,0
baseline_30m,S00502,unvisited,0,,,0.0,0,,review,0
baseline_30m,S00503,unvisited,0,,,0.0,0,,review,0
baseline_30m,S00504,unvisited,0,,,0.0,0,,review,0
baseline_30m,S00505,unvisited,0,,,0.0,0,,review,0
baseline_30m,S00506,unvisited,0,,,0.0,0,,review,0
baseline_30m,S00507,unvisited,0,,,0.0,0,,review,0
baseline_30m,S00508,unvisited,0,,,0.0,0,,review,0
baseline_30m,S00509,unvisited,0,,,0.0,0,,review,0
baseline_30m,S00510,unvisited,0,,,0.0,0,,review,0
baseline_30m,S00511,unvisited,0,,,0.0,0,,review,0
baseline_30m,S00512,unvisited,0,,,0.0,0,,review,0
baseline_30m,S00513,unvisited,0,,,0.0,0,,review,0
baseline_30m,S00514,visited,1,2026-03-09 07:36:00,2026-03-09 07:54:00,18.0,5,15.1271504843153,high,0
baseline_30m,S00515,unvisited,0,,,0.0,0,,review,0
baseline_30m,S00516,unvisited,0,,,0.0,0,,review,0
baseline_30m,S00517,unvisited,0,,,0.0,0,,review,0
baseline_30m,S00518,unvisited,0,,,0.0,0,,review,0
baseline_30m,S00519,unvisited,0,,,0.0,0,,review,0
baseline_30m,S00520,unvisited,0,,,0.0,0,,review,0
baseline_30m,S00521,unvisited,0,,,0.0,0,,review,0
baseline_30m,S00522,unvisited,0,,,0.0,0,,review,0
baseline_30m,S00523,unvisited,0,,,0.0,0,,review,0
baseline_30m,S00524,unvisited,0,,,0.0,0,,review,0
baseline_30m,S00525,unvisited,0,,,0.0,0,,review,0
baseline_30m,S00526,unvisited,0,,,0.0,0,,review,0
baseline_30m,S00527,unvisited,0,,,0.0,0,,review,0
baseline_30m,S00528,unvisited,0,,,0.0,0,,review,0
baseline_30m,S00529,unvisited,0,,,0.0,0,,review,0
baseline_30m,S00530,unvisited,0,,,0.0,0,,review,0
baseline_30m,S00531,unvisited,0,,,0.0,0,,review,0
baseline_30m,S00532,unvisited,0,,,0.0,0,,review,0
baseline_30m,S00533,unvisited,0,,,0.0,0,,review,0
baseline_30m,S00534,unvisited,0,,,0.0,0,,review,0
baseline_30m,S00535,unvisited,0,,,0.0,0,,review,0
baseline_30m,S00536,unvisited,0,,,0.0,0,,review,0
baseline_30m,S00537,unvisited,0,,,0.0,0,,review,0
baseline_30m,S00538,visited,1,2026-03-11 07:19:00,2026-03-11 07:34:00,15.0,6,14.0054208839433,high,0
baseline_30m,S00539,unvisited,0,,,0.0,0,,review,0
baseline_30m,S00540,unvisited,0,,,0.0,0,,review,0
baseline_30m,S00541,unvisited,0,,,0.0,0,,review,0
baseline_30m,S00542,unvisited,0,,,0.0,0,,review,0
baseline_30m,S00543,unvisited,0,,,0.0,0,,review,0
baseline_30m,S00544,unvisited,0,,,0.0,0,,review,0
baseline_30m,S00545,unvisited,0,,,0.0,0,,review,0
baseline_30m,S00546,visited,1,2026-03-11 12:21:00,2026-03-11 12:48:00,27.0,12,10.510714005514,high,0
baseline_30m,S00547,unvisited,0,,,0.0,0,,review,0
baseline_30m,S00548,unvisited,0,,,0.0,0,,review,0
baseline_30m,S00549,unvisited,0,,,0.0,0,,review,0
baseline_30m,S00550,unvisited,0,,,0.0,0,,review,0
baseline_30m,S00551,unvisited,0,,,0.0,0,,review,0
baseline_30m,S00552,unvisited,0,,,0.0,0,,review,0
baseline_30m,S00553,visited,1,2026-03-13 13:43:00,2026-03-13 14:03:00,20.0,3,5.75153914157994,high,0
baseline_30m,S00554,unvisited,0,,,0.0,0,,review,0
baseline_30m,S00555,unvisited,0,,,0.0,0,,review,0
baseline_30m,S00556,visited,1,2026-03-12 10:13:00,2026-03-12 10:38:00,25.0,4,7.6573418675906,high,0
baseline_30m,S00557,unvisited,0,,,0.0,0,,review,0
baseline_30m,S00558,unvisited,0,,,0.0,0,,review,0
baseline_30m,S00559,unvisited,0,,,0.0,0,,review,0
baseline_30m,S00560,unvisited,0,,,0.0,0,,review,0
baseline_30m,S00561,unvisited,0,,,0.0,0,,review,0
baseline_30m,S00562,unvisited,0,,,0.0,0,,review,0
baseline_30m,S00563,unvisited,0,,,0.0,0,,review,0
baseline_30m,S00564,unvisited,0,,,0.0,0,,review,0
baseline_30m,S00565,unvisited,0,,,0.0,0,,review,0
baseline_30m,S00566,unvisited,0,,,0.0,0,,review,0
baseline_30m,S00567,unvisited,0,,,0.0,0,,review,0
baseline_30m,S00568,unvisited,0,,,0.0,0,,review,0
baseline_30m,S00569,unvisited,0,,,0.0,0,,review,0
baseline_30m,S00570,unvisited,0,,,0.0,0,,review,0
baseline_30m,S00571,unvisited,0,,,0.0,0,,review,0
baseline_30m,S00572,unvisited,0,,,0.0,0,,review,0
baseline_30m,S00573,unvisited,0,,,0.0,0,,review,0
baseline_30m,S00574,unvisited,0,,,0.0,0,,review,0
baseline_30m,S00575,unvisited,0,,,0.0,0,,review,0
baseline_30m,S00576,ambiguous,1,2026-03-09 12:34:00,2026-03-09 12:55:00,0.0,3,23.0113961106392,ambiguous,0
baseline_30m,S00577,unvisited,0,,,0.0,0,,review,0
baseline_30m,S00578,unvisited,0,,,0.0,0,,review,0
baseline_30m,S00579,unvisited,0,,,0.0,0,,review,0
baseline_30m,S00580,unvisited,0,,,0.0,0,,review,0
baseline_30m,S00581,unvisited,0,,,0.0,0,,review,0
baseline_30m,S00582,visited,1,2026-03-12 12:23:00,2026-03-12 12:41:00,18.0,6,13.8427647731938,high,0
baseline_30m,S00583,unvisited,0,,,0.0,0,,review,0
baseline_30m,S00584,unvisited,0,,,0.0,0,,review,0
baseline_30m,S00585,unvisited,0,,,0.0,0,,review,0
baseline_30m,S00586,unvisited,0,,,0.0,0,,review,0
baseline_30m,S00587,unvisited,0,,,0.0,0,,review,0
baseline_30m,S00588,unvisited,0,,,0.0,0,,review,0
baseline_30m,S00589,unvisited,0,,,0.0,0,,review,0
baseline_30m,S00590,ambiguous,1,2026-03-09 07:14:00,2026-03-09 07:28:00,0.0,6,11.9747810048054,ambiguous,0
baseline_30m,S00591,unvisited,0,,,0.0,0,,review,0
baseline_30m,S00592,unvisited,0,,,0.0,0,,review,0
baseline_30m,S00593,unvisited,0,,,0.0,0,,review,0
baseline_30m,S00594,visited,1,2026-03-11 09:53:00,2026-03-11 10:11:00,18.0,7,2.53362515788046,high,0
baseline_30m,S00595,unvisited,0,,,0.0,0,,review,0
baseline_30m,S00596,unvisited,0,,,0.0,0,,review,0
baseline_30m,S00597,ambiguous,1,2026-03-12 07:43:00,2026-03-12 07:43:00,0.0,1,16.3453726258755,ambiguous,0
baseline_30m,S00598,unvisited,0,,,0.0,0,,review,0
baseline_30m,S00599,visited,1,2026-03-09 09:44:00,2026-03-09 10:02:00,18.0,5,13.8112184147608,high,0
baseline_30m,S00600,unvisited,0,,,0.0,0,,review,0
baseline_30m,S00601,unvisited,0,,,0.0,0,,review,0
baseline_30m,S00602,unvisited,0,,,0.0,0,,review,0
baseline_30m,S00603,unvisited,0,,,0.0,0,,review,0
baseline_30m,S00604,unvisited,0,,,0.0,0,,review,0
baseline_30m,S00605,unvisited,0,,,0.0,0,,review,0
baseline_30m,S00606,visited,1,2026-03-13 07:54:00,2026-03-13 08:20:00,26.0,11,7.00529361781371,high,0
baseline_30m,S00607,unvisited,0,,,0.0,0,,review,0
baseline_30m,S00608,unvisited,0,,,0.0,0,,review,0
baseline_30m,S00609,unvisited,0,,,0.0,0,,review,0
baseline_30m,S00610,unvisited,0,,,0.0,0,,review,0
baseline_30m,S00611,visited,1,2026-03-12 13:57:00,2026-03-12 14:14:00,17.0,8,7.93010387156486,high,0
baseline_30m,S00612,unvisited,0,,,0.0,0,,review,0
baseline_30m,S00613,unvisited,0,,,0.0,0,,review,0
baseline_30m,S00614,unvisited,0,,,0.0,0,,review,0
baseline_30m,S00615,ambiguous,1,2026-03-09 12:35:00,2026-03-09 12:38:00,0.0,2,7.91197208131644,ambiguous,1
baseline_30m,S00616,unvisited,0,,,0.0,0,,review,0
baseline_30m,S00617,unvisited,0,,,0.0,0,,review,0
baseline_30m,S00618,unvisited,0,,,0.0,0,,review,0
baseline_30m,S00619,unvisited,0,,,0.0,0,,review,0
baseline_30m,S00620,unvisited,0,,,0.0,0,,review,0
baseline_30m,S00621,unvisited,0,,,0.0,0,,review,0
baseline_30m,S00622,unvisited,0,,,0.0,0,,review,0
baseline_30m,S00623,unvisited,0,,,0.0,0,,review,0
baseline_30m,S00624,unvisited,0,,,0.0,0,,review,0
baseline_30m,S00625,unvisited,0,,,0.0,0,,review,0
baseline_30m,S00626,unvisited,0,,,0.0,0,,review,0
baseline_30m,S00627,unvisited,0,,,0.0,0,,review,0
baseline_30m,S00628,unvisited,0,,,0.0,0,,review,0
baseline_30m,S00629,unvisited,0,,,0.0,0,,review,0
baseline_30m,S00630,unvisited,0,,,0.0,0,,review,0
baseline_30m,S00631,ambiguous,1,2026-03-13 10:29:00,2026-03-13 10:40:00,0.0,6,10.6814606002898,ambiguous,0
baseline_30m,S00632,unvisited,0,,,0.0,0,,review,0
baseline_30m,S00633,unvisited,0,,,0.0,0,,review,0
baseline_30m,S00634,unvisited,0,,,0.0,0,,review,0
baseline_30m,S00635,unvisited,0,,,0.0,0,,review,0
baseline_30m,S00636,unvisited,0,,,0.0,0,,review,0
baseline_30m,S00637,unvisited,0,,,0.0,0,,review,0
baseline_30m,S00638,unvisited,0,,,0.0,0,,review,0
baseline_30m,S00639,unvisited,0,,,0.0,0,,review,0
baseline_30m,S00640,unvisited,0,,,0.0,0,,review,0
baseline_30m,S00641,unvisited,0,,,0.0,0,,review,0
baseline_30m,S00642,unvisited,0,,,0.0,0,,review,0
baseline_30m,S00643,unvisited,0,,,0.0,0,,review,0
baseline_30m,S00644,ambiguous,1,2026-03-12 08:40:00,2026-03-12 08:40:00,0.0,1,18.1885849930864,ambiguous,0
baseline_30m,S00645,unvisited,0,,,0.0,0,,review,0
baseline_30m,S00646,unvisited,0,,,0.0,0,,review,0
baseline_30m,S00647,unvisited,0,,,0.0,0,,review,0
baseline_30m,S00648,unvisited,0,,,0.0,0,,review,0
baseline_30m,S00649,unvisited,0,,,0.0,0,,review,0
baseline_30m,S00650,unvisited,0,,,0.0,0,,review,0
baseline_30m,S00651,visited,1,2026-03-10 07:27:00,2026-03-10 07:51:00,24.0,12,10.8381987268335,high,0
baseline_30m,S00652,unvisited,0,,,0.0,0,,review,0
baseline_30m,S00653,unvisited,0,,,0.0,0,,review,0
baseline_30m,S00654,unvisited,0,,,0.0,0,,review,0
baseline_30m,S00655,visited,1,2026-03-10 08:08:00,2026-03-10 08:35:00,27.0,22,6.78558989176751,high,0
baseline_30m,S00656,unvisited,0,,,0.0,0,,review,0
baseline_30m,S00657,unvisited,0,,,0.0,0,,review,0
baseline_30m,S00658,ambiguous,1,2026-03-09 14:05:00,2026-03-09 14:16:00,0.0,3,11.2543583795233,ambiguous,0
baseline_30m,S00659,ambiguous,1,2026-03-13 07:20:00,2026-03-13 07:28:00,0.0,3,14.4084918440642,ambiguous,0
baseline_30m,S00660,unvisited,0,,,0.0,0,,review,0
baseline_30m,S00661,unvisited,0,,,0.0,0,,review,0
baseline_30m,S00662,unvisited,0,,,0.0,0,,review,0
baseline_30m,S00663,unvisited,0,,,0.0,0,,review,0
baseline_30m,S00664,unvisited,0,,,0.0,0,,review,0
baseline_30m,S00665,unvisited,0,,,0.0,0,,review,0
baseline_30m,S00666,unvisited,0,,,0.0,0,,review,0
baseline_30m,S00667,unvisited,0,,,0.0,0,,review,0
baseline_30m,S00668,unvisited,0,,,0.0,0,,review,0
baseline_30m,S00669,unvisited,0,,,0.0,0,,review,0
baseline_30m,S00670,unvisited,0,,,0.0,0,,review,0
baseline_30m,S00671,unvisited,0,,,0.0,0,,review,0
baseline_30m,S00672,unvisited,0,,,0.0,0,,review,0
baseline_30m,S00673,unvisited,0,,,0.0,0,,review,0
baseline_30m,S00674,unvisited,0,,,0.0,0,,review,0
baseline_30m,S00675,unvisited,0,,,0.0,0,,review,0
baseline_30m,S00676,unvisited,0,,,0.0,0,,review,0
baseline_30m,S00677,unvisited,0,,,0.0,0,,review,0
baseline_30m,S00678,unvisited,0,,,0.0,0,,review,0
baseline_30m,S00679,unvisited,0,,,0.0,0,,review,0
baseline_30m,S00680,unvisited,0,,,0.0,0,,review,0
baseline_30m,S00681,unvisited,0,,,0.0,0,,review,0
baseline_30m,S00682,unvisited,0,,,0.0,0,,review,0
baseline_30m,S00683,unvisited,0,,,0.0,0,,review,0
baseline_30m,S00684,unvisited,0,,,0.0,0,,review,0
baseline_30m,S00685,unvisited,0,,,0.0,0,,review,0
baseline_30m,S00686,unvisited,0,,,0.0,0,,review,0
baseline_30m,S00687,unvisited,0,,,0.0,0,,review,0
baseline_30m,S00688,unvisited,0,,,0.0,0,,review,0
baseline_30m,S00689,unvisited,0,,,0.0,0,,review,0
baseline_30m,S00690,unvisited,0,,,0.0,0,,review,0
baseline_30m,S00691,unvisited,0,,,0.0,0,,review,0
baseline_30m,S00692,unvisited,0,,,0.0,0,,review,0
baseline_30m,S00693,unvisited,0,,,0.0,0,,review,0
baseline_30m,S00694,unvisited,0,,,0.0,0,,review,0
baseline_30m,S00695,unvisited,0,,,0.0,0,,review,0
baseline_30m,S00696,unvisited,0,,,0.0,0,,review,0
baseline_30m,S00697,unvisited,0,,,0.0,0,,review,0
baseline_30m,S00698,unvisited,0,,,0.0,0,,review,0
baseline_30m,S00699,unvisited,0,,,0.0,0,,review,0
baseline_30m,S00700,unvisited,0,,,0.0,0,,review,0
baseline_30m,S00701,unvisited,0,,,0.0,0,,review,0
baseline_30m,S00702,unvisited,0,,,0.0,0,,review,0
baseline_30m,S00703,unvisited,0,,,0.0,0,,review,0
baseline_30m,S00704,unvisited,0,,,0.0,0,,review,0
baseline_30m,S00705,unvisited,0,,,0.0,0,,review,0
baseline_30m,S00706,unvisited,0,,,0.0,0,,review,0
baseline_30m,S00707,unvisited,0,,,0.0,0,,review,0
baseline_30m,S00708,unvisited,0,,,0.0,0,,review,0
baseline_30m,S00709,unvisited,0,,,0.0,0,,review,0
baseline_30m,S00710,unvisited,0,,,0.0,0,,review,0
baseline_30m,S00711,unvisited,0,,,0.0,0,,review,0
baseline_30m,S00712,unvisited,0,,,0.0,0,,review,0
baseline_30m,S00713,unvisited,0,,,0.0,0,,review,0
baseline_30m,S00714,unvisited,0,,,0.0,0,,review,0
baseline_30m,S00715,unvisited,0,,,0.0,0,,review,0
baseline_30m,S00716,unvisited,0,,,0.0,0,,review,0
baseline_30m,S00717,unvisited,0,,,0.0,0,,review,0
baseline_30m,S00718,unvisited,0,,,0.0,0,,review,0
baseline_30m,S00719,unvisited,0,,,0.0,0,,review,0
baseline_30m,S00720,unvisited,0,,,0.0,0,,review,0
baseline_30m,S00721,unvisited,0,,,0.0,0,,review,0
baseline_30m,S00722,unvisited,0,,,0.0,0,,review,0
baseline_30m,S00723,unvisited,0,,,0.0,0,,review,0
baseline_30m,S00724,unvisited,0,,,0.0,0,,review,0
baseline_30m,S00725,unvisited,0,,,0.0,0,,review,0
baseline_30m,S00726,unvisited,0,,,0.0,0,,review,0
baseline_30m,S00727,unvisited,0,,,0.0,0,,review,0
baseline_30m,S00728,visited,1,2026-03-09 07:24:00,2026-03-09 07:49:00,25.0,6,11.6145834211355,high,0
baseline_30m,S00729,unvisited,0,,,0.0,0,,review,0
baseline_30m,S00730,unvisited,0,,,0.0,0,,review,0
baseline_30m,S00731,unvisited,0,,,0.0,0,,review,0
baseline_30m,S00732,unvisited,0,,,0.0,0,,review,0
baseline_30m,S00733,unvisited,0,,,0.0,0,,review,0
baseline_30m,S00734,unvisited,0,,,0.0,0,,review,0
baseline_30m,S00735,unvisited,0,,,0.0,0,,review,0
baseline_30m,S00736,unvisited,0,,,0.0,0,,review,0
baseline_30m,S00737,unvisited,0,,,0.0,0,,review,0
baseline_30m,S00738,unvisited,0,,,0.0,0,,review,0
baseline_30m,S00739,unvisited,0,,,0.0,0,,review,0
baseline_30m,S00740,unvisited,0,,,0.0,0,,review,0
baseline_30m,S00741,unvisited,0,,,0.0,0,,review,0
baseline_30m,S00742,unvisited,0,,,0.0,0,,review,0
baseline_30m,S00743,unvisited,0,,,0.0,0,,review,0
baseline_30m,S00744,unvisited,0,,,0.0,0,,review,0
baseline_30m,S00745,unvisited,0,,,0.0,0,,review,0
baseline_30m,S00746,unvisited,0,,,0.0,0,,review,0
baseline_30m,S00747,unvisited,0,,,0.0,0,,review,0
baseline_30m,S00748,unvisited,0,,,0.0,0,,review,0
baseline_30m,S00749,unvisited,0,,,0.0,0,,review,0
baseline_30m,S00750,unvisited,0,,,0.0,0,,review,0
baseline_30m,S00751,unvisited,0,,,0.0,0,,review,0
baseline_30m,S00752,unvisited,0,,,0.0,0,,review,0
baseline_30m,S00753,unvisited,0,,,0.0,0,,review,0
baseline_30m,S00754,unvisited,0,,,0.0,0,,review,0
baseline_30m,S00755,unvisited,0,,,0.0,0,,review,0
baseline_30m,S00756,unvisited,0,,,0.0,0,,review,0
baseline_30m,S00757,unvisited,0,,,0.0,0,,review,0
baseline_30m,S00758,unvisited,0,,,0.0,0,,review,0
baseline_30m,S00759,unvisited,0,,,0.0,0,,review,0
baseline_30m,S00760,unvisited,0,,,0.0,0,,review,0
baseline_30m,S00761,unvisited,0,,,0.0,0,,review,0
baseline_30m,S00762,unvisited,0,,,0.0,0,,review,0
baseline_30m,S00763,unvisited,0,,,0.0,0,,review,0
baseline_30m,S00764,unvisited,0,,,0.0,0,,review,0
baseline_30m,S00765,unvisited,0,,,0.0,0,,review,0
baseline_30m,S00766,unvisited,0,,,0.0,0,,review,0
baseline_30m,S00767,unvisited,0,,,0.0,0,,review,0
baseline_30m,S00768,unvisited,0,,,0.0,0,,review,0
baseline_30m,S00769,unvisited,0,,,0.0,0,,review,0
baseline_30m,S00770,unvisited,0,,,0.0,0,,review,0
baseline_30m,S00771,unvisited,0,,,0.0,0,,review,0
baseline_30m,S00772,unvisited,0,,,0.0,0,,review,0
baseline_30m,S00773,unvisited,0,,,0.0,0,,review,0
baseline_30m,S00774,unvisited,0,,,0.0,0,,review,0
baseline_30m,S00775,unvisited,0,,,0.0,0,,review,0
baseline_30m,S00776,unvisited,0,,,0.0,0,,review,0
baseline_30m,S00777,unvisited,0,,,0.0,0,,review,0
baseline_30m,S00778,unvisited,0,,,0.0,0,,review,0
baseline_30m,S00779,unvisited,0,,,0.0,0,,review,0
baseline_30m,S00780,visited,1,2026-03-13 07:18:00,2026-03-13 07:40:00,22.0,5,9.18645783980565,high,0
baseline_30m,S00781,unvisited,0,,,0.0,0,,review,0
baseline_30m,S00782,unvisited,0,,,0.0,0,,review,0
baseline_30m,S00783,unvisited,0,,,0.0,0,,review,0
baseline_30m,S00784,unvisited,0,,,0.0,0,,review,0
baseline_30m,S00785,unvisited,0,,,0.0,0,,review,0
baseline_30m,S00786,unvisited,0,,,0.0,0,,review,0
baseline_30m,S00787,unvisited,0,,,0.0,0,,review,0
baseline_30m,S00788,ambiguous,1,2026-03-10 16:48:00,2026-03-10 16:48:00,0.0,1,7.30779107146365,ambiguous,0
baseline_30m,S00789,unvisited,0,,,0.0,0,,review,0
baseline_30m,S00790,visited,1,2026-03-10 14:13:00,2026-03-10 15:53:00,100.0,99,0.155483036294674,high,0
baseline_30m,S00791,unvisited,0,,,0.0,0,,review,0
baseline_30m,S00792,unvisited,0,,,0.0,0,,review,0
baseline_30m,S00793,unvisited,0,,,0.0,0,,review,0
baseline_30m,S00794,ambiguous,1,2026-03-12 14:43:00,2026-03-12 14:43:00,0.0,1,17.1070814979972,ambiguous,0
baseline_30m,S00795,unvisited,0,,,0.0,0,,review,0
baseline_30m,S00796,unvisited,0,,,0.0,0,,review,0
baseline_30m,S00797,visited,1,2026-03-11 17:31:00,2026-03-11 19:00:00,89.0,90,0.548880784905794,high,0
baseline_30m,S00798,unvisited,0,,,0.0,0,,review,0
baseline_30m,S00799,ambiguous,1,2026-03-12 07:24:00,2026-03-12 07:24:00,0.0,1,9.37471555256676,ambiguous,0
baseline_30m,S00800,unvisited,0,,,0.0,0,,review,0
baseline_30m,S00801,unvisited,0,,,0.0,0,,review,0
baseline_30m,S00802,unvisited,0,,,0.0,0,,review,0
baseline_30m,S00803,unvisited,0,,,0.0,0,,review,0
baseline_30m,S00804,unvisited,0,,,0.0,0,,review,0
baseline_30m,S00805,ambiguous,1,2026-03-09 13:00:00,2026-03-09 13:00:00,0.0,1,1.33373151204127,ambiguous,0
baseline_30m,S00806,ambiguous,1,2026-03-10 17:29:00,2026-03-10 17:29:00,0.0,1,18.4768301218647,ambiguous,0
baseline_30m,S00807,unvisited,0,,,0.0,0,,review,0
baseline_30m,S00808,unvisited,0,,,0.0,0,,review,0
baseline_30m,S00809,unvisited,0,,,0.0,0,,review,0
baseline_30m,S00810,unvisited,0,,,0.0,0,,review,0
baseline_30m,S00811,unvisited,0,,,0.0,0,,review,0
baseline_30m,S00812,unvisited,0,,,0.0,0,,review,0
baseline_30m,S00813,visited,1,2026-03-12 18:19:00,2026-03-12 19:00:00,41.0,42,1.47834563618318,high,0
baseline_30m,S00814,unvisited,0,,,0.0,0,,review,0
baseline_30m,S00815,ambiguous,1,2026-03-10 13:11:00,2026-03-10 13:11:00,0.0,1,20.7038300449527,ambiguous,0
baseline_30m,S00816,unvisited,0,,,0.0,0,,review,0
baseline_30m,S00817,unvisited,0,,,0.0,0,,review,0
baseline_30m,S00818,unvisited,0,,,0.0,0,,review,0
baseline_30m,S00819,ambiguous,1,2026-03-12 16:38:00,2026-03-12 16:38:00,0.0,1,7.7417817943283,ambiguous,0
baseline_30m,S00820,unvisited,0,,,0.0,0,,review,0
baseline_30m,S00821,visited,1,2026-03-09 16:52:00,2026-03-09 18:46:00,114.0,115,0.489868711657043,high,0
baseline_30m,S00822,ambiguous,1,2026-03-09 14:39:00,2026-03-09 14:39:00,0.0,1,19.5005622713388,ambiguous,0
baseline_30m,S00823,ambiguous,1,2026-03-13 10:59:00,2026-03-13 12:33:00,0.0,75,0.589429061573134,ambiguous,0
baseline_30m,S00824,ambiguous,1,2026-03-12 12:02:00,2026-03-12 14:00:00,0.0,103,0.621934982057845,ambiguous,0
baseline_30m,S00825,unvisited,0,,,0.0,0,,review,0
baseline_30m,S00826,unvisited,0,,,0.0,0,,review,0
baseline_30m,S00827,unvisited,0,,,0.0,0,,review,0
baseline_30m,S00828,ambiguous,1,2026-03-11 08:20:00,2026-03-11 08:20:00,0.0,1,5.54229388025694,ambiguous,0
baseline_30m,S00829,unvisited,0,,,0.0,0,,review,0
baseline_30m,S00830,ambiguous,1,2026-03-13 10:31:00,2026-03-13 10:42:00,0.0,2,15.6184547648589,ambiguous,0
baseline_30m,S00831,visited,1,2026-03-09 15:32:00,2026-03-09 17:43:00,131.0,132,0.455753037852957,high,0
baseline_30m,S00832,unvisited,0,,,0.0,0,,review,0
baseline_30m,S00833,unvisited,0,,,0.0,0,,review,0
baseline_30m,S00834,ambiguous,1,2026-03-12 07:21:00,2026-03-12 07:28:00,0.0,2,10.5357849992467,ambiguous,0
baseline_30m,S00835,unvisited,0,,,0.0,0,,review,0
baseline_30m,S00836,unvisited,0,,,0.0,0,,review,0
baseline_30m,S00837,unvisited,0,,,0.0,0,,review,0
baseline_30m,S00838,visited,1,2026-03-10 07:24:00,2026-03-10 07:55:00,31.0,32,3.23737047376858,high,0
baseline_30m,S00839,unvisited,0,,,0.0,0,,review,0
baseline_30m,S00840,unvisited,0,,,0.0,0,,review,0
baseline_30m,S00841,unvisited,0,,,0.0,0,,review,0
baseline_30m,S00842,unvisited,0,,,0.0,0,,review,0
baseline_30m,S00843,unvisited,0,,,0.0,0,,review,0
baseline_30m,S00844,visited,1,2026-03-11 15:16:00,2026-03-11 16:58:00,102.0,103,0.395696194860135,high,0
baseline_30m,S00845,unvisited,0,,,0.0,0,8.54168404271394,review,0
baseline_30m,S00846,unvisited,0,,,0.0,0,,review,0
baseline_30m,S00847,ambiguous,1,2026-03-12 09:16:00,2026-03-12 09:23:00,0.0,2,7.05962179323504,ambiguous,0
baseline_30m,S00848,ambiguous,1,2026-03-09 13:13:00,2026-03-09 13:13:00,0.0,1,12.1278949727311,ambiguous,0
baseline_30m,S00849,unvisited,0,,,0.0,0,,review,0
baseline_30m,S00850,ambiguous,1,2026-03-10 17:52:00,2026-03-10 17:52:00,0.0,1,1.5829277604115,ambiguous,0
baseline_30m,S00851,unvisited,0,,,0.0,0,,review,0
baseline_30m,S00852,unvisited,0,,,0.0,0,,review,0
baseline_30m,S00853,unvisited,0,,,0.0,0,,review,0
baseline_30m,S00854,ambiguous,1,2026-03-13 16:50:00,2026-03-13 16:50:00,0.0,1,10.3013211385233,ambiguous,0
baseline_30m,S00855,unvisited,0,,,0.0,0,3.88851458116662,review,0
baseline_30m,S00856,unvisited,0,,,0.0,0,,review,0
baseline_30m,S00857,ambiguous,1,2026-03-13 07:56:00,2026-03-13 07:56:00,0.0,1,3.3463144666111,ambiguous,0
baseline_30m,S00858,unvisited,0,,,0.0,0,,review,0
baseline_30m,S00859,ambiguous,1,2026-03-12 07:59:00,2026-03-12 07:59:00,0.0,1,15.2716988484449,ambiguous,0
baseline_30m,S00860,unvisited,0,,,0.0,0,,review,0
baseline_30m,S00861,ambiguous,1,2026-03-10 16:03:00,2026-03-10 16:14:00,0.0,2,5.87381071637223,ambiguous,0
baseline_30m,S00862,unvisited,0,,,0.0,0,,review,0
baseline_30m,S00863,unvisited,0,,,0.0,0,,review,0
baseline_30m,S00864,visited,1,2026-03-12 11:37:00,2026-03-12 12:50:00,73.0,74,0.859851684689477,high,0
baseline_30m,S00865,unvisited,0,,,0.0,0,,review,0
baseline_30m,S00866,unvisited,0,,,0.0,0,,review,0
baseline_30m,S00867,visited,1,2026-03-13 14:19:00,2026-03-13 15:47:00,88.0,78,0.346238256903805,high,0
baseline_30m,S00868,unvisited,0,,,0.0,0,,review,0
baseline_30m,S00869,unvisited,0,,,0.0,0,,review,0
baseline_30m,S00870,unvisited,0,,,0.0,0,,review,0
baseline_30m,S00871,ambiguous,1,2026-03-09 10:35:00,2026-03-09 10:49:00,0.0,2,5.30636878558259,ambiguous,0
baseline_30m,S00872,unvisited,0,,,0.0,0,,review,0
baseline_30m,S00873,unvisited,0,,,0.0,0,,review,0
baseline_30m,S00874,unvisited,0,,,0.0,0,,review,0
baseline_30m,S00875,unvisited,0,,,0.0,0,,review,0
baseline_30m,S00876,unvisited,0,,,0.0,0,,review,0
baseline_30m,S00877,unvisited,0,,,0.0,0,,review,0
baseline_30m,S00878,unvisited,0,,,0.0,0,4.6532520398235,review,0
baseline_30m,S00879,ambiguous,1,2026-03-12 07:37:00,2026-03-12 07:37:00,0.0,1,5.90797140510464,ambiguous,0
baseline_30m,S00880,unvisited,0,,,0.0,0,,review,0
baseline_30m,S00881,unvisited,0,,,0.0,0,,review,0
baseline_30m,S00882,unvisited,0,,,0.0,0,,review,0
baseline_30m,S00883,unvisited,0,,,0.0,0,,review,0
baseline_30m,S00884,unvisited,0,,,0.0,0,,review,0
baseline_30m,S00885,unvisited,0,,,0.0,0,,review,0
baseline_30m,S00886,unvisited,0,,,0.0,0,,review,0
baseline_30m,S00887,unvisited,0,,,0.0,0,,review,0
baseline_30m,S00888,ambiguous,1,2026-03-13 10:29:00,2026-03-13 10:29:00,0.0,1,9.62718614350971,ambiguous,0
baseline_30m,S00889,unvisited,0,,,0.0,0,,review,0
baseline_30m,S00890,ambiguous,1,2026-03-09 18:44:00,2026-03-09 18:44:00,0.0,1,13.6353844929531,ambiguous,0
baseline_30m,S00891,unvisited,0,,,0.0,0,,review,0
baseline_30m,S00892,unvisited,0,,,0.0,0,,review,0
baseline_30m,S00893,unvisited,0,,,0.0,0,,review,0
baseline_30m,S00894,unvisited,0,,,0.0,0,,review,0
baseline_30m,S00895,unvisited,0,,,0.0,0,,review,0
baseline_30m,S00896,unvisited,0,,,0.0,0,,review,0
baseline_30m,S00897,unvisited,0,,,0.0,0,,review,0
baseline_30m,S00898,visited,1,2026-03-13 15:45:00,2026-03-13 17:25:00,100.0,101,0.703855260241359,high,0
baseline_30m,S00899,unvisited,0,,,0.0,0,,review,0
baseline_30m,S00900,unvisited,0,,,0.0,0,,review,0
baseline_30m,S00901,unvisited,0,,,0.0,0,,review,0
baseline_30m,S00902,unvisited,0,,,0.0,0,,review,0
baseline_30m,S00903,unvisited,0,,,0.0,0,,review,0
baseline_30m,S00904,unvisited,0,,,0.0,0,,review,0
baseline_30m,S00905,unvisited,0,,,0.0,0,24.7821456807296,review,0
baseline_30m,S00906,unvisited,0,,,0.0,0,,review,0
baseline_30m,S00907,unvisited,0,,,0.0,0,,review,0
baseline_30m,S00908,ambiguous,1,2026-03-10 07:40:00,2026-03-10 07:46:00,0.0,2,3.94761245375119,ambiguous,0
baseline_30m,S00909,visited,1,2026-03-12 18:41:00,2026-03-12 19:00:00,19.0,20,0.774293441394016,high,0
baseline_30m,S00910,ambiguous,1,2026-03-11 07:44:00,2026-03-11 07:44:00,0.0,1,4.20093617913855,ambiguous,0
baseline_30m,S00911,unvisited,0,,,0.0,0,,review,0
baseline_30m,S00912,unvisited,0,,,0.0,0,,review,0
baseline_30m,S00913,unvisited,0,,,0.0,0,,review,0
baseline_30m,S00914,unvisited,0,,,0.0,0,,review,0
baseline_30m,S00915,unvisited,0,,,0.0,0,,review,0
baseline_30m,S00916,unvisited,0,,,0.0,0,,review,0
baseline_30m,S00917,unvisited,0,,,0.0,0,,review,0
baseline_30m,S00918,unvisited,0,,,0.0,0,,review,0
baseline_30m,S00919,ambiguous,1,2026-03-10 08:55:00,2026-03-10 09:19:00,0.0,2,1.5656251536027,ambiguous,0
baseline_30m,S00920,unvisited,0,,,0.0,0,,review,0
baseline_30m,S00921,unvisited,0,,,0.0,0,,review,0
baseline_30m,S00922,unvisited,0,,,0.0,0,,review,0
baseline_30m,S00923,unvisited,0,,,0.0,0,,review,0
baseline_30m,S00924,unvisited,0,,,0.0,0,,review,0
baseline_30m,S00925,unvisited,0,,,0.0,0,,review,0
baseline_30m,S00926,unvisited,0,,,0.0,0,,review,0
baseline_30m,S00927,visited,1,2026-03-11 12:41:00,2026-03-11 14:33:00,112.0,111,0.311243875342095,high,0
baseline_30m,S00928,unvisited,0,,,0.0,0,,review,0
baseline_30m,S00929,visited,1,2026-03-09 09:24:00,2026-03-09 11:20:00,116.0,107,0.346537999358898,high,0
baseline_30m,S00930,unvisited,0,,,0.0,0,,review,0
baseline_30m,S00931,unvisited,0,,,0.0,0,,review,0
baseline_30m,S00932,unvisited,0,,,0.0,0,,review,0
baseline_30m,S00933,ambiguous,1,2026-03-10 11:16:00,2026-03-10 11:16:00,0.0,1,7.88041833680364,ambiguous,0
baseline_30m,S00934,unvisited,0,,,0.0,0,,review,0
baseline_30m,S00935,unvisited,0,,,0.0,0,,review,0
baseline_30m,S00936,unvisited,0,,,0.0,0,,review,0
baseline_30m,S00937,unvisited,0,,,0.0,0,,review,0
baseline_30m,S00938,ambiguous,1,2026-03-12 07:29:00,2026-03-12 07:29:00,0.0,1,19.2233325984697,ambiguous,0
baseline_30m,S00939,visited,1,2026-03-10 07:14:00,2026-03-10 07:44:00,30.0,31,2.49318704973023,high,0
baseline_30m,S00940,ambiguous,1,2026-03-13 09:30:00,2026-03-13 09:30:00,0.0,1,10.6272441367933,ambiguous,0
baseline_30m,S00941,visited,1,2026-03-13 10:00:00,2026-03-13 11:24:00,84.0,85,0.346539409244467,high,0
baseline_30m,S00942,unvisited,0,,,0.0,0,,review,0
baseline_30m,S00943,unvisited,0,,,0.0,0,16.3011346885973,review,0
baseline_30m,S00944,unvisited,0,,,0.0,0,18.0016686248337,review,0
baseline_30m,S00945,unvisited,0,,,0.0,0,,review,0
baseline_30m,S00946,visited,1,2026-03-10 15:40:00,2026-03-10 17:22:00,102.0,88,0.218914142654579,high,0
baseline_30m,S00947,visited,1,2026-03-12 13:04:00,2026-03-12 14:05:00,61.0,62,0.155620817099718,high,0
baseline_30m,S00948,ambiguous,1,2026-03-11 08:04:00,2026-03-11 08:04:00,0.0,1,12.7223264492358,ambiguous,0
baseline_30m,S00949,unvisited,0,,,0.0,0,,review,0
baseline_30m,S00950,unvisited,0,,,0.0,0,,review,0
baseline_30m,S00951,unvisited,0,,,0.0,0,,review,0
baseline_30m,S00952,ambiguous,1,2026-03-12 15:47:00,2026-03-12 15:47:00,0.0,1,11.2823508001396,ambiguous,0
baseline_30m,S00953,unvisited,0,,,0.0,0,,review,0
baseline_30m,S00954,unvisited,0,,,0.0,0,,review,0
baseline_30m,S00955,unvisited,0,,,0.0,0,,review,0
baseline_30m,S00956,unvisited,0,,,0.0,0,,review,0
baseline_30m,S00957,unvisited,0,,,0.0,0,,review,0
baseline_30m,S00958,unvisited,0,,,0.0,0,,review,0
baseline_30m,S00959,unvisited,0,,,0.0,0,,review,0
baseline_30m,S00960,unvisited,0,,,0.0,0,,review,0
baseline_30m,S00961,unvisited,0,,,0.0,0,,review,0
baseline_30m,S00962,ambiguous,1,2026-03-12 07:54:00,2026-03-12 07:54:00,0.0,1,13.6922531370687,ambiguous,0
baseline_30m,S00963,visited,1,2026-03-13 13:25:00,2026-03-13 14:38:00,73.0,74,0.777968966910526,high,0
baseline_30m,S00964,unvisited,0,,,0.0,0,,review,0
baseline_30m,S00965,unvisited,0,,,0.0,0,,review,0
baseline_30m,S00966,unvisited,0,,,0.0,0,,review,0
baseline_30m,S00967,unvisited,0,,,0.0,0,,review,0
baseline_30m,S00968,unvisited,0,,,0.0,0,,review,0
baseline_30m,S00969,visited,1,2026-03-09 14:55:00,2026-03-09 16:14:00,79.0,80,0.349395206498363,high,0
baseline_30m,S00970,unvisited,0,,,0.0,0,,review,0
baseline_30m,S00971,unvisited,0,,,0.0,0,,review,0
baseline_30m,S00972,unvisited,0,,,0.0,0,,review,0
baseline_30m,S00973,unvisited,0,,,0.0,0,,review,0
baseline_30m,S00974,visited,1,2026-03-12 13:28:00,2026-03-12 14:59:00,91.0,92,0.24681159161845,high,0
baseline_30m,S00975,unvisited,0,,,0.0,0,,review,0
baseline_30m,S00976,unvisited,0,,,0.0,0,,review,0
baseline_30m,S00977,unvisited,0,,,0.0,0,,review,0
baseline_30m,S00978,unvisited,0,,,0.0,0,,review,0
baseline_30m,S00979,ambiguous,1,2026-03-10 10:55:00,2026-03-10 11:08:00,0.0,3,9.62808927613747,ambiguous,0
baseline_30m,S00980,unvisited,0,,,0.0,0,,review,0
baseline_30m,S00981,ambiguous,1,2026-03-09 10:58:00,2026-03-09 10:58:00,0.0,1,9.97802190957044,ambiguous,0
baseline_30m,S00982,unvisited,0,,,0.0,0,,review,0
baseline_30m,S00983,unvisited,0,,,0.0,0,,review,0
baseline_30m,S00984,unvisited,0,,,0.0,0,,review,0
baseline_30m,S00985,unvisited,0,,,0.0,0,,review,0
baseline_30m,S00986,unvisited,0,,,0.0,0,,review,0
baseline_30m,S00987,unvisited,0,,,0.0,0,,review,0
baseline_30m,S00988,visited,1,2026-03-10 16:03:00,2026-03-10 17:28:00,85.0,85,0.766011079465778,high,0
baseline_30m,S00989,unvisited,0,,,0.0,0,,review,0
baseline_30m,S00990,visited,1,2026-03-10 13:14:00,2026-03-10 13:46:00,32.0,24,1.43555052379676,high,0
baseline_30m,S00991,unvisited,0,,,0.0,0,,review,0
baseline_30m,S00992,unvisited,0,,,0.0,0,,review,0
baseline_30m,S00993,unvisited,0,,,0.0,0,,review,0
baseline_30m,S00994,unvisited,0,,,0.0,0,,review,0
baseline_30m,S00995,unvisited,0,,,0.0,0,,review,0
baseline_30m,S00996,ambiguous,1,2026-03-11 12:58:00,2026-03-11 12:59:00,0.0,2,3.0950486760799,ambiguous,0
baseline_30m,S00997,ambiguous,1,2026-03-11 13:36:00,2026-03-11 15:25:00,0.0,88,0.245174048913162,ambiguous,0
baseline_30m,S00998,unvisited,0,,,0.0,0,,review,0
baseline_30m,S00999,unvisited,0,,,0.0,0,,review,0
baseline_30m,S01000,unvisited,0,,,0.0,0,,review,0
baseline_30m,S01001,unvisited,0,,,0.0,0,,review,0
baseline_30m,S01002,visited,1,2026-03-09 17:54:00,2026-03-09 18:14:00,20.0,5,2.34593356495812,high,0
baseline_30m,S01003,visited,1,2026-03-09 07:30:00,2026-03-09 07:53:00,23.0,4,15.0562531190838,high,0
baseline_30m,S01004,unvisited,0,,,0.0,0,,review,0
baseline_30m,S01005,unvisited,0,,,0.0,0,,review,0
baseline_30m,S01006,unvisited,0,,,0.0,0,,review,0
baseline_30m,S01007,unvisited,0,,,0.0,0,,review,0
baseline_30m,S01008,visited,1,2026-03-09 09:23:00,2026-03-09 09:41:00,18.0,6,10.004342934315,high,0
baseline_30m,S01009,unvisited,0,,,0.0,0,,review,0
baseline_30m,S01010,unvisited,0,,,0.0,0,,review,0
baseline_30m,S01011,unvisited,0,,,0.0,0,,review,0
baseline_30m,S01012,unvisited,0,,,0.0,0,,review,0
baseline_30m,S01013,unvisited,0,,,0.0,0,,review,0
baseline_30m,S01014,unvisited,0,,,0.0,0,,review,0
baseline_30m,S01015,unvisited,0,,,0.0,0,,review,0
baseline_30m,S01016,unvisited,0,,,0.0,0,,review,0
baseline_30m,S01017,visited,1,2026-03-09 14:48:00,2026-03-09 15:17:00,29.0,10,10.803985032277,high,0
baseline_30m,S01018,unvisited,0,,,0.0,0,,review,0
baseline_30m,S01019,unvisited,0,,,0.0,0,,review,0
baseline_30m,S01020,unvisited,0,,,0.0,0,,review,0
baseline_30m,S01021,unvisited,0,,,0.0,0,,review,0
baseline_30m,S01022,unvisited,0,,,0.0,0,,review,0
baseline_30m,S01023,unvisited,0,,,0.0,0,,review,0
baseline_30m,S01024,unvisited,0,,,0.0,0,,review,0
baseline_30m,S01025,unvisited,0,,,0.0,0,,review,0
baseline_30m,S01026,unvisited,0,,,0.0,0,,review,0
baseline_30m,S01027,unvisited,0,,,0.0,0,,review,0
baseline_30m,S01028,unvisited,0,,,0.0,0,,review,0
baseline_30m,S01029,unvisited,0,,,0.0,0,,review,0
baseline_30m,S01030,ambiguous,1,2026-03-10 15:01:00,2026-03-10 15:13:00,0.0,3,4.00034867120796,ambiguous,0
baseline_30m,S01031,unvisited,0,,,0.0,0,,review,0
baseline_30m,S01032,ambiguous,1,2026-03-10 15:42:00,2026-03-10 16:02:00,0.0,2,28.5259168562642,ambiguous,0
baseline_30m,S01033,visited,1,2026-03-13 16:51:00,2026-03-13 17:18:00,27.0,6,11.5460800281479,high,0
baseline_30m,S01034,ambiguous,1,2026-03-13 14:50:00,2026-03-13 15:20:00,0.0,6,14.931378031156,ambiguous,0
baseline_30m,S01035,unvisited,0,,,0.0,0,,review,0
baseline_30m,S01036,unvisited,0,,,0.0,0,,review,0
baseline_30m,S01037,unvisited,0,,,0.0,0,,review,0
baseline_30m,S01038,unvisited,0,,,0.0,0,,review,0
baseline_30m,S01039,unvisited,0,,,0.0,0,,review,0
baseline_30m,S01040,visited,1,2026-03-13 12:32:00,2026-03-13 12:58:00,26.0,4,9.84551842551084,high,0
baseline_30m,S01041,ambiguous,1,2026-03-09 15:54:00,2026-03-09 16:02:00,0.0,2,8.00423228385798,ambiguous,0
baseline_30m,S01042,unvisited,0,,,0.0,0,,review,0
baseline_30m,S01043,unvisited,0,,,0.0,0,,review,0
baseline_30m,S01044,unvisited,0,,,0.0,0,,review,0
baseline_30m,S01045,ambiguous,1,2026-03-10 13:37:00,2026-03-10 13:37:00,0.0,1,18.7082410984119,ambiguous,0
baseline_30m,S01046,unvisited,0,,,0.0,0,,review,0
baseline_30m,S01047,unvisited,0,,,0.0,0,,review,0
baseline_30m,S01048,unvisited,0,,,0.0,0,,review,0
baseline_30m,S01049,unvisited,0,,,0.0,0,,review,0
baseline_30m,S01050,unvisited,0,,,0.0,0,,review,0
baseline_30m,S01051,unvisited,0,,,0.0,0,,review,0
baseline_30m,S01052,unvisited,0,,,0.0,0,,review,0
baseline_30m,S01053,unvisited,0,,,0.0,0,,review,0
baseline_30m,S01054,unvisited,0,,,0.0,0,,review,0
baseline_30m,S01055,unvisited,0,,,0.0,0,,review,0
baseline_30m,S01056,unvisited,0,,,0.0,0,,review,0
baseline_30m,S01057,unvisited,0,,,0.0,0,,review,0
baseline_30m,S01058,unvisited,0,,,0.0,0,,review,0
baseline_30m,S01059,unvisited,0,,,0.0,0,,review,0
baseline_30m,S01060,unvisited,0,,,0.0,0,,review,0
baseline_30m,S01061,unvisited,0,,,0.0,0,,review,0
baseline_30m,S01062,unvisited,0,,,0.0,0,,review,0
baseline_30m,S01063,visited,1,2026-03-10 12:55:00,2026-03-10 13:10:00,15.0,4,13.6131693109488,high,0
baseline_30m,S01064,unvisited,0,,,0.0,0,,review,0
baseline_30m,S01065,unvisited,0,,,0.0,0,,review,0
baseline_30m,S01066,ambiguous,1,2026-03-10 17:31:00,2026-03-10 17:39:00,0.0,4,25.4160717993074,ambiguous,0
baseline_30m,S01067,unvisited,0,,,0.0,0,,review,0
baseline_30m,S01068,unvisited,0,,,0.0,0,,review,0
baseline_30m,S01069,unvisited,0,,,0.0,0,,review,0
baseline_30m,S01070,unvisited,0,,,0.0,0,,review,0
baseline_30m,S01071,unvisited,0,,,0.0,0,,review,0
baseline_30m,S01072,unvisited,0,,,0.0,0,,review,0
baseline_30m,S01073,unvisited,0,,,0.0,0,,review,0
baseline_30m,S01074,unvisited,0,,,0.0,0,,review,0
baseline_30m,S01075,ambiguous,1,2026-03-12 07:36:00,2026-03-12 07:36:00,0.0,1,18.7505676297588,ambiguous,0
baseline_30m,S01076,unvisited,0,,,0.0,0,,review,0
baseline_30m,S01077,unvisited,0,,,0.0,0,,review,0
baseline_30m,S01078,ambiguous,1,2026-03-10 07:38:00,2026-03-10 07:40:00,0.0,3,5.09475400087853,ambiguous,0
baseline_30m,S01079,unvisited,0,,,0.0,0,,review,0
baseline_30m,S01080,unvisited,0,,,0.0,0,,review,0
baseline_30m,S01081,unvisited,0,,,0.0,0,,review,0
baseline_30m,S01082,unvisited,0,,,0.0,0,,review,0
baseline_30m,S01083,unvisited,0,,,0.0,0,,review,0
baseline_30m,S01084,unvisited,0,,,0.0,0,,review,0
baseline_30m,S01085,unvisited,0,,,0.0,0,,review,0
baseline_30m,S01086,visited,1,2026-03-13 07:46:00,2026-03-13 08:15:00,29.0,10,5.77298763973988,high,0
baseline_30m,S01087,ambiguous,1,2026-03-09 10:10:00,2026-03-09 10:19:00,0.0,3,6.06736825863196,ambiguous,0
baseline_30m,S01088,unvisited,0,,,0.0,0,,review,0
baseline_30m,S01089,unvisited,0,,,0.0,0,,review,0
baseline_30m,S01090,unvisited,0,,,0.0,0,,review,0
baseline_30m,S01091,unvisited,0,,,0.0,0,,review,0
baseline_30m,S01092,unvisited,0,,,0.0,0,,review,0
baseline_30m,S01093,visited,1,2026-03-10 08:02:00,2026-03-10 08:24:00,22.0,9,8.91847024465364,high,0
baseline_30m,S01094,visited,1,2026-03-13 10:36:00,2026-03-13 10:58:00,22.0,7,6.02887461972,high,0
baseline_30m,S01095,unvisited,0,,,0.0,0,,review,0
baseline_30m,S01096,unvisited,0,,,0.0,0,,review,0
baseline_30m,S01097,unvisited,0,,,0.0,0,,review,0
baseline_30m,S01098,unvisited,0,,,0.0,0,,review,0
baseline_30m,S01099,unvisited,0,,,0.0,0,,review,0
baseline_30m,S01100,ambiguous,1,2026-03-11 07:24:00,2026-03-11 07:35:00,0.0,3,13.8708526066586,ambiguous,0
baseline_30m,S01101,ambiguous,1,2026-03-11 14:19:00,2026-03-11 14:33:00,0.0,4,2.44210316344697,ambiguous,0
baseline_30m,S01102,unvisited,0,,,0.0,0,,review,0
baseline_30m,S01103,unvisited,0,,,0.0,0,,review,0
baseline_30m,S01104,unvisited,0,,,0.0,0,,review,0
baseline_30m,S01105,visited,1,2026-03-13 07:26:00,2026-03-13 07:41:00,15.0,8,10.376740496611,high,0
baseline_30m,S01106,unvisited,0,,,0.0,0,,review,0
baseline_30m,S01107,unvisited,0,,,0.0,0,,review,0
baseline_30m,S01108,unvisited,0,,,0.0,0,,review,0
baseline_30m,S01109,unvisited,0,,,0.0,0,,review,0
baseline_30m,S01110,ambiguous,1,2026-03-12 07:56:00,2026-03-12 08:03:00,0.0,5,5.70952663057358,ambiguous,0
baseline_30m,S01111,unvisited,0,,,0.0,0,,review,0
baseline_30m,S01112,unvisited,0,,,0.0,0,,review,0
baseline_30m,S01113,unvisited,0,,,0.0,0,,review,0
baseline_30m,S01114,unvisited,0,,,0.0,0,,review,0
baseline_30m,S01115,visited,1,2026-03-12 09:38:00,2026-03-12 09:59:00,21.0,9,4.77436953812235,high,0
baseline_30m,S01116,unvisited,0,,,0.0,0,,review,0
baseline_30m,S01117,unvisited,0,,,0.0,0,,review,0
baseline_30m,S01118,ambiguous,1,2026-03-10 07:47:00,2026-03-10 07:48:00,0.0,2,19.443750298421,ambiguous,0
baseline_30m,S01119,unvisited,0,,,0.0,0,,review,0
baseline_30m,S01120,unvisited,0,,,0.0,0,,review,0
baseline_30m,S01121,unvisited,0,,,0.0,0,,review,0
baseline_30m,S01122,unvisited,0,,,0.0,0,,review,0
baseline_30m,S01123,ambiguous,1,2026-03-10 17:55:00,2026-03-10 18:08:00,0.0,5,13.2206482774035,ambiguous,0
baseline_30m,S01124,unvisited,0,,,0.0,0,,review,0
baseline_30m,S01125,unvisited,0,,,0.0,0,,review,0
baseline_30m,S01126,unvisited,0,,,0.0,0,,review,0
baseline_30m,S01127,unvisited,0,,,0.0,0,,review,0
baseline_30m,S01128,unvisited,0,,,0.0,0,,review,0
baseline_30m,S01129,visited,1,2026-03-10 10:51:00,2026-03-10 11:06:00,15.0,5,7.00261153490073,high,0
baseline_30m,S01130,unvisited,0,,,0.0,0,,review,0
baseline_30m,S01131,unvisited,0,,,0.0,0,,review,0
baseline_30m,S01132,unvisited,0,,,0.0,0,,review,0
baseline_30m,S01133,unvisited,0,,,0.0,0,,review,0
baseline_30m,S01134,unvisited,0,,,0.0,0,,review,0
baseline_30m,S01135,unvisited,0,,,0.0,0,,review,0
baseline_30m,S01136,unvisited,0,,,0.0,0,,review,0
baseline_30m,S01137,unvisited,0,,,0.0,0,,review,0
baseline_30m,S01138,unvisited,0,,,0.0,0,,review,0
baseline_30m,S01139,unvisited,0,,,0.0,0,,review,0
baseline_30m,S01140,unvisited,0,,,0.0,0,,review,0
baseline_30m,S01141,unvisited,0,,,0.0,0,,review,0
baseline_30m,S01142,unvisited,0,,,0.0,0,,review,0
baseline_30m,S01143,unvisited,0,,,0.0,0,,review,0
baseline_30m,S01144,unvisited,0,,,0.0,0,,review,0
baseline_30m,S01145,unvisited,0,,,0.0,0,,review,0
baseline_30m,S01146,unvisited,0,,,0.0,0,,review,0
baseline_30m,S01147,unvisited,0,,,0.0,0,,review,0
baseline_30m,S01148,unvisited,0,,,0.0,0,,review,0
baseline_30m,S01149,unvisited,0,,,0.0,0,,review,0
baseline_30m,S01150,unvisited,0,,,0.0,0,,review,0
baseline_30m,S01151,unvisited,0,,,0.0,0,,review,0
baseline_30m,S01152,unvisited,0,,,0.0,0,,review,0
baseline_30m,S01153,unvisited,0,,,0.0,0,,review,0
baseline_30m,S01154,unvisited,0,,,0.0,0,,review,0
baseline_30m,S01155,unvisited,0,,,0.0,0,,review,0
baseline_30m,S01156,unvisited,0,,,0.0,0,,review,0
baseline_30m,S01157,visited,1,2026-03-13 18:36:00,2026-03-13 18:51:00,15.0,6,6.91640823475202,high,0
baseline_30m,S01158,unvisited,0,,,0.0,0,,review,0
baseline_30m,S01159,unvisited,0,,,0.0,0,,review,0
baseline_30m,S01160,unvisited,0,,,0.0,0,,review,0
baseline_30m,S01161,unvisited,0,,,0.0,0,,review,0
baseline_30m,S01162,unvisited,0,,,0.0,0,,review,0
baseline_30m,S01163,unvisited,0,,,0.0,0,,review,0
baseline_30m,S01164,unvisited,0,,,0.0,0,,review,0
baseline_30m,S01165,unvisited,0,,,0.0,0,,review,0
baseline_30m,S01166,unvisited,0,,,0.0,0,,review,0
baseline_30m,S01167,unvisited,0,,,0.0,0,,review,0
baseline_30m,S01168,unvisited,0,,,0.0,0,,review,0
baseline_30m,S01169,unvisited,0,,,0.0,0,,review,0
baseline_30m,S01170,unvisited,0,,,0.0,0,,review,0
baseline_30m,S01171,unvisited,0,,,0.0,0,,review,0
baseline_30m,S01172,unvisited,0,,,0.0,0,,review,0
baseline_30m,S01173,unvisited,0,,,0.0,0,,review,0
baseline_30m,S01174,unvisited,0,,,0.0,0,,review,0
baseline_30m,S01175,unvisited,0,,,0.0,0,,review,0
baseline_30m,S01176,ambiguous,1,2026-03-13 09:32:00,2026-03-13 09:46:00,0.0,5,10.1659869448235,ambiguous,0
baseline_30m,S01177,unvisited,0,,,0.0,0,,review,0
baseline_30m,S01178,unvisited,0,,,0.0,0,,review,0
baseline_30m,S01179,unvisited,0,,,0.0,0,,review,0
baseline_30m,S01180,unvisited,0,,,0.0,0,,review,0
baseline_30m,S01181,ambiguous,1,2026-03-12 14:22:00,2026-03-12 14:33:00,0.0,5,6.02118593979989,ambiguous,0
baseline_30m,S01182,unvisited,0,,,0.0,0,,review,0
baseline_30m,S01183,unvisited,0,,,0.0,0,,review,0
baseline_30m,S01184,unvisited,0,,,0.0,0,,review,0
baseline_30m,S01185,visited,1,2026-03-09 14:19:00,2026-03-09 14:39:00,20.0,4,22.774528187214,high,0
baseline_30m,S01186,unvisited,0,,,0.0,0,,review,0
baseline_30m,S01187,unvisited,0,,,0.0,0,,review,0
baseline_30m,S01188,unvisited,0,,,0.0,0,,review,0
baseline_30m,S01189,unvisited,0,,,0.0,0,,review,0
baseline_30m,S01190,unvisited,0,,,0.0,0,,review,0
baseline_30m,S01191,unvisited,0,,,0.0,0,,review,0
baseline_30m,S01192,ambiguous,1,2026-03-13 18:57:00,2026-03-13 18:57:00,0.0,1,14.3880754594729,ambiguous,0
baseline_30m,S01193,unvisited,0,,,0.0,0,,review,0
baseline_30m,S01194,unvisited,0,,,0.0,0,,review,0
baseline_30m,S01195,visited,1,2026-03-09 09:58:00,2026-03-09 10:14:00,16.0,5,11.3346835706493,high,0
baseline_30m,S01196,unvisited,0,,,0.0,0,,review,0
baseline_30m,S01197,unvisited,0,,,0.0,0,,review,0
baseline_30m,S01198,ambiguous,1,2026-03-09 07:53:00,2026-03-09 08:04:00,0.0,3,9.46964058496566,ambiguous,0
baseline_30m,S01199,unvisited,0,,,0.0,0,,review,0
baseline_30m,S01200,unvisited,0,,,0.0,0,,review,0
baseline_30m,S01201,unvisited,0,,,0.0,0,,review,0
baseline_30m,S01202,unvisited,0,,,0.0,0,,review,0
baseline_30m,S01203,unvisited,0,,,0.0,0,,review,0
baseline_30m,S01204,unvisited,0,,,0.0,0,,review,0
baseline_30m,S01205,unvisited,0,,,0.0,0,,review,0
baseline_30m,S01206,unvisited,0,,,0.0,0,,review,0
baseline_30m,S01207,unvisited,0,,,0.0,0,,review,0
baseline_30m,S01208,visited,1,2026-03-13 17:02:00,2026-03-13 17:27:00,25.0,4,16.1921371396673,high,0
baseline_30m,S01209,unvisited,0,,,0.0,0,,review,0
baseline_30m,S01210,unvisited,0,,,0.0,0,,review,0
baseline_30m,S01211,unvisited,0,,,0.0,0,,review,0
baseline_30m,S01212,unvisited,0,,,0.0,0,,review,0
baseline_30m,S01213,unvisited,0,,,0.0,0,,review,0
baseline_30m,S01214,unvisited,0,,,0.0,0,,review,0
baseline_30m,S01215,unvisited,0,,,0.0,0,,review,0
baseline_30m,S01216,unvisited,0,,,0.0,0,,review,0
baseline_30m,S01217,ambiguous,1,2026-03-11 09:10:00,2026-03-11 09:24:00,0.0,5,1.43522859048254,ambiguous,0
baseline_30m,S01218,unvisited,0,,,0.0,0,,review,0
baseline_30m,S01219,unvisited,0,,,0.0,0,,review,0
baseline_30m,S01220,unvisited,0,,,0.0,0,,review,0
baseline_30m,S01221,unvisited,0,,,0.0,0,,review,0
baseline_30m,S01222,visited,1,2026-03-10 13:37:00,2026-03-10 13:57:00,20.0,7,12.9736272765594,high,0
baseline_30m,S01223,unvisited,0,,,0.0,0,,review,0
baseline_30m,S01224,unvisited,0,,,0.0,0,,review,0
baseline_30m,S01225,unvisited,0,,,0.0,0,,review,0
baseline_30m,S01226,unvisited,0,,,0.0,0,,review,0
baseline_30m,S01227,unvisited,0,,,0.0,0,,review,0
baseline_30m,S01228,unvisited,0,,,0.0,0,,review,0
baseline_30m,S01229,unvisited,0,,,0.0,0,,review,0
baseline_30m,S01230,unvisited,0,,,0.0,0,,review,0
baseline_30m,S01231,ambiguous,1,2026-03-12 14:26:00,2026-03-12 14:26:00,0.0,1,13.2113719035556,ambiguous,0
baseline_30m,S01232,unvisited,0,,,0.0,0,,review,0
baseline_30m,S01233,unvisited,0,,,0.0,0,,review,0
baseline_30m,S01234,ambiguous,1,2026-03-09 13:17:00,2026-03-09 13:17:00,0.0,1,20.0593594950051,ambiguous,0
baseline_30m,S01235,unvisited,0,,,0.0,0,,review,0
baseline_30m,S01236,visited,1,2026-03-13 17:42:00,2026-03-13 18:37:00,55.0,56,0.656724465898604,high,0
baseline_30m,S01237,unvisited,0,,,0.0,0,,review,0
baseline_30m,S01238,unvisited,0,,,0.0,0,,review,0
baseline_30m,S01239,unvisited,0,,,0.0,0,,review,0
baseline_30m,S01240,ambiguous,1,2026-03-13 07:31:00,2026-03-13 07:31:00,0.0,1,22.2186510453889,ambiguous,0
baseline_30m,S01241,ambiguous,1,2026-03-12 07:51:00,2026-03-12 07:53:00,0.0,2,5.89114839521938,ambiguous,0
baseline_30m,S01242,unvisited,0,,,0.0,0,,review,0
baseline_30m,S01243,unvisited,0,,,0.0,0,,review,0
baseline_30m,S01244,unvisited,0,,,0.0,0,,review,0
baseline_30m,S01245,visited,1,2026-03-11 14:16:00,2026-03-11 16:08:00,112.0,105,0.11059637497117,high,0
baseline_30m,S01246,unvisited,0,,,0.0,0,8.9376924615439,review,0
baseline_30m,S01247,unvisited,0,,,0.0,0,,review,0
baseline_30m,S01248,ambiguous,1,2026-03-10 07:51:00,2026-03-10 07:51:00,0.0,1,10.1515629300153,ambiguous,0
baseline_30m,S01249,ambiguous,1,2026-03-09 08:22:00,2026-03-09 08:22:00,0.0,1,17.495256926268,ambiguous,0
baseline_30m,S01250,unvisited,0,,,0.0,0,,review,0
baseline_30m,S01251,unvisited,0,,,0.0,0,,review,0
baseline_30m,S01252,unvisited,0,,,0.0,0,,review,0
baseline_30m,S01253,unvisited,0,,,0.0,0,,review,0
baseline_30m,S01254,unvisited,0,,,0.0,0,,review,0
baseline_30m,S01255,ambiguous,1,2026-03-11 07:35:00,2026-03-11 07:35:00,0.0,1,3.83978908036904,ambiguous,0
baseline_30m,S01256,unvisited,0,,,0.0,0,,review,0
baseline_30m,S01257,unvisited,0,,,0.0,0,,review,0
baseline_30m,S01258,unvisited,0,,,0.0,0,,review,0
baseline_30m,S01259,unvisited,0,,,0.0,0,,review,0
baseline_30m,S01260,unvisited,0,,,0.0,0,,review,0
baseline_30m,S01261,unvisited,0,,,0.0,0,,review,0
baseline_30m,S01262,unvisited,0,,,0.0,0,2.6683954793628,review,0
baseline_30m,S01263,visited,1,2026-03-09 16:40:00,2026-03-09 17:36:00,56.0,57,1.09878726138725,high,0
baseline_30m,S01264,unvisited,0,,,0.0,0,,review,0
baseline_30m,S01265,unvisited,0,,,0.0,0,,review,0
baseline_30m,S01266,unvisited,0,,,0.0,0,,review,0
baseline_30m,S01267,unvisited,0,,,0.0,0,,review,0
baseline_30m,S01268,unvisited,0,,,0.0,0,,review,0
baseline_30m,S01269,ambiguous,1,2026-03-10 16:50:00,2026-03-10 18:14:00,0.0,61,0.245298954920514,ambiguous,0
baseline_30m,S01270,visited,1,2026-03-13 12:56:00,2026-03-13 14:38:00,102.0,103,0.860171064590055,high,0
baseline_30m,S01271,unvisited,0,,,0.0,0,,review,0
baseline_30m,S01272,unvisited,0,,,0.0,0,,review,0
baseline_30m,S01273,unvisited,0,,,0.0,0,,review,0
baseline_30m,S01274,ambiguous,1,2026-03-09 11:55:00,2026-03-09 12:01:00,0.0,2,15.528207703055,ambiguous,0
baseline_30m,S01275,unvisited,0,,,0.0,0,,review,0
baseline_30m,S01276,visited,1,2026-03-12 11:48:00,2026-03-12 13:26:00,98.0,93,0.245294336067691,high,0
baseline_30m,S01277,unvisited,0,,,0.0,0,,review,0
baseline_30m,S01278,ambiguous,1,2026-03-11 15:22:00,2026-03-11 15:22:00,0.0,1,0.734003944534411,ambiguous,0
baseline_30m,S01279,visited,1,2026-03-11 07:44:00,2026-03-11 08:17:00,33.0,34,0.621528718314321,high,0
baseline_30m,S01280,unvisited,0,,,0.0,0,,review,0
baseline_30m,S01281,unvisited,0,,,0.0,0,,review,0
baseline_30m,S01282,ambiguous,1,2026-03-12 13:53:00,2026-03-12 13:53:00,0.0,1,6.92880586833463,ambiguous,0
baseline_30m,S01283,ambiguous,1,2026-03-12 16:09:00,2026-03-12 16:11:00,0.0,2,4.76012167632105,ambiguous,0
baseline_30m,S01284,unvisited,0,,,0.0,0,,review,0
baseline_30m,S01285,unvisited,0,,,0.0,0,,review,0
baseline_30m,S01286,unvisited,0,,,0.0,0,,review,0
baseline_30m,S01287,unvisited,0,,,0.0,0,14.7596915001948,review,0
baseline_30m,S01288,ambiguous,1,2026-03-10 12:21:00,2026-03-10 12:21:00,0.0,1,15.8304030465611,ambiguous,0
baseline_30m,S01289,unvisited,0,,,0.0,0,,review,0
baseline_30m,S01290,ambiguous,1,2026-03-11 13:29:00,2026-03-11 13:29:00,0.0,1,9.85170052074902,ambiguous,0
baseline_30m,S01291,unvisited,0,,,0.0,0,,review,0
baseline_30m,S01292,unvisited,0,,,0.0,0,,review,0
baseline_30m,S01293,unvisited,0,,,0.0,0,,review,0
baseline_30m,S01294,unvisited,0,,,0.0,0,,review,0
baseline_30m,S01295,visited,1,2026-03-09 12:46:00,2026-03-09 14:25:00,99.0,85,0.489387045521212,high,0
baseline_30m,S01296,unvisited,0,,,0.0,0,,review,0
baseline_30m,S01297,unvisited,0,,,0.0,0,,review,0
baseline_30m,S01298,unvisited,0,,,0.0,0,,review,0
baseline_30m,S01299,unvisited,0,,,0.0,0,,review,0
baseline_30m,S01300,unvisited,0,,,0.0,0,,review,0
baseline_30m,S01301,unvisited,0,,,0.0,0,,review,0
baseline_30m,S01302,ambiguous,1,2026-03-12 07:50:00,2026-03-12 07:50:00,0.0,1,7.65783363493333,ambiguous,0
baseline_30m,S01303,unvisited,0,,,0.0,0,,review,0
baseline_30m,S01304,ambiguous,1,2026-03-09 11:13:00,2026-03-09 11:13:00,0.0,1,9.10316513221243,ambiguous,0
baseline_30m,S01305,visited,1,2026-03-13 08:49:00,2026-03-13 10:41:00,112.0,93,0.310764462499608,high,0
baseline_30m,S01306,unvisited,0,,,0.0,0,,review,0
baseline_30m,S01307,unvisited,0,,,0.0,0,,review,0
baseline_30m,S01308,unvisited,0,,,0.0,0,,review,0
baseline_30m,S01309,visited,1,2026-03-12 11:45:00,2026-03-12 13:02:00,77.0,78,0.244692788541492,high,0
baseline_30m,S01310,unvisited,0,,,0.0,0,,review,0
baseline_30m,S01311,unvisited,0,,,0.0,0,,review,0
baseline_30m,S01312,ambiguous,1,2026-03-12 10:09:00,2026-03-12 10:09:00,0.0,1,9.27666747651902,ambiguous,0
baseline_30m,S01313,unvisited,0,,,0.0,0,,review,0
baseline_30m,S01314,unvisited,0,,,0.0,0,,review,0
baseline_30m,S01315,unvisited,0,,,0.0,0,,review,0
baseline_30m,S01316,unvisited,0,,,0.0,0,,review,0
baseline_30m,S01317,unvisited,0,,,0.0,0,,review,0
baseline_30m,S01318,ambiguous,1,2026-03-11 10:17:00,2026-03-11 10:17:00,0.0,1,18.426204311374,ambiguous,0
baseline_30m,S01319,unvisited,0,,,0.0,0,,review,0
baseline_30m,S01320,ambiguous,1,2026-03-11 11:40:00,2026-03-11 11:48:00,0.0,2,1.95304652469388,ambiguous,0
baseline_30m,S01321,unvisited,0,,,0.0,0,,review,0
baseline_30m,S01322,unvisited,0,,,0.0,0,,review,0
baseline_30m,S01323,ambiguous,1,2026-03-11 07:36:00,2026-03-11 07:53:00,0.0,2,13.0989371771932,ambiguous,0
baseline_30m,S01324,unvisited,0,,,0.0,0,17.2311956009879,review,0
baseline_30m,S01325,unvisited,0,,,0.0,0,,review,0
baseline_30m,S01326,visited,1,2026-03-13 07:18:00,2026-03-13 07:50:00,32.0,33,1.37433913396608,high,0
baseline_30m,S01327,unvisited,0,,,0.0,0,,review,0
baseline_30m,S01328,unvisited,0,,,0.0,0,,review,0
baseline_30m,S01329,unvisited,0,,,0.0,0,,review,0
baseline_30m,S01330,unvisited,0,,,0.0,0,10.8450823774665,review,0
baseline_30m,S01331,unvisited,0,,,0.0,0,,review,0
baseline_30m,S01332,ambiguous,1,2026-03-09 12:00:00,2026-03-09 12:08:00,0.0,2,6.78666541638507,ambiguous,0
baseline_30m,S01333,unvisited,0,,,0.0,0,,review,0
baseline_30m,S01334,ambiguous,1,2026-03-12 13:55:00,2026-03-12 13:55:00,0.0,1,13.2216362357964,ambiguous,0
baseline_30m,S01335,ambiguous,1,2026-03-12 15:57:00,2026-03-12 15:57:00,0.0,1,11.1064624271291,ambiguous,0
baseline_30m,S01336,unvisited,0,,,0.0,0,,review,0
baseline_30m,S01337,visited,1,2026-03-11 15:44:00,2026-03-11 17:00:00,76.0,77,0.549210911543378,high,0
baseline_30m,S01338,unvisited,0,,,0.0,0,,review,0
baseline_30m,S01339,unvisited,0,,,0.0,0,,review,0
baseline_30m,S01340,unvisited,0,,,0.0,0,,review,0
baseline_30m,S01341,unvisited,0,,,0.0,0,,review,0
baseline_30m,S01342,ambiguous,1,2026-03-12 18:24:00,2026-03-12 18:24:00,0.0,1,11.5093329131148,ambiguous,0
baseline_30m,S01343,unvisited,0,,,0.0,0,13.3869159871242,review,0
baseline_30m,S01344,ambiguous,1,2026-03-10 07:35:00,2026-03-10 07:35:00,0.0,1,9.03601065156097,ambiguous,0
baseline_30m,S01345,ambiguous,1,2026-03-09 09:43:00,2026-03-09 09:43:00,0.0,1,7.42965174642175,ambiguous,0
baseline_30m,S01346,unvisited,0,,,0.0,0,,review,0
baseline_30m,S01347,unvisited,0,,,0.0,0,,review,0
baseline_30m,S01348,unvisited,0,,,0.0,0,,review,0
baseline_30m,S01349,unvisited,0,,,0.0,0,,review,0
baseline_30m,S01350,unvisited,0,,,0.0,0,,review,0
baseline_30m,S01351,visited,1,2026-03-09 14:39:00,2026-03-09 16:13:00,94.0,95,0.672567171905631,high,0
baseline_30m,S01352,unvisited,0,,,0.0,0,,review,0
baseline_30m,S01353,ambiguous,1,2026-03-11 12:41:00,2026-03-11 12:41:00,0.0,1,1.98725287528103,ambiguous,0
baseline_30m,S01354,unvisited,0,,,0.0,0,,review,0
baseline_30m,S01355,unvisited,0,,,0.0,0,,review,0
baseline_30m,S01356,unvisited,0,,,0.0,0,,review,0
baseline_30m,S01357,unvisited,0,,,0.0,0,,review,0
baseline_30m,S01358,unvisited,0,,,0.0,0,,review,0
baseline_30m,S01359,unvisited,0,,,0.0,0,,review,0
baseline_30m,S01360,unvisited,0,,,0.0,0,,review,0
baseline_30m,S01361,unvisited,0,,,0.0,0,,review,0
baseline_30m,S01362,ambiguous,1,2026-03-09 07:37:00,2026-03-09 07:38:00,0.0,2,11.2783578371926,ambiguous,0
baseline_30m,S01363,unvisited,0,,,0.0,0,,review,0
baseline_30m,S01364,unvisited,0,,,0.0,0,,review,0
baseline_30m,S01365,unvisited,0,,,0.0,0,,review,0
baseline_30m,S01366,unvisited,0,,,0.0,0,,review,0
baseline_30m,S01367,unvisited,0,,,0.0,0,,review,0
baseline_30m,S01368,ambiguous,1,2026-03-11 18:49:00,2026-03-11 18:49:00,0.0,1,3.50509604910611,ambiguous,0
baseline_30m,S01369,visited,1,2026-03-13 12:15:00,2026-03-13 14:24:00,129.0,128,0.437646751771116,high,0
baseline_30m,S01370,unvisited,0,,,0.0,0,,review,0
baseline_30m,S01371,unvisited,0,,,0.0,0,,review,0
baseline_30m,S01372,unvisited,0,,,0.0,0,,review,0
baseline_30m,S01373,unvisited,0,,,0.0,0,,review,0
baseline_30m,S01374,unvisited,0,,,0.0,0,,review,0
baseline_30m,S01375,unvisited,0,,,0.0,0,,review,0
baseline_30m,S01376,unvisited,0,,,0.0,0,,review,0
baseline_30m,S01377,unvisited,0,,,0.0,0,,review,0
baseline_30m,S01378,unvisited,0,,,0.0,0,,review,0
baseline_30m,S01379,unvisited,0,,,0.0,0,,review,0
baseline_30m,S01380,unvisited,0,,,0.0,0,,review,0
baseline_30m,S01381,unvisited,0,,,0.0,0,,review,0
baseline_30m,S01382,ambiguous,1,2026-03-09 12:34:00,2026-03-09 12:34:00,0.0,1,7.27384144563459,ambiguous,0
baseline_30m,S01383,unvisited,0,,,0.0,0,,review,0
baseline_30m,S01384,unvisited,0,,,0.0,0,,review,0
baseline_30m,S01385,unvisited,0,,,0.0,0,,review,0
baseline_30m,S01386,ambiguous,1,2026-03-12 17:53:00,2026-03-12 17:53:00,0.0,1,4.69829509720114,ambiguous,0
baseline_30m,S01387,unvisited,0,,,0.0,0,,review,0
baseline_30m,S01388,unvisited,0,,,0.0,0,,review,0
baseline_30m,S01389,unvisited,0,,,0.0,0,,review,0
baseline_30m,S01390,unvisited,0,,,0.0,0,,review,0
baseline_30m,S01391,unvisited,0,,,0.0,0,,review,0
baseline_30m,S01392,ambiguous,1,2026-03-11 07:30:00,2026-03-11 07:30:00,0.0,1,10.8177723725054,ambiguous,0
baseline_30m,S01393,unvisited,0,,,0.0,0,,review,0
baseline_30m,S01394,unvisited,0,,,0.0,0,,review,0
baseline_30m,S01395,unvisited,0,,,0.0,0,,review,0
baseline_30m,S01396,unvisited,0,,,0.0,0,,review,0
baseline_30m,S01397,ambiguous,1,2026-03-11 12:08:00,2026-03-11 12:08:00,0.0,1,19.0536353388065,ambiguous,0
baseline_30m,S01398,unvisited,0,,,0.0,0,,review,0
baseline_30m,S01399,unvisited,0,,,0.0,0,,review,0
baseline_30m,S01400,unvisited,0,,,0.0,0,,review,0
baseline_30m,S01401,unvisited,0,,,0.0,0,8.00870695637386,review,0
baseline_30m,S01402,unvisited,0,,,0.0,0,,review,0
baseline_30m,S01403,unvisited,0,,,0.0,0,,review,0
baseline_30m,S01404,unvisited,0,,,0.0,0,,review,0
baseline_30m,S01405,unvisited,0,,,0.0,0,,review,0
baseline_30m,S01406,unvisited,0,,,0.0,0,,review,0
baseline_30m,S01407,visited,1,2026-03-13 15:35:00,2026-03-13 17:15:00,100.0,101,0.493466363331131,high,0
baseline_30m,S01408,unvisited,0,,,0.0,0,,review,0
baseline_30m,S01409,unvisited,0,,,0.0,0,,review,0
baseline_30m,S01410,unvisited,0,,,0.0,0,,review,0
baseline_30m,S01411,unvisited,0,,,0.0,0,,review,0
baseline_30m,S01412,unvisited,0,,,0.0,0,,review,0
baseline_30m,S01413,unvisited,0,,,0.0,0,7.35423853017935,review,0
baseline_30m,S01414,unvisited,0,,,0.0,0,,review,0
baseline_30m,S01415,unvisited,0,,,0.0,0,,review,0
baseline_30m,S01416,unvisited,0,,,0.0,0,,review,0
baseline_30m,S01417,ambiguous,1,2026-03-11 08:47:00,2026-03-11 08:47:00,0.0,1,9.41117987211721,ambiguous,0
baseline_30m,S01418,unvisited,0,,,0.0,0,,review,0
baseline_30m,S01419,unvisited,0,,,0.0,0,,review,0
baseline_30m,S01420,unvisited,0,,,0.0,0,,review,0
baseline_30m,S01421,visited,1,2026-03-11 18:24:00,2026-03-11 19:00:00,36.0,37,0.884778979082206,high,0
baseline_30m,S01422,unvisited,0,,,0.0,0,,review,0
baseline_30m,S01423,unvisited,0,,,0.0,0,,review,0
baseline_30m,S01424,unvisited,0,,,0.0,0,,review,0
baseline_30m,S01425,ambiguous,1,2026-03-13 12:34:00,2026-03-13 12:46:00,0.0,2,10.4177825508077,ambiguous,0
baseline_30m,S01426,visited,1,2026-03-11 14:04:00,2026-03-11 14:24:00,20.0,3,16.7805124648514,high,0
baseline_30m,S01427,unvisited,0,,,0.0,0,,review,0
baseline_30m,S01428,unvisited,0,,,0.0,0,,review,0
baseline_30m,S01429,ambiguous,1,2026-03-12 07:22:00,2026-03-12 07:35:00,0.0,3,26.1230060846858,ambiguous,0
baseline_30m,S01430,ambiguous,1,2026-03-12 14:56:00,2026-03-12 15:02:00,0.0,4,2.14642867343785,ambiguous,0
baseline_30m,S01431,unvisited,0,,,0.0,0,,review,0
baseline_30m,S01432,unvisited,0,,,0.0,0,,review,0
baseline_30m,S01433,ambiguous,1,2026-03-09 07:48:00,2026-03-09 08:15:00,0.0,8,6.42313716845323,ambiguous,0
baseline_30m,S01434,ambiguous,1,2026-03-12 11:09:00,2026-03-12 11:25:00,0.0,2,14.785696594724,ambiguous,0
baseline_30m,S01435,unvisited,0,,,0.0,0,,review,0
baseline_30m,S01436,unvisited,0,,,0.0,0,,review,0
baseline_30m,S01437,unvisited,0,,,0.0,0,,review,0
baseline_30m,S01438,ambiguous,1,2026-03-13 17:19:00,2026-03-13 17:51:00,0.0,7,8.28876889199526,ambiguous,0
baseline_30m,S01439,unvisited,0,,,0.0,0,,review,0
baseline_30m,S01440,ambiguous,1,2026-03-09 12:39:00,2026-03-09 12:39:00,0.0,1,29.827118495545,ambiguous,0
baseline_30m,S01441,unvisited,0,,,0.0,0,,review,0
baseline_30m,S01442,visited,1,2026-03-10 10:43:00,2026-03-10 11:01:00,18.0,5,5.22545737750862,high,0
baseline_30m,S01443,unvisited,0,,,0.0,0,,review,0
baseline_30m,S01444,unvisited,0,,,0.0,0,,review,0
baseline_30m,S01445,unvisited,0,,,0.0,0,,review,0
baseline_30m,S01446,visited,1,2026-03-11 07:20:00,2026-03-11 07:36:00,16.0,4,5.38276629324879,high,0
baseline_30m,S01447,unvisited,0,,,0.0,0,,review,0
baseline_30m,S01448,unvisited,0,,,0.0,0,,review,0
baseline_30m,S01449,visited,1,2026-03-10 14:13:00,2026-03-10 14:44:00,31.0,8,12.8219417112849,high,0
baseline_30m,S01450,unvisited,0,,,0.0,0,,review,0
baseline_30m,S01451,visited,1,2026-03-10 07:44:00,2026-03-10 08:13:00,29.0,10,4.5541379799916,high,0
baseline_30m,S01452,unvisited,0,,,0.0,0,,review,0
baseline_30m,S01453,unvisited,0,,,0.0,0,,review,0
baseline_30m,S01454,visited,1,2026-03-11 09:37:00,2026-03-11 10:01:00,24.0,6,16.5690279076375,high,0
baseline_30m,S01455,unvisited,0,,,0.0,0,,review,0
baseline_30m,S01456,unvisited,0,,,0.0,0,,review,0
baseline_30m,S01457,ambiguous,1,2026-03-12 11:27:00,2026-03-12 11:27:00,0.0,1,3.95677138375056,ambiguous,0
baseline_30m,S01458,visited,1,2026-03-11 12:23:00,2026-03-11 12:41:00,18.0,6,5.41937040293283,high,0
baseline_30m,S01459,unvisited,0,,,0.0,0,,review,0
baseline_30m,S01460,unvisited,0,,,0.0,0,,review,0
baseline_30m,S01461,ambiguous,1,2026-03-10 18:22:00,2026-03-10 18:35:00,0.0,2,20.5915556338713,ambiguous,0
baseline_30m,S01462,ambiguous,1,2026-03-13 18:02:00,2026-03-13 18:02:00,0.0,1,28.8291799062242,ambiguous,0
baseline_30m,S01463,unvisited,0,,,0.0,0,,review,0
baseline_30m,S01464,unvisited,0,,,0.0,0,,review,0
baseline_30m,S01465,unvisited,0,,,0.0,0,,review,0
baseline_30m,S01466,unvisited,0,,,0.0,0,,review,0
baseline_30m,S01467,unvisited,0,,,0.0,0,,review,0
baseline_30m,S01468,visited,1,2026-03-11 11:26:00,2026-03-11 11:45:00,19.0,7,10.1310810142731,high,0
baseline_30m,S01469,unvisited,0,,,0.0,0,,review,0
baseline_30m,S01470,unvisited,0,,,0.0,0,,review,0
baseline_30m,S01471,unvisited,0,,,0.0,0,,review,0
baseline_30m,S01472,unvisited,0,,,0.0,0,,review,0
baseline_30m,S01473,unvisited,0,,,0.0,0,,review,0
baseline_30m,S01474,unvisited,0,,,0.0,0,,review,0
baseline_30m,S01475,unvisited,0,,,0.0,0,,review,0
baseline_30m,S01476,unvisited,0,,,0.0,0,,review,0
baseline_30m,S01477,unvisited,0,,,0.0,0,,review,0
baseline_30m,S01478,ambiguous,1,2026-03-13 07:38:00,2026-03-13 07:52:00,0.0,3,14.6444809332956,ambiguous,0
baseline_30m,S01479,unvisited,0,,,0.0,0,,review,0
baseline_30m,S01480,unvisited,0,,,0.0,0,,review,0
baseline_30m,S01481,unvisited,0,,,0.0,0,,review,0
baseline_30m,S01482,unvisited,0,,,0.0,0,,review,0
baseline_30m,S01483,unvisited,0,,,0.0,0,,review,0
baseline_30m,S01484,unvisited,0,,,0.0,0,,review,0
baseline_30m,S01485,unvisited,0,,,0.0,0,,review,0
baseline_30m,S01486,unvisited,0,,,0.0,0,,review,0
baseline_30m,S01487,unvisited,0,,,0.0,0,,review,0
baseline_30m,S01488,unvisited,0,,,0.0,0,,review,0
baseline_30m,S01489,unvisited,0,,,0.0,0,,review,0
baseline_30m,S01490,unvisited,0,,,0.0,0,,review,0
baseline_30m,S01491,ambiguous,1,2026-03-11 17:33:00,2026-03-11 17:40:00,0.0,3,9.41320236913785,ambiguous,0
baseline_30m,S01492,ambiguous,1,2026-03-11 15:50:00,2026-03-11 16:04:00,0.0,7,8.88881118319603,ambiguous,0
baseline_30m,S01493,unvisited,0,,,0.0,0,,review,0
baseline_30m,S01494,unvisited,0,,,0.0,0,,review,0
baseline_30m,S01495,unvisited,0,,,0.0,0,,review,0
baseline_30m,S01496,unvisited,0,,,0.0,0,,review,0
baseline_30m,S01497,ambiguous,1,2026-03-12 09:17:00,2026-03-12 09:21:00,0.0,2,10.8589282723172,ambiguous,0
baseline_30m,S01498,unvisited,0,,,0.0,0,,review,0
baseline_30m,S01499,visited,1,2026-03-09 15:47:00,2026-03-09 16:15:00,28.0,8,9.82824887501823,high,0
baseline_30m,S01500,unvisited,0,,,0.0,0,,review,0
baseline_30m,S01501,unvisited,0,,,0.0,0,,review,0
baseline_30m,S01502,unvisited,0,,,0.0,0,,review,0
baseline_30m,S01503,unvisited,0,,,0.0,0,,review,0
baseline_30m,S01504,ambiguous,1,2026-03-11 10:49:00,2026-03-11 10:57:00,0.0,4,8.30016022328606,ambiguous,0
baseline_30m,S01505,ambiguous,1,2026-03-10 09:40:00,2026-03-10 09:51:00,0.0,3,13.3698750375869,ambiguous,0
baseline_30m,S01506,unvisited,0,,,0.0,0,,review,0
baseline_30m,S01507,ambiguous,1,2026-03-13 10:17:00,2026-03-13 10:17:00,0.0,1,17.7098743737909,ambiguous,0
baseline_30m,S01508,unvisited,0,,,0.0,0,,review,0
baseline_30m,S01509,unvisited,0,,,0.0,0,,review,0
baseline_30m,S01510,unvisited,0,,,0.0,0,,review,0
baseline_30m,S01511,unvisited,0,,,0.0,0,,review,0
baseline_30m,S01512,ambiguous,1,2026-03-13 18:23:00,2026-03-13 18:36:00,0.0,3,27.2394730696544,ambiguous,0
baseline_30m,S01513,unvisited,0,,,0.0,0,,review,0
baseline_30m,S01514,ambiguous,1,2026-03-11 08:18:00,2026-03-11 08:18:00,0.0,1,10.7985926362362,ambiguous,0
baseline_30m,S01515,unvisited,0,,,0.0,0,,review,0
baseline_30m,S01516,ambiguous,1,2026-03-10 12:30:00,2026-03-10 12:30:00,0.0,1,8.09411130460117,ambiguous,0
baseline_30m,S01517,unvisited,0,,,0.0,0,,review,0
baseline_30m,S01518,unvisited,0,,,0.0,0,,review,0
baseline_30m,S01519,ambiguous,1,2026-03-09 08:44:00,2026-03-09 08:44:00,0.0,1,10.4239426822594,ambiguous,0
baseline_30m,S01520,ambiguous,1,2026-03-13 15:45:00,2026-03-13 15:45:00,0.0,1,10.4004821083727,ambiguous,0
baseline_30m,S01521,ambiguous,1,2026-03-11 10:36:00,2026-03-11 10:36:00,0.0,1,11.5333348830527,ambiguous,0
baseline_30m,S01522,unvisited,0,,,0.0,0,,review,0
baseline_30m,S01523,unvisited,0,,,0.0,0,,review,0
baseline_30m,S01524,unvisited,0,,,0.0,0,,review,0
baseline_30m,S01525,ambiguous,1,2026-03-09 16:39:00,2026-03-09 17:43:00,0.0,4,0.590226108731002,ambiguous,76
baseline_30m,S01526,ambiguous,1,2026-03-12 14:30:00,2026-03-12 15:52:00,0.0,68,0.346506068184475,ambiguous,0
baseline_30m,S01527,ambiguous,1,2026-03-13 11:31:00,2026-03-13 13:05:00,0.0,40,0.882529204103584,ambiguous,0
baseline_30m,S01528,unvisited,0,,,0.0,0,,review,0
baseline_30m,S01529,unvisited,0,,,0.0,0,,review,0
baseline_30m,S01530,ambiguous,0,,,0.0,0,7.54668400932473,ambiguous,1
baseline_30m,S01531,unvisited,0,,,0.0,0,,review,0
baseline_30m,S01532,unvisited,0,,,0.0,0,,review,0
baseline_30m,S01533,unvisited,0,,,0.0,0,,review,0
baseline_30m,S01534,unvisited,0,,,0.0,0,,review,0
baseline_30m,S01535,unvisited,0,,,0.0,0,,review,0
baseline_30m,S01536,unvisited,0,,,0.0,0,11.5323061828617,review,0
baseline_30m,S01537,unvisited,0,,,0.0,0,,review,0
baseline_30m,S01538,unvisited,0,,,0.0,0,,review,0
baseline_30m,S01539,ambiguous,1,2026-03-12 11:48:00,2026-03-12 11:48:00,0.0,1,5.84365444642038,ambiguous,0
baseline_30m,S01540,visited,1,2026-03-10 16:07:00,2026-03-10 17:47:00,100.0,101,0.437676778995531,high,0
baseline_30m,S01541,unvisited,0,,,0.0,0,,review,0
baseline_30m,S01542,unvisited,0,,,0.0,0,,review,0
baseline_30m,S01543,unvisited,0,,,0.0,0,,review,0
baseline_30m,S01544,ambiguous,1,2026-03-12 18:53:00,2026-03-12 18:53:00,0.0,1,2.65983607979158,ambiguous,0
baseline_30m,S01545,unvisited,0,,,0.0,0,,review,0
baseline_30m,S01546,unvisited,0,,,0.0,0,,review,0
baseline_30m,S01547,unvisited,0,,,0.0,0,,review,0
baseline_30m,S01548,unvisited,0,,,0.0,0,,review,0
baseline_30m,S01549,visited,1,2026-03-11 13:28:00,2026-03-11 14:41:00,73.0,74,0.349350387355484,high,0
baseline_30m,S01550,unvisited,0,,,0.0,0,,review,0
baseline_30m,S01551,ambiguous,1,2026-03-12 10:48:00,2026-03-12 10:58:00,0.0,2,12.3938942267182,ambiguous,0
baseline_30m,S01552,unvisited,0,,,0.0,0,,review,0
baseline_30m,S01553,unvisited,0,,,0.0,0,,review,0
baseline_30m,S01554,ambiguous,1,2026-03-11 18:47:00,2026-03-11 18:52:00,0.0,2,5.62470022507438,ambiguous,0
baseline_30m,S01555,unvisited,0,,,0.0,0,,review,0
baseline_30m,S01556,unvisited,0,,,0.0,0,,review,0
baseline_30m,S01557,visited,1,2026-03-10 15:25:00,2026-03-10 16:41:00,37.0,39,0.704400075053675,high,0
baseline_30m,S01558,unvisited,0,,,0.0,0,,review,0
baseline_30m,S01559,ambiguous,1,2026-03-12 08:39:00,2026-03-12 08:39:00,0.0,1,5.86350796154133,ambiguous,0
baseline_30m,S01560,unvisited,0,,,0.0,0,,review,0
baseline_30m,S01561,ambiguous,1,2026-03-12 07:31:00,2026-03-12 07:31:00,0.0,1,19.7001738174685,ambiguous,0
baseline_30m,S01562,unvisited,0,,,0.0,0,,review,0
baseline_30m,S01563,ambiguous,1,2026-03-11 16:32:00,2026-03-11 16:32:00,0.0,1,12.2698005886116,ambiguous,0
baseline_30m,S01564,ambiguous,1,2026-03-09 07:53:00,2026-03-09 07:53:00,0.0,1,8.28757163220095,ambiguous,0
baseline_30m,S01565,visited,1,2026-03-09 12:54:00,2026-03-09 14:47:00,113.0,114,0.244580203363748,high,0
baseline_30m,S01566,unvisited,0,,,0.0,0,,review,0
baseline_30m,S01567,unvisited,0,,,0.0,0,,review,0
baseline_30m,S01568,visited,1,2026-03-12 12:09:00,2026-03-12 13:48:00,99.0,100,0.155325221894963,high,0
baseline_30m,S01569,unvisited,0,,,0.0,0,7.93069227821628,review,0
baseline_30m,S01570,unvisited,0,,,0.0,0,,review,0
baseline_30m,S01571,unvisited,0,,,0.0,0,,review,0
baseline_30m,S01572,unvisited,0,,,0.0,0,,review,0
baseline_30m,S01573,unvisited,0,,,0.0,0,,review,0
baseline_30m,S01574,visited,1,2026-03-13 11:53:00,2026-03-13 13:42:00,109.0,103,0.327256000136986,high,0
baseline_30m,S01575,unvisited,0,,,0.0,0,,review,0
baseline_30m,S01576,unvisited,0,,,0.0,0,,review,0
baseline_30m,S01577,unvisited,0,,,0.0,0,,review,0
baseline_30m,S01578,unvisited,0,,,0.0,0,3.05709534505658,review,0
baseline_30m,S01579,ambiguous,1,2026-03-10 07:49:00,2026-03-10 07:49:00,0.0,1,9.43201103201114,ambiguous,0
baseline_30m,S01580,unvisited,0,,,0.0,0,,review,0
baseline_30m,S01581,ambiguous,1,2026-03-09 10:31:00,2026-03-09 10:31:00,0.0,1,6.67342150095226,ambiguous,0
baseline_30m,S01582,unvisited,0,,,0.0,0,,review,0
baseline_30m,S01583,ambiguous,1,2026-03-11 15:27:00,2026-03-11 15:34:00,0.0,2,2.46232755917761,ambiguous,0
baseline_30m,S01584,unvisited,0,,,0.0,0,,review,0
baseline_30m,S01585,unvisited,0,,,0.0,0,,review,0
baseline_30m,S01586,unvisited,0,,,0.0,0,16.7871012810273,review,0
baseline_30m,S01587,unvisited,0,,,0.0,0,,review,0
baseline_30m,S01588,unvisited,0,,,0.0,0,,review,0
baseline_30m,S01589,unvisited,0,,,0.0,0,,review,0
baseline_30m,S01590,unvisited,0,,,0.0,0,,review,0
baseline_30m,S01591,unvisited,0,,,0.0,0,,review,0
baseline_30m,S01592,unvisited,0,,,0.0,0,2.6145464258567,review,0
baseline_30m,S01593,unvisited,0,,,0.0,0,,review,0
baseline_30m,S01594,unvisited,0,,,0.0,0,,review,0
baseline_30m,S01595,unvisited,0,,,0.0,0,,review,0
baseline_30m,S01596,ambiguous,1,2026-03-12 17:10:00,2026-03-12 17:17:00,0.0,2,1.98595068089976,ambiguous,0
baseline_30m,S01597,unvisited,0,,,0.0,0,,review,0
baseline_30m,S01598,unvisited,0,,,0.0,0,,review,0
baseline_30m,S01599,unvisited,0,,,0.0,0,,review,0
baseline_30m,S01600,unvisited,0,,,0.0,0,,review,0
baseline_30m,S01601,unvisited,0,,,0.0,0,,review,0
baseline_30m,S01602,unvisited,0,,,0.0,0,,review,0
baseline_30m,S01603,visited,1,2026-03-12 12:58:00,2026-03-12 14:17:00,55.0,57,0.69855530879293,high,0
baseline_30m,S01604,unvisited,0,,,0.0,0,,review,0
baseline_30m,S01605,unvisited,0,,,0.0,0,,review,0
baseline_30m,S01606,unvisited,0,,,0.0,0,23.5511319252656,review,0
baseline_30m,S01607,unvisited,0,,,0.0,0,,review,0
baseline_30m,S01608,unvisited,0,,,0.0,0,,review,0
baseline_30m,S01609,unvisited,0,,,0.0,0,,review,0
baseline_30m,S01610,unvisited,0,,,0.0,0,,review,0
baseline_30m,S01611,unvisited,0,,,0.0,0,,review,0
baseline_30m,S01612,unvisited,0,,,0.0,0,,review,0
baseline_30m,S01613,ambiguous,1,2026-03-09 07:50:00,2026-03-09 07:58:00,0.0,3,9.53365455622123,ambiguous,0
baseline_30m,S01614,unvisited,0,,,0.0,0,,review,0
baseline_30m,S01615,unvisited,0,,,0.0,0,,review,0
baseline_30m,S01616,visited,1,2026-03-13 08:44:00,2026-03-13 10:18:00,68.0,70,0.493338492022034,high,0
baseline_30m,S01617,ambiguous,1,2026-03-10 08:43:00,2026-03-10 08:43:00,0.0,1,16.7082220836694,ambiguous,0
baseline_30m,S01618,unvisited,0,,,0.0,0,,review,0
baseline_30m,S01619,unvisited,0,,,0.0,0,,review,0
baseline_30m,S01620,unvisited,0,,,0.0,0,,review,0
baseline_30m,S01621,unvisited,0,,,0.0,0,,review,0
baseline_30m,S01622,unvisited,0,,,0.0,0,,review,0
baseline_30m,S01623,unvisited,0,,,0.0,0,,review,0
baseline_30m,S01624,ambiguous,1,2026-03-10 18:59:00,2026-03-10 19:00:00,0.0,2,4.40175238340628,ambiguous,0
baseline_30m,S01625,unvisited,0,,,0.0,0,,review,0
baseline_30m,S01626,unvisited,0,,,0.0,0,,review,0
baseline_30m,S01627,unvisited,0,,,0.0,0,,review,0
baseline_30m,S01628,ambiguous,1,2026-03-11 15:57:00,2026-03-11 17:42:00,0.0,70,0.327644330329039,ambiguous,0
baseline_30m,S01629,ambiguous,1,2026-03-11 07:52:00,2026-03-11 07:52:00,0.0,1,10.7216016078295,ambiguous,0
baseline_30m,S01630,unvisited,0,,,0.0,0,,review,0
baseline_30m,S01631,unvisited,0,,,0.0,0,,review,0
baseline_30m,S01632,unvisited,0,,,0.0,0,,review,0
baseline_30m,S01633,unvisited,0,,,0.0,0,,review,0
baseline_30m,S01634,unvisited,0,,,0.0,0,,review,0
baseline_30m,S01635,ambiguous,1,2026-03-12 12:28:00,2026-03-12 12:28:00,0.0,1,11.2734924500356,ambiguous,0
baseline_30m,S01636,unvisited,0,,,0.0,0,,review,0
baseline_30m,S01637,visited,1,2026-03-11 12:07:00,2026-03-11 13:53:00,106.0,94,0.155524121687421,high,0
baseline_30m,S01638,unvisited,0,,,0.0,0,,review,0
baseline_30m,S01639,visited,1,2026-03-12 12:31:00,2026-03-12 14:05:00,94.0,95,0.546817109356551,high,0
baseline_30m,S01640,visited,1,2026-03-13 09:26:00,2026-03-13 10:41:00,75.0,76,0.881929243964307,high,0
baseline_30m,S01641,unvisited,0,,,0.0,0,,review,0
baseline_30m,S01642,unvisited,0,,,0.0,0,,review,0
baseline_30m,S01643,unvisited,0,,,0.0,0,,review,0
baseline_30m,S01644,unvisited,0,,,0.0,0,,review,0
baseline_30m,S01645,ambiguous,1,2026-03-10 18:10:00,2026-03-10 18:10:00,0.0,1,5.06282684280953,ambiguous,0
baseline_30m,S01646,unvisited,0,,,0.0,0,,review,0
baseline_30m,S01647,visited,1,2026-03-09 14:58:00,2026-03-09 16:34:00,96.0,72,0.311081165090498,high,0
baseline_30m,S01648,ambiguous,1,2026-03-09 17:51:00,2026-03-09 17:51:00,0.0,1,14.1705584803467,ambiguous,0
baseline_30m,S01649,unvisited,0,,,0.0,0,,review,0
baseline_30m,S01650,ambiguous,1,2026-03-13 07:27:00,2026-03-13 07:27:00,0.0,1,18.0274979768219,ambiguous,0
baseline_30m,S01651,unvisited,0,,,0.0,0,,review,0
baseline_30m,S01652,unvisited,0,,,0.0,0,,review,0
baseline_30m,S01653,unvisited,0,,,0.0,0,21.5771116428965,review,0
baseline_30m,S01654,unvisited,0,,,0.0,0,,review,0
baseline_30m,S01655,unvisited,0,,,0.0,0,,review,0
baseline_30m,S01656,unvisited,0,,,0.0,0,,review,0
baseline_30m,S01657,unvisited,0,,,0.0,0,,review,0
baseline_30m,S01658,unvisited,0,,,0.0,0,,review,0
baseline_30m,S01659,unvisited,0,,,0.0,0,,review,0
baseline_30m,S01660,ambiguous,1,2026-03-11 10:42:00,2026-03-11 10:42:00,0.0,1,13.7759140074775,ambiguous,0
baseline_30m,S01661,unvisited,0,,,0.0,0,,review,0
baseline_30m,S01662,visited,1,2026-03-09 10:57:00,2026-03-09 11:29:00,32.0,33,1.54719804447095,high,0
baseline_30m,S01663,unvisited,0,,,0.0,0,,review,0
baseline_30m,S01664,visited,1,2026-03-10 15:06:00,2026-03-10 16:58:00,112.0,113,0.455684208578808,high,0
baseline_30m,S01665,unvisited,0,,,0.0,0,10.4428536478546,review,0
baseline_30m,S01666,ambiguous,1,2026-03-10 11:25:00,2026-03-10 11:25:00,0.0,1,11.4751861227997,ambiguous,0
baseline_30m,S01667,unvisited,0,,,0.0,0,,review,0
baseline_30m,S01668,unvisited,0,,,0.0,0,,review,0
baseline_30m,S01669,ambiguous,1,2026-03-11 15:29:00,2026-03-11 15:55:00,0.0,2,17.9086488843244,ambiguous,0
baseline_30m,S01670,unvisited,0,,,0.0,0,,review,0
baseline_30m,S01671,unvisited,0,,,0.0,0,,review,0
baseline_30m,S01672,visited,1,2026-03-10 15:22:00,2026-03-10 16:52:00,90.0,89,0.702811823330309,high,0
baseline_30m,S01673,unvisited,0,,,0.0,0,,review,0
baseline_30m,S01674,ambiguous,1,2026-03-12 16:31:00,2026-03-12 16:31:00,0.0,1,7.99071382929476,ambiguous,0
baseline_30m,S01675,unvisited,0,,,0.0,0,,review,0
baseline_30m,S01676,unvisited,0,,,0.0,0,,review,0
baseline_30m,S01677,unvisited,0,,,0.0,0,,review,0
baseline_30m,S01678,unvisited,0,,,0.0,0,,review,0
baseline_30m,S01679,ambiguous,1,2026-03-13 09:54:00,2026-03-13 09:54:00,0.0,1,8.38407917810269,ambiguous,0
baseline_30m,S01680,ambiguous,1,2026-03-13 07:33:00,2026-03-13 07:36:00,0.0,2,4.19688626823038,ambiguous,0
baseline_30m,S01681,ambiguous,1,2026-03-11 18:03:00,2026-03-11 18:03:00,0.0,1,17.4335532382231,ambiguous,0
baseline_30m,S01682,unvisited,0,,,0.0,0,,review,0
baseline_30m,S01683,ambiguous,1,2026-03-09 11:52:00,2026-03-09 11:52:00,0.0,1,15.2917663863899,ambiguous,0
baseline_30m,S01684,unvisited,0,,,0.0,0,,review,0
baseline_30m,S01685,ambiguous,1,2026-03-11 09:09:00,2026-03-11 09:09:00,0.0,1,27.2313487028744,ambiguous,0
baseline_30m,S01686,unvisited,0,,,0.0,0,,review,0
baseline_30m,S01687,unvisited,0,,,0.0,0,,review,0
baseline_30m,S01688,ambiguous,1,2026-03-09 18:11:00,2026-03-09 18:11:00,0.0,1,3.23407011951953,ambiguous,0
baseline_30m,S01689,ambiguous,1,2026-03-09 16:57:00,2026-03-09 16:57:00,0.0,1,4.59494402668077,ambiguous,0
baseline_30m,S01690,unvisited,0,,,0.0,0,,review,0
baseline_30m,S01691,ambiguous,1,2026-03-11 14:36:00,2026-03-11 16:10:00,0.0,47,0.218449867472126,ambiguous,0
baseline_30m,S01692,unvisited,0,,,0.0,0,1.22158330537171,review,0
baseline_30m,S01693,ambiguous,1,2026-03-10 07:23:00,2026-03-10 07:23:00,0.0,1,3.13480432255937,ambiguous,0
baseline_30m,S01694,ambiguous,1,2026-03-12 08:55:00,2026-03-12 08:55:00,0.0,1,15.4117874846327,ambiguous,0
baseline_30m,S01695,unvisited,0,,,0.0,0,,review,0
baseline_30m,S01696,unvisited,0,,,0.0,0,,review,0
baseline_30m,S01697,ambiguous,1,2026-03-12 13:41:00,2026-03-12 13:41:00,0.0,1,5.72915108088608,ambiguous,0
baseline_30m,S01698,unvisited,0,,,0.0,0,,review,0
baseline_30m,S01699,unvisited,0,,,0.0,0,,review,0
baseline_30m,S01700,unvisited,0,,,0.0,0,,review,0
baseline_30m,S01701,visited,1,2026-03-09 13:46:00,2026-03-09 15:49:00,123.0,124,0.450667913416669,high,0
baseline_30m,S01702,unvisited,0,,,0.0,0,,review,0
baseline_30m,S01703,visited,1,2026-03-12 10:31:00,2026-03-12 12:14:00,103.0,104,0.833569534848079,high,0
baseline_30m,S01704,ambiguous,1,2026-03-13 12:38:00,2026-03-13 14:44:00,0.0,100,0.39534060355286,ambiguous,0
baseline_30m,S01705,unvisited,0,,,0.0,0,,review,0
baseline_30m,S01706,unvisited,0,,,0.0,0,,review,0
baseline_30m,S01707,ambiguous,1,2026-03-12 15:30:00,2026-03-12 15:30:00,0.0,1,5.86410433544793,ambiguous,0
baseline_30m,S01708,unvisited,0,,,0.0,0,,review,0
baseline_30m,S01709,unvisited,0,,,0.0,0,,review,0
baseline_30m,S01710,unvisited,0,,,0.0,0,,review,0
baseline_30m,S01711,unvisited,0,,,0.0,0,,review,0
baseline_30m,S01712,unvisited,0,,,0.0,0,,review,0
baseline_30m,S01713,unvisited,0,,,0.0,0,,review,0
baseline_30m,S01714,unvisited,0,,,0.0,0,,review,0
baseline_30m,S01715,unvisited,0,,,0.0,0,,review,0
baseline_30m,S01716,unvisited,0,,,0.0,0,,review,0
baseline_30m,S01717,unvisited,0,,,0.0,0,,review,0
baseline_30m,S01718,unvisited,0,,,0.0,0,,review,0
baseline_30m,S01719,ambiguous,1,2026-03-10 07:46:00,2026-03-10 07:46:00,0.0,1,11.5675627018683,ambiguous,0
baseline_30m,S01720,unvisited,0,,,0.0,0,,review,0
baseline_30m,S01721,unvisited,0,,,0.0,0,,review,0
baseline_30m,S01722,unvisited,0,,,0.0,0,,review,0
baseline_30m,S01723,unvisited,0,,,0.0,0,,review,0
baseline_30m,S01724,unvisited,0,,,0.0,0,,review,0
baseline_30m,S01725,unvisited,0,,,0.0,0,,review,0
baseline_30m,S01726,unvisited,0,,,0.0,0,,review,0
baseline_30m,S01727,unvisited,0,,,0.0,0,,review,0
baseline_30m,S01728,unvisited,0,,,0.0,0,,review,0
baseline_30m,S01729,unvisited,0,,,0.0,0,,review,0
baseline_30m,S01730,ambiguous,1,2026-03-13 14:34:00,2026-03-13 14:34:00,0.0,1,4.59152247152382,ambiguous,0
baseline_30m,S01731,unvisited,0,,,0.0,0,,review,0
baseline_30m,S01732,ambiguous,1,2026-03-09 07:46:00,2026-03-09 07:52:00,0.0,2,19.3775376261382,ambiguous,0
baseline_30m,S01733,unvisited,0,,,0.0,0,,review,0
baseline_30m,S01734,unvisited,0,,,0.0,0,9.10010855803222,review,0
baseline_30m,S01735,unvisited,0,,,0.0,0,,review,0
baseline_30m,S01736,unvisited,0,,,0.0,0,,review,0
baseline_30m,S01737,unvisited,0,,,0.0,0,,review,0
baseline_30m,S01738,unvisited,0,,,0.0,0,,review,0
baseline_30m,S01739,unvisited,0,,,0.0,0,,review,0
baseline_30m,S01740,unvisited,0,,,0.0,0,,review,0
baseline_30m,S01741,visited,1,2026-03-12 18:25:00,2026-03-12 19:00:00,35.0,36,0.450078875790959,high,0
baseline_30m,S01742,unvisited,0,,,0.0,0,,review,0
baseline_30m,S01743,unvisited,0,,,0.0,0,20.8936384123847,review,0
baseline_30m,S01744,ambiguous,1,2026-03-11 16:32:00,2026-03-11 16:32:00,0.0,1,12.8933084153336,ambiguous,0
baseline_30m,S01745,unvisited,0,,,0.0,0,,review,0
baseline_30m,S01746,unvisited,0,,,0.0,0,,review,0
baseline_30m,S01747,unvisited,0,,,0.0,0,,review,0
baseline_30m,S01748,unvisited,0,,,0.0,0,5.32432961436188,review,0
baseline_30m,S01749,ambiguous,1,2026-03-13 09:16:00,2026-03-13 09:16:00,0.0,1,14.0689736423131,ambiguous,0
baseline_30m,S01750,unvisited,0,,,0.0,0,,review,0
baseline_30m,S01751,unvisited,0,,,0.0,0,,review,0
baseline_30m,S01752,ambiguous,1,2026-03-13 08:21:00,2026-03-13 08:49:00,0.0,3,11.6455917834583,ambiguous,0
baseline_30m,S01753,visited,1,2026-03-13 12:24:00,2026-03-13 14:07:00,53.0,82,0.489162061532694,high,0
baseline_30m,S01754,unvisited,0,,,0.0,0,,review,0
baseline_30m,S01755,ambiguous,1,2026-03-10 14:28:00,2026-03-10 14:28:00,0.0,1,13.8124328909117,ambiguous,0
baseline_30m,S01756,unvisited,0,,,0.0,0,,review,0
baseline_30m,S01757,unvisited,0,,,0.0,0,,review,0
baseline_30m,S01758,ambiguous,1,2026-03-09 08:17:00,2026-03-09 08:17:00,0.0,1,10.2319143519148,ambiguous,0
baseline_30m,S01759,unvisited,0,,,0.0,0,15.076500214875,review,0
baseline_30m,S01760,unvisited,0,,,0.0,0,,review,0
baseline_30m,S01761,unvisited,0,,,0.0,0,,review,0
baseline_30m,S01762,unvisited,0,,,0.0,0,,review,0
baseline_30m,S01763,visited,1,2026-03-11 11:58:00,2026-03-11 13:26:00,88.0,89,0.221187137561904,high,0
baseline_30m,S01764,visited,1,2026-03-13 08:54:00,2026-03-13 09:24:00,30.0,31,2.10411188729558,high,0
baseline_30m,S01765,visited,1,2026-03-12 15:53:00,2026-03-12 17:23:00,90.0,91,0.246619390680624,high,0
baseline_30m,S01766,unvisited,0,,,0.0,0,7.85822051681043,review,0
baseline_30m,S01767,unvisited,0,,,0.0,0,,review,0
baseline_30m,S01768,unvisited,0,,,0.0,0,,review,0
baseline_30m,S01769,unvisited,0,,,0.0,0,,review,0
baseline_30m,S01770,ambiguous,1,2026-03-12 12:23:00,2026-03-12 12:23:00,0.0,1,15.5176884550005,ambiguous,0
baseline_30m,S01771,visited,1,2026-03-12 09:05:00,2026-03-12 09:38:00,33.0,34,1.90654038662334,high,0
baseline_30m,S01772,unvisited,0,,,0.0,0,,review,0
baseline_30m,S01773,unvisited,0,,,0.0,0,,review,0
baseline_30m,S01774,visited,1,2026-03-10 11:28:00,2026-03-10 12:54:00,86.0,75,0.450082361519129,high,0
baseline_30m,S01775,ambiguous,1,2026-03-13 13:57:00,2026-03-13 14:06:00,0.0,2,5.65712818108724,ambiguous,0
baseline_30m,S01776,unvisited,0,,,0.0,0,,review,0
baseline_30m,S01777,unvisited,0,,,0.0,0,,review,0
baseline_30m,S01778,ambiguous,1,2026-03-09 08:59:00,2026-03-09 08:59:00,0.0,1,11.3402929962791,ambiguous,0
baseline_30m,S01779,unvisited,0,,,0.0,0,,review,0
baseline_30m,S01780,unvisited,0,,,0.0,0,,review,0
baseline_30m,S01781,visited,1,2026-03-13 11:26:00,2026-03-13 13:22:00,116.0,117,0.110593615917107,high,0
baseline_30m,S01782,unvisited,0,,,0.0,0,,review,0
baseline_30m,S01783,unvisited,0,,,0.0,0,,review,0
baseline_30m,S01784,ambiguous,1,2026-03-11 16:46:00,2026-03-11 17:55:00,0.0,37,8.07732761514047,ambiguous,0
baseline_30m,S01785,ambiguous,1,2026-03-13 14:41:00,2026-03-13 14:41:00,0.0,1,27.2980896508902,ambiguous,0
baseline_30m,S01786,unvisited,0,,,0.0,0,,review,0
baseline_30m,S01787,unvisited,0,,,0.0,0,,review,0
baseline_30m,S01788,visited,1,2026-03-09 10:52:00,2026-03-09 11:48:00,56.0,57,0.395000737991347,high,0
baseline_30m,S01789,unvisited,0,,,0.0,0,,review,0
baseline_30m,S01790,unvisited,0,,,0.0,0,,review,0
baseline_30m,S01791,ambiguous,1,2026-03-11 15:37:00,2026-03-11 15:40:00,0.0,2,10.9424835195903,ambiguous,0
baseline_30m,S01792,ambiguous,1,2026-03-11 07:19:00,2026-03-11 07:19:00,0.0,1,11.6320925197717,ambiguous,0
baseline_30m,S01793,ambiguous,1,2026-03-12 12:04:00,2026-03-12 12:04:00,0.0,1,12.0623231181767,ambiguous,0
baseline_30m,S01794,unvisited,0,,,0.0,0,,review,0
baseline_30m,S01795,unvisited,0,,,0.0,0,,review,0
baseline_30m,S01796,unvisited,0,,,0.0,0,,review,0
baseline_30m,S01797,ambiguous,1,2026-03-12 16:21:00,2026-03-12 16:21:00,0.0,1,12.5946393764631,ambiguous,0
baseline_30m,S01798,unvisited,0,,,0.0,0,,review,0
baseline_30m,S01799,unvisited,0,,,0.0,0,,review,0
baseline_30m,S01800,unvisited,0,,,0.0,0,,review,0
baseline_30m,S01801,unvisited,0,,,0.0,0,,review,0
baseline_30m,S01802,unvisited,0,,,0.0,0,,review,0
baseline_30m,S01803,unvisited,0,,,0.0,0,,review,0
baseline_30m,S01804,visited,1,2026-03-10 07:20:00,2026-03-10 07:51:00,31.0,32,1.09885801411574,high,0
baseline_30m,S01805,ambiguous,1,2026-03-10 16:23:00,2026-03-10 16:47:00,0.0,2,2.35674384323724,ambiguous,0
baseline_30m,S01806,unvisited,0,,,0.0,0,,review,0
baseline_30m,S01807,unvisited,0,,,0.0,0,,review,0
baseline_30m,S01808,unvisited,0,,,0.0,0,,review,0
baseline_30m,S01809,unvisited,0,,,0.0,0,,review,0
baseline_30m,S01810,unvisited,0,,,0.0,0,,review,0
baseline_30m,S01811,unvisited,0,,,0.0,0,,review,0
baseline_30m,S01812,unvisited,0,,,0.0,0,,review,0
baseline_30m,S01813,unvisited,0,,,0.0,0,,review,0
baseline_30m,S01814,unvisited,0,,,0.0,0,,review,0
baseline_30m,S01815,unvisited,0,,,0.0,0,,review,0
baseline_30m,S01816,unvisited,0,,,0.0,0,,review,0
baseline_30m,S01817,unvisited,0,,,0.0,0,,review,0
baseline_30m,S01818,unvisited,0,,,0.0,0,,review,0
baseline_30m,S01819,ambiguous,1,2026-03-13 07:31:00,2026-03-13 07:31:00,0.0,1,11.828971354406,ambiguous,0
baseline_30m,S01820,unvisited,0,,,0.0,0,,review,0
baseline_30m,S01821,unvisited,0,,,0.0,0,,review,0
baseline_30m,S01822,ambiguous,1,2026-03-13 11:31:00,2026-03-13 11:31:00,0.0,1,12.4227766522578,ambiguous,0
baseline_30m,S01823,ambiguous,1,2026-03-10 14:58:00,2026-03-10 14:58:00,0.0,1,10.5285684429849,ambiguous,0
baseline_30m,S01824,unvisited,0,,,0.0,0,,review,0
baseline_30m,S01825,unvisited,0,,,0.0,0,,review,0
baseline_30m,S01826,unvisited,0,,,0.0,0,6.89887843993683,review,0
baseline_30m,S01827,unvisited,0,,,0.0,0,,review,0
baseline_30m,S01828,unvisited,0,,,0.0,0,,review,0
baseline_30m,S01829,unvisited,0,,,0.0,0,,review,0
baseline_30m,S01830,unvisited,0,,,0.0,0,,review,0
baseline_30m,S01831,ambiguous,1,2026-03-10 17:33:00,2026-03-10 17:33:00,0.0,1,14.2302379374896,ambiguous,0
baseline_30m,S01832,unvisited,0,,,0.0,0,,review,0
baseline_30m,S01833,unvisited,0,,,0.0,0,,review,0
baseline_30m,S01834,unvisited,0,,,0.0,0,,review,0
baseline_30m,S01835,unvisited,0,,,0.0,0,,review,0
baseline_30m,S01836,unvisited,0,,,0.0,0,,review,0
baseline_30m,S01837,visited,1,2026-03-13 13:58:00,2026-03-13 14:29:00,31.0,32,2.31331655253254,high,0
baseline_30m,S01838,unvisited,0,,,0.0,0,,review,0
baseline_30m,S01839,unvisited,0,,,0.0,0,,review,0
baseline_30m,S01840,unvisited,0,,,0.0,0,,review,0
baseline_30m,S01841,ambiguous,1,2026-03-11 11:19:00,2026-03-11 11:19:00,0.0,1,14.7837867800922,ambiguous,0
baseline_30m,S01842,ambiguous,1,2026-03-09 08:08:00,2026-03-09 08:08:00,0.0,1,8.66279918932953,ambiguous,0
baseline_30m,S01843,unvisited,0,,,0.0,0,,review,0
baseline_30m,S01844,unvisited,0,,,0.0,0,,review,0
baseline_30m,S01845,unvisited,0,,,0.0,0,,review,0
baseline_30m,S01846,unvisited,0,,,0.0,0,,review,0
baseline_30m,S01847,unvisited,0,,,0.0,0,,review,0
baseline_30m,S01848,unvisited,0,,,0.0,0,,review,0
baseline_30m,S01849,unvisited,0,,,0.0,0,,review,0
baseline_30m,S01850,unvisited,0,,,0.0,0,,review,0
baseline_30m,S01851,unvisited,0,,,0.0,0,,review,0
baseline_30m,S01852,ambiguous,1,2026-03-11 07:49:00,2026-03-11 07:49:00,0.0,1,5.63784450562036,ambiguous,0
baseline_30m,S01853,unvisited,0,,,0.0,0,,review,0
baseline_30m,S01854,unvisited,0,,,0.0,0,,review,0
baseline_30m,S01855,ambiguous,1,2026-03-11 13:54:00,2026-03-11 13:54:00,0.0,1,25.2282912018548,ambiguous,0
baseline_30m,S01856,unvisited,0,,,0.0,0,,review,0
baseline_30m,S01857,unvisited,0,,,0.0,0,,review,0
baseline_30m,S01858,visited,1,2026-03-11 15:25:00,2026-03-11 15:55:00,30.0,31,1.87389723222873,high,0
baseline_30m,S01859,unvisited,0,,,0.0,0,,review,0
baseline_30m,S01860,unvisited,0,,,0.0,0,,review,0
baseline_30m,S01861,unvisited,0,,,0.0,0,,review,0
baseline_30m,S01862,unvisited,0,,,0.0,0,,review,0
baseline_30m,S01863,unvisited,0,,,0.0,0,,review,0
baseline_30m,S01864,unvisited,0,,,0.0,0,,review,0
baseline_30m,S01865,ambiguous,1,2026-03-12 17:09:00,2026-03-12 17:09:00,0.0,1,10.0592252199731,ambiguous,0
baseline_30m,S01866,unvisited,0,,,0.0,0,,review,0
baseline_30m,S01867,unvisited,0,,,0.0,0,,review,0
baseline_30m,S01868,unvisited,0,,,0.0,0,,review,0
baseline_30m,S01869,ambiguous,1,2026-03-10 13:32:00,2026-03-10 13:32:00,0.0,1,7.04521823919967,ambiguous,0
baseline_30m,S01870,unvisited,0,,,0.0,0,,review,0
baseline_30m,S01871,unvisited,0,,,0.0,0,,review,0
baseline_30m,S01872,unvisited,0,,,0.0,0,,review,0
baseline_30m,S01873,unvisited,0,,,0.0,0,,review,0
baseline_30m,S01874,unvisited,0,,,0.0,0,,review,0
baseline_30m,S01875,ambiguous,1,2026-03-09 16:19:00,2026-03-09 16:19:00,0.0,1,24.3350673649284,ambiguous,0
baseline_30m,S01876,unvisited,0,,,0.0,0,,review,0
baseline_30m,S01877,unvisited,0,,,0.0,0,,review,0
baseline_30m,S01878,unvisited,0,,,0.0,0,,review,0
baseline_30m,S01879,unvisited,0,,,0.0,0,,review,0
baseline_30m,S01880,unvisited,0,,,0.0,0,,review,0
baseline_30m,S01881,unvisited,0,,,0.0,0,,review,0
baseline_30m,S01882,ambiguous,1,2026-03-12 16:26:00,2026-03-12 16:36:00,0.0,2,2.10393775868469,ambiguous,0
baseline_30m,S01883,unvisited,0,,,0.0,0,,review,0
baseline_30m,S01884,unvisited,0,,,0.0,0,,review,0
baseline_30m,S01885,unvisited,0,,,0.0,0,,review,0
baseline_30m,S01886,unvisited,0,,,0.0,0,,review,0
baseline_30m,S01887,unvisited,0,,,0.0,0,,review,0
baseline_30m,S01888,unvisited,0,,,0.0,0,,review,0
baseline_30m,S01889,unvisited,0,,,0.0,0,,review,0
baseline_30m,S01890,ambiguous,1,2026-03-13 18:05:00,2026-03-13 18:05:00,0.0,1,17.0210543103213,ambiguous,0
baseline_30m,S01891,unvisited,0,,,0.0,0,,review,0
baseline_30m,S01892,unvisited,0,,,0.0,0,,review,0
baseline_30m,S01893,unvisited,0,,,0.0,0,,review,0
baseline_30m,S01894,unvisited,0,,,0.0,0,,review,0
baseline_30m,S01895,ambiguous,1,2026-03-10 18:56:00,2026-03-10 19:00:00,0.0,5,1.43505985635888,ambiguous,0
baseline_30m,S01896,unvisited,0,,,0.0,0,,review,0
baseline_30m,S01897,unvisited,0,,,0.0,0,,review,0
baseline_30m,S01898,ambiguous,1,2026-03-13 08:31:00,2026-03-13 08:47:00,0.0,2,8.59398904044374,ambiguous,0
baseline_30m,S01899,unvisited,0,,,0.0,0,,review,0
baseline_30m,S01900,visited,1,2026-03-10 16:06:00,2026-03-10 16:39:00,33.0,34,2.1762382740112,high,0
baseline_30m,S01901,unvisited,0,,,0.0,0,,review,0
baseline_30m,S01902,unvisited,0,,,0.0,0,,review,0
baseline_30m,S01903,unvisited,0,,,0.0,0,,review,0
baseline_30m,S01904,unvisited,0,,,0.0,0,,review,0
baseline_30m,S01905,unvisited,0,,,0.0,0,,review,0
baseline_30m,S01906,unvisited,0,,,0.0,0,,review,0
baseline_30m,S01907,unvisited,0,,,0.0,0,,review,0
baseline_30m,S01908,unvisited,0,,,0.0,0,,review,0
baseline_30m,S01909,ambiguous,1,2026-03-12 12:24:00,2026-03-12 12:24:00,0.0,1,12.5535803180895,ambiguous,0
baseline_30m,S01910,unvisited,0,,,0.0,0,,review,0
baseline_30m,S01911,unvisited,0,,,0.0,0,,review,0
baseline_30m,S01912,unvisited,0,,,0.0,0,,review,0
baseline_30m,S01913,unvisited,0,,,0.0,0,,review,0
baseline_30m,S01914,unvisited,0,,,0.0,0,,review,0
baseline_30m,S01915,unvisited,0,,,0.0,0,,review,0
baseline_30m,S01916,unvisited,0,,,0.0,0,,review,0
baseline_30m,S01917,unvisited,0,,,0.0,0,,review,0
baseline_30m,S01918,unvisited,0,,,0.0,0,,review,0
baseline_30m,S01919,unvisited,0,,,0.0,0,,review,0
baseline_30m,S01920,unvisited,0,,,0.0,0,,review,0
baseline_30m,S01921,unvisited,0,,,0.0,0,,review,0
baseline_30m,S01922,unvisited,0,,,0.0,0,,review,0
baseline_30m,S01923,unvisited,0,,,0.0,0,,review,0
baseline_30m,S01924,unvisited,0,,,0.0,0,,review,0
baseline_30m,S01925,unvisited,0,,,0.0,0,,review,0
baseline_30m,S01926,unvisited,0,,,0.0,0,,review,0
baseline_30m,S01927,unvisited,0,,,0.0,0,,review,0
baseline_30m,S01928,unvisited,0,,,0.0,0,,review,0
baseline_30m,S01929,unvisited,0,,,0.0,0,,review,0
baseline_30m,S01930,ambiguous,1,2026-03-09 17:16:00,2026-03-09 17:16:00,0.0,1,10.0640061559649,ambiguous,0
baseline_30m,S01931,unvisited,0,,,0.0,0,,review,0
baseline_30m,S01932,unvisited,0,,,0.0,0,,review,0
baseline_30m,S01933,unvisited,0,,,0.0,0,,review,0
baseline_30m,S01934,unvisited,0,,,0.0,0,,review,0
baseline_30m,S01935,unvisited,0,,,0.0,0,,review,0
baseline_30m,S01936,unvisited,0,,,0.0,0,,review,0
baseline_30m,S01937,unvisited,0,,,0.0,0,,review,0
baseline_30m,S01938,unvisited,0,,,0.0,0,,review,0
baseline_30m,S01939,unvisited,0,,,0.0,0,,review,0
baseline_30m,S01940,ambiguous,1,2026-03-10 12:26:00,2026-03-10 12:26:00,0.0,1,3.43112289770064,ambiguous,0
baseline_30m,S01941,unvisited,0,,,0.0,0,,review,0
baseline_30m,S01942,unvisited,0,,,0.0,0,,review,0
baseline_30m,S01943,unvisited,0,,,0.0,0,,review,0
baseline_30m,S01944,unvisited,0,,,0.0,0,,review,0
baseline_30m,S01945,ambiguous,1,2026-03-10 16:45:00,2026-03-10 16:45:00,0.0,1,14.9747220319554,ambiguous,0
baseline_30m,S01946,unvisited,0,,,0.0,0,15.9737882139508,review,0
baseline_30m,S01947,unvisited,0,,,0.0,0,,review,0
baseline_30m,S01948,unvisited,0,,,0.0,0,,review,0
baseline_30m,S01949,unvisited,0,,,0.0,0,,review,0
baseline_30m,S01950,unvisited,0,,,0.0,0,,review,0
baseline_30m,S01951,unvisited,0,,,0.0,0,,review,0
baseline_30m,S01952,unvisited,0,,,0.0,0,,review,0
baseline_30m,S01953,unvisited,0,,,0.0,0,,review,0
baseline_30m,S01954,unvisited,0,,,0.0,0,,review,0
baseline_30m,S01955,unvisited,0,,,0.0,0,,review,0
baseline_30m,S01956,unvisited,0,,,0.0,0,,review,0
baseline_30m,S01957,unvisited,0,,,0.0,0,,review,0
baseline_30m,S01958,visited,1,2026-03-12 17:43:00,2026-03-12 19:00:00,77.0,78,0.672483036896397,high,0
baseline_30m,S01959,unvisited,0,,,0.0,0,,review,0
baseline_30m,S01960,unvisited,0,,,0.0,0,,review,0
baseline_30m,S01961,unvisited,0,,,0.0,0,,review,0
baseline_30m,S01962,unvisited,0,,,0.0,0,,review,0
baseline_30m,S01963,ambiguous,1,2026-03-12 15:05:00,2026-03-12 15:05:00,0.0,1,10.5108344974163,ambiguous,0
baseline_30m,S01964,unvisited,0,,,0.0,0,,review,0
baseline_30m,S01965,unvisited,0,,,0.0,0,,review,0
baseline_30m,S01966,unvisited,0,,,0.0,0,,review,0
baseline_30m,S01967,unvisited,0,,,0.0,0,,review,0
baseline_30m,S01968,unvisited,0,,,0.0,0,,review,0
baseline_30m,S01969,ambiguous,1,2026-03-09 12:35:00,2026-03-09 12:35:00,0.0,1,7.2180698065129,ambiguous,0
baseline_30m,S01970,ambiguous,1,2026-03-09 07:50:00,2026-03-09 07:50:00,0.0,1,17.1261290165937,ambiguous,0
baseline_30m,S01971,unvisited,0,,,0.0,0,,review,0
baseline_30m,S01972,unvisited,0,,,0.0,0,,review,0
baseline_30m,S01973,unvisited,0,,,0.0,0,,review,0
baseline_30m,S01974,unvisited,0,,,0.0,0,,review,0
baseline_30m,S01975,unvisited,0,,,0.0,0,,review,0
baseline_30m,S01976,unvisited,0,,,0.0,0,,review,0
baseline_30m,S01977,unvisited,0,,,0.0,0,,review,0
baseline_30m,S01978,ambiguous,1,2026-03-13 10:01:00,2026-03-13 10:01:00,0.0,1,17.1160120909211,ambiguous,0
baseline_30m,S01979,unvisited,0,,,0.0,0,,review,0
baseline_30m,S01980,unvisited,0,,,0.0,0,,review,0
baseline_30m,S01981,unvisited,0,,,0.0,0,,review,0
baseline_30m,S01982,unvisited,0,,,0.0,0,,review,0
baseline_30m,S01983,ambiguous,1,2026-03-13 14:44:00,2026-03-13 14:44:00,0.0,1,10.3905435881639,ambiguous,0
baseline_30m,S01984,unvisited,0,,,0.0,0,,review,0
baseline_30m,S01985,unvisited,0,,,0.0,0,,review,0
baseline_30m,S01986,unvisited,0,,,0.0,0,,review,0
baseline_30m,S01987,unvisited,0,,,0.0,0,,review,0
baseline_30m,S01988,unvisited,0,,,0.0,0,,review,0
baseline_30m,S01989,unvisited,0,,,0.0,0,,review,0
baseline_30m,S01990,unvisited,0,,,0.0,0,,review,0
baseline_30m,S01991,unvisited,0,,,0.0,0,,review,0
baseline_30m,S01992,unvisited,0,,,0.0,0,,review,0
baseline_30m,S01993,visited,1,2026-03-11 11:46:00,2026-03-11 13:33:00,107.0,107,0.776840963147056,high,0
baseline_30m,S01994,unvisited,0,,,0.0,0,,review,0
baseline_30m,S01995,unvisited,0,,,0.0,0,,review,0
baseline_30m,S01996,unvisited,0,,,0.0,0,,review,0
baseline_30m,S01997,unvisited,0,,,0.0,0,,review,0
baseline_30m,S01998,unvisited,0,,,0.0,0,,review,0
baseline_30m,S01999,ambiguous,1,2026-03-12 08:21:00,2026-03-12 08:21:00,0.0,1,2.00991220266752,ambiguous,0
baseline_30m,S02000,unvisited,0,,,0.0,0,,review,0
baseline_30m,S02001,ambiguous,1,2026-03-10 15:58:00,2026-03-10 17:40:00,0.0,86,0.698520799973721,ambiguous,0
baseline_30m,S02002,unvisited,0,,,0.0,0,,review,0
baseline_30m,S02003,ambiguous,1,2026-03-09 11:45:00,2026-03-09 11:45:00,0.0,1,10.7559085471797,ambiguous,0
baseline_30m,S02004,unvisited,0,,,0.0,0,,review,0
baseline_30m,S02005,unvisited,0,,,0.0,0,,review,0
baseline_30m,S02006,unvisited,0,,,0.0,0,,review,0
baseline_30m,S02007,unvisited,0,,,0.0,0,,review,0
baseline_30m,S02008,unvisited,0,,,0.0,0,,review,0
baseline_30m,S02009,unvisited,0,,,0.0,0,,review,0
baseline_30m,S02010,unvisited,0,,,0.0,0,,review,0
baseline_30m,S02011,unvisited,0,,,0.0,0,,review,0
baseline_30m,S02012,unvisited,0,,,0.0,0,,review,0
baseline_30m,S02013,ambiguous,1,2026-03-10 08:09:00,2026-03-10 08:09:00,0.0,1,5.14280719857922,ambiguous,0
baseline_30m,S02014,visited,1,2026-03-12 11:00:00,2026-03-12 13:09:00,129.0,128,0.244720249012523,high,0
baseline_30m,S02015,unvisited,0,,,0.0,0,,review,0
baseline_30m,S02016,unvisited,0,,,0.0,0,,review,0
baseline_30m,S02017,unvisited,0,,,0.0,0,,review,0
baseline_30m,S02018,unvisited,0,,,0.0,0,,review,0
baseline_30m,S02019,unvisited,0,,,0.0,0,,review,0
baseline_30m,S02020,visited,1,2026-03-12 08:56:00,2026-03-12 09:29:00,33.0,34,2.55451848249445,high,0
baseline_30m,S02021,visited,1,2026-03-13 09:50:00,2026-03-13 11:48:00,118.0,117,0.66354887702942,high,0
baseline_30m,S02022,unvisited,0,,,0.0,0,23.2252849417642,review,0
baseline_30m,S02023,ambiguous,1,2026-03-09 14:14:00,2026-03-09 14:14:00,0.0,1,19.3415763651001,ambiguous,0
baseline_30m,S02024,unvisited,0,,,0.0,0,,review,0
baseline_30m,S02025,unvisited,0,,,0.0,0,,review,0
baseline_30m,S02026,unvisited,0,,,0.0,0,,review,0
baseline_30m,S02027,unvisited,0,,,0.0,0,,review,0
baseline_30m,S02028,unvisited,0,,,0.0,0,,review,0
baseline_30m,S02029,unvisited,0,,,0.0,0,,review,0
baseline_30m,S02030,unvisited,0,,,0.0,0,,review,0
baseline_30m,S02031,unvisited,0,,,0.0,0,,review,0
baseline_30m,S02032,unvisited,0,,,0.0,0,,review,0
baseline_30m,S02033,unvisited,0,,,0.0,0,,review,0
baseline_30m,S02034,unvisited,0,,,0.0,0,,review,0
baseline_30m,S02035,unvisited,0,,,0.0,0,,review,0
baseline_30m,S02036,ambiguous,1,2026-03-11 07:55:00,2026-03-11 08:07:00,0.0,3,12.8349246726449,ambiguous,0
baseline_30m,S02037,ambiguous,1,2026-03-10 12:29:00,2026-03-10 12:29:00,0.0,1,13.9459860639261,ambiguous,0
baseline_30m,S02038,ambiguous,1,2026-03-11 15:04:00,2026-03-11 15:04:00,0.0,1,9.52073490598952,ambiguous,0
baseline_30m,S02039,unvisited,0,,,0.0,0,,review,0
baseline_30m,S02040,unvisited,0,,,0.0,0,,review,0
baseline_30m,S02041,unvisited,0,,,0.0,0,,review,0
baseline_30m,S02042,unvisited,0,,,0.0,0,,review,0
baseline_30m,S02043,unvisited,0,,,0.0,0,,review,0
baseline_30m,S02044,unvisited,0,,,0.0,0,,review,0
baseline_30m,S02045,ambiguous,1,2026-03-12 07:18:00,2026-03-12 07:18:00,0.0,1,8.71485669226776,ambiguous,0
baseline_30m,S02046,unvisited,0,,,0.0,0,,review,0
baseline_30m,S02047,unvisited,0,,,0.0,0,,review,0
baseline_30m,S02048,unvisited,0,,,0.0,0,,review,0
baseline_30m,S02049,unvisited,0,,,0.0,0,,review,0
baseline_30m,S02050,unvisited,0,,,0.0,0,,review,0
baseline_30m,S02051,unvisited,0,,,0.0,0,,review,0
baseline_30m,S02052,unvisited,0,,,0.0,0,,review,0
baseline_30m,S02053,unvisited,0,,,0.0,0,,review,0
baseline_30m,S02054,unvisited,0,,,0.0,0,,review,0
baseline_30m,S02055,unvisited,0,,,0.0,0,,review,0
baseline_30m,S02056,unvisited,0,,,0.0,0,,review,0
baseline_30m,S02057,unvisited,0,,,0.0,0,,review,0
baseline_30m,S02058,unvisited,0,,,0.0,0,,review,0
baseline_30m,S02059,unvisited,0,,,0.0,0,,review,0
baseline_30m,S02060,unvisited,0,,,0.0,0,,review,0
baseline_30m,S02061,visited,1,2026-03-10 15:39:00,2026-03-10 17:26:00,107.0,92,0.246705676134221,high,0
baseline_30m,S02062,unvisited,0,,,0.0,0,,review,0
baseline_30m,S02063,ambiguous,1,2026-03-12 07:23:00,2026-03-12 07:23:00,0.0,1,3.33365601835106,ambiguous,0
baseline_30m,S02064,unvisited,0,,,0.0,0,,review,0
baseline_30m,S02065,unvisited,0,,,0.0,0,,review,0
baseline_30m,S02066,unvisited,0,,,0.0,0,,review,0
baseline_30m,S02067,ambiguous,1,2026-03-11 11:17:00,2026-03-11 11:18:00,0.0,2,4.9893531700253,ambiguous,0
baseline_30m,S02068,visited,1,2026-03-09 16:20:00,2026-03-09 18:05:00,105.0,98,0.450951923751237,high,0
baseline_30m,S02069,unvisited,0,,,0.0,0,,review,0
baseline_30m,S02070,unvisited,0,,,0.0,0,,review,0
baseline_30m,S02071,ambiguous,1,2026-03-10 10:56:00,2026-03-10 10:56:00,0.0,1,8.09916787629031,ambiguous,0
baseline_30m,S02072,unvisited,0,,,0.0,0,,review,0
baseline_30m,S02073,visited,1,2026-03-11 17:03:00,2026-03-11 18:37:00,94.0,95,0.395535660957283,high,0
baseline_30m,S02074,unvisited,0,,,0.0,0,,review,0
baseline_30m,S02075,unvisited,0,,,0.0,0,,review,0
baseline_30m,S02076,unvisited,0,,,0.0,0,,review,0
baseline_30m,S02077,ambiguous,1,2026-03-10 14:40:00,2026-03-10 14:40:00,0.0,1,8.01632267327023,ambiguous,0
baseline_30m,S02078,unvisited,0,,,0.0,0,,review,0
baseline_30m,S02079,ambiguous,1,2026-03-09 07:52:00,2026-03-09 08:09:00,0.0,2,4.78803204635514,ambiguous,0
baseline_30m,S02080,visited,1,2026-03-13 15:49:00,2026-03-13 17:49:00,120.0,121,0.22116611603308,high,0
baseline_30m,S02081,unvisited,0,,,0.0,0,,review,0
baseline_30m,S02082,ambiguous,1,2026-03-09 18:34:00,2026-03-09 18:34:00,0.0,1,6.58077726058764,ambiguous,0
baseline_30m,S02083,unvisited,0,,,0.0,0,,review,0
baseline_30m,S02084,unvisited,0,,,0.0,0,,review,0
baseline_30m,S02085,unvisited,0,,,0.0,0,,review,0
baseline_30m,S02086,ambiguous,1,2026-03-12 11:46:00,2026-03-12 11:46:00,0.0,1,3.14033523759572,ambiguous,0
baseline_30m,S02087,unvisited,0,,,0.0,0,,review,0
baseline_30m,S02088,ambiguous,1,2026-03-10 18:35:00,2026-03-10 18:52:00,0.0,2,5.35123999370197,ambiguous,0
baseline_30m,S02089,unvisited,0,,,0.0,0,,review,0
baseline_30m,S02090,unvisited,0,,,0.0,0,,review,0
baseline_30m,S02091,unvisited,0,,,0.0,0,,review,0
baseline_30m,S02092,ambiguous,1,2026-03-11 07:30:00,2026-03-11 07:30:00,0.0,1,19.4341475750129,ambiguous,0
baseline_30m,S02093,unvisited,0,,,0.0,0,,review,0
baseline_30m,S02094,unvisited,0,,,0.0,0,,review,0
baseline_30m,S02095,unvisited,0,,,0.0,0,,review,0
baseline_30m,S02096,ambiguous,1,2026-03-12 08:32:00,2026-03-12 08:32:00,0.0,1,9.64118862581003,ambiguous,0
baseline_30m,S02097,visited,1,2026-03-09 13:02:00,2026-03-09 13:32:00,30.0,31,2.42076279307443,high,0
baseline_30m,S02098,unvisited,0,,,0.0,0,,review,0
baseline_30m,S02099,unvisited,0,,,0.0,0,,review,0
baseline_30m,S02100,unvisited,0,,,0.0,0,,review,0
baseline_30m,S02101,unvisited,0,,,0.0,0,,review,0
baseline_30m,S02102,unvisited,0,,,0.0,0,,review,0
baseline_30m,S02103,unvisited,0,,,0.0,0,,review,0
baseline_30m,S02104,unvisited,0,,,0.0,0,,review,0
baseline_30m,S02105,unvisited,0,,,0.0,0,,review,0
baseline_30m,S02106,unvisited,0,,,0.0,0,,review,0
baseline_30m,S02107,unvisited,0,,,0.0,0,,review,0
baseline_30m,S02108,unvisited,0,,,0.0,0,,review,0
baseline_30m,S02109,unvisited,0,,,0.0,0,,review,0
baseline_30m,S02110,unvisited,0,,,0.0,0,,review,0
baseline_30m,S02111,unvisited,0,,,0.0,0,,review,0
baseline_30m,S02112,unvisited,0,,,0.0,0,,review,0
baseline_30m,S02113,unvisited,0,,,0.0,0,,review,0
baseline_30m,S02114,unvisited,0,,,0.0,0,,review,0
baseline_30m,S02115,unvisited,0,,,0.0,0,,review,0
baseline_30m,S02116,unvisited,0,,,0.0,0,,review,0
baseline_30m,S02117,unvisited,0,,,0.0,0,,review,0
baseline_30m,S02118,unvisited,0,,,0.0,0,,review,0
baseline_30m,S02119,unvisited,0,,,0.0,0,,review,0
baseline_30m,S02120,unvisited,0,,,0.0,0,,review,0
baseline_30m,S02121,unvisited,0,,,0.0,0,,review,0
baseline_30m,S02122,unvisited,0,,,0.0,0,,review,0
baseline_30m,S02123,unvisited,0,,,0.0,0,,review,0
baseline_30m,S02124,unvisited,0,,,0.0,0,,review,0
baseline_30m,S02125,unvisited,0,,,0.0,0,,review,0
baseline_30m,S02126,unvisited,0,,,0.0,0,,review,0
baseline_30m,S02127,unvisited,0,,,0.0,0,,review,0
baseline_30m,S02128,unvisited,0,,,0.0,0,,review,0
baseline_30m,S02129,unvisited,0,,,0.0,0,,review,0
baseline_30m,S02130,unvisited,0,,,0.0,0,,review,0
baseline_30m,S02131,unvisited,0,,,0.0,0,,review,0
baseline_30m,S02132,unvisited,0,,,0.0,0,,review,0
baseline_30m,S02133,unvisited,0,,,0.0,0,,review,0
baseline_30m,S02134,unvisited,0,,,0.0,0,,review,0
baseline_30m,S02135,unvisited,0,,,0.0,0,,review,0
baseline_30m,S02136,unvisited,0,,,0.0,0,,review,0
baseline_30m,S02137,unvisited,0,,,0.0,0,,review,0
baseline_30m,S02138,unvisited,0,,,0.0,0,,review,0
baseline_30m,S02139,unvisited,0,,,0.0,0,,review,0
baseline_30m,S02140,unvisited,0,,,0.0,0,,review,0
baseline_30m,S02141,unvisited,0,,,0.0,0,,review,0
baseline_30m,S02142,unvisited,0,,,0.0,0,,review,0
baseline_30m,S02143,unvisited,0,,,0.0,0,,review,0
baseline_30m,S02144,unvisited,0,,,0.0,0,,review,0
baseline_30m,S02145,unvisited,0,,,0.0,0,,review,0
baseline_30m,S02146,unvisited,0,,,0.0,0,,review,0
baseline_30m,S02147,unvisited,0,,,0.0,0,,review,0
baseline_30m,S02148,unvisited,0,,,0.0,0,,review,0
baseline_30m,S02149,unvisited,0,,,0.0,0,,review,0
baseline_30m,S02150,unvisited,0,,,0.0,0,,review,0
baseline_30m,S02151,unvisited,0,,,0.0,0,,review,0
baseline_30m,S02152,unvisited,0,,,0.0,0,,review,0
baseline_30m,S02153,unvisited,0,,,0.0,0,,review,0
baseline_30m,S02154,unvisited,0,,,0.0,0,,review,0
baseline_30m,S02155,unvisited,0,,,0.0,0,,review,0
baseline_30m,S02156,unvisited,0,,,0.0,0,,review,0
baseline_30m,S02157,visited,1,2026-03-12 07:28:00,2026-03-12 07:52:00,24.0,5,17.0728848495516,high,0
baseline_30m,S02158,unvisited,0,,,0.0,0,,review,0
baseline_30m,S02159,unvisited,0,,,0.0,0,,review,0
baseline_30m,S02160,unvisited,0,,,0.0,0,,review,0
baseline_30m,S02161,unvisited,0,,,0.0,0,,review,0
baseline_30m,S02162,unvisited,0,,,0.0,0,,review,0
baseline_30m,S02163,unvisited,0,,,0.0,0,,review,0
baseline_30m,S02164,unvisited,0,,,0.0,0,,review,0
baseline_30m,S02165,unvisited,0,,,0.0,0,,review,0
baseline_30m,S02166,unvisited,0,,,0.0,0,,review,0
baseline_30m,S02167,unvisited,0,,,0.0,0,,review,0
baseline_30m,S02168,unvisited,0,,,0.0,0,,review,0
baseline_30m,S02169,unvisited,0,,,0.0,0,,review,0
baseline_30m,S02170,unvisited,0,,,0.0,0,,review,0
baseline_30m,S02171,unvisited,0,,,0.0,0,,review,0
baseline_30m,S02172,unvisited,0,,,0.0,0,,review,0
baseline_30m,S02173,unvisited,0,,,0.0,0,,review,0
baseline_30m,S02174,unvisited,0,,,0.0,0,,review,0
baseline_30m,S02175,unvisited,0,,,0.0,0,,review,0
baseline_30m,S02176,unvisited,0,,,0.0,0,,review,0
baseline_30m,S02177,unvisited,0,,,0.0,0,,review,0
baseline_30m,S02178,unvisited,0,,,0.0,0,,review,0
baseline_30m,S02179,unvisited,0,,,0.0,0,,review,0
baseline_30m,S02180,unvisited,0,,,0.0,0,,review,0
baseline_30m,S02181,unvisited,0,,,0.0,0,,review,0
baseline_30m,S02182,unvisited,0,,,0.0,0,,review,0
baseline_30m,S02183,unvisited,0,,,0.0,0,,review,0
baseline_30m,S02184,unvisited,0,,,0.0,0,,review,0
baseline_30m,S02185,unvisited,0,,,0.0,0,,review,0
baseline_30m,S02186,unvisited,0,,,0.0,0,,review,0
baseline_30m,S02187,unvisited,0,,,0.0,0,,review,0
baseline_30m,S02188,unvisited,0,,,0.0,0,,review,0
baseline_30m,S02189,unvisited,0,,,0.0,0,,review,0
baseline_30m,S02190,unvisited,0,,,0.0,0,,review,0
baseline_30m,S02191,unvisited,0,,,0.0,0,,review,0
baseline_30m,S02192,unvisited,0,,,0.0,0,,review,0
baseline_30m,S02193,unvisited,0,,,0.0,0,,review,0
baseline_30m,S02194,unvisited,0,,,0.0,0,,review,0
baseline_30m,S02195,unvisited,0,,,0.0,0,,review,0
baseline_30m,S02196,unvisited,0,,,0.0,0,,review,0
baseline_30m,S02197,unvisited,0,,,0.0,0,,review,0
baseline_30m,S02198,unvisited,0,,,0.0,0,,review,0
baseline_30m,S02199,unvisited,0,,,0.0,0,,review,0
baseline_30m,S02200,unvisited,0,,,0.0,0,,review,0
baseline_30m,S02201,unvisited,0,,,0.0,0,,review,0
baseline_30m,S02202,unvisited,0,,,0.0,0,,review,0
baseline_30m,S02203,unvisited,0,,,0.0,0,,review,0
baseline_30m,S02204,ambiguous,1,2026-03-12 11:20:00,2026-03-12 11:22:00,0.0,2,9.37549918477923,ambiguous,0
baseline_30m,S02205,unvisited,0,,,0.0,0,,review,0
baseline_30m,S02206,unvisited,0,,,0.0,0,,review,0
baseline_30m,S02207,unvisited,0,,,0.0,0,,review,0
baseline_30m,S02208,unvisited,0,,,0.0,0,,review,0
baseline_30m,S02209,unvisited,0,,,0.0,0,,review,0
baseline_30m,S02210,unvisited,0,,,0.0,0,,review,0
baseline_30m,S02211,unvisited,0,,,0.0,0,,review,0
baseline_30m,S02212,unvisited,0,,,0.0,0,,review,0
baseline_30m,S02213,unvisited,0,,,0.0,0,,review,0
baseline_30m,S02214,unvisited,0,,,0.0,0,,review,0
baseline_30m,S02215,unvisited,0,,,0.0,0,,review,0
baseline_30m,S02216,unvisited,0,,,0.0,0,,review,0
baseline_30m,S02217,unvisited,0,,,0.0,0,,review,0
baseline_30m,S02218,unvisited,0,,,0.0,0,,review,0
baseline_30m,S02219,unvisited,0,,,0.0,0,,review,0
baseline_30m,S02220,unvisited,0,,,0.0,0,,review,0
baseline_30m,S02221,unvisited,0,,,0.0,0,,review,0
baseline_30m,S02222,unvisited,0,,,0.0,0,,review,0
baseline_30m,S02223,unvisited,0,,,0.0,0,,review,0
baseline_30m,S02224,unvisited,0,,,0.0,0,,review,0
baseline_30m,S02225,unvisited,0,,,0.0,0,,review,0
baseline_30m,S02226,unvisited,0,,,0.0,0,,review,0
baseline_30m,S02227,unvisited,0,,,0.0,0,,review,0
baseline_30m,S02228,unvisited,0,,,0.0,0,,review,0
baseline_30m,S02229,unvisited,0,,,0.0,0,,review,0
baseline_30m,S02230,unvisited,0,,,0.0,0,,review,0
baseline_30m,S02231,unvisited,0,,,0.0,0,,review,0
baseline_30m,S02232,unvisited,0,,,0.0,0,,review,0
baseline_30m,S02233,unvisited,0,,,0.0,0,,review,0
baseline_30m,S02234,unvisited,0,,,0.0,0,,review,0
baseline_30m,S02235,unvisited,0,,,0.0,0,,review,0
baseline_30m,S02236,unvisited,0,,,0.0,0,,review,0
baseline_30m,S02237,unvisited,0,,,0.0,0,,review,0
baseline_30m,S02238,unvisited,0,,,0.0,0,,review,0
baseline_30m,S02239,unvisited,0,,,0.0,0,,review,0
baseline_30m,S02240,unvisited,0,,,0.0,0,,review,0
baseline_30m,S02241,unvisited,0,,,0.0,0,,review,0
baseline_30m,S02242,unvisited,0,,,0.0,0,,review,0
baseline_30m,S02243,unvisited,0,,,0.0,0,,review,0
baseline_30m,S02244,unvisited,0,,,0.0,0,,review,0
baseline_30m,S02245,unvisited,0,,,0.0,0,,review,0
baseline_30m,S02246,unvisited,0,,,0.0,0,,review,0
baseline_30m,S02247,unvisited,0,,,0.0,0,,review,0
baseline_30m,S02248,unvisited,0,,,0.0,0,,review,0
baseline_30m,S02249,unvisited,0,,,0.0,0,,review,0
baseline_30m,S02250,unvisited,0,,,0.0,0,,review,0
baseline_30m,S02251,unvisited,0,,,0.0,0,,review,0
baseline_30m,S02252,unvisited,0,,,0.0,0,,review,0
baseline_30m,S02253,unvisited,0,,,0.0,0,,review,0
baseline_30m,S02254,unvisited,0,,,0.0,0,,review,0
baseline_30m,S02255,unvisited,0,,,0.0,0,,review,0
baseline_30m,S02256,unvisited,0,,,0.0,0,,review,0
baseline_30m,S02257,unvisited,0,,,0.0,0,,review,0
baseline_30m,S02258,unvisited,0,,,0.0,0,,review,0
baseline_30m,S02259,unvisited,0,,,0.0,0,,review,0
baseline_30m,S02260,unvisited,0,,,0.0,0,,review,0
baseline_30m,S02261,unvisited,0,,,0.0,0,,review,0
baseline_30m,S02262,unvisited,0,,,0.0,0,,review,0
baseline_30m,S02263,unvisited,0,,,0.0,0,,review,0
baseline_30m,S02264,unvisited,0,,,0.0,0,,review,0
baseline_30m,S02265,unvisited,0,,,0.0,0,,review,0
baseline_30m,S02266,unvisited,0,,,0.0,0,,review,0
baseline_30m,S02267,unvisited,0,,,0.0,0,,review,0
baseline_30m,S02268,unvisited,0,,,0.0,0,,review,0
baseline_30m,S02269,unvisited,0,,,0.0,0,,review,0
baseline_30m,S02270,unvisited,0,,,0.0,0,,review,0
baseline_30m,S02271,unvisited,0,,,0.0,0,,review,0
baseline_30m,S02272,unvisited,0,,,0.0,0,,review,0
baseline_30m,S02273,unvisited,0,,,0.0,0,,review,0
baseline_30m,S02274,unvisited,0,,,0.0,0,,review,0
baseline_30m,S02275,unvisited,0,,,0.0,0,,review,0
baseline_30m,S02276,unvisited,0,,,0.0,0,,review,0
baseline_30m,S02277,unvisited,0,,,0.0,0,,review,0
baseline_30m,S02278,unvisited,0,,,0.0,0,,review,0
baseline_30m,S02279,unvisited,0,,,0.0,0,,review,0
baseline_30m,S02280,unvisited,0,,,0.0,0,,review,0
baseline_30m,S02281,unvisited,0,,,0.0,0,,review,0
baseline_30m,S02282,unvisited,0,,,0.0,0,,review,0
baseline_30m,S02283,unvisited,0,,,0.0,0,,review,0
baseline_30m,S02284,unvisited,0,,,0.0,0,,review,0
baseline_30m,S02285,unvisited,0,,,0.0,0,,review,0
baseline_30m,S02286,unvisited,0,,,0.0,0,,review,0
baseline_30m,S02287,unvisited,0,,,0.0,0,,review,0
baseline_30m,S02288,unvisited,0,,,0.0,0,,review,0
baseline_30m,S02289,unvisited,0,,,0.0,0,11.8327964911187,review,0
baseline_30m,S02290,ambiguous,1,2026-03-11 11:06:00,2026-03-11 11:17:00,0.0,2,15.6772663205125,ambiguous,0
baseline_30m,S02291,unvisited,0,,,0.0,0,,review,0
baseline_30m,S02292,ambiguous,1,2026-03-10 07:44:00,2026-03-10 07:44:00,0.0,1,6.37901863921235,ambiguous,0
baseline_30m,S02293,unvisited,0,,,0.0,0,,review,0
baseline_30m,S02294,unvisited,0,,,0.0,0,,review,0
baseline_30m,S02295,unvisited,0,,,0.0,0,,review,0
baseline_30m,S02296,unvisited,0,,,0.0,0,,review,0
baseline_30m,S02297,unvisited,0,,,0.0,0,,review,0
baseline_30m,S02298,unvisited,0,,,0.0,0,,review,0
baseline_30m,S02299,unvisited,0,,,0.0,0,,review,0
baseline_30m,S02300,unvisited,0,,,0.0,0,,review,0
baseline_30m,S02301,unvisited,0,,,0.0,0,,review,0
baseline_30m,S02302,unvisited,0,,,0.0,0,,review,0
baseline_30m,S02303,unvisited,0,,,0.0,0,,review,0
baseline_30m,S02304,unvisited,0,,,0.0,0,,review,0
baseline_30m,S02305,unvisited,0,,,0.0,0,,review,0
baseline_30m,S02306,unvisited,0,,,0.0,0,,review,0
baseline_30m,S02307,unvisited,0,,,0.0,0,,review,0
baseline_30m,S02308,unvisited,0,,,0.0,0,,review,0
baseline_30m,S02309,unvisited,0,,,0.0,0,,review,0
baseline_30m,S02310,unvisited,0,,,0.0,0,,review,0
baseline_30m,S02311,unvisited,0,,,0.0,0,,review,0
baseline_30m,S02312,unvisited,0,,,0.0,0,,review,0
baseline_30m,S02313,unvisited,0,,,0.0,0,,review,0
baseline_30m,S02314,unvisited,0,,,0.0,0,,review,0
baseline_30m,S02315,unvisited,0,,,0.0,0,,review,0
baseline_30m,S02316,unvisited,0,,,0.0,0,,review,0
baseline_30m,S02317,unvisited,0,,,0.0,0,,review,0
baseline_30m,S02318,unvisited,0,,,0.0,0,,review,0
baseline_30m,S02319,unvisited,0,,,0.0,0,,review,0
baseline_30m,S02320,unvisited,0,,,0.0,0,,review,0
baseline_30m,S02321,unvisited,0,,,0.0,0,,review,0
baseline_30m,S02322,unvisited,0,,,0.0,0,,review,0
baseline_30m,S02323,unvisited,0,,,0.0,0,,review,0
baseline_30m,S02324,unvisited,0,,,0.0,0,,review,0
baseline_30m,S02325,unvisited,0,,,0.0,0,,review,0
baseline_30m,S02326,ambiguous,1,2026-03-12 07:47:00,2026-03-12 07:47:00,0.0,1,11.9600361429742,ambiguous,0
baseline_30m,S02327,unvisited,0,,,0.0,0,,review,0
baseline_30m,S02328,unvisited,0,,,0.0,0,,review,0
baseline_30m,S02329,unvisited,0,,,0.0,0,,review,0
baseline_30m,S02330,unvisited,0,,,0.0,0,,review,0
baseline_30m,S02331,unvisited,0,,,0.0,0,,review,0
baseline_30m,S02332,unvisited,0,,,0.0,0,,review,0
baseline_30m,S02333,ambiguous,1,2026-03-11 09:51:00,2026-03-11 09:51:00,0.0,1,10.9601907751165,ambiguous,0
baseline_30m,S02334,unvisited,0,,,0.0,0,,review,0
baseline_30m,S02335,unvisited,0,,,0.0,0,,review,0
baseline_30m,S02336,unvisited,0,,,0.0,0,,review,0
baseline_30m,S02337,unvisited,0,,,0.0,0,,review,0
baseline_30m,S02338,unvisited,0,,,0.0,0,,review,0
baseline_30m,S02339,unvisited,0,,,0.0,0,,review,0
baseline_30m,S02340,unvisited,0,,,0.0,0,,review,0
baseline_30m,S02341,unvisited,0,,,0.0,0,,review,0
baseline_30m,S02342,unvisited,0,,,0.0,0,,review,0
baseline_30m,S02343,unvisited,0,,,0.0,0,,review,0
baseline_30m,S02344,unvisited,0,,,0.0,0,,review,0
baseline_30m,S02345,unvisited,0,,,0.0,0,,review,0
baseline_30m,S02346,unvisited,0,,,0.0,0,,review,0
baseline_30m,S02347,unvisited,0,,,0.0,0,,review,0
baseline_30m,S02348,unvisited,0,,,0.0,0,,review,0
baseline_30m,S02349,unvisited,0,,,0.0,0,,review,0
baseline_30m,S02350,unvisited,0,,,0.0,0,,review,0
baseline_30m,S02351,unvisited,0,,,0.0,0,,review,0
baseline_30m,S02352,unvisited,0,,,0.0,0,,review,0
baseline_30m,S02353,unvisited,0,,,0.0,0,,review,0
baseline_30m,S02354,unvisited,0,,,0.0,0,,review,0
baseline_30m,S02355,unvisited,0,,,0.0,0,,review,0
baseline_30m,S02356,unvisited,0,,,0.0,0,,review,0
baseline_30m,S02357,unvisited,0,,,0.0,0,,review,0
baseline_30m,S02358,unvisited,0,,,0.0,0,,review,0
baseline_30m,S02359,unvisited,0,,,0.0,0,,review,0
baseline_30m,S02360,unvisited,0,,,0.0,0,,review,0
baseline_30m,S02361,unvisited,0,,,0.0,0,,review,0
baseline_30m,S02362,unvisited,0,,,0.0,0,,review,0
baseline_30m,S02363,unvisited,0,,,0.0,0,,review,0
baseline_30m,S02364,unvisited,0,,,0.0,0,,review,0
baseline_30m,S02365,ambiguous,1,2026-03-13 07:37:00,2026-03-13 07:51:00,0.0,5,12.4283058281586,ambiguous,0
baseline_30m,S02366,unvisited,0,,,0.0,0,,review,0
baseline_30m,S02367,unvisited,0,,,0.0,0,,review,0
baseline_30m,S02368,unvisited,0,,,0.0,0,,review,0
baseline_30m,S02369,unvisited,0,,,0.0,0,,review,0
baseline_30m,S02370,unvisited,0,,,0.0,0,,review,0
baseline_30m,S02371,unvisited,0,,,0.0,0,,review,0
baseline_30m,S02372,unvisited,0,,,0.0,0,,review,0
baseline_30m,S02373,unvisited,0,,,0.0,0,,review,0
baseline_30m,S02374,unvisited,0,,,0.0,0,,review,0
baseline_30m,S02375,unvisited,0,,,0.0,0,,review,0
baseline_30m,S02376,unvisited,0,,,0.0,0,,review,0
baseline_30m,S02377,unvisited,0,,,0.0,0,,review,0
baseline_30m,S02378,unvisited,0,,,0.0,0,,review,0
baseline_30m,S02379,unvisited,0,,,0.0,0,,review,0
baseline_30m,S02380,unvisited,0,,,0.0,0,,review,0
baseline_30m,S02381,unvisited,0,,,0.0,0,,review,0
baseline_30m,S02382,unvisited,0,,,0.0,0,,review,0
baseline_30m,S02383,unvisited,0,,,0.0,0,,review,0
baseline_30m,S02384,unvisited,0,,,0.0,0,,review,0
baseline_30m,S02385,unvisited,0,,,0.0,0,,review,0
baseline_30m,S02386,unvisited,0,,,0.0,0,,review,0
baseline_30m,S02387,unvisited,0,,,0.0,0,,review,0
baseline_30m,S02388,unvisited,0,,,0.0,0,,review,0
baseline_30m,S02389,unvisited,0,,,0.0,0,,review,0
baseline_30m,S02390,unvisited,0,,,0.0,0,,review,0
baseline_30m,S02391,unvisited,0,,,0.0,0,,review,0
baseline_30m,S02392,unvisited,0,,,0.0,0,,review,0
baseline_30m,S02393,unvisited,0,,,0.0,0,,review,0
baseline_30m,S02394,unvisited,0,,,0.0,0,,review,0
baseline_30m,S02395,unvisited,0,,,0.0,0,,review,0
baseline_30m,S02396,unvisited,0,,,0.0,0,,review,0
baseline_30m,S02397,unvisited,0,,,0.0,0,,review,0
baseline_30m,S02398,unvisited,0,,,0.0,0,,review,0
baseline_30m,S02399,unvisited,0,,,0.0,0,,review,0
baseline_30m,S02400,unvisited,0,,,0.0,0,,review,0
baseline_30m,S02401,visited,1,2026-03-12 07:36:00,2026-03-12 07:53:00,17.0,4,11.0498692605073,high,0
baseline_30m,S02402,unvisited,0,,,0.0,0,,review,0
baseline_30m,S02403,unvisited,0,,,0.0,0,,review,0
baseline_30m,S02404,unvisited,0,,,0.0,0,,review,0
baseline_30m,S02405,unvisited,0,,,0.0,0,,review,0
baseline_30m,S02406,unvisited,0,,,0.0,0,,review,0
baseline_30m,S02407,unvisited,0,,,0.0,0,,review,0
baseline_30m,S02408,unvisited,0,,,0.0,0,,review,0
baseline_30m,S02409,unvisited,0,,,0.0,0,,review,0
baseline_30m,S02410,unvisited,0,,,0.0,0,,review,0
baseline_30m,S02411,unvisited,0,,,0.0,0,,review,0
baseline_30m,S02412,unvisited,0,,,0.0,0,,review,0
baseline_30m,S02413,unvisited,0,,,0.0,0,,review,0
baseline_30m,S02414,unvisited,0,,,0.0,0,,review,0
baseline_30m,S02415,unvisited,0,,,0.0,0,,review,0
baseline_30m,S02416,unvisited,0,,,0.0,0,,review,0
baseline_30m,S02417,visited,1,2026-03-10 07:45:00,2026-03-10 08:05:00,20.0,5,10.1106204078614,high,0
baseline_30m,S02418,unvisited,0,,,0.0,0,,review,0
baseline_30m,S02419,unvisited,0,,,0.0,0,,review,0
baseline_30m,S02420,unvisited,0,,,0.0,0,,review,0
baseline_30m,S02421,unvisited,0,,,0.0,0,,review,0
baseline_30m,S02422,unvisited,0,,,0.0,0,,review,0
baseline_30m,S02423,unvisited,0,,,0.0,0,,review,0
baseline_30m,S02424,unvisited,0,,,0.0,0,,review,0
baseline_30m,S02425,unvisited,0,,,0.0,0,,review,0
baseline_30m,S02426,unvisited,0,,,0.0,0,,review,0
baseline_30m,S02427,unvisited,0,,,0.0,0,,review,0
baseline_30m,S02428,unvisited,0,,,0.0,0,,review,0
baseline_30m,S02429,unvisited,0,,,0.0,0,,review,0
baseline_30m,S02430,unvisited,0,,,0.0,0,,review,0
baseline_30m,S02431,unvisited,0,,,0.0,0,,review,0
baseline_30m,S02432,unvisited,0,,,0.0,0,,review,0
baseline_30m,S02433,unvisited,0,,,0.0,0,,review,0
baseline_30m,S02434,unvisited,0,,,0.0,0,,review,0
baseline_30m,S02435,unvisited,0,,,0.0,0,,review,0
baseline_30m,S02436,unvisited,0,,,0.0,0,,review,0
baseline_30m,S02437,unvisited,0,,,0.0,0,,review,0
baseline_30m,S02438,unvisited,0,,,0.0,0,,review,0
baseline_30m,S02439,unvisited,0,,,0.0,0,,review,0
baseline_30m,S02440,unvisited,0,,,0.0,0,,review,0
baseline_30m,S02441,unvisited,0,,,0.0,0,,review,0
baseline_30m,S02442,unvisited,0,,,0.0,0,,review,0
baseline_30m,S02443,unvisited,0,,,0.0,0,,review,0
baseline_30m,S02444,unvisited,0,,,0.0,0,,review,0
baseline_30m,S02445,unvisited,0,,,0.0,0,,review,0
baseline_30m,S02446,unvisited,0,,,0.0,0,,review,0
baseline_30m,S02447,unvisited,0,,,0.0,0,,review,0
baseline_30m,S02448,unvisited,0,,,0.0,0,,review,0
baseline_30m,S02449,unvisited,0,,,0.0,0,,review,0
baseline_30m,S02450,unvisited,0,,,0.0,0,,review,0
baseline_30m,S02451,unvisited,0,,,0.0,0,,review,0
baseline_30m,S02452,unvisited,0,,,0.0,0,,review,0
baseline_30m,S02453,unvisited,0,,,0.0,0,,review,0
baseline_30m,S02454,unvisited,0,,,0.0,0,,review,0
baseline_30m,S02455,unvisited,0,,,0.0,0,,review,0
baseline_30m,S02456,unvisited,0,,,0.0,0,,review,0
baseline_30m,S02457,unvisited,0,,,0.0,0,,review,0
baseline_30m,S02458,unvisited,0,,,0.0,0,,review,0
baseline_30m,S02459,unvisited,0,,,0.0,0,,review,0
baseline_30m,S02460,unvisited,0,,,0.0,0,,review,0
baseline_30m,S02461,unvisited,0,,,0.0,0,,review,0
baseline_30m,S02462,unvisited,0,,,0.0,0,,review,0
baseline_30m,S02463,unvisited,0,,,0.0,0,,review,0
baseline_30m,S02464,unvisited,0,,,0.0,0,,review,0
baseline_30m,S02465,unvisited,0,,,0.0,0,,review,0
baseline_30m,S02466,unvisited,0,,,0.0,0,,review,0
baseline_30m,S02467,unvisited,0,,,0.0,0,,review,0
baseline_30m,S02468,unvisited,0,,,0.0,0,,review,0
baseline_30m,S02469,unvisited,0,,,0.0,0,,review,0
baseline_30m,S02470,unvisited,0,,,0.0,0,,review,0
baseline_30m,S02471,unvisited,0,,,0.0,0,,review,0
baseline_30m,S02472,unvisited,0,,,0.0,0,,review,0
baseline_30m,S02473,unvisited,0,,,0.0,0,,review,0
baseline_30m,S02474,visited,1,2026-03-12 07:28:00,2026-03-12 07:57:00,29.0,7,9.17805236609138,high,0
baseline_30m,S02475,unvisited,0,,,0.0,0,,review,0
baseline_30m,S02476,unvisited,0,,,0.0,0,,review,0
baseline_30m,S02477,unvisited,0,,,0.0,0,,review,0
baseline_30m,S02478,unvisited,0,,,0.0,0,,review,0
baseline_30m,S02479,unvisited,0,,,0.0,0,,review,0
baseline_30m,S02480,ambiguous,1,2026-03-10 07:34:00,2026-03-10 07:46:00,0.0,3,17.3861755979895,ambiguous,0
baseline_30m,S02481,unvisited,0,,,0.0,0,,review,0
baseline_30m,S02482,unvisited,0,,,0.0,0,,review,0
baseline_30m,S02483,unvisited,0,,,0.0,0,,review,0
baseline_30m,S02484,unvisited,0,,,0.0,0,,review,0
baseline_30m,S02485,unvisited,0,,,0.0,0,,review,0
baseline_30m,S02486,unvisited,0,,,0.0,0,,review,0
baseline_30m,S02487,unvisited,0,,,0.0,0,,review,0
baseline_30m,S02488,unvisited,0,,,0.0,0,,review,0
baseline_30m,S02489,unvisited,0,,,0.0,0,,review,0
baseline_30m,S02490,unvisited,0,,,0.0,0,,review,0
baseline_30m,S02491,unvisited,0,,,0.0,0,,review,0
baseline_30m,S02492,unvisited,0,,,0.0,0,,review,0
baseline_30m,S02493,unvisited,0,,,0.0,0,,review,0
baseline_30m,S02494,unvisited,0,,,0.0,0,,review,0
baseline_30m,S02495,unvisited,0,,,0.0,0,,review,0
baseline_30m,S02496,visited,1,2026-03-11 07:51:00,2026-03-11 08:13:00,22.0,5,6.57826730576245,high,0
baseline_30m,S02497,unvisited,0,,,0.0,0,,review,0
baseline_30m,S02498,unvisited,0,,,0.0,0,,review,0
baseline_30m,S02499,unvisited,0,,,0.0,0,,review,0
baseline_30m,S02500,unvisited,0,,,0.0,0,,review,0
baseline_30m,S02501,unvisited,0,,,0.0,0,,review,0
baseline_30m,S02502,unvisited,0,,,0.0,0,,review,0
baseline_30m,S02503,unvisited,0,,,0.0,0,,review,0
baseline_30m,S02504,visited,1,2026-03-11 10:21:00,2026-03-11 10:52:00,31.0,12,2.1079635630193,high,0
baseline_30m,S02505,unvisited,0,,,0.0,0,,review,0
baseline_30m,S02506,unvisited,0,,,0.0,0,,review,0
baseline_30m,S02507,unvisited,0,,,0.0,0,,review,0
baseline_30m,S02508,unvisited,0,,,0.0,0,,review,0
baseline_30m,S02509,unvisited,0,,,0.0,0,,review,0
baseline_30m,S02510,unvisited,0,,,0.0,0,,review,0
baseline_30m,S02511,unvisited,0,,,0.0,0,,review,0
baseline_30m,S02512,unvisited,0,,,0.0,0,,review,0
baseline_30m,S02513,unvisited,0,,,0.0,0,,review,0
baseline_30m,S02514,unvisited,0,,,0.0,0,,review,0
baseline_30m,S02515,unvisited,0,,,0.0,0,,review,0
baseline_30m,S02516,unvisited,0,,,0.0,0,,review,0
baseline_30m,S02517,unvisited,0,,,0.0,0,,review,0
baseline_30m,S02518,unvisited,0,,,0.0,0,,review,0
baseline_30m,S02519,unvisited,0,,,0.0,0,,review,0
baseline_30m,S02520,unvisited,0,,,0.0,0,,review,0
baseline_30m,S02521,unvisited,0,,,0.0,0,,review,0
baseline_30m,S02522,unvisited,0,,,0.0,0,,review,0
baseline_30m,S02523,unvisited,0,,,0.0,0,,review,0
baseline_30m,S02524,unvisited,0,,,0.0,0,,review,0
sensitivity_60m,D00083,unvisited,0,,,0.0,0,,review,0
sensitivity_60m,D00184,unvisited,0,,,0.0,0,,review,0
sensitivity_60m,D00230,unvisited,0,,,0.0,0,,review,0
sensitivity_60m,D00246,unvisited,0,,,0.0,0,,review,0
sensitivity_60m,D00320,unvisited,0,,,0.0,0,,review,0
sensitivity_60m,D00347,unvisited,0,,,0.0,0,,review,0
sensitivity_60m,D00363,unvisited,0,,,0.0,0,,review,0
sensitivity_60m,D00378,unvisited,0,,,0.0,0,,review,0
sensitivity_60m,D00511,unvisited,0,,,0.0,0,,review,0
sensitivity_60m,D00555,unvisited,0,,,0.0,0,,review,0
sensitivity_60m,D00578,unvisited,0,,,0.0,0,,review,0
sensitivity_60m,D00752,unvisited,0,,,0.0,0,,review,0
sensitivity_60m,D00943,unvisited,0,,,0.0,0,,review,0
sensitivity_60m,D01074,unvisited,0,,,0.0,0,,review,0
sensitivity_60m,D01076,ambiguous,1,2026-03-09 13:31:00,2026-03-09 13:31:00,0.0,1,14.9720938064481,ambiguous,0
sensitivity_60m,D01108,unvisited,0,,,0.0,0,,review,0
sensitivity_60m,D01175,unvisited,0,,,0.0,0,,review,0
sensitivity_60m,D01209,unvisited,0,,,0.0,0,,review,0
sensitivity_60m,D01332,unvisited,0,,,0.0,0,,review,0
sensitivity_60m,D01432,unvisited,0,,,0.0,0,,review,0
sensitivity_60m,D01536,unvisited,0,,,0.0,0,,review,0
sensitivity_60m,D01632,unvisited,0,,,0.0,0,,review,0
sensitivity_60m,D01686,unvisited,0,,,0.0,0,,review,0
sensitivity_60m,D01757,unvisited,0,,,0.0,0,,review,0
sensitivity_60m,D01765,unvisited,0,,,0.0,0,,review,0
sensitivity_60m,D01777,unvisited,0,,,0.0,0,,review,0
sensitivity_60m,D01839,unvisited,0,,,0.0,0,,review,0
sensitivity_60m,D01905,unvisited,0,,,0.0,0,,review,0
sensitivity_60m,D01917,unvisited,0,,,0.0,0,,review,0
sensitivity_60m,D01994,unvisited,0,,,0.0,0,,review,0
sensitivity_60m,D02009,unvisited,0,,,0.0,0,,review,0
sensitivity_60m,D02192,unvisited,0,,,0.0,0,,review,0
sensitivity_60m,D02236,unvisited,0,,,0.0,0,,review,0
sensitivity_60m,D02268,unvisited,0,,,0.0,0,,review,0
sensitivity_60m,D02456,unvisited,0,,,0.0,0,,review,0
sensitivity_60m,D02466,unvisited,0,,,0.0,0,,review,0
sensitivity_60m,D02468,unvisited,0,,,0.0,0,,review,0
sensitivity_60m,D02521,unvisited,0,,,0.0,0,,review,0
sensitivity_60m,S00001,unvisited,0,,,0.0,0,,review,0
sensitivity_60m,S00002,unvisited,0,,,0.0,0,,review,0
sensitivity_60m,S00003,unvisited,0,,,0.0,0,,review,0
sensitivity_60m,S00004,unvisited,0,,,0.0,0,,review,0
sensitivity_60m,S00005,unvisited,0,,,0.0,0,,review,0
sensitivity_60m,S00006,unvisited,0,,,0.0,0,,review,0
sensitivity_60m,S00007,unvisited,0,,,0.0,0,,review,0
sensitivity_60m,S00008,unvisited,0,,,0.0,0,,review,0
sensitivity_60m,S00009,unvisited,0,,,0.0,0,,review,0
sensitivity_60m,S00010,unvisited,0,,,0.0,0,,review,0
sensitivity_60m,S00011,unvisited,0,,,0.0,0,,review,0
sensitivity_60m,S00012,unvisited,0,,,0.0,0,,review,0
sensitivity_60m,S00013,unvisited,0,,,0.0,0,,review,0
sensitivity_60m,S00014,unvisited,0,,,0.0,0,,review,0
sensitivity_60m,S00015,unvisited,0,,,0.0,0,,review,0
sensitivity_60m,S00016,unvisited,0,,,0.0,0,,review,0
sensitivity_60m,S00017,unvisited,0,,,0.0,0,,review,0
sensitivity_60m,S00018,unvisited,0,,,0.0,0,,review,0
sensitivity_60m,S00019,unvisited,0,,,0.0,0,,review,0
sensitivity_60m,S00020,unvisited,0,,,0.0,0,,review,0
sensitivity_60m,S00021,unvisited,0,,,0.0,0,,review,0
sensitivity_60m,S00022,unvisited,0,,,0.0,0,,review,0
sensitivity_60m,S00023,unvisited,0,,,0.0,0,,review,0
sensitivity_60m,S00024,unvisited,0,,,0.0,0,,review,0
sensitivity_60m,S00025,unvisited,0,,,0.0,0,,review,0
sensitivity_60m,S00026,visited,1,2026-03-10 07:42:00,2026-03-10 08:08:00,26.0,12,15.0568376654614,high,0
sensitivity_60m,S00027,unvisited,0,,,0.0,0,,review,0
sensitivity_60m,S00028,unvisited,0,,,0.0,0,,review,0
sensitivity_60m,S00029,unvisited,0,,,0.0,0,,review,0
sensitivity_60m,S00030,unvisited,0,,,0.0,0,,review,0
sensitivity_60m,S00031,unvisited,0,,,0.0,0,,review,0
sensitivity_60m,S00032,unvisited,0,,,0.0,0,,review,0
sensitivity_60m,S00033,visited,1,2026-03-09 07:13:00,2026-03-09 07:37:00,24.0,15,11.1103505422638,high,0
sensitivity_60m,S00034,unvisited,0,,,0.0,0,,review,0
sensitivity_60m,S00035,ambiguous,1,2026-03-13 15:55:00,2026-03-13 15:55:00,0.0,1,21.6464844459156,ambiguous,0
sensitivity_60m,S00036,unvisited,0,,,0.0,0,,review,0
sensitivity_60m,S00037,unvisited,0,,,0.0,0,,review,0
sensitivity_60m,S00038,unvisited,0,,,0.0,0,,review,0
sensitivity_60m,S00039,unvisited,0,,,0.0,0,,review,0
sensitivity_60m,S00040,unvisited,0,,,0.0,0,,review,0
sensitivity_60m,S00041,unvisited,0,,,0.0,0,,review,0
sensitivity_60m,S00042,unvisited,0,,,0.0,0,,review,0
sensitivity_60m,S00043,unvisited,0,,,0.0,0,,review,0
sensitivity_60m,S00044,unvisited,0,,,0.0,0,,review,0
sensitivity_60m,S00045,unvisited,0,,,0.0,0,,review,0
sensitivity_60m,S00046,visited,1,2026-03-11 07:32:00,2026-03-11 08:06:00,34.0,20,4.47361774088971,high,0
sensitivity_60m,S00047,unvisited,0,,,0.0,0,,review,0
sensitivity_60m,S00048,unvisited,0,,,0.0,0,,review,0
sensitivity_60m,S00049,unvisited,0,,,0.0,0,,review,0
sensitivity_60m,S00050,unvisited,0,,,0.0,0,,review,0
sensitivity_60m,S00051,unvisited,0,,,0.0,0,,review,0
sensitivity_60m,S00052,unvisited,0,,,0.0,0,,review,0
sensitivity_60m,S00053,unvisited,0,,,0.0,0,,review,0
sensitivity_60m,S00054,unvisited,0,,,0.0,0,,review,0
sensitivity_60m,S00055,unvisited,0,,,0.0,0,,review,0
sensitivity_60m,S00056,unvisited,0,,,0.0,0,,review,0
sensitivity_60m,S00057,unvisited,0,,,0.0,0,,review,0
sensitivity_60m,S00058,unvisited,0,,,0.0,0,,review,0
sensitivity_60m,S00059,visited,1,2026-03-13 07:34:00,2026-03-13 07:49:00,15.0,10,9.27817734758478,high,0
sensitivity_60m,S00060,unvisited,0,,,0.0,0,,review,0
sensitivity_60m,S00061,unvisited,0,,,0.0,0,,review,0
sensitivity_60m,S00062,unvisited,0,,,0.0,0,,review,0
sensitivity_60m,S00063,visited,1,2026-03-13 14:35:00,2026-03-13 14:52:00,17.0,11,9.42762426119221,high,0
sensitivity_60m,S00064,unvisited,0,,,0.0,0,,review,0
sensitivity_60m,S00065,unvisited,0,,,0.0,0,,review,0
sensitivity_60m,S00066,unvisited,0,,,0.0,0,,review,0
sensitivity_60m,S00067,unvisited,0,,,0.0,0,,review,0
sensitivity_60m,S00068,unvisited,0,,,0.0,0,,review,0
sensitivity_60m,S00069,visited,1,2026-03-13 10:04:00,2026-03-13 10:37:00,33.0,21,3.04440682554494,high,0
sensitivity_60m,S00070,unvisited,0,,,0.0,0,,review,0
sensitivity_60m,S00071,unvisited,0,,,0.0,0,,review,0
sensitivity_60m,S00072,unvisited,0,,,0.0,0,,review,0
sensitivity_60m,S00073,unvisited,0,,,0.0,0,,review,0
sensitivity_60m,S00074,unvisited,0,,,0.0,0,,review,0
sensitivity_60m,S00075,unvisited,0,,,0.0,0,,review,0
sensitivity_60m,S00076,unvisited,0,,,0.0,0,,review,0
sensitivity_60m,S00077,unvisited,0,,,0.0,0,,review,0
sensitivity_60m,S00078,unvisited,0,,,0.0,0,,review,0
sensitivity_60m,S00079,unvisited,0,,,0.0,0,,review,0
sensitivity_60m,S00080,unvisited,0,,,0.0,0,,review,0
sensitivity_60m,S00081,unvisited,0,,,0.0,0,,review,0
sensitivity_60m,S00082,unvisited,0,,,0.0,0,,review,0
sensitivity_60m,S00083,unvisited,0,,,0.0,0,,review,0
sensitivity_60m,S00084,unvisited,0,,,0.0,0,,review,0
sensitivity_60m,S00085,unvisited,0,,,0.0,0,,review,0
sensitivity_60m,S00086,unvisited,0,,,0.0,0,,review,0
sensitivity_60m,S00087,unvisited,0,,,0.0,0,,review,0
sensitivity_60m,S00088,unvisited,0,,,0.0,0,,review,0
sensitivity_60m,S00089,unvisited,0,,,0.0,0,,review,0
sensitivity_60m,S00090,unvisited,0,,,0.0,0,,review,0
sensitivity_60m,S00091,unvisited,0,,,0.0,0,,review,0
sensitivity_60m,S00092,unvisited,0,,,0.0,0,,review,0
sensitivity_60m,S00093,unvisited,0,,,0.0,0,,review,0
sensitivity_60m,S00094,unvisited,0,,,0.0,0,,review,0
sensitivity_60m,S00095,unvisited,0,,,0.0,0,,review,0
sensitivity_60m,S00096,unvisited,0,,,0.0,0,,review,0
sensitivity_60m,S00097,unvisited,0,,,0.0,0,,review,0
sensitivity_60m,S00098,unvisited,0,,,0.0,0,,review,0
sensitivity_60m,S00099,unvisited,0,,,0.0,0,,review,0
sensitivity_60m,S00100,unvisited,0,,,0.0,0,,review,0
sensitivity_60m,S00101,unvisited,0,,,0.0,0,,review,0
sensitivity_60m,S00102,unvisited,0,,,0.0,0,,review,0
sensitivity_60m,S00103,unvisited,0,,,0.0,0,,review,0
sensitivity_60m,S00104,unvisited,0,,,0.0,0,,review,0
sensitivity_60m,S00105,unvisited,0,,,0.0,0,,review,0
sensitivity_60m,S00106,unvisited,0,,,0.0,0,,review,0
sensitivity_60m,S00107,unvisited,0,,,0.0,0,,review,0
sensitivity_60m,S00108,unvisited,0,,,0.0,0,,review,0
sensitivity_60m,S00109,unvisited,0,,,0.0,0,,review,0
sensitivity_60m,S00110,unvisited,0,,,0.0,0,,review,0
sensitivity_60m,S00111,unvisited,0,,,0.0,0,,review,0
sensitivity_60m,S00112,unvisited,0,,,0.0,0,,review,0
sensitivity_60m,S00113,unvisited,0,,,0.0,0,,review,0
sensitivity_60m,S00114,unvisited,0,,,0.0,0,,review,0
sensitivity_60m,S00115,unvisited,0,,,0.0,0,,review,0
sensitivity_60m,S00116,unvisited,0,,,0.0,0,,review,0
sensitivity_60m,S00117,visited,1,2026-03-11 11:40:00,2026-03-11 12:09:00,29.0,17,9.34291116423699,high,0
sensitivity_60m,S00118,unvisited,0,,,0.0,0,,review,0
sensitivity_60m,S00119,unvisited,0,,,0.0,0,,review,0
sensitivity_60m,S00120,unvisited,0,,,0.0,0,,review,0
sensitivity_60m,S00121,unvisited,0,,,0.0,0,,review,0
sensitivity_60m,S00122,unvisited,0,,,0.0,0,,review,0
sensitivity_60m,S00123,unvisited,0,,,0.0,0,,review,0
sensitivity_60m,S00124,unvisited,0,,,0.0,0,,review,0
sensitivity_60m,S00125,unvisited,0,,,0.0,0,,review,0
sensitivity_60m,S00126,unvisited,0,,,0.0,0,,review,0
sensitivity_60m,S00127,unvisited,0,,,0.0,0,,review,0
sensitivity_60m,S00128,ambiguous,1,2026-03-11 16:17:00,2026-03-11 16:17:00,0.0,1,20.6060775128751,ambiguous,0
sensitivity_60m,S00129,unvisited,0,,,0.0,0,,review,0
sensitivity_60m,S00130,unvisited,0,,,0.0,0,,review,0
sensitivity_60m,S00131,unvisited,0,,,0.0,0,,review,0
sensitivity_60m,S00132,unvisited,0,,,0.0,0,,review,0
sensitivity_60m,S00133,unvisited,0,,,0.0,0,,review,0
sensitivity_60m,S00134,unvisited,0,,,0.0,0,,review,0
sensitivity_60m,S00135,unvisited,0,,,0.0,0,,review,0
sensitivity_60m,S00136,unvisited,0,,,0.0,0,,review,0
sensitivity_60m,S00137,unvisited,0,,,0.0,0,,review,0
sensitivity_60m,S00138,unvisited,0,,,0.0,0,,review,0
sensitivity_60m,S00139,unvisited,0,,,0.0,0,,review,0
sensitivity_60m,S00140,unvisited,0,,,0.0,0,,review,0
sensitivity_60m,S00141,unvisited,0,,,0.0,0,,review,0
sensitivity_60m,S00142,unvisited,0,,,0.0,0,,review,0
sensitivity_60m,S00143,unvisited,0,,,0.0,0,,review,0
sensitivity_60m,S00144,unvisited,0,,,0.0,0,,review,0
sensitivity_60m,S00145,unvisited,0,,,0.0,0,,review,0
sensitivity_60m,S00146,unvisited,0,,,0.0,0,,review,0
sensitivity_60m,S00147,unvisited,0,,,0.0,0,,review,0
sensitivity_60m,S00148,unvisited,0,,,0.0,0,,review,0
sensitivity_60m,S00149,unvisited,0,,,0.0,0,,review,0
sensitivity_60m,S00150,unvisited,0,,,0.0,0,,review,0
sensitivity_60m,S00151,unvisited,0,,,0.0,0,,review,0
sensitivity_60m,S00152,ambiguous,1,2026-03-11 07:46:00,2026-03-11 07:46:00,0.0,1,10.3090358697925,ambiguous,0
sensitivity_60m,S00153,unvisited,0,,,0.0,0,,review,0
sensitivity_60m,S00154,unvisited,0,,,0.0,0,,review,0
sensitivity_60m,S00155,unvisited,0,,,0.0,0,,review,0
sensitivity_60m,S00156,unvisited,0,,,0.0,0,,review,0
sensitivity_60m,S00157,unvisited,0,,,0.0,0,,review,0
sensitivity_60m,S00158,unvisited,0,,,0.0,0,,review,0
sensitivity_60m,S00159,unvisited,0,,,0.0,0,,review,0
sensitivity_60m,S00160,unvisited,0,,,0.0,0,,review,0
sensitivity_60m,S00161,unvisited,0,,,0.0,0,,review,0
sensitivity_60m,S00162,unvisited,0,,,0.0,0,,review,0
sensitivity_60m,S00163,unvisited,0,,,0.0,0,,review,0
sensitivity_60m,S00164,unvisited,0,,,0.0,0,,review,0
sensitivity_60m,S00165,unvisited,0,,,0.0,0,,review,0
sensitivity_60m,S00166,unvisited,0,,,0.0,0,,review,0
sensitivity_60m,S00167,unvisited,0,,,0.0,0,,review,0
sensitivity_60m,S00168,unvisited,0,,,0.0,0,,review,0
sensitivity_60m,S00169,unvisited,0,,,0.0,0,,review,0
sensitivity_60m,S00170,unvisited,0,,,0.0,0,,review,0
sensitivity_60m,S00171,unvisited,0,,,0.0,0,,review,0
sensitivity_60m,S00172,unvisited,0,,,0.0,0,,review,0
sensitivity_60m,S00173,unvisited,0,,,0.0,0,,review,0
sensitivity_60m,S00174,unvisited,0,,,0.0,0,,review,0
sensitivity_60m,S00175,unvisited,0,,,0.0,0,,review,0
sensitivity_60m,S00176,unvisited,0,,,0.0,0,,review,0
sensitivity_60m,S00177,unvisited,0,,,0.0,0,,review,0
sensitivity_60m,S00178,unvisited,0,,,0.0,0,,review,0
sensitivity_60m,S00179,unvisited,0,,,0.0,0,,review,0
sensitivity_60m,S00180,unvisited,0,,,0.0,0,,review,0
sensitivity_60m,S00181,unvisited,0,,,0.0,0,,review,0
sensitivity_60m,S00182,unvisited,0,,,0.0,0,26.0489028153782,review,0
sensitivity_60m,S00183,unvisited,0,,,0.0,0,,review,0
sensitivity_60m,S00184,unvisited,0,,,0.0,0,,review,0
sensitivity_60m,S00185,unvisited,0,,,0.0,0,,review,0
sensitivity_60m,S00186,unvisited,0,,,0.0,0,,review,0
sensitivity_60m,S00187,unvisited,0,,,0.0,0,,review,0
sensitivity_60m,S00188,unvisited,0,,,0.0,0,,review,0
sensitivity_60m,S00189,unvisited,0,,,0.0,0,,review,0
sensitivity_60m,S00190,unvisited,0,,,0.0,0,,review,0
sensitivity_60m,S00191,unvisited,0,,,0.0,0,,review,0
sensitivity_60m,S00192,unvisited,0,,,0.0,0,,review,0
sensitivity_60m,S00193,unvisited,0,,,0.0,0,,review,0
sensitivity_60m,S00194,unvisited,0,,,0.0,0,,review,0
sensitivity_60m,S00195,unvisited,0,,,0.0,0,,review,0
sensitivity_60m,S00196,unvisited,0,,,0.0,0,,review,0
sensitivity_60m,S00197,visited,1,2026-03-11 12:03:00,2026-03-11 12:35:00,32.0,33,1.71140219929421,high,0
sensitivity_60m,S00198,unvisited,0,,,0.0,0,,review,0
sensitivity_60m,S00199,unvisited,0,,,0.0,0,,review,0
sensitivity_60m,S00200,unvisited,0,,,0.0,0,,review,0
sensitivity_60m,S00201,unvisited,0,,,0.0,0,,review,0
sensitivity_60m,S00202,unvisited,0,,,0.0,0,,review,0
sensitivity_60m,S00203,unvisited,0,,,0.0,0,,review,0
sensitivity_60m,S00204,unvisited,0,,,0.0,0,,review,0
sensitivity_60m,S00205,unvisited,0,,,0.0,0,,review,0
sensitivity_60m,S00206,unvisited,0,,,0.0,0,,review,0
sensitivity_60m,S00207,unvisited,0,,,0.0,0,,review,0
sensitivity_60m,S00208,unvisited,0,,,0.0,0,,review,0
sensitivity_60m,S00209,unvisited,0,,,0.0,0,,review,0
sensitivity_60m,S00210,unvisited,0,,,0.0,0,,review,0
sensitivity_60m,S00211,unvisited,0,,,0.0,0,,review,0
sensitivity_60m,S00212,unvisited,0,,,0.0,0,,review,0
sensitivity_60m,S00213,unvisited,0,,,0.0,0,,review,0
sensitivity_60m,S00214,unvisited,0,,,0.0,0,,review,0
sensitivity_60m,S00215,unvisited,0,,,0.0,0,,review,0
sensitivity_60m,S00216,unvisited,0,,,0.0,0,,review,0
sensitivity_60m,S00217,unvisited,0,,,0.0,0,,review,0
sensitivity_60m,S00218,unvisited,0,,,0.0,0,,review,0
sensitivity_60m,S00219,unvisited,0,,,0.0,0,,review,0
sensitivity_60m,S00220,unvisited,0,,,0.0,0,,review,0
sensitivity_60m,S00221,unvisited,0,,,0.0,0,,review,0
sensitivity_60m,S00222,unvisited,0,,,0.0,0,,review,0
sensitivity_60m,S00223,unvisited,0,,,0.0,0,,review,0
sensitivity_60m,S00224,unvisited,0,,,0.0,0,,review,0
sensitivity_60m,S00225,unvisited,0,,,0.0,0,,review,0
sensitivity_60m,S00226,unvisited,0,,,0.0,0,,review,0
sensitivity_60m,S00227,unvisited,0,,,0.0,0,,review,0
sensitivity_60m,S00228,unvisited,0,,,0.0,0,,review,0
sensitivity_60m,S00229,ambiguous,1,2026-03-09 15:13:00,2026-03-09 15:13:00,0.0,1,56.8089386014162,ambiguous,0
sensitivity_60m,S00230,visited,1,2026-03-11 12:45:00,2026-03-11 13:12:00,27.0,16,17.5425048231813,high,0
sensitivity_60m,S00231,unvisited,0,,,0.0,0,,review,0
sensitivity_60m,S00232,unvisited,0,,,0.0,0,,review,0
sensitivity_60m,S00233,unvisited,0,,,0.0,0,,review,0
sensitivity_60m,S00234,unvisited,0,,,0.0,0,,review,0
sensitivity_60m,S00235,ambiguous,1,2026-03-11 08:21:00,2026-03-11 08:21:00,0.0,1,23.6114733910166,ambiguous,0
sensitivity_60m,S00236,visited,1,2026-03-13 08:46:00,2026-03-13 09:02:00,16.0,8,10.0480770079524,high,0
sensitivity_60m,S00237,unvisited,0,,,0.0,0,,review,0
sensitivity_60m,S00238,unvisited,0,,,0.0,0,,review,0
sensitivity_60m,S00239,unvisited,0,,,0.0,0,,review,0
sensitivity_60m,S00240,unvisited,0,,,0.0,0,,review,0
sensitivity_60m,S00241,unvisited,0,,,0.0,0,,review,0
sensitivity_60m,S00242,unvisited,0,,,0.0,0,,review,0
sensitivity_60m,S00243,unvisited,0,,,0.0,0,,review,0
sensitivity_60m,S00244,unvisited,0,,,0.0,0,,review,0
sensitivity_60m,S00245,unvisited,0,,,0.0,0,,review,0
sensitivity_60m,S00246,unvisited,0,,,0.0,0,,review,0
sensitivity_60m,S00247,unvisited,0,,,0.0,0,,review,0
sensitivity_60m,S00248,visited,1,2026-03-12 07:40:00,2026-03-12 08:08:00,28.0,18,10.6828164362451,high,0
sensitivity_60m,S00249,unvisited,0,,,0.0,0,,review,0
sensitivity_60m,S00250,unvisited,0,,,0.0,0,,review,0
sensitivity_60m,S00251,unvisited,0,,,0.0,0,,review,0
sensitivity_60m,S00252,unvisited,0,,,0.0,0,,review,0
sensitivity_60m,S00253,unvisited,0,,,0.0,0,,review,0
sensitivity_60m,S00254,unvisited,0,,,0.0,0,,review,0
sensitivity_60m,S00255,unvisited,0,,,0.0,0,,review,0
sensitivity_60m,S00256,ambiguous,1,2026-03-12 11:15:00,2026-03-12 11:15:00,0.0,1,42.4679584685925,ambiguous,0
sensitivity_60m,S00257,unvisited,0,,,0.0,0,,review,0
sensitivity_60m,S00258,unvisited,0,,,0.0,0,,review,0
sensitivity_60m,S00259,unvisited,0,,,0.0,0,,review,0
sensitivity_60m,S00260,unvisited,0,,,0.0,0,,review,0
sensitivity_60m,S00261,unvisited,0,,,0.0,0,,review,0
sensitivity_60m,S00262,ambiguous,1,2026-03-13 08:07:00,2026-03-13 08:07:00,0.0,1,45.6712550867714,ambiguous,0
sensitivity_60m,S00263,visited,1,2026-03-11 17:44:00,2026-03-11 18:10:00,26.0,19,6.02482719705612,high,0
sensitivity_60m,S00264,unvisited,0,,,0.0,0,,review,0
sensitivity_60m,S00265,unvisited,0,,,0.0,0,,review,0
sensitivity_60m,S00266,ambiguous,1,2026-03-12 17:07:00,2026-03-12 17:07:00,0.0,1,33.6010323489043,ambiguous,0
sensitivity_60m,S00267,unvisited,0,,,0.0,0,,review,0
sensitivity_60m,S00268,ambiguous,1,2026-03-12 12:07:00,2026-03-12 12:07:00,0.0,1,59.5225040967535,ambiguous,0
sensitivity_60m,S00269,unvisited,0,,,0.0,0,,review,0
sensitivity_60m,S00270,unvisited,0,,,0.0,0,,review,0
sensitivity_60m,S00271,unvisited,0,,,0.0,0,,review,0
sensitivity_60m,S00272,unvisited,0,,,0.0,0,,review,0
sensitivity_60m,S00273,unvisited,0,,,0.0,0,,review,0
sensitivity_60m,S00274,visited,1,2026-03-12 10:16:00,2026-03-12 10:41:00,25.0,14,4.25205091846953,high,0
sensitivity_60m,S00275,unvisited,0,,,0.0,0,,review,0
sensitivity_60m,S00276,unvisited,0,,,0.0,0,,review,0
sensitivity_60m,S00277,ambiguous,1,2026-03-12 17:34:00,2026-03-12 17:35:00,0.0,2,26.4546549377994,ambiguous,0
sensitivity_60m,S00278,unvisited,0,,,0.0,0,,review,0
sensitivity_60m,S00279,unvisited,0,,,0.0,0,,review,0
sensitivity_60m,S00280,unvisited,0,,,0.0,0,,review,0
sensitivity_60m,S00281,unvisited,0,,,0.0,0,,review,0
sensitivity_60m,S00282,unvisited,0,,,0.0,0,,review,0
sensitivity_60m,S00283,unvisited,0,,,0.0,0,,review,0
sensitivity_60m,S00284,visited,1,2026-03-11 13:38:00,2026-03-11 14:04:00,26.0,13,7.74847537722516,high,0
sensitivity_60m,S00285,unvisited,0,,,0.0,0,,review,0
sensitivity_60m,S00286,unvisited,0,,,0.0,0,,review,0
sensitivity_60m,S00287,visited,1,2026-03-09 07:27:00,2026-03-09 07:58:00,31.0,16,9.74835515817165,high,0
sensitivity_60m,S00288,visited,1,2026-03-10 07:16:00,2026-03-10 07:32:00,16.0,10,11.6358984410538,high,0
sensitivity_60m,S00289,unvisited,0,,,0.0,0,,review,0
sensitivity_60m,S00290,unvisited,0,,,0.0,0,,review,0
sensitivity_60m,S00291,unvisited,0,,,0.0,0,,review,0
sensitivity_60m,S00292,unvisited,0,,,0.0,0,,review,0
sensitivity_60m,S00293,unvisited,0,,,0.0,0,,review,0
sensitivity_60m,S00294,unvisited,0,,,0.0,0,,review,0
sensitivity_60m,S00295,unvisited,0,,,0.0,0,,review,0
sensitivity_60m,S00296,unvisited,0,,,0.0,0,,review,0
sensitivity_60m,S00297,unvisited,0,,,0.0,0,,review,0
sensitivity_60m,S00298,unvisited,0,,,0.0,0,,review,0
sensitivity_60m,S00299,unvisited,0,,,0.0,0,,review,0
sensitivity_60m,S00300,unvisited,0,,,0.0,0,,review,0
sensitivity_60m,S00301,unvisited,0,,,0.0,0,,review,0
sensitivity_60m,S00302,unvisited,0,,,0.0,0,,review,0
sensitivity_60m,S00303,unvisited,0,,,0.0,0,,review,0
sensitivity_60m,S00304,unvisited,0,,,0.0,0,,review,0
sensitivity_60m,S00305,unvisited,0,,,0.0,0,,review,0
sensitivity_60m,S00306,unvisited,0,,,0.0,0,,review,0
sensitivity_60m,S00307,unvisited,0,,,0.0,0,,review,0
sensitivity_60m,S00308,unvisited,0,,,0.0,0,,review,0
sensitivity_60m,S00309,unvisited,0,,,0.0,0,,review,0
sensitivity_60m,S00310,unvisited,0,,,0.0,0,,review,0
sensitivity_60m,S00311,unvisited,0,,,0.0,0,,review,0
sensitivity_60m,S00312,unvisited,0,,,0.0,0,,review,0
sensitivity_60m,S00313,visited,1,2026-03-11 07:41:00,2026-03-11 08:03:00,22.0,12,11.797696048901,high,0
sensitivity_60m,S00314,unvisited,0,,,0.0,0,,review,0
sensitivity_60m,S00315,unvisited,0,,,0.0,0,,review,0
sensitivity_60m,S00316,unvisited,0,,,0.0,0,,review,0
sensitivity_60m,S00317,unvisited,0,,,0.0,0,,review,0
sensitivity_60m,S00318,unvisited,0,,,0.0,0,,review,0
sensitivity_60m,S00319,unvisited,0,,,0.0,0,,review,0
sensitivity_60m,S00320,unvisited,0,,,0.0,0,,review,0
sensitivity_60m,S00321,visited,1,2026-03-13 07:23:00,2026-03-13 07:51:00,28.0,10,6.80430363981186,high,0
sensitivity_60m,S00322,unvisited,0,,,0.0,0,,review,0
sensitivity_60m,S00323,unvisited,0,,,0.0,0,,review,0
sensitivity_60m,S00324,unvisited,0,,,0.0,0,,review,0
sensitivity_60m,S00325,unvisited,0,,,0.0,0,,review,0
sensitivity_60m,S00326,unvisited,0,,,0.0,0,,review,0
sensitivity_60m,S00327,unvisited,0,,,0.0,0,,review,0
sensitivity_60m,S00328,unvisited,0,,,0.0,0,,review,0
sensitivity_60m,S00329,unvisited,0,,,0.0,0,,review,0
sensitivity_60m,S00330,unvisited,0,,,0.0,0,,review,0
sensitivity_60m,S00331,unvisited,0,,,0.0,0,,review,0
sensitivity_60m,S00332,unvisited,0,,,0.0,0,,review,0
sensitivity_60m,S00333,unvisited,0,,,0.0,0,,review,0
sensitivity_60m,S00334,unvisited,0,,,0.0,0,,review,0
sensitivity_60m,S00335,unvisited,0,,,0.0,0,,review,0
sensitivity_60m,S00336,unvisited,0,,,0.0,0,,review,0
sensitivity_60m,S00337,unvisited,0,,,0.0,0,,review,0
sensitivity_60m,S00338,unvisited,0,,,0.0,0,,review,0
sensitivity_60m,S00339,unvisited,0,,,0.0,0,39.6851906061364,review,0
sensitivity_60m,S00340,unvisited,0,,,0.0,0,,review,0
sensitivity_60m,S00341,unvisited,0,,,0.0,0,,review,0
sensitivity_60m,S00342,unvisited,0,,,0.0,0,,review,0
sensitivity_60m,S00343,unvisited,0,,,0.0,0,,review,0
sensitivity_60m,S00344,unvisited,0,,,0.0,0,,review,0
sensitivity_60m,S00345,unvisited,0,,,0.0,0,,review,0
sensitivity_60m,S00346,unvisited,0,,,0.0,0,,review,0
sensitivity_60m,S00347,unvisited,0,,,0.0,0,,review,0
sensitivity_60m,S00348,ambiguous,1,2026-03-09 07:32:00,2026-03-09 07:32:00,0.0,1,17.1381084456469,ambiguous,0
sensitivity_60m,S00349,unvisited,0,,,0.0,0,,review,0
sensitivity_60m,S00350,unvisited,0,,,0.0,0,,review,0
sensitivity_60m,S00351,unvisited,0,,,0.0,0,,review,0
sensitivity_60m,S00352,unvisited,0,,,0.0,0,,review,0
sensitivity_60m,S00353,unvisited,0,,,0.0,0,,review,0
sensitivity_60m,S00354,unvisited,0,,,0.0,0,,review,0
sensitivity_60m,S00355,unvisited,0,,,0.0,0,,review,0
sensitivity_60m,S00356,unvisited,0,,,0.0,0,,review,0
sensitivity_60m,S00357,unvisited,0,,,0.0,0,,review,0
sensitivity_60m,S00358,unvisited,0,,,0.0,0,,review,0
sensitivity_60m,S00359,unvisited,0,,,0.0,0,,review,0
sensitivity_60m,S00360,unvisited,0,,,0.0,0,,review,0
sensitivity_60m,S00361,unvisited,0,,,0.0,0,,review,0
sensitivity_60m,S00362,ambiguous,1,2026-03-13 08:31:00,2026-03-13 08:31:00,0.0,1,2.92422324486122,ambiguous,0
sensitivity_60m,S00363,unvisited,0,,,0.0,0,,review,0
sensitivity_60m,S00364,unvisited,0,,,0.0,0,,review,0
sensitivity_60m,S00365,unvisited,0,,,0.0,0,,review,0
sensitivity_60m,S00366,unvisited,0,,,0.0,0,,review,0
sensitivity_60m,S00367,unvisited,0,,,0.0,0,,review,0
sensitivity_60m,S00368,unvisited,0,,,0.0,0,,review,0
sensitivity_60m,S00369,unvisited,0,,,0.0,0,,review,0
sensitivity_60m,S00370,unvisited,0,,,0.0,0,,review,0
sensitivity_60m,S00371,unvisited,0,,,0.0,0,,review,0
sensitivity_60m,S00372,unvisited,0,,,0.0,0,,review,0
sensitivity_60m,S00373,unvisited,0,,,0.0,0,,review,0
sensitivity_60m,S00374,unvisited,0,,,0.0,0,,review,0
sensitivity_60m,S00375,unvisited,0,,,0.0,0,,review,0
sensitivity_60m,S00376,unvisited,0,,,0.0,0,,review,0
sensitivity_60m,S00377,unvisited,0,,,0.0,0,,review,0
sensitivity_60m,S00378,unvisited,0,,,0.0,0,,review,0
sensitivity_60m,S00379,unvisited,0,,,0.0,0,,review,0
sensitivity_60m,S00380,unvisited,0,,,0.0,0,,review,0
sensitivity_60m,S00381,unvisited,0,,,0.0,0,,review,0
sensitivity_60m,S00382,unvisited,0,,,0.0,0,,review,0
sensitivity_60m,S00383,unvisited,0,,,0.0,0,,review,0
sensitivity_60m,S00384,unvisited,0,,,0.0,0,,review,0
sensitivity_60m,S00385,unvisited,0,,,0.0,0,,review,0
sensitivity_60m,S00386,unvisited,0,,,0.0,0,,review,0
sensitivity_60m,S00387,unvisited,0,,,0.0,0,,review,0
sensitivity_60m,S00388,unvisited,0,,,0.0,0,,review,0
sensitivity_60m,S00389,unvisited,0,,,0.0,0,,review,0
sensitivity_60m,S00390,unvisited,0,,,0.0,0,,review,0
sensitivity_60m,S00391,unvisited,0,,,0.0,0,,review,0
sensitivity_60m,S00392,unvisited,0,,,0.0,0,,review,0
sensitivity_60m,S00393,unvisited,0,,,0.0,0,,review,0
sensitivity_60m,S00394,unvisited,0,,,0.0,0,,review,0
sensitivity_60m,S00395,unvisited,0,,,0.0,0,,review,0
sensitivity_60m,S00396,unvisited,0,,,0.0,0,,review,0
sensitivity_60m,S00397,unvisited,0,,,0.0,0,,review,0
sensitivity_60m,S00398,unvisited,0,,,0.0,0,,review,0
sensitivity_60m,S00399,unvisited,0,,,0.0,0,,review,0
sensitivity_60m,S00400,unvisited,0,,,0.0,0,,review,0
sensitivity_60m,S00401,unvisited,0,,,0.0,0,,review,0
sensitivity_60m,S00402,unvisited,0,,,0.0,0,,review,0
sensitivity_60m,S00403,unvisited,0,,,0.0,0,,review,0
sensitivity_60m,S00404,unvisited,0,,,0.0,0,,review,0
sensitivity_60m,S00405,unvisited,0,,,0.0,0,,review,0
sensitivity_60m,S00406,unvisited,0,,,0.0,0,,review,0
sensitivity_60m,S00407,unvisited,0,,,0.0,0,,review,0
sensitivity_60m,S00408,unvisited,0,,,0.0,0,,review,0
sensitivity_60m,S00409,unvisited,0,,,0.0,0,,review,0
sensitivity_60m,S00410,unvisited,0,,,0.0,0,,review,0
sensitivity_60m,S00411,unvisited,0,,,0.0,0,,review,0
sensitivity_60m,S00412,ambiguous,1,2026-03-11 07:22:00,2026-03-11 07:22:00,0.0,1,39.1120870909517,ambiguous,0
sensitivity_60m,S00413,unvisited,0,,,0.0,0,,review,0
sensitivity_60m,S00414,unvisited,0,,,0.0,0,,review,0
sensitivity_60m,S00415,unvisited,0,,,0.0,0,,review,0
sensitivity_60m,S00416,unvisited,0,,,0.0,0,,review,0
sensitivity_60m,S00417,unvisited,0,,,0.0,0,,review,0
sensitivity_60m,S00418,unvisited,0,,,0.0,0,,review,0
sensitivity_60m,S00419,visited,1,2026-03-11 07:26:00,2026-03-11 07:55:00,29.0,16,6.54207794659625,high,0
sensitivity_60m,S00420,unvisited,0,,,0.0,0,,review,0
sensitivity_60m,S00421,unvisited,0,,,0.0,0,,review,0
sensitivity_60m,S00422,unvisited,0,,,0.0,0,,review,0
sensitivity_60m,S00423,unvisited,0,,,0.0,0,,review,0
sensitivity_60m,S00424,unvisited,0,,,0.0,0,,review,0
sensitivity_60m,S00425,unvisited,0,,,0.0,0,,review,0
sensitivity_60m,S00426,unvisited,0,,,0.0,0,,review,0
sensitivity_60m,S00427,unvisited,0,,,0.0,0,,review,0
sensitivity_60m,S00428,unvisited,0,,,0.0,0,,review,0
sensitivity_60m,S00429,unvisited,0,,,0.0,0,,review,0
sensitivity_60m,S00430,unvisited,0,,,0.0,0,,review,0
sensitivity_60m,S00431,unvisited,0,,,0.0,0,,review,0
sensitivity_60m,S00432,unvisited,0,,,0.0,0,,review,0
sensitivity_60m,S00433,unvisited,0,,,0.0,0,,review,0
sensitivity_60m,S00434,unvisited,0,,,0.0,0,,review,0
sensitivity_60m,S00435,unvisited,0,,,0.0,0,,review,0
sensitivity_60m,S00436,unvisited,0,,,0.0,0,,review,0
sensitivity_60m,S00437,unvisited,0,,,0.0,0,,review,0
sensitivity_60m,S00438,unvisited,0,,,0.0,0,,review,0
sensitivity_60m,S00439,unvisited,0,,,0.0,0,,review,0
sensitivity_60m,S00440,unvisited,0,,,0.0,0,,review,0
sensitivity_60m,S00441,unvisited,0,,,0.0,0,,review,0
sensitivity_60m,S00442,unvisited,0,,,0.0,0,,review,0
sensitivity_60m,S00443,unvisited,0,,,0.0,0,,review,0
sensitivity_60m,S00444,unvisited,0,,,0.0,0,,review,0
sensitivity_60m,S00445,unvisited,0,,,0.0,0,,review,0
sensitivity_60m,S00446,unvisited,0,,,0.0,0,,review,0
sensitivity_60m,S00447,unvisited,0,,,0.0,0,,review,0
sensitivity_60m,S00448,unvisited,0,,,0.0,0,,review,0
sensitivity_60m,S00449,unvisited,0,,,0.0,0,,review,0
sensitivity_60m,S00450,unvisited,0,,,0.0,0,,review,0
sensitivity_60m,S00451,unvisited,0,,,0.0,0,,review,0
sensitivity_60m,S00452,unvisited,0,,,0.0,0,,review,0
sensitivity_60m,S00453,unvisited,0,,,0.0,0,,review,0
sensitivity_60m,S00454,unvisited,0,,,0.0,0,,review,0
sensitivity_60m,S00455,unvisited,0,,,0.0,0,,review,0
sensitivity_60m,S00456,unvisited,0,,,0.0,0,,review,0
sensitivity_60m,S00457,unvisited,0,,,0.0,0,,review,0
sensitivity_60m,S00458,unvisited,0,,,0.0,0,,review,0
sensitivity_60m,S00459,unvisited,0,,,0.0,0,,review,0
sensitivity_60m,S00460,unvisited,0,,,0.0,0,,review,0
sensitivity_60m,S00461,unvisited,0,,,0.0,0,,review,0
sensitivity_60m,S00462,unvisited,0,,,0.0,0,,review,0
sensitivity_60m,S00463,unvisited,0,,,0.0,0,,review,0
sensitivity_60m,S00464,unvisited,0,,,0.0,0,,review,0
sensitivity_60m,S00465,unvisited,0,,,0.0,0,,review,0
sensitivity_60m,S00466,unvisited,0,,,0.0,0,,review,0
sensitivity_60m,S00467,unvisited,0,,,0.0,0,,review,0
sensitivity_60m,S00468,unvisited,0,,,0.0,0,,review,0
sensitivity_60m,S00469,unvisited,0,,,0.0,0,,review,0
sensitivity_60m,S00470,unvisited,0,,,0.0,0,,review,0
sensitivity_60m,S00471,unvisited,0,,,0.0,0,,review,0
sensitivity_60m,S00472,unvisited,0,,,0.0,0,,review,0
sensitivity_60m,S00473,unvisited,0,,,0.0,0,,review,0
sensitivity_60m,S00474,unvisited,0,,,0.0,0,,review,0
sensitivity_60m,S00475,unvisited,0,,,0.0,0,,review,0
sensitivity_60m,S00476,unvisited,0,,,0.0,0,,review,0
sensitivity_60m,S00477,unvisited,0,,,0.0,0,,review,0
sensitivity_60m,S00478,unvisited,0,,,0.0,0,,review,0
sensitivity_60m,S00479,unvisited,0,,,0.0,0,,review,0
sensitivity_60m,S00480,unvisited,0,,,0.0,0,,review,0
sensitivity_60m,S00481,unvisited,0,,,0.0,0,,review,0
sensitivity_60m,S00482,unvisited,0,,,0.0,0,,review,0
sensitivity_60m,S00483,unvisited,0,,,0.0,0,,review,0
sensitivity_60m,S00484,unvisited,0,,,0.0,0,,review,0
sensitivity_60m,S00485,unvisited,0,,,0.0,0,,review,0
sensitivity_60m,S00486,unvisited,0,,,0.0,0,,review,0
sensitivity_60m,S00487,unvisited,0,,,0.0,0,,review,0
sensitivity_60m,S00488,unvisited,0,,,0.0,0,,review,0
sensitivity_60m,S00489,unvisited,0,,,0.0,0,,review,0
sensitivity_60m,S00490,unvisited,0,,,0.0,0,,review,0
sensitivity_60m,S00491,unvisited,0,,,0.0,0,,review,0
sensitivity_60m,S00492,unvisited,0,,,0.0,0,,review,0
sensitivity_60m,S00493,unvisited,0,,,0.0,0,,review,0
sensitivity_60m,S00494,visited,1,2026-03-09 08:29:00,2026-03-09 08:51:00,22.0,11,6.65167894269101,high,0
sensitivity_60m,S00495,unvisited,0,,,0.0,0,,review,0
sensitivity_60m,S00496,unvisited,0,,,0.0,0,,review,0
sensitivity_60m,S00497,unvisited,0,,,0.0,0,,review,0
sensitivity_60m,S00498,unvisited,0,,,0.0,0,,review,0
sensitivity_60m,S00499,unvisited,0,,,0.0,0,,review,0
sensitivity_60m,S00500,unvisited,0,,,0.0,0,,review,0
sensitivity_60m,S00501,unvisited,0,,,0.0,0,,review,0
sensitivity_60m,S00502,unvisited,0,,,0.0,0,,review,0
sensitivity_60m,S00503,unvisited,0,,,0.0,0,,review,0
sensitivity_60m,S00504,unvisited,0,,,0.0,0,,review,0
sensitivity_60m,S00505,unvisited,0,,,0.0,0,,review,0
sensitivity_60m,S00506,unvisited,0,,,0.0,0,,review,0
sensitivity_60m,S00507,unvisited,0,,,0.0,0,,review,0
sensitivity_60m,S00508,unvisited,0,,,0.0,0,,review,0
sensitivity_60m,S00509,unvisited,0,,,0.0,0,,review,0
sensitivity_60m,S00510,unvisited,0,,,0.0,0,,review,0
sensitivity_60m,S00511,unvisited,0,,,0.0,0,,review,0
sensitivity_60m,S00512,unvisited,0,,,0.0,0,,review,0
sensitivity_60m,S00513,unvisited,0,,,0.0,0,,review,0
sensitivity_60m,S00514,visited,1,2026-03-09 07:36:00,2026-03-09 07:54:00,18.0,10,15.1271504843153,high,0
sensitivity_60m,S00515,unvisited,0,,,0.0,0,,review,0
sensitivity_60m,S00516,unvisited,0,,,0.0,0,,review,0
sensitivity_60m,S00517,unvisited,0,,,0.0,0,,review,0
sensitivity_60m,S00518,unvisited,0,,,0.0,0,,review,0
sensitivity_60m,S00519,unvisited,0,,,0.0,0,,review,0
sensitivity_60m,S00520,unvisited,0,,,0.0,0,,review,0
sensitivity_60m,S00521,unvisited,0,,,0.0,0,,review,0
sensitivity_60m,S00522,unvisited,0,,,0.0,0,,review,0
sensitivity_60m,S00523,unvisited,0,,,0.0,0,,review,0
sensitivity_60m,S00524,ambiguous,1,2026-03-09 10:06:00,2026-03-09 10:06:00,0.0,1,53.0533740963158,ambiguous,0
sensitivity_60m,S00525,unvisited,0,,,0.0,0,,review,0
sensitivity_60m,S00526,unvisited,0,,,0.0,0,,review,0
sensitivity_60m,S00527,unvisited,0,,,0.0,0,,review,0
sensitivity_60m,S00528,unvisited,0,,,0.0,0,,review,0
sensitivity_60m,S00529,unvisited,0,,,0.0,0,,review,0
sensitivity_60m,S00530,unvisited,0,,,0.0,0,,review,0
sensitivity_60m,S00531,unvisited,0,,,0.0,0,,review,0
sensitivity_60m,S00532,unvisited,0,,,0.0,0,,review,0
sensitivity_60m,S00533,unvisited,0,,,0.0,0,,review,0
sensitivity_60m,S00534,unvisited,0,,,0.0,0,,review,0
sensitivity_60m,S00535,unvisited,0,,,0.0,0,,review,0
sensitivity_60m,S00536,unvisited,0,,,0.0,0,,review,0
sensitivity_60m,S00537,unvisited,0,,,0.0,0,,review,0
sensitivity_60m,S00538,visited,1,2026-03-11 07:15:00,2026-03-11 07:34:00,19.0,13,14.0054208839433,high,0
sensitivity_60m,S00539,unvisited,0,,,0.0,0,,review,0
sensitivity_60m,S00540,ambiguous,1,2026-03-09 13:00:00,2026-03-09 13:02:00,0.0,2,36.8355856818179,ambiguous,0
sensitivity_60m,S00541,unvisited,0,,,0.0,0,,review,0
sensitivity_60m,S00542,unvisited,0,,,0.0,0,,review,0
sensitivity_60m,S00543,unvisited,0,,,0.0,0,,review,0
sensitivity_60m,S00544,unvisited,0,,,0.0,0,,review,0
sensitivity_60m,S00545,ambiguous,1,2026-03-11 10:29:00,2026-03-11 10:29:00,0.0,1,39.5951912245883,ambiguous,0
sensitivity_60m,S00546,visited,1,2026-03-11 12:21:00,2026-03-11 12:48:00,27.0,18,10.510714005514,high,0
sensitivity_60m,S00547,unvisited,0,,,0.0,0,,review,0
sensitivity_60m,S00548,unvisited,0,,,0.0,0,,review,0
sensitivity_60m,S00549,unvisited,0,,,0.0,0,,review,0
sensitivity_60m,S00550,unvisited,0,,,0.0,0,,review,0
sensitivity_60m,S00551,unvisited,0,,,0.0,0,,review,0
sensitivity_60m,S00552,unvisited,0,,,0.0,0,,review,0
sensitivity_60m,S00553,visited,1,2026-03-13 13:43:00,2026-03-13 14:04:00,21.0,12,5.75153914157994,high,0
sensitivity_60m,S00554,unvisited,0,,,0.0,0,,review,0
sensitivity_60m,S00555,unvisited,0,,,0.0,0,,review,0
sensitivity_60m,S00556,visited,1,2026-03-12 10:13:00,2026-03-12 10:42:00,29.0,13,7.6573418675906,high,0
sensitivity_60m,S00557,unvisited,0,,,0.0,0,,review,0
sensitivity_60m,S00558,unvisited,0,,,0.0,0,,review,0
sensitivity_60m,S00559,unvisited,0,,,0.0,0,,review,0
sensitivity_60m,S00560,unvisited,0,,,0.0,0,,review,0
sensitivity_60m,S00561,unvisited,0,,,0.0,0,,review,0
sensitivity_60m,S00562,unvisited,0,,,0.0,0,,review,0
sensitivity_60m,S00563,unvisited,0,,,0.0,0,,review,0
sensitivity_60m,S00564,unvisited,0,,,0.0,0,,review,0
sensitivity_60m,S00565,unvisited,0,,,0.0,0,,review,0
sensitivity_60m,S00566,unvisited,0,,,0.0,0,,review,0
sensitivity_60m,S00567,ambiguous,1,2026-03-11 12:17:00,2026-03-12 11:16:00,0.0,4,34.8561518552325,ambiguous,0
sensitivity_60m,S00568,unvisited,0,,,0.0,0,,review,0
sensitivity_60m,S00569,unvisited,0,,,0.0,0,,review,0
sensitivity_60m,S00570,unvisited,0,,,0.0,0,,review,0
sensitivity_60m,S00571,unvisited,0,,,0.0,0,,review,0
sensitivity_60m,S00572,unvisited,0,,,0.0,0,,review,0
sensitivity_60m,S00573,unvisited,0,,,0.0,0,,review,0
sensitivity_60m,S00574,ambiguous,1,2026-03-12 13:12:00,2026-03-12 13:12:00,0.0,1,37.9844901308365,ambiguous,0
sensitivity_60m,S00575,unvisited,0,,,0.0,0,,review,0
sensitivity_60m,S00576,visited,1,2026-03-09 12:36:00,2026-03-09 12:53:00,17.0,3,23.0113961106392,high,3
sensitivity_60m,S00577,unvisited,0,,,0.0,0,,review,0
sensitivity_60m,S00578,unvisited,0,,,0.0,0,,review,0
sensitivity_60m,S00579,unvisited,0,,,0.0,0,,review,0
sensitivity_60m,S00580,unvisited,0,,,0.0,0,,review,0
sensitivity_60m,S00581,unvisited,0,,,0.0,0,,review,0
sensitivity_60m,S00582,visited,1,2026-03-12 12:21:00,2026-03-12 12:42:00,21.0,13,13.8427647731938,high,0
sensitivity_60m,S00583,unvisited,0,,,0.0,0,,review,0
sensitivity_60m,S00584,unvisited,0,,,0.0,0,,review,0
sensitivity_60m,S00585,unvisited,0,,,0.0,0,,review,0
sensitivity_60m,S00586,unvisited,0,,,0.0,0,,review,0
sensitivity_60m,S00587,unvisited,0,,,0.0,0,,review,0
sensitivity_60m,S00588,unvisited,0,,,0.0,0,,review,0
sensitivity_60m,S00589,unvisited,0,,,0.0,0,,review,0
sensitivity_60m,S00590,ambiguous,1,2026-03-09 07:14:00,2026-03-09 07:28:00,0.0,8,11.9747810048054,ambiguous,0
sensitivity_60m,S00591,unvisited,0,,,0.0,0,,review,0
sensitivity_60m,S00592,unvisited,0,,,0.0,0,,review,0
sensitivity_60m,S00593,unvisited,0,,,0.0,0,,review,0
sensitivity_60m,S00594,visited,1,2026-03-11 09:46:00,2026-03-11 10:16:00,30.0,13,2.53362515788046,high,0
sensitivity_60m,S00595,unvisited,0,,,0.0,0,,review,0
sensitivity_60m,S00596,unvisited,0,,,0.0,0,,review,0
sensitivity_60m,S00597,visited,1,2026-03-12 07:43:00,2026-03-12 07:58:00,15.0,8,16.3453726258755,high,0
sensitivity_60m,S00598,unvisited,0,,,0.0,0,,review,0
sensitivity_60m,S00599,visited,1,2026-03-09 09:44:00,2026-03-09 10:02:00,18.0,7,13.8112184147608,high,0
sensitivity_60m,S00600,ambiguous,1,2026-03-11 18:11:00,2026-03-11 18:11:00,0.0,1,57.0438314389197,ambiguous,0
sensitivity_60m,S00601,unvisited,0,,,0.0,0,,review,0
sensitivity_60m,S00602,unvisited,0,,,0.0,0,,review,0
sensitivity_60m,S00603,unvisited,0,,,0.0,0,,review,0
sensitivity_60m,S00604,unvisited,0,,,0.0,0,,review,0
sensitivity_60m,S00605,ambiguous,1,2026-03-12 15:02:00,2026-03-12 15:02:00,0.0,1,43.4724287556982,ambiguous,0
sensitivity_60m,S00606,visited,1,2026-03-13 07:53:00,2026-03-13 08:20:00,27.0,18,7.00529361781371,high,0
sensitivity_60m,S00607,unvisited,0,,,0.0,0,,review,0
sensitivity_60m,S00608,unvisited,0,,,0.0,0,,review,0
sensitivity_60m,S00609,unvisited,0,,,0.0,0,,review,0
sensitivity_60m,S00610,unvisited,0,,,0.0,0,,review,0
sensitivity_60m,S00611,visited,1,2026-03-12 13:57:00,2026-03-12 14:14:00,17.0,9,7.93010387156486,high,0
sensitivity_60m,S00612,unvisited,0,,,0.0,0,,review,0
sensitivity_60m,S00613,unvisited,0,,,0.0,0,,review,0
sensitivity_60m,S00614,unvisited,0,,,0.0,0,,review,0
sensitivity_60m,S00615,ambiguous,1,2026-03-09 12:54:00,2026-03-09 12:54:00,0.0,1,7.91197208131644,ambiguous,5
sensitivity_60m,S00616,unvisited,0,,,0.0,0,,review,0
sensitivity_60m,S00617,unvisited,0,,,0.0,0,,review,0
sensitivity_60m,S00618,unvisited,0,,,0.0,0,,review,0
sensitivity_60m,S00619,unvisited,0,,,0.0,0,,review,0
sensitivity_60m,S00620,unvisited,0,,,0.0,0,,review,0
sensitivity_60m,S00621,unvisited,0,,,0.0,0,,review,0
sensitivity_60m,S00622,unvisited,0,,,0.0,0,,review,0
sensitivity_60m,S00623,unvisited,0,,,0.0,0,,review,0
sensitivity_60m,S00624,unvisited,0,,,0.0,0,,review,0
sensitivity_60m,S00625,unvisited,0,,,0.0,0,,review,0
sensitivity_60m,S00626,unvisited,0,,,0.0,0,,review,0
sensitivity_60m,S00627,unvisited,0,,,0.0,0,,review,0
sensitivity_60m,S00628,unvisited,0,,,0.0,0,,review,0
sensitivity_60m,S00629,unvisited,0,,,0.0,0,,review,0
sensitivity_60m,S00630,unvisited,0,,,0.0,0,,review,0
sensitivity_60m,S00631,ambiguous,1,2026-03-13 10:29:00,2026-03-13 10:43:00,0.0,10,10.6814606002898,ambiguous,0
sensitivity_60m,S00632,unvisited,0,,,0.0,0,,review,0
sensitivity_60m,S00633,ambiguous,1,2026-03-09 11:39:00,2026-03-09 11:39:00,0.0,1,38.0496902550445,ambiguous,0
sensitivity_60m,S00634,unvisited,0,,,0.0,0,,review,0
sensitivity_60m,S00635,unvisited,0,,,0.0,0,,review,0
sensitivity_60m,S00636,unvisited,0,,,0.0,0,,review,0
sensitivity_60m,S00637,unvisited,0,,,0.0,0,,review,0
sensitivity_60m,S00638,unvisited,0,,,0.0,0,,review,0
sensitivity_60m,S00639,unvisited,0,,,0.0,0,,review,0
sensitivity_60m,S00640,unvisited,0,,,0.0,0,,review,0
sensitivity_60m,S00641,unvisited,0,,,0.0,0,,review,0
sensitivity_60m,S00642,unvisited,0,,,0.0,0,,review,0
sensitivity_60m,S00643,unvisited,0,,,0.0,0,,review,0
sensitivity_60m,S00644,ambiguous,1,2026-03-12 08:39:00,2026-03-12 08:40:00,0.0,2,18.1885849930864,ambiguous,0
sensitivity_60m,S00645,ambiguous,1,2026-03-09 12:07:00,2026-03-09 12:07:00,0.0,1,40.4340666320352,ambiguous,0
sensitivity_60m,S00646,unvisited,0,,,0.0,0,,review,0
sensitivity_60m,S00647,unvisited,0,,,0.0,0,,review,0
sensitivity_60m,S00648,unvisited,0,,,0.0,0,,review,0
sensitivity_60m,S00649,ambiguous,1,2026-03-12 11:04:00,2026-03-12 11:04:00,0.0,1,54.4323811603749,ambiguous,0
sensitivity_60m,S00650,ambiguous,1,2026-03-12 16:59:00,2026-03-12 16:59:00,0.0,1,47.982714156654,ambiguous,0
sensitivity_60m,S00651,visited,1,2026-03-10 07:27:00,2026-03-10 07:51:00,24.0,30,10.8381987268335,high,0
sensitivity_60m,S00652,unvisited,0,,,0.0,0,,review,0
sensitivity_60m,S00653,unvisited,0,,,0.0,0,,review,0
sensitivity_60m,S00654,unvisited,0,,,0.0,0,,review,0
sensitivity_60m,S00655,visited,1,2026-03-10 08:05:00,2026-03-10 08:36:00,31.0,38,6.78558989176751,high,0
sensitivity_60m,S00656,unvisited,0,,,0.0,0,,review,0
sensitivity_60m,S00657,unvisited,0,,,0.0,0,,review,0
sensitivity_60m,S00658,visited,1,2026-03-09 13:51:00,2026-03-09 14:21:00,30.0,14,11.2543583795233,high,0
sensitivity_60m,S00659,visited,1,2026-03-13 07:18:00,2026-03-13 07:33:00,15.0,8,14.4084918440642,high,0
sensitivity_60m,S00660,unvisited,0,,,0.0,0,,review,0
sensitivity_60m,S00661,unvisited,0,,,0.0,0,,review,0
sensitivity_60m,S00662,unvisited,0,,,0.0,0,,review,0
sensitivity_60m,S00663,unvisited,0,,,0.0,0,,review,0
sensitivity_60m,S00664,unvisited,0,,,0.0,0,,review,0
sensitivity_60m,S00665,unvisited,0,,,0.0,0,,review,0
sensitivity_60m,S00666,unvisited,0,,,0.0,0,,review,0
sensitivity_60m,S00667,unvisited,0,,,0.0,0,,review,0
sensitivity_60m,S00668,unvisited,0,,,0.0,0,,review,0
sensitivity_60m,S00669,ambiguous,1,2026-03-09 07:50:00,2026-03-09 07:50:00,0.0,1,41.4565296231255,ambiguous,1
sensitivity_60m,S00670,unvisited,0,,,0.0,0,,review,0
sensitivity_60m,S00671,unvisited,0,,,0.0,0,,review,0
sensitivity_60m,S00672,unvisited,0,,,0.0,0,,review,0
sensitivity_60m,S00673,unvisited,0,,,0.0,0,,review,0
sensitivity_60m,S00674,unvisited,0,,,0.0,0,,review,0
sensitivity_60m,S00675,unvisited,0,,,0.0,0,,review,0
sensitivity_60m,S00676,unvisited,0,,,0.0,0,,review,0
sensitivity_60m,S00677,unvisited,0,,,0.0,0,,review,0
sensitivity_60m,S00678,unvisited,0,,,0.0,0,,review,0
sensitivity_60m,S00679,unvisited,0,,,0.0,0,,review,0
sensitivity_60m,S00680,unvisited,0,,,0.0,0,,review,0
sensitivity_60m,S00681,unvisited,0,,,0.0,0,,review,0
sensitivity_60m,S00682,unvisited,0,,,0.0,0,,review,0
sensitivity_60m,S00683,unvisited,0,,,0.0,0,,review,0
sensitivity_60m,S00684,unvisited,0,,,0.0,0,,review,0
sensitivity_60m,S00685,unvisited,0,,,0.0,0,,review,0
sensitivity_60m,S00686,unvisited,0,,,0.0,0,,review,0
sensitivity_60m,S00687,unvisited,0,,,0.0,0,,review,0
sensitivity_60m,S00688,unvisited,0,,,0.0,0,,review,0
sensitivity_60m,S00689,unvisited,0,,,0.0,0,,review,0
sensitivity_60m,S00690,unvisited,0,,,0.0,0,,review,0
sensitivity_60m,S00691,unvisited,0,,,0.0,0,,review,0
sensitivity_60m,S00692,unvisited,0,,,0.0,0,,review,0
sensitivity_60m,S00693,unvisited,0,,,0.0,0,,review,0
sensitivity_60m,S00694,unvisited,0,,,0.0,0,,review,0
sensitivity_60m,S00695,unvisited,0,,,0.0,0,,review,0
sensitivity_60m,S00696,unvisited,0,,,0.0,0,,review,0
sensitivity_60m,S00697,unvisited,0,,,0.0,0,,review,0
sensitivity_60m,S00698,unvisited,0,,,0.0,0,,review,0
sensitivity_60m,S00699,unvisited,0,,,0.0,0,,review,0
sensitivity_60m,S00700,unvisited,0,,,0.0,0,,review,0
sensitivity_60m,S00701,unvisited,0,,,0.0,0,,review,0
sensitivity_60m,S00702,unvisited,0,,,0.0,0,,review,0
sensitivity_60m,S00703,unvisited,0,,,0.0,0,,review,0
sensitivity_60m,S00704,unvisited,0,,,0.0,0,,review,0
sensitivity_60m,S00705,unvisited,0,,,0.0,0,,review,0
sensitivity_60m,S00706,unvisited,0,,,0.0,0,,review,0
sensitivity_60m,S00707,unvisited,0,,,0.0,0,,review,0
sensitivity_60m,S00708,unvisited,0,,,0.0,0,,review,0
sensitivity_60m,S00709,unvisited,0,,,0.0,0,,review,0
sensitivity_60m,S00710,unvisited,0,,,0.0,0,,review,0
sensitivity_60m,S00711,unvisited,0,,,0.0,0,,review,0
sensitivity_60m,S00712,unvisited,0,,,0.0,0,,review,0
sensitivity_60m,S00713,unvisited,0,,,0.0,0,,review,0
sensitivity_60m,S00714,unvisited,0,,,0.0,0,,review,0
sensitivity_60m,S00715,unvisited,0,,,0.0,0,,review,0
sensitivity_60m,S00716,unvisited,0,,,0.0,0,,review,0
sensitivity_60m,S00717,unvisited,0,,,0.0,0,,review,0
sensitivity_60m,S00718,unvisited,0,,,0.0,0,,review,0
sensitivity_60m,S00719,unvisited,0,,,0.0,0,,review,0
sensitivity_60m,S00720,unvisited,0,,,0.0,0,,review,0
sensitivity_60m,S00721,ambiguous,1,2026-03-09 07:51:00,2026-03-09 07:52:00,0.0,2,37.9091112770897,ambiguous,0
sensitivity_60m,S00722,unvisited,0,,,0.0,0,,review,0
sensitivity_60m,S00723,unvisited,0,,,0.0,0,,review,0
sensitivity_60m,S00724,unvisited,0,,,0.0,0,,review,0
sensitivity_60m,S00725,unvisited,0,,,0.0,0,,review,0
sensitivity_60m,S00726,unvisited,0,,,0.0,0,,review,0
sensitivity_60m,S00727,unvisited,0,,,0.0,0,,review,0
sensitivity_60m,S00728,visited,1,2026-03-09 07:23:00,2026-03-09 07:49:00,26.0,12,11.6145834211355,high,4
sensitivity_60m,S00729,unvisited,0,,,0.0,0,,review,0
sensitivity_60m,S00730,unvisited,0,,,0.0,0,,review,0
sensitivity_60m,S00731,unvisited,0,,,0.0,0,,review,0
sensitivity_60m,S00732,unvisited,0,,,0.0,0,,review,0
sensitivity_60m,S00733,unvisited,0,,,0.0,0,,review,0
sensitivity_60m,S00734,unvisited,0,,,0.0,0,,review,0
sensitivity_60m,S00735,unvisited,0,,,0.0,0,,review,0
sensitivity_60m,S00736,unvisited,0,,,0.0,0,,review,0
sensitivity_60m,S00737,unvisited,0,,,0.0,0,,review,0
sensitivity_60m,S00738,unvisited,0,,,0.0,0,,review,0
sensitivity_60m,S00739,unvisited,0,,,0.0,0,,review,0
sensitivity_60m,S00740,unvisited,0,,,0.0,0,,review,0
sensitivity_60m,S00741,unvisited,0,,,0.0,0,,review,0
sensitivity_60m,S00742,unvisited,0,,,0.0,0,,review,0
sensitivity_60m,S00743,unvisited,0,,,0.0,0,,review,0
sensitivity_60m,S00744,unvisited,0,,,0.0,0,,review,0
sensitivity_60m,S00745,unvisited,0,,,0.0,0,,review,0
sensitivity_60m,S00746,unvisited,0,,,0.0,0,,review,0
sensitivity_60m,S00747,unvisited,0,,,0.0,0,,review,0
sensitivity_60m,S00748,unvisited,0,,,0.0,0,,review,0
sensitivity_60m,S00749,unvisited,0,,,0.0,0,,review,0
sensitivity_60m,S00750,unvisited,0,,,0.0,0,,review,0
sensitivity_60m,S00751,unvisited,0,,,0.0,0,,review,0
sensitivity_60m,S00752,unvisited,0,,,0.0,0,,review,0
sensitivity_60m,S00753,unvisited,0,,,0.0,0,,review,0
sensitivity_60m,S00754,unvisited,0,,,0.0,0,,review,0
sensitivity_60m,S00755,unvisited,0,,,0.0,0,,review,0
sensitivity_60m,S00756,unvisited,0,,,0.0,0,,review,0
sensitivity_60m,S00757,unvisited,0,,,0.0,0,,review,0
sensitivity_60m,S00758,unvisited,0,,,0.0,0,,review,0
sensitivity_60m,S00759,unvisited,0,,,0.0,0,,review,0
sensitivity_60m,S00760,unvisited,0,,,0.0,0,,review,0
sensitivity_60m,S00761,unvisited,0,,,0.0,0,,review,0
sensitivity_60m,S00762,unvisited,0,,,0.0,0,,review,0
sensitivity_60m,S00763,unvisited,0,,,0.0,0,,review,0
sensitivity_60m,S00764,unvisited,0,,,0.0,0,,review,0
sensitivity_60m,S00765,unvisited,0,,,0.0,0,,review,0
sensitivity_60m,S00766,unvisited,0,,,0.0,0,,review,0
sensitivity_60m,S00767,unvisited,0,,,0.0,0,,review,0
sensitivity_60m,S00768,unvisited,0,,,0.0,0,,review,0
sensitivity_60m,S00769,unvisited,0,,,0.0,0,,review,0
sensitivity_60m,S00770,unvisited,0,,,0.0,0,,review,0
sensitivity_60m,S00771,unvisited,0,,,0.0,0,,review,0
sensitivity_60m,S00772,unvisited,0,,,0.0,0,,review,0
sensitivity_60m,S00773,unvisited,0,,,0.0,0,,review,0
sensitivity_60m,S00774,unvisited,0,,,0.0,0,,review,0
sensitivity_60m,S00775,unvisited,0,,,0.0,0,,review,0
sensitivity_60m,S00776,unvisited,0,,,0.0,0,,review,0
sensitivity_60m,S00777,unvisited,0,,,0.0,0,,review,0
sensitivity_60m,S00778,unvisited,0,,,0.0,0,,review,0
sensitivity_60m,S00779,unvisited,0,,,0.0,0,,review,0
sensitivity_60m,S00780,visited,1,2026-03-13 07:18:00,2026-03-13 07:44:00,26.0,15,9.18645783980565,high,0
sensitivity_60m,S00781,unvisited,0,,,0.0,0,,review,0
sensitivity_60m,S00782,unvisited,0,,,0.0,0,,review,0
sensitivity_60m,S00783,unvisited,0,,,0.0,0,,review,0
sensitivity_60m,S00784,unvisited,0,,,0.0,0,,review,0
sensitivity_60m,S00785,unvisited,0,,,0.0,0,,review,0
sensitivity_60m,S00786,unvisited,0,,,0.0,0,,review,0
sensitivity_60m,S00787,unvisited,0,,,0.0,0,,review,0
sensitivity_60m,S00788,ambiguous,1,2026-03-10 16:48:00,2026-03-10 16:48:00,0.0,1,7.30779107146365,ambiguous,0
sensitivity_60m,S00789,unvisited,0,,,0.0,0,,review,0
sensitivity_60m,S00790,visited,1,2026-03-10 14:13:00,2026-03-10 15:53:00,100.0,99,0.155483036294674,high,0
sensitivity_60m,S00791,unvisited,0,,,0.0,0,,review,0
sensitivity_60m,S00792,unvisited,0,,,0.0,0,,review,0
sensitivity_60m,S00793,unvisited,0,,,0.0,0,,review,0
sensitivity_60m,S00794,ambiguous,1,2026-03-12 14:43:00,2026-03-12 14:43:00,0.0,1,17.1070814979972,ambiguous,0
sensitivity_60m,S00795,unvisited,0,,,0.0,0,,review,0
sensitivity_60m,S00796,unvisited,0,,,0.0,0,,review,0
sensitivity_60m,S00797,visited,1,2026-03-11 17:31:00,2026-03-11 19:00:00,89.0,90,0.548880784905794,high,0
sensitivity_60m,S00798,unvisited,0,,,0.0,0,,review,0
sensitivity_60m,S00799,ambiguous,1,2026-03-12 07:24:00,2026-03-12 07:24:00,0.0,1,9.37471555256676,ambiguous,0
sensitivity_60m,S00800,unvisited,0,,,0.0,0,,review,0
sensitivity_60m,S00801,unvisited,0,,,0.0,0,,review,0
sensitivity_60m,S00802,ambiguous,1,2026-03-12 16:19:00,2026-03-12 16:19:00,0.0,1,34.8513888337091,ambiguous,0
sensitivity_60m,S00803,unvisited,0,,,0.0,0,,review,0
sensitivity_60m,S00804,unvisited,0,,,0.0,0,,review,0
sensitivity_60m,S00805,ambiguous,1,2026-03-09 13:00:00,2026-03-09 13:00:00,0.0,1,1.33373151204127,ambiguous,0
sensitivity_60m,S00806,ambiguous,1,2026-03-10 17:29:00,2026-03-10 17:29:00,0.0,1,18.4768301218647,ambiguous,0
sensitivity_60m,S00807,unvisited,0,,,0.0,0,,review,0
sensitivity_60m,S00808,unvisited,0,,,0.0,0,,review,0
sensitivity_60m,S00809,unvisited,0,,,0.0,0,,review,0
sensitivity_60m,S00810,unvisited,0,,,0.0,0,,review,0
sensitivity_60m,S00811,unvisited,0,,,0.0,0,,review,0
sensitivity_60m,S00812,unvisited,0,,,0.0,0,,review,0
sensitivity_60m,S00813,visited,1,2026-03-12 18:19:00,2026-03-12 19:00:00,41.0,42,1.47834563618318,high,0
sensitivity_60m,S00814,unvisited,0,,,0.0,0,,review,0
sensitivity_60m,S00815,ambiguous,1,2026-03-10 13:11:00,2026-03-10 13:11:00,0.0,1,20.7038300449527,ambiguous,0
sensitivity_60m,S00816,unvisited,0,,,0.0,0,,review,0
sensitivity_60m,S00817,unvisited,0,,,0.0,0,,review,0
sensitivity_60m,S00818,unvisited,0,,,0.0,0,,review,0
sensitivity_60m,S00819,ambiguous,1,2026-03-12 16:38:00,2026-03-12 16:38:00,0.0,1,7.7417817943283,ambiguous,0
sensitivity_60m,S00820,unvisited,0,,,0.0,0,,review,0
sensitivity_60m,S00821,visited,1,2026-03-09 16:52:00,2026-03-09 18:46:00,114.0,115,0.489868711657043,high,0
sensitivity_60m,S00822,ambiguous,1,2026-03-09 14:39:00,2026-03-09 14:39:00,0.0,1,19.5005622713388,ambiguous,0
sensitivity_60m,S00823,ambiguous,1,2026-03-13 10:59:00,2026-03-13 12:33:00,0.0,75,0.589429061573134,ambiguous,0
sensitivity_60m,S00824,ambiguous,1,2026-03-12 12:02:00,2026-03-12 14:00:00,0.0,103,0.621934982057845,ambiguous,0
sensitivity_60m,S00825,unvisited,0,,,0.0,0,,review,0
sensitivity_60m,S00826,unvisited,0,,,0.0,0,,review,0
sensitivity_60m,S00827,unvisited,0,,,0.0,0,,review,0
sensitivity_60m,S00828,ambiguous,1,2026-03-11 08:20:00,2026-03-11 08:20:00,0.0,1,5.54229388025694,ambiguous,0
sensitivity_60m,S00829,unvisited,0,,,0.0,0,,review,0
sensitivity_60m,S00830,ambiguous,1,2026-03-13 10:31:00,2026-03-13 10:42:00,0.0,2,15.6184547648589,ambiguous,0
sensitivity_60m,S00831,visited,1,2026-03-09 15:32:00,2026-03-09 17:43:00,131.0,132,0.455753037852957,high,0
sensitivity_60m,S00832,unvisited,0,,,0.0,0,,review,0
sensitivity_60m,S00833,unvisited,0,,,0.0,0,,review,0
sensitivity_60m,S00834,ambiguous,1,2026-03-12 07:21:00,2026-03-12 07:28:00,0.0,2,10.5357849992467,ambiguous,0
sensitivity_60m,S00835,unvisited,0,,,0.0,0,,review,0
sensitivity_60m,S00836,unvisited,0,,,0.0,0,,review,0
sensitivity_60m,S00837,unvisited,0,,,0.0,0,,review,0
sensitivity_60m,S00838,visited,1,2026-03-10 07:24:00,2026-03-10 07:55:00,31.0,32,3.23737047376858,high,0
sensitivity_60m,S00839,unvisited,0,,,0.0,0,,review,0
sensitivity_60m,S00840,unvisited,0,,,0.0,0,,review,0
sensitivity_60m,S00841,unvisited,0,,,0.0,0,,review,0
sensitivity_60m,S00842,unvisited,0,,,0.0,0,,review,0
sensitivity_60m,S00843,unvisited,0,,,0.0,0,,review,0
sensitivity_60m,S00844,visited,1,2026-03-11 15:16:00,2026-03-11 16:58:00,102.0,103,0.395696194860135,high,0
sensitivity_60m,S00845,unvisited,0,,,0.0,0,8.54168404271394,review,0
sensitivity_60m,S00846,unvisited,0,,,0.0,0,,review,0
sensitivity_60m,S00847,ambiguous,1,2026-03-12 09:16:00,2026-03-12 09:23:00,0.0,2,7.05962179323504,ambiguous,0
sensitivity_60m,S00848,ambiguous,1,2026-03-09 13:13:00,2026-03-09 13:13:00,0.0,1,12.1278949727311,ambiguous,0
sensitivity_60m,S00849,unvisited,0,,,0.0,0,,review,0
sensitivity_60m,S00850,ambiguous,1,2026-03-10 17:52:00,2026-03-10 17:52:00,0.0,1,1.5829277604115,ambiguous,0
sensitivity_60m,S00851,unvisited,0,,,0.0,0,,review,0
sensitivity_60m,S00852,unvisited,0,,,0.0,0,,review,0
sensitivity_60m,S00853,unvisited,0,,,0.0,0,,review,0
sensitivity_60m,S00854,ambiguous,1,2026-03-13 16:50:00,2026-03-13 16:50:00,0.0,1,10.3013211385233,ambiguous,0
sensitivity_60m,S00855,unvisited,0,,,0.0,0,3.88851458116662,review,0
sensitivity_60m,S00856,unvisited,0,,,0.0,0,,review,0
sensitivity_60m,S00857,ambiguous,1,2026-03-13 07:42:00,2026-03-13 07:56:00,0.0,2,3.3463144666111,ambiguous,0
sensitivity_60m,S00858,unvisited,0,,,0.0,0,,review,0
sensitivity_60m,S00859,ambiguous,1,2026-03-12 07:59:00,2026-03-12 07:59:00,0.0,1,15.2716988484449,ambiguous,0
sensitivity_60m,S00860,unvisited,0,,,0.0,0,,review,0
sensitivity_60m,S00861,ambiguous,1,2026-03-10 16:03:00,2026-03-10 16:14:00,0.0,2,5.87381071637223,ambiguous,0
sensitivity_60m,S00862,unvisited,0,,,0.0,0,,review,0
sensitivity_60m,S00863,unvisited,0,,,0.0,0,,review,0
sensitivity_60m,S00864,visited,1,2026-03-12 11:37:00,2026-03-12 12:50:00,73.0,74,0.859851684689477,high,0
sensitivity_60m,S00865,unvisited,0,,,0.0,0,,review,0
sensitivity_60m,S00866,unvisited,0,,,0.0,0,,review,0
sensitivity_60m,S00867,visited,1,2026-03-13 14:19:00,2026-03-13 15:47:00,88.0,78,0.346238256903805,high,0
sensitivity_60m,S00868,unvisited,0,,,0.0,0,,review,0
sensitivity_60m,S00869,unvisited,0,,,0.0,0,,review,0
sensitivity_60m,S00870,unvisited,0,,,0.0,0,,review,0
sensitivity_60m,S00871,ambiguous,1,2026-03-09 10:35:00,2026-03-09 10:49:00,0.0,2,5.30636878558259,ambiguous,0
sensitivity_60m,S00872,unvisited,0,,,0.0,0,,review,0
sensitivity_60m,S00873,unvisited,0,,,0.0,0,,review,0
sensitivity_60m,S00874,unvisited,0,,,0.0,0,,review,0
sensitivity_60m,S00875,unvisited,0,,,0.0,0,,review,0
sensitivity_60m,S00876,unvisited,0,,,0.0,0,,review,0
sensitivity_60m,S00877,unvisited,0,,,0.0,0,,review,0
sensitivity_60m,S00878,unvisited,0,,,0.0,0,4.6532520398235,review,0
sensitivity_60m,S00879,ambiguous,1,2026-03-12 07:37:00,2026-03-12 07:37:00,0.0,1,5.90797140510464,ambiguous,0
sensitivity_60m,S00880,unvisited,0,,,0.0,0,,review,0
sensitivity_60m,S00881,unvisited,0,,,0.0,0,,review,0
sensitivity_60m,S00882,unvisited,0,,,0.0,0,,review,0
sensitivity_60m,S00883,unvisited,0,,,0.0,0,,review,0
sensitivity_60m,S00884,unvisited,0,,,0.0,0,,review,0
sensitivity_60m,S00885,unvisited,0,,,0.0,0,,review,0
sensitivity_60m,S00886,unvisited,0,,,0.0,0,,review,0
sensitivity_60m,S00887,unvisited,0,,,0.0,0,,review,0
sensitivity_60m,S00888,ambiguous,1,2026-03-13 10:29:00,2026-03-13 10:29:00,0.0,1,9.62718614350971,ambiguous,0
sensitivity_60m,S00889,unvisited,0,,,0.0,0,,review,0
sensitivity_60m,S00890,ambiguous,1,2026-03-09 18:44:00,2026-03-09 18:44:00,0.0,1,13.6353844929531,ambiguous,0
sensitivity_60m,S00891,unvisited,0,,,0.0,0,,review,0
sensitivity_60m,S00892,unvisited,0,,,0.0,0,,review,0
sensitivity_60m,S00893,unvisited,0,,,0.0,0,,review,0
sensitivity_60m,S00894,unvisited,0,,,0.0,0,,review,0
sensitivity_60m,S00895,unvisited,0,,,0.0,0,,review,0
sensitivity_60m,S00896,unvisited,0,,,0.0,0,,review,0
sensitivity_60m,S00897,unvisited,0,,,0.0,0,,review,0
sensitivity_60m,S00898,visited,1,2026-03-13 15:45:00,2026-03-13 17:25:00,100.0,101,0.703855260241359,high,0
sensitivity_60m,S00899,unvisited,0,,,0.0,0,,review,0
sensitivity_60m,S00900,unvisited,0,,,0.0,0,,review,0
sensitivity_60m,S00901,unvisited,0,,,0.0,0,,review,0
sensitivity_60m,S00902,unvisited,0,,,0.0,0,,review,0
sensitivity_60m,S00903,unvisited,0,,,0.0,0,,review,0
sensitivity_60m,S00904,unvisited,0,,,0.0,0,,review,0
sensitivity_60m,S00905,unvisited,0,,,0.0,0,24.7821456807296,review,0
sensitivity_60m,S00906,unvisited,0,,,0.0,0,,review,0
sensitivity_60m,S00907,unvisited,0,,,0.0,0,,review,0
sensitivity_60m,S00908,ambiguous,1,2026-03-10 07:40:00,2026-03-10 07:46:00,0.0,2,3.94761245375119,ambiguous,0
sensitivity_60m,S00909,visited,1,2026-03-12 18:41:00,2026-03-12 19:00:00,19.0,20,0.774293441394016,high,0
sensitivity_60m,S00910,ambiguous,1,2026-03-11 07:44:00,2026-03-11 07:44:00,0.0,1,4.20093617913855,ambiguous,0
sensitivity_60m,S00911,unvisited,0,,,0.0,0,,review,0
sensitivity_60m,S00912,unvisited,0,,,0.0,0,,review,0
sensitivity_60m,S00913,unvisited,0,,,0.0,0,,review,0
sensitivity_60m,S00914,unvisited,0,,,0.0,0,,review,0
sensitivity_60m,S00915,unvisited,0,,,0.0,0,,review,0
sensitivity_60m,S00916,unvisited,0,,,0.0,0,,review,0
sensitivity_60m,S00917,unvisited,0,,,0.0,0,,review,0
sensitivity_60m,S00918,unvisited,0,,,0.0,0,,review,0
sensitivity_60m,S00919,ambiguous,1,2026-03-10 08:55:00,2026-03-10 09:19:00,0.0,2,1.5656251536027,ambiguous,0
sensitivity_60m,S00920,unvisited,0,,,0.0,0,,review,0
sensitivity_60m,S00921,unvisited,0,,,0.0,0,,review,0
sensitivity_60m,S00922,unvisited,0,,,0.0,0,,review,0
sensitivity_60m,S00923,unvisited,0,,,0.0,0,,review,0
sensitivity_60m,S00924,unvisited,0,,,0.0,0,,review,0
sensitivity_60m,S00925,unvisited,0,,,0.0,0,,review,0
sensitivity_60m,S00926,unvisited,0,,,0.0,0,,review,0
sensitivity_60m,S00927,visited,1,2026-03-11 12:41:00,2026-03-11 14:33:00,112.0,111,0.311243875342095,high,0
sensitivity_60m,S00928,unvisited,0,,,0.0,0,,review,0
sensitivity_60m,S00929,visited,1,2026-03-09 09:24:00,2026-03-09 11:20:00,116.0,107,0.346537999358898,high,0
sensitivity_60m,S00930,unvisited,0,,,0.0,0,,review,0
sensitivity_60m,S00931,unvisited,0,,,0.0,0,,review,0
sensitivity_60m,S00932,unvisited,0,,,0.0,0,,review,0
sensitivity_60m,S00933,ambiguous,1,2026-03-10 11:16:00,2026-03-10 11:16:00,0.0,1,7.88041833680364,ambiguous,0
sensitivity_60m,S00934,unvisited,0,,,0.0,0,,review,0
sensitivity_60m,S00935,unvisited,0,,,0.0,0,,review,0
sensitivity_60m,S00936,unvisited,0,,,0.0,0,,review,0
sensitivity_60m,S00937,unvisited,0,,,0.0,0,,review,0
sensitivity_60m,S00938,ambiguous,1,2026-03-12 07:29:00,2026-03-12 07:29:00,0.0,1,19.2233325984697,ambiguous,0
sensitivity_60m,S00939,visited,1,2026-03-10 07:14:00,2026-03-10 07:44:00,30.0,31,2.49318704973023,high,0
sensitivity_60m,S00940,ambiguous,1,2026-03-13 09:30:00,2026-03-13 09:30:00,0.0,1,10.6272441367933,ambiguous,0
sensitivity_60m,S00941,visited,1,2026-03-13 10:00:00,2026-03-13 11:24:00,84.0,85,0.346539409244467,high,0
sensitivity_60m,S00942,unvisited,0,,,0.0,0,,review,0
sensitivity_60m,S00943,unvisited,0,,,0.0,0,16.3011346885973,review,0
sensitivity_60m,S00944,unvisited,0,,,0.0,0,18.0016686248337,review,0
sensitivity_60m,S00945,unvisited,0,,,0.0,0,,review,0
sensitivity_60m,S00946,visited,1,2026-03-10 15:40:00,2026-03-10 17:22:00,102.0,88,0.218914142654579,high,0
sensitivity_60m,S00947,visited,1,2026-03-12 13:04:00,2026-03-12 14:05:00,61.0,62,0.155620817099718,high,0
sensitivity_60m,S00948,ambiguous,1,2026-03-11 08:04:00,2026-03-11 08:04:00,0.0,1,12.7223264492358,ambiguous,0
sensitivity_60m,S00949,unvisited,0,,,0.0,0,,review,0
sensitivity_60m,S00950,unvisited,0,,,0.0,0,,review,0
sensitivity_60m,S00951,unvisited,0,,,0.0,0,,review,0
sensitivity_60m,S00952,ambiguous,1,2026-03-12 15:47:00,2026-03-12 15:47:00,0.0,1,11.2823508001396,ambiguous,0
sensitivity_60m,S00953,unvisited,0,,,0.0,0,,review,0
sensitivity_60m,S00954,unvisited,0,,,0.0,0,,review,0
sensitivity_60m,S00955,unvisited,0,,,0.0,0,,review,0
sensitivity_60m,S00956,unvisited,0,,,0.0,0,,review,0
sensitivity_60m,S00957,unvisited,0,,,0.0,0,,review,0
sensitivity_60m,S00958,unvisited,0,,,0.0,0,,review,0
sensitivity_60m,S00959,unvisited,0,,,0.0,0,,review,0
sensitivity_60m,S00960,unvisited,0,,,0.0,0,,review,0
sensitivity_60m,S00961,unvisited,0,,,0.0,0,,review,0
sensitivity_60m,S00962,ambiguous,1,2026-03-12 07:54:00,2026-03-12 07:54:00,0.0,1,13.6922531370687,ambiguous,0
sensitivity_60m,S00963,visited,1,2026-03-13 13:25:00,2026-03-13 14:38:00,73.0,74,0.777968966910526,high,0
sensitivity_60m,S00964,unvisited,0,,,0.0,0,,review,0
sensitivity_60m,S00965,unvisited,0,,,0.0,0,,review,0
sensitivity_60m,S00966,unvisited,0,,,0.0,0,,review,0
sensitivity_60m,S00967,unvisited,0,,,0.0,0,,review,0
sensitivity_60m,S00968,unvisited,0,,,0.0,0,,review,0
sensitivity_60m,S00969,visited,1,2026-03-09 14:55:00,2026-03-09 16:14:00,79.0,80,0.349395206498363,high,0
sensitivity_60m,S00970,unvisited,0,,,0.0,0,,review,0
sensitivity_60m,S00971,unvisited,0,,,0.0,0,,review,0
sensitivity_60m,S00972,unvisited,0,,,0.0,0,,review,0
sensitivity_60m,S00973,unvisited,0,,,0.0,0,,review,0
sensitivity_60m,S00974,visited,1,2026-03-12 13:28:00,2026-03-12 14:59:00,91.0,92,0.24681159161845,high,0
sensitivity_60m,S00975,unvisited,0,,,0.0,0,,review,0
sensitivity_60m,S00976,unvisited,0,,,0.0,0,,review,0
sensitivity_60m,S00977,unvisited,0,,,0.0,0,,review,0
sensitivity_60m,S00978,unvisited,0,,,0.0,0,,review,0
sensitivity_60m,S00979,ambiguous,1,2026-03-10 10:55:00,2026-03-10 11:08:00,0.0,3,9.62808927613747,ambiguous,0
sensitivity_60m,S00980,unvisited,0,,,0.0,0,,review,0
sensitivity_60m,S00981,ambiguous,1,2026-03-09 10:58:00,2026-03-09 10:58:00,0.0,1,9.97802190957044,ambiguous,0
sensitivity_60m,S00982,unvisited,0,,,0.0,0,,review,0
sensitivity_60m,S00983,unvisited,0,,,0.0,0,,review,0
sensitivity_60m,S00984,unvisited,0,,,0.0,0,,review,0
sensitivity_60m,S00985,unvisited,0,,,0.0,0,,review,0
sensitivity_60m,S00986,unvisited,0,,,0.0,0,,review,0
sensitivity_60m,S00987,unvisited,0,,,0.0,0,,review,0
sensitivity_60m,S00988,visited,1,2026-03-10 16:03:00,2026-03-10 17:28:00,85.0,85,0.766011079465778,high,0
sensitivity_60m,S00989,unvisited,0,,,0.0,0,,review,0
sensitivity_60m,S00990,visited,1,2026-03-10 13:14:00,2026-03-10 13:46:00,32.0,24,1.43555052379676,high,0
sensitivity_60m,S00991,unvisited,0,,,0.0,0,,review,0
sensitivity_60m,S00992,unvisited,0,,,0.0,0,,review,0
sensitivity_60m,S00993,unvisited,0,,,0.0,0,,review,0
sensitivity_60m,S00994,unvisited,0,,,0.0,0,,review,0
sensitivity_60m,S00995,unvisited,0,,,0.0,0,,review,0
sensitivity_60m,S00996,ambiguous,1,2026-03-11 12:58:00,2026-03-11 12:59:00,0.0,2,3.0950486760799,ambiguous,0
sensitivity_60m,S00997,ambiguous,1,2026-03-11 13:36:00,2026-03-11 15:25:00,0.0,88,0.245174048913162,ambiguous,0
sensitivity_60m,S00998,unvisited,0,,,0.0,0,,review,0
sensitivity_60m,S00999,unvisited,0,,,0.0,0,,review,0
sensitivity_60m,S01000,unvisited,0,,,0.0,0,,review,0
sensitivity_60m,S01001,unvisited,0,,,0.0,0,,review,0
sensitivity_60m,S01002,visited,1,2026-03-09 17:53:00,2026-03-09 18:14:00,21.0,11,2.34593356495812,high,0
sensitivity_60m,S01003,visited,1,2026-03-09 07:29:00,2026-03-09 07:55:00,26.0,12,15.0562531190838,high,0
sensitivity_60m,S01004,unvisited,0,,,0.0,0,,review,0
sensitivity_60m,S01005,unvisited,0,,,0.0,0,,review,0
sensitivity_60m,S01006,unvisited,0,,,0.0,0,,review,0
sensitivity_60m,S01007,unvisited,0,,,0.0,0,,review,0
sensitivity_60m,S01008,visited,1,2026-03-09 09:23:00,2026-03-09 09:41:00,18.0,9,10.004342934315,high,0
sensitivity_60m,S01009,unvisited,0,,,0.0,0,,review,0
sensitivity_60m,S01010,unvisited,0,,,0.0,0,,review,0
sensitivity_60m,S01011,unvisited,0,,,0.0,0,,review,0
sensitivity_60m,S01012,unvisited,0,,,0.0,0,,review,0
sensitivity_60m,S01013,unvisited,0,,,0.0,0,,review,0
sensitivity_60m,S01014,unvisited,0,,,0.0,0,,review,0
sensitivity_60m,S01015,unvisited,0,,,0.0,0,,review,0
sensitivity_60m,S01016,unvisited,0,,,0.0,0,,review,0
sensitivity_60m,S01017,visited,1,2026-03-09 14:47:00,2026-03-09 15:18:00,31.0,22,10.803985032277,high,0
sensitivity_60m,S01018,unvisited,0,,,0.0,0,,review,0
sensitivity_60m,S01019,unvisited,0,,,0.0,0,,review,0
sensitivity_60m,S01020,unvisited,0,,,0.0,0,,review,0
sensitivity_60m,S01021,unvisited,0,,,0.0,0,,review,0
sensitivity_60m,S01022,unvisited,0,,,0.0,0,,review,0
sensitivity_60m,S01023,unvisited,0,,,0.0,0,,review,0
sensitivity_60m,S01024,unvisited,0,,,0.0,0,,review,0
sensitivity_60m,S01025,unvisited,0,,,0.0,0,,review,0
sensitivity_60m,S01026,unvisited,0,,,0.0,0,,review,0
sensitivity_60m,S01027,unvisited,0,,,0.0,0,,review,0
sensitivity_60m,S01028,unvisited,0,,,0.0,0,,review,0
sensitivity_60m,S01029,unvisited,0,,,0.0,0,,review,0
sensitivity_60m,S01030,ambiguous,1,2026-03-10 15:01:00,2026-03-10 15:14:00,0.0,6,4.00034867120796,ambiguous,0
sensitivity_60m,S01031,unvisited,0,,,0.0,0,,review,0
sensitivity_60m,S01032,visited,1,2026-03-10 15:40:00,2026-03-10 16:04:00,24.0,10,28.5259168562642,high,0
sensitivity_60m,S01033,visited,1,2026-03-13 16:48:00,2026-03-13 17:19:00,31.0,19,11.5460800281479,high,0
sensitivity_60m,S01034,visited,1,2026-03-13 14:50:00,2026-03-13 15:21:00,31.0,19,14.931378031156,high,0
sensitivity_60m,S01035,unvisited,0,,,0.0,0,,review,0
sensitivity_60m,S01036,unvisited,0,,,0.0,0,,review,0
sensitivity_60m,S01037,unvisited,0,,,0.0,0,,review,0
sensitivity_60m,S01038,unvisited,0,,,0.0,0,,review,0
sensitivity_60m,S01039,unvisited,0,,,0.0,0,,review,0
sensitivity_60m,S01040,visited,1,2026-03-13 12:30:00,2026-03-13 12:58:00,28.0,16,9.84551842551084,high,0
sensitivity_60m,S01041,ambiguous,1,2026-03-09 15:52:00,2026-03-09 16:02:00,0.0,6,8.00423228385798,ambiguous,0
sensitivity_60m,S01042,unvisited,0,,,0.0,0,,review,0
sensitivity_60m,S01043,ambiguous,1,2026-03-10 18:35:00,2026-03-10 18:35:00,0.0,1,56.6706036285152,ambiguous,0
sensitivity_60m,S01044,unvisited,0,,,0.0,0,,review,0
sensitivity_60m,S01045,ambiguous,1,2026-03-10 13:37:00,2026-03-10 13:37:00,0.0,1,18.7082410984119,ambiguous,0
sensitivity_60m,S01046,unvisited,0,,,0.0,0,,review,0
sensitivity_60m,S01047,unvisited,0,,,0.0,0,,review,0
sensitivity_60m,S01048,unvisited,0,,,0.0,0,,review,0
sensitivity_60m,S01049,unvisited,0,,,0.0,0,,review,0
sensitivity_60m,S01050,unvisited,0,,,0.0,0,,review,0
sensitivity_60m,S01051,unvisited,0,,,0.0,0,,review,0
sensitivity_60m,S01052,unvisited,0,,,0.0,0,,review,0
sensitivity_60m,S01053,unvisited,0,,,0.0,0,,review,0
sensitivity_60m,S01054,unvisited,0,,,0.0,0,,review,0
sensitivity_60m,S01055,unvisited,0,,,0.0,0,,review,0
sensitivity_60m,S01056,ambiguous,1,2026-03-11 07:41:00,2026-03-11 07:41:00,0.0,1,41.7630411396038,ambiguous,0
sensitivity_60m,S01057,unvisited,0,,,0.0,0,,review,0
sensitivity_60m,S01058,unvisited,0,,,0.0,0,,review,0
sensitivity_60m,S01059,unvisited,0,,,0.0,0,,review,0
sensitivity_60m,S01060,unvisited,0,,,0.0,0,,review,0
sensitivity_60m,S01061,unvisited,0,,,0.0,0,,review,0
sensitivity_60m,S01062,unvisited,0,,,0.0,0,,review,0
sensitivity_60m,S01063,visited,1,2026-03-10 12:53:00,2026-03-10 13:10:00,17.0,13,13.6131693109488,high,0
sensitivity_60m,S01064,unvisited,0,,,0.0,0,,review,0
sensitivity_60m,S01065,unvisited,0,,,0.0,0,,review,0
sensitivity_60m,S01066,ambiguous,1,2026-03-10 17:31:00,2026-03-10 17:42:00,0.0,6,25.4160717993074,ambiguous,0
sensitivity_60m,S01067,unvisited,0,,,0.0,0,,review,0
sensitivity_60m,S01068,unvisited,0,,,0.0,0,,review,0
sensitivity_60m,S01069,unvisited,0,,,0.0,0,,review,0
sensitivity_60m,S01070,unvisited,0,,,0.0,0,,review,0
sensitivity_60m,S01071,unvisited,0,,,0.0,0,,review,0
sensitivity_60m,S01072,unvisited,0,,,0.0,0,,review,0
sensitivity_60m,S01073,unvisited,0,,,0.0,0,,review,0
sensitivity_60m,S01074,unvisited,0,,,0.0,0,,review,0
sensitivity_60m,S01075,ambiguous,1,2026-03-12 07:36:00,2026-03-12 07:38:00,0.0,2,18.7505676297588,ambiguous,0
sensitivity_60m,S01076,unvisited,0,,,0.0,0,,review,0
sensitivity_60m,S01077,unvisited,0,,,0.0,0,,review,0
sensitivity_60m,S01078,ambiguous,1,2026-03-10 07:28:00,2026-03-10 07:40:00,0.0,11,5.09475400087853,ambiguous,0
sensitivity_60m,S01079,unvisited,0,,,0.0,0,,review,0
sensitivity_60m,S01080,unvisited,0,,,0.0,0,,review,0
sensitivity_60m,S01081,unvisited,0,,,0.0,0,,review,0
sensitivity_60m,S01082,unvisited,0,,,0.0,0,,review,0
sensitivity_60m,S01083,unvisited,0,,,0.0,0,,review,0
sensitivity_60m,S01084,unvisited,0,,,0.0,0,,review,0
sensitivity_60m,S01085,unvisited,0,,,0.0,0,,review,0
sensitivity_60m,S01086,visited,1,2026-03-13 07:44:00,2026-03-13 08:15:00,31.0,18,5.77298763973988,high,0
sensitivity_60m,S01087,visited,1,2026-03-09 10:06:00,2026-03-09 10:22:00,16.0,8,6.06736825863196,high,0
sensitivity_60m,S01088,unvisited,0,,,0.0,0,,review,0
sensitivity_60m,S01089,unvisited,0,,,0.0,0,,review,0
sensitivity_60m,S01090,ambiguous,1,2026-03-09 14:16:00,2026-03-09 14:16:00,0.0,1,36.6892212683857,ambiguous,0
sensitivity_60m,S01091,ambiguous,1,2026-03-10 10:04:00,2026-03-10 10:04:00,0.0,1,48.1931001586291,ambiguous,0
sensitivity_60m,S01092,unvisited,0,,,0.0,0,,review,0
sensitivity_60m,S01093,visited,1,2026-03-10 07:56:00,2026-03-10 08:24:00,28.0,14,8.91847024465364,high,0
sensitivity_60m,S01094,visited,1,2026-03-13 10:31:00,2026-03-13 10:58:00,27.0,17,6.02887461972,high,0
sensitivity_60m,S01095,unvisited,0,,,0.0,0,,review,0
sensitivity_60m,S01096,unvisited,0,,,0.0,0,,review,0
sensitivity_60m,S01097,unvisited,0,,,0.0,0,,review,0
sensitivity_60m,S01098,unvisited,0,,,0.0,0,,review,0
sensitivity_60m,S01099,unvisited,0,,,0.0,0,,review,0
sensitivity_60m,S01100,visited,1,2026-03-11 07:21:00,2026-03-11 07:37:00,16.0,10,13.8708526066586,high,0
sensitivity_60m,S01101,visited,1,2026-03-11 14:18:00,2026-03-11 14:35:00,17.0,13,2.44210316344697,high,0
sensitivity_60m,S01102,unvisited,0,,,0.0,0,,review,0
sensitivity_60m,S01103,ambiguous,1,2026-03-09 17:08:00,2026-03-09 17:08:00,0.0,1,41.4552987527616,ambiguous,0
sensitivity_60m,S01104,unvisited,0,,,0.0,0,,review,0
sensitivity_60m,S01105,visited,1,2026-03-13 07:26:00,2026-03-13 07:42:00,16.0,12,10.376740496611,high,0
sensitivity_60m,S01106,unvisited,0,,,0.0,0,,review,0
sensitivity_60m,S01107,unvisited,0,,,0.0,0,,review,0
sensitivity_60m,S01108,ambiguous,1,2026-03-09 18:24:00,2026-03-09 18:24:00,0.0,1,38.8633868060193,ambiguous,0
sensitivity_60m,S01109,unvisited,0,,,0.0,0,,review,0
sensitivity_60m,S01110,ambiguous,1,2026-03-12 07:50:00,2026-03-12 08:03:00,0.0,10,5.70952663057358,ambiguous,0
sensitivity_60m,S01111,unvisited,0,,,0.0,0,,review,0
sensitivity_60m,S01112,unvisited,0,,,0.0,0,,review,0
sensitivity_60m,S01113,unvisited,0,,,0.0,0,,review,0
sensitivity_60m,S01114,unvisited,0,,,0.0,0,,review,0
sensitivity_60m,S01115,visited,1,2026-03-12 09:35:00,2026-03-12 09:59:00,24.0,15,4.77436953812235,high,0
sensitivity_60m,S01116,unvisited,0,,,0.0,0,,review,0
sensitivity_60m,S01117,ambiguous,1,2026-03-10 15:05:00,2026-03-10 15:05:00,0.0,1,41.9148029552147,ambiguous,0
sensitivity_60m,S01118,ambiguous,1,2026-03-10 07:41:00,2026-03-10 07:49:00,0.0,7,19.443750298421,ambiguous,0
sensitivity_60m,S01119,unvisited,0,,,0.0,0,,review,0
sensitivity_60m,S01120,unvisited,0,,,0.0,0,,review,0
sensitivity_60m,S01121,unvisited,0,,,0.0,0,,review,0
sensitivity_60m,S01122,ambiguous,1,2026-03-09 15:50:00,2026-03-09 15:50:00,0.0,1,50.3311933579066,ambiguous,0
sensitivity_60m,S01123,visited,1,2026-03-10 17:52:00,2026-03-10 18:08:00,16.0,12,13.2206482774035,high,0
sensitivity_60m,S01124,unvisited,0,,,0.0,0,,review,0
sensitivity_60m,S01125,unvisited,0,,,0.0,0,,review,0
sensitivity_60m,S01126,unvisited,0,,,0.0,0,,review,0
sensitivity_60m,S01127,unvisited,0,,,0.0,0,,review,0
sensitivity_60m,S01128,unvisited,0,,,0.0,0,,review,0
sensitivity_60m,S01129,visited,1,2026-03-10 10:42:00,2026-03-10 11:06:00,24.0,15,7.00261153490073,high,0
sensitivity_60m,S01130,unvisited,0,,,0.0,0,,review,0
sensitivity_60m,S01131,ambiguous,1,2026-03-10 07:32:00,2026-03-10 07:32:00,0.0,1,49.324538865412,ambiguous,0
sensitivity_60m,S01132,unvisited,0,,,0.0,0,,review,0
sensitivity_60m,S01133,unvisited,0,,,0.0,0,,review,0
sensitivity_60m,S01134,unvisited,0,,,0.0,0,,review,0
sensitivity_60m,S01135,unvisited,0,,,0.0,0,,review,0
sensitivity_60m,S01136,unvisited,0,,,0.0,0,,review,0
sensitivity_60m,S01137,unvisited,0,,,0.0,0,,review,0
sensitivity_60m,S01138,unvisited,0,,,0.0,0,,review,0
sensitivity_60m,S01139,unvisited,0,,,0.0,0,,review,0
sensitivity_60m,S01140,unvisited,0,,,0.0,0,,review,0
sensitivity_60m,S01141,unvisited,0,,,0.0,0,,review,0
sensitivity_60m,S01142,unvisited,0,,,0.0,0,,review,0
sensitivity_60m,S01143,unvisited,0,,,0.0,0,,review,0
sensitivity_60m,S01144,unvisited,0,,,0.0,0,,review,0
sensitivity_60m,S01145,unvisited,0,,,0.0,0,,review,0
sensitivity_60m,S01146,unvisited,0,,,0.0,0,,review,0
sensitivity_60m,S01147,unvisited,0,,,0.0,0,,review,0
sensitivity_60m,S01148,unvisited,0,,,0.0,0,,review,0
sensitivity_60m,S01149,unvisited,0,,,0.0,0,,review,0
sensitivity_60m,S01150,unvisited,0,,,0.0,0,,review,0
sensitivity_60m,S01151,unvisited,0,,,0.0,0,,review,0
sensitivity_60m,S01152,unvisited,0,,,0.0,0,,review,0
sensitivity_60m,S01153,unvisited,0,,,0.0,0,,review,0
sensitivity_60m,S01154,unvisited,0,,,0.0,0,,review,0
sensitivity_60m,S01155,unvisited,0,,,0.0,0,,review,0
sensitivity_60m,S01156,unvisited,0,,,0.0,0,,review,0
sensitivity_60m,S01157,visited,1,2026-03-11 14:13:00,2026-03-13 18:53:00,17.0,12,6.91640823475202,high,0
sensitivity_60m,S01158,unvisited,0,,,0.0,0,,review,0
sensitivity_60m,S01159,unvisited,0,,,0.0,0,,review,0
sensitivity_60m,S01160,unvisited,0,,,0.0,0,,review,0
sensitivity_60m,S01161,unvisited,0,,,0.0,0,,review,0
sensitivity_60m,S01162,unvisited,0,,,0.0,0,,review,0
sensitivity_60m,S01163,unvisited,0,,,0.0,0,,review,0
sensitivity_60m,S01164,unvisited,0,,,0.0,0,,review,0
sensitivity_60m,S01165,unvisited,0,,,0.0,0,,review,0
sensitivity_60m,S01166,unvisited,0,,,0.0,0,,review,0
sensitivity_60m,S01167,unvisited,0,,,0.0,0,,review,0
sensitivity_60m,S01168,unvisited,0,,,0.0,0,,review,0
sensitivity_60m,S01169,unvisited,0,,,0.0,0,,review,0
sensitivity_60m,S01170,unvisited,0,,,0.0,0,,review,0
sensitivity_60m,S01171,unvisited,0,,,0.0,0,,review,0
sensitivity_60m,S01172,unvisited,0,,,0.0,0,,review,0
sensitivity_60m,S01173,unvisited,0,,,0.0,0,,review,0
sensitivity_60m,S01174,unvisited,0,,,0.0,0,,review,0
sensitivity_60m,S01175,unvisited,0,,,0.0,0,,review,0
sensitivity_60m,S01176,visited,1,2026-03-10 12:51:00,2026-03-13 09:55:00,23.0,14,10.1659869448235,high,0
sensitivity_60m,S01177,unvisited,0,,,0.0,0,,review,0
sensitivity_60m,S01178,unvisited,0,,,0.0,0,,review,0
sensitivity_60m,S01179,unvisited,0,,,0.0,0,,review,0
sensitivity_60m,S01180,unvisited,0,,,0.0,0,,review,0
sensitivity_60m,S01181,visited,1,2026-03-12 14:17:00,2026-03-12 14:36:00,19.0,12,6.02118593979989,high,0
sensitivity_60m,S01182,unvisited,0,,,0.0,0,,review,0
sensitivity_60m,S01183,unvisited,0,,,0.0,0,,review,0
sensitivity_60m,S01184,unvisited,0,,,0.0,0,,review,0
sensitivity_60m,S01185,visited,1,2026-03-09 14:19:00,2026-03-09 14:43:00,24.0,11,22.774528187214,high,0
sensitivity_60m,S01186,unvisited,0,,,0.0,0,,review,0
sensitivity_60m,S01187,ambiguous,1,2026-03-13 15:20:00,2026-03-13 15:20:00,0.0,1,31.4774633866406,ambiguous,0
sensitivity_60m,S01188,unvisited,0,,,0.0,0,,review,0
sensitivity_60m,S01189,unvisited,0,,,0.0,0,,review,0
sensitivity_60m,S01190,unvisited,0,,,0.0,0,,review,0
sensitivity_60m,S01191,unvisited,0,,,0.0,0,,review,0
sensitivity_60m,S01192,ambiguous,1,2026-03-11 14:12:00,2026-03-13 18:57:00,0.0,3,14.3880754594729,ambiguous,0
sensitivity_60m,S01193,unvisited,0,,,0.0,0,,review,0
sensitivity_60m,S01194,unvisited,0,,,0.0,0,,review,0
sensitivity_60m,S01195,visited,1,2026-03-09 09:58:00,2026-03-09 10:17:00,19.0,9,11.3346835706493,high,0
sensitivity_60m,S01196,unvisited,0,,,0.0,0,,review,0
sensitivity_60m,S01197,unvisited,0,,,0.0,0,,review,0
sensitivity_60m,S01198,visited,1,2026-03-09 07:48:00,2026-03-09 08:07:00,19.0,10,9.46964058496566,high,0
sensitivity_60m,S01199,unvisited,0,,,0.0,0,,review,0
sensitivity_60m,S01200,unvisited,0,,,0.0,0,,review,0
sensitivity_60m,S01201,unvisited,0,,,0.0,0,,review,0
sensitivity_60m,S01202,unvisited,0,,,0.0,0,,review,0
sensitivity_60m,S01203,unvisited,0,,,0.0,0,,review,0
sensitivity_60m,S01204,unvisited,0,,,0.0,0,,review,0
sensitivity_60m,S01205,unvisited,0,,,0.0,0,,review,0
sensitivity_60m,S01206,unvisited,0,,,0.0,0,,review,0
sensitivity_60m,S01207,unvisited,0,,,0.0,0,,review,0
sensitivity_60m,S01208,visited,1,2026-03-13 17:01:00,2026-03-13 17:28:00,27.0,15,16.1921371396673,high,0
sensitivity_60m,S01209,ambiguous,1,2026-03-09 12:03:00,2026-03-09 12:04:00,0.0,2,41.1071516745483,ambiguous,0
sensitivity_60m,S01210,unvisited,0,,,0.0,0,,review,0
sensitivity_60m,S01211,unvisited,0,,,0.0,0,,review,0
sensitivity_60m,S01212,unvisited,0,,,0.0,0,,review,0
sensitivity_60m,S01213,unvisited,0,,,0.0,0,,review,0
sensitivity_60m,S01214,unvisited,0,,,0.0,0,,review,0
sensitivity_60m,S01215,unvisited,0,,,0.0,0,,review,0
sensitivity_60m,S01216,unvisited,0,,,0.0,0,,review,0
sensitivity_60m,S01217,ambiguous,1,2026-03-11 09:10:00,2026-03-11 09:24:00,0.0,8,1.43522859048254,ambiguous,0
sensitivity_60m,S01218,unvisited,0,,,0.0,0,,review,0
sensitivity_60m,S01219,unvisited,0,,,0.0,0,,review,0
sensitivity_60m,S01220,unvisited,0,,,0.0,0,,review,0
sensitivity_60m,S01221,unvisited,0,,,0.0,0,,review,0
sensitivity_60m,S01222,visited,1,2026-03-10 13:36:00,2026-03-10 13:59:00,23.0,16,12.9736272765594,high,0
sensitivity_60m,S01223,unvisited,0,,,0.0,0,,review,0
sensitivity_60m,S01224,unvisited,0,,,0.0,0,,review,0
sensitivity_60m,S01225,ambiguous,1,2026-03-13 13:35:00,2026-03-13 13:35:00,0.0,1,40.6853399645953,ambiguous,0
sensitivity_60m,S01226,unvisited,0,,,0.0,0,,review,0
sensitivity_60m,S01227,unvisited,0,,,0.0,0,,review,0
sensitivity_60m,S01228,unvisited,0,,,0.0,0,,review,0
sensitivity_60m,S01229,unvisited,0,,,0.0,0,,review,0
sensitivity_60m,S01230,unvisited,0,,,0.0,0,,review,0
sensitivity_60m,S01231,ambiguous,1,2026-03-12 14:26:00,2026-03-12 14:26:00,0.0,1,13.2113719035556,ambiguous,0
sensitivity_60m,S01232,unvisited,0,,,0.0,0,,review,0
sensitivity_60m,S01233,unvisited,0,,,0.0,0,,review,0
sensitivity_60m,S01234,ambiguous,1,2026-03-09 13:17:00,2026-03-09 13:17:00,0.0,1,20.0593594950051,ambiguous,0
sensitivity_60m,S01235,unvisited,0,,,0.0,0,,review,0
sensitivity_60m,S01236,visited,1,2026-03-13 17:42:00,2026-03-13 18:37:00,55.0,56,0.656724465898604,high,0
sensitivity_60m,S01237,unvisited,0,,,0.0,0,,review,0
sensitivity_60m,S01238,unvisited,0,,,0.0,0,,review,0
sensitivity_60m,S01239,unvisited,0,,,0.0,0,,review,0
sensitivity_60m,S01240,ambiguous,1,2026-03-13 07:31:00,2026-03-13 07:31:00,0.0,1,22.2186510453889,ambiguous,0
sensitivity_60m,S01241,ambiguous,1,2026-03-12 07:51:00,2026-03-12 07:53:00,0.0,2,5.89114839521938,ambiguous,0
sensitivity_60m,S01242,unvisited,0,,,0.0,0,,review,0
sensitivity_60m,S01243,unvisited,0,,,0.0,0,,review,0
sensitivity_60m,S01244,unvisited,0,,,0.0,0,,review,0
sensitivity_60m,S01245,visited,1,2026-03-11 14:16:00,2026-03-11 16:08:00,112.0,105,0.11059637497117,high,0
sensitivity_60m,S01246,unvisited,0,,,0.0,0,8.9376924615439,review,0
sensitivity_60m,S01247,unvisited,0,,,0.0,0,,review,0
sensitivity_60m,S01248,ambiguous,1,2026-03-10 07:51:00,2026-03-10 07:51:00,0.0,1,10.1515629300153,ambiguous,0
sensitivity_60m,S01249,ambiguous,1,2026-03-09 08:22:00,2026-03-09 08:22:00,0.0,1,17.495256926268,ambiguous,0
sensitivity_60m,S01250,unvisited,0,,,0.0,0,,review,0
sensitivity_60m,S01251,unvisited,0,,,0.0,0,,review,0
sensitivity_60m,S01252,unvisited,0,,,0.0,0,,review,0
sensitivity_60m,S01253,unvisited,0,,,0.0,0,,review,0
sensitivity_60m,S01254,unvisited,0,,,0.0,0,,review,0
sensitivity_60m,S01255,ambiguous,1,2026-03-11 07:35:00,2026-03-11 07:35:00,0.0,1,3.83978908036904,ambiguous,0
sensitivity_60m,S01256,unvisited,0,,,0.0,0,,review,0
sensitivity_60m,S01257,unvisited,0,,,0.0,0,,review,0
sensitivity_60m,S01258,unvisited,0,,,0.0,0,,review,0
sensitivity_60m,S01259,unvisited,0,,,0.0,0,,review,0
sensitivity_60m,S01260,unvisited,0,,,0.0,0,,review,0
sensitivity_60m,S01261,unvisited,0,,,0.0,0,,review,0
sensitivity_60m,S01262,unvisited,0,,,0.0,0,2.6683954793628,review,0
sensitivity_60m,S01263,visited,1,2026-03-09 16:40:00,2026-03-09 17:36:00,56.0,57,1.09878726138725,high,0
sensitivity_60m,S01264,unvisited,0,,,0.0,0,,review,0
sensitivity_60m,S01265,unvisited,0,,,0.0,0,,review,0
sensitivity_60m,S01266,unvisited,0,,,0.0,0,,review,0
sensitivity_60m,S01267,unvisited,0,,,0.0,0,,review,0
sensitivity_60m,S01268,unvisited,0,,,0.0,0,,review,0
sensitivity_60m,S01269,ambiguous,1,2026-03-10 16:50:00,2026-03-10 18:14:00,0.0,61,0.245298954920514,ambiguous,0
sensitivity_60m,S01270,visited,1,2026-03-13 12:56:00,2026-03-13 14:38:00,102.0,103,0.860171064590055,high,0
sensitivity_60m,S01271,unvisited,0,,,0.0,0,,review,0
sensitivity_60m,S01272,unvisited,0,,,0.0,0,,review,0
sensitivity_60m,S01273,unvisited,0,,,0.0,0,,review,0
sensitivity_60m,S01274,ambiguous,1,2026-03-09 11:55:00,2026-03-09 12:01:00,0.0,2,15.528207703055,ambiguous,0
sensitivity_60m,S01275,unvisited,0,,,0.0,0,,review,0
sensitivity_60m,S01276,visited,1,2026-03-12 11:48:00,2026-03-12 13:26:00,98.0,93,0.245294336067691,high,0
sensitivity_60m,S01277,unvisited,0,,,0.0,0,,review,0
sensitivity_60m,S01278,ambiguous,1,2026-03-11 15:22:00,2026-03-11 15:22:00,0.0,1,0.734003944534411,ambiguous,0
sensitivity_60m,S01279,visited,1,2026-03-11 07:44:00,2026-03-11 08:17:00,33.0,34,0.621528718314321,high,0
sensitivity_60m,S01280,ambiguous,1,2026-03-13 07:38:00,2026-03-13 07:38:00,0.0,1,50.4948785918394,ambiguous,0
sensitivity_60m,S01281,unvisited,0,,,0.0,0,,review,0
sensitivity_60m,S01282,ambiguous,1,2026-03-12 13:53:00,2026-03-12 13:53:00,0.0,1,6.92880586833463,ambiguous,0
sensitivity_60m,S01283,ambiguous,1,2026-03-12 16:09:00,2026-03-12 16:11:00,0.0,2,4.76012167632105,ambiguous,0
sensitivity_60m,S01284,unvisited,0,,,0.0,0,,review,0
sensitivity_60m,S01285,unvisited,0,,,0.0,0,,review,0
sensitivity_60m,S01286,unvisited,0,,,0.0,0,,review,0
sensitivity_60m,S01287,unvisited,0,,,0.0,0,14.7596915001948,review,0
sensitivity_60m,S01288,ambiguous,1,2026-03-10 12:21:00,2026-03-10 12:21:00,0.0,1,15.8304030465611,ambiguous,0
sensitivity_60m,S01289,unvisited,0,,,0.0,0,,review,0
sensitivity_60m,S01290,ambiguous,1,2026-03-11 13:29:00,2026-03-11 13:29:00,0.0,1,9.85170052074902,ambiguous,0
sensitivity_60m,S01291,unvisited,0,,,0.0,0,,review,0
sensitivity_60m,S01292,unvisited,0,,,0.0,0,,review,0
sensitivity_60m,S01293,unvisited,0,,,0.0,0,,review,0
sensitivity_60m,S01294,unvisited,0,,,0.0,0,,review,0
sensitivity_60m,S01295,visited,1,2026-03-09 12:46:00,2026-03-09 14:25:00,99.0,85,0.489387045521212,high,0
sensitivity_60m,S01296,ambiguous,1,2026-03-11 07:39:00,2026-03-11 07:39:00,0.0,1,44.6004425129649,ambiguous,0
sensitivity_60m,S01297,unvisited,0,,,0.0,0,,review,0
sensitivity_60m,S01298,unvisited,0,,,0.0,0,,review,0
sensitivity_60m,S01299,unvisited,0,,,0.0,0,,review,0
sensitivity_60m,S01300,unvisited,0,,,0.0,0,,review,0
sensitivity_60m,S01301,unvisited,0,,,0.0,0,,review,0
sensitivity_60m,S01302,ambiguous,1,2026-03-12 07:50:00,2026-03-12 07:50:00,0.0,1,7.65783363493333,ambiguous,0
sensitivity_60m,S01303,unvisited,0,,,0.0,0,,review,0
sensitivity_60m,S01304,ambiguous,1,2026-03-09 11:13:00,2026-03-09 11:13:00,0.0,1,9.10316513221243,ambiguous,0
sensitivity_60m,S01305,visited,1,2026-03-13 08:49:00,2026-03-13 10:41:00,112.0,93,0.310764462499608,high,0
sensitivity_60m,S01306,unvisited,0,,,0.0,0,,review,0
sensitivity_60m,S01307,unvisited,0,,,0.0,0,,review,0
sensitivity_60m,S01308,unvisited,0,,,0.0,0,,review,0
sensitivity_60m,S01309,visited,1,2026-03-12 11:45:00,2026-03-12 13:02:00,77.0,78,0.244692788541492,high,0
sensitivity_60m,S01310,unvisited,0,,,0.0,0,,review,0
sensitivity_60m,S01311,unvisited,0,,,0.0,0,,review,0
sensitivity_60m,S01312,ambiguous,1,2026-03-12 10:09:00,2026-03-12 10:09:00,0.0,1,9.27666747651902,ambiguous,0
sensitivity_60m,S01313,unvisited,0,,,0.0,0,,review,0
sensitivity_60m,S01314,unvisited,0,,,0.0,0,,review,0
sensitivity_60m,S01315,unvisited,0,,,0.0,0,,review,0
sensitivity_60m,S01316,unvisited,0,,,0.0,0,,review,0
sensitivity_60m,S01317,unvisited,0,,,0.0,0,,review,0
sensitivity_60m,S01318,ambiguous,1,2026-03-11 10:17:00,2026-03-11 10:17:00,0.0,1,18.426204311374,ambiguous,0
sensitivity_60m,S01319,unvisited,0,,,0.0,0,,review,0
sensitivity_60m,S01320,ambiguous,1,2026-03-11 11:40:00,2026-03-11 11:48:00,0.0,2,1.95304652469388,ambiguous,0
sensitivity_60m,S01321,unvisited,0,,,0.0,0,,review,0
sensitivity_60m,S01322,unvisited,0,,,0.0,0,,review,0
sensitivity_60m,S01323,ambiguous,1,2026-03-11 07:36:00,2026-03-11 07:53:00,0.0,2,13.0989371771932,ambiguous,0
sensitivity_60m,S01324,unvisited,0,,,0.0,0,17.2311956009879,review,0
sensitivity_60m,S01325,unvisited,0,,,0.0,0,,review,0
sensitivity_60m,S01326,visited,1,2026-03-13 07:18:00,2026-03-13 07:50:00,32.0,33,1.37433913396608,high,0
sensitivity_60m,S01327,unvisited,0,,,0.0,0,,review,0
sensitivity_60m,S01328,unvisited,0,,,0.0,0,,review,0
sensitivity_60m,S01329,unvisited,0,,,0.0,0,,review,0
sensitivity_60m,S01330,unvisited,0,,,0.0,0,10.8450823774665,review,0
sensitivity_60m,S01331,unvisited,0,,,0.0,0,,review,0
sensitivity_60m,S01332,ambiguous,1,2026-03-09 12:00:00,2026-03-09 12:08:00,0.0,2,6.78666541638507,ambiguous,0
sensitivity_60m,S01333,unvisited,0,,,0.0,0,,review,0
sensitivity_60m,S01334,ambiguous,1,2026-03-12 13:55:00,2026-03-12 13:55:00,0.0,1,13.2216362357964,ambiguous,0
sensitivity_60m,S01335,ambiguous,1,2026-03-12 15:57:00,2026-03-12 15:57:00,0.0,1,11.1064624271291,ambiguous,0
sensitivity_60m,S01336,unvisited,0,,,0.0,0,,review,0
sensitivity_60m,S01337,visited,1,2026-03-11 15:44:00,2026-03-11 17:00:00,76.0,77,0.549210911543378,high,0
sensitivity_60m,S01338,unvisited,0,,,0.0,0,,review,0
sensitivity_60m,S01339,unvisited,0,,,0.0,0,,review,0
sensitivity_60m,S01340,unvisited,0,,,0.0,0,,review,0
sensitivity_60m,S01341,unvisited,0,,,0.0,0,,review,0
sensitivity_60m,S01342,ambiguous,1,2026-03-12 18:24:00,2026-03-12 18:24:00,0.0,1,11.5093329131148,ambiguous,0
sensitivity_60m,S01343,unvisited,0,,,0.0,0,13.3869159871242,review,0
sensitivity_60m,S01344,ambiguous,1,2026-03-10 07:35:00,2026-03-10 07:35:00,0.0,1,9.03601065156097,ambiguous,0
sensitivity_60m,S01345,ambiguous,1,2026-03-09 09:43:00,2026-03-09 09:43:00,0.0,1,7.42965174642175,ambiguous,0
sensitivity_60m,S01346,unvisited,0,,,0.0,0,,review,0
sensitivity_60m,S01347,unvisited,0,,,0.0,0,,review,0
sensitivity_60m,S01348,unvisited,0,,,0.0,0,,review,0
sensitivity_60m,S01349,unvisited,0,,,0.0,0,,review,0
sensitivity_60m,S01350,unvisited,0,,,0.0,0,,review,0
sensitivity_60m,S01351,visited,1,2026-03-09 14:39:00,2026-03-09 16:13:00,94.0,95,0.672567171905631,high,0
sensitivity_60m,S01352,unvisited,0,,,0.0,0,,review,0
sensitivity_60m,S01353,ambiguous,1,2026-03-11 12:41:00,2026-03-11 12:41:00,0.0,1,1.98725287528103,ambiguous,0
sensitivity_60m,S01354,unvisited,0,,,0.0,0,,review,0
sensitivity_60m,S01355,unvisited,0,,,0.0,0,,review,0
sensitivity_60m,S01356,unvisited,0,,,0.0,0,35.8366810471931,review,0
sensitivity_60m,S01357,unvisited,0,,,0.0,0,,review,0
sensitivity_60m,S01358,unvisited,0,,,0.0,0,,review,0
sensitivity_60m,S01359,unvisited,0,,,0.0,0,,review,0
sensitivity_60m,S01360,unvisited,0,,,0.0,0,,review,0
sensitivity_60m,S01361,unvisited,0,,,0.0,0,,review,0
sensitivity_60m,S01362,ambiguous,1,2026-03-09 07:37:00,2026-03-09 07:38:00,0.0,2,11.2783578371926,ambiguous,0
sensitivity_60m,S01363,unvisited,0,,,0.0,0,,review,0
sensitivity_60m,S01364,unvisited,0,,,0.0,0,,review,0
sensitivity_60m,S01365,unvisited,0,,,0.0,0,,review,0
sensitivity_60m,S01366,unvisited,0,,,0.0,0,,review,0
sensitivity_60m,S01367,unvisited,0,,,0.0,0,,review,0
sensitivity_60m,S01368,ambiguous,1,2026-03-11 18:49:00,2026-03-11 18:49:00,0.0,1,3.50509604910611,ambiguous,0
sensitivity_60m,S01369,visited,1,2026-03-13 12:15:00,2026-03-13 14:24:00,129.0,128,0.437646751771116,high,0
sensitivity_60m,S01370,unvisited,0,,,0.0,0,,review,0
sensitivity_60m,S01371,unvisited,0,,,0.0,0,,review,0
sensitivity_60m,S01372,unvisited,0,,,0.0,0,,review,0
sensitivity_60m,S01373,unvisited,0,,,0.0,0,,review,0
sensitivity_60m,S01374,unvisited,0,,,0.0,0,,review,0
sensitivity_60m,S01375,unvisited,0,,,0.0,0,,review,0
sensitivity_60m,S01376,unvisited,0,,,0.0,0,,review,0
sensitivity_60m,S01377,unvisited,0,,,0.0,0,,review,0
sensitivity_60m,S01378,unvisited,0,,,0.0,0,,review,0
sensitivity_60m,S01379,unvisited,0,,,0.0,0,,review,0
sensitivity_60m,S01380,unvisited,0,,,0.0,0,,review,0
sensitivity_60m,S01381,unvisited,0,,,0.0,0,,review,0
sensitivity_60m,S01382,ambiguous,1,2026-03-09 12:34:00,2026-03-09 12:34:00,0.0,1,7.27384144563459,ambiguous,0
sensitivity_60m,S01383,unvisited,0,,,0.0,0,,review,0
sensitivity_60m,S01384,unvisited,0,,,0.0,0,,review,0
sensitivity_60m,S01385,unvisited,0,,,0.0,0,,review,0
sensitivity_60m,S01386,ambiguous,1,2026-03-12 17:53:00,2026-03-12 17:53:00,0.0,1,4.69829509720114,ambiguous,0
sensitivity_60m,S01387,unvisited,0,,,0.0,0,,review,0
sensitivity_60m,S01388,unvisited,0,,,0.0,0,,review,0
sensitivity_60m,S01389,unvisited,0,,,0.0,0,,review,0
sensitivity_60m,S01390,unvisited,0,,,0.0,0,,review,0
sensitivity_60m,S01391,unvisited,0,,,0.0,0,,review,0
sensitivity_60m,S01392,ambiguous,1,2026-03-11 07:30:00,2026-03-11 07:30:00,0.0,1,10.8177723725054,ambiguous,0
sensitivity_60m,S01393,unvisited,0,,,0.0,0,,review,0
sensitivity_60m,S01394,unvisited,0,,,0.0,0,,review,0
sensitivity_60m,S01395,unvisited,0,,,0.0,0,,review,0
sensitivity_60m,S01396,unvisited,0,,,0.0,0,,review,0
sensitivity_60m,S01397,ambiguous,1,2026-03-11 12:08:00,2026-03-11 12:08:00,0.0,1,19.0536353388065,ambiguous,0
sensitivity_60m,S01398,unvisited,0,,,0.0,0,,review,0
sensitivity_60m,S01399,unvisited,0,,,0.0,0,,review,0
sensitivity_60m,S01400,unvisited,0,,,0.0,0,,review,0
sensitivity_60m,S01401,unvisited,0,,,0.0,0,8.00870695637386,review,0
sensitivity_60m,S01402,unvisited,0,,,0.0,0,,review,0
sensitivity_60m,S01403,unvisited,0,,,0.0,0,,review,0
sensitivity_60m,S01404,unvisited,0,,,0.0,0,,review,0
sensitivity_60m,S01405,unvisited,0,,,0.0,0,,review,0
sensitivity_60m,S01406,unvisited,0,,,0.0,0,,review,0
sensitivity_60m,S01407,visited,1,2026-03-13 15:35:00,2026-03-13 17:15:00,100.0,101,0.493466363331131,high,0
sensitivity_60m,S01408,unvisited,0,,,0.0,0,,review,0
sensitivity_60m,S01409,unvisited,0,,,0.0,0,,review,0
sensitivity_60m,S01410,unvisited,0,,,0.0,0,,review,0
sensitivity_60m,S01411,unvisited,0,,,0.0,0,,review,0
sensitivity_60m,S01412,unvisited,0,,,0.0,0,,review,0
sensitivity_60m,S01413,unvisited,0,,,0.0,0,7.35423853017935,review,0
sensitivity_60m,S01414,unvisited,0,,,0.0,0,,review,0
sensitivity_60m,S01415,unvisited,0,,,0.0,0,,review,0
sensitivity_60m,S01416,ambiguous,1,2026-03-13 12:37:00,2026-03-13 12:39:00,0.0,3,32.2038396450554,ambiguous,0
sensitivity_60m,S01417,ambiguous,1,2026-03-11 08:47:00,2026-03-11 08:47:00,0.0,1,9.41117987211721,ambiguous,0
sensitivity_60m,S01418,unvisited,0,,,0.0,0,,review,0
sensitivity_60m,S01419,unvisited,0,,,0.0,0,,review,0
sensitivity_60m,S01420,unvisited,0,,,0.0,0,,review,0
sensitivity_60m,S01421,visited,1,2026-03-11 18:24:00,2026-03-11 19:00:00,36.0,37,0.884778979082206,high,0
sensitivity_60m,S01422,unvisited,0,,,0.0,0,,review,0
sensitivity_60m,S01423,unvisited,0,,,0.0,0,,review,0
sensitivity_60m,S01424,unvisited,0,,,0.0,0,,review,0
sensitivity_60m,S01425,visited,1,2026-03-13 12:31:00,2026-03-13 12:56:00,25.0,13,10.4177825508077,high,0
sensitivity_60m,S01426,visited,1,2026-03-11 14:03:00,2026-03-11 14:25:00,22.0,13,16.7805124648514,high,0
sensitivity_60m,S01427,unvisited,0,,,0.0,0,,review,0
sensitivity_60m,S01428,unvisited,0,,,0.0,0,,review,0
sensitivity_60m,S01429,visited,1,2026-03-12 07:22:00,2026-03-12 07:41:00,19.0,9,26.1230060846858,high,0
sensitivity_60m,S01430,visited,1,2026-03-12 14:47:00,2026-03-12 15:02:00,15.0,10,2.14642867343785,high,0
sensitivity_60m,S01431,unvisited,0,,,0.0,0,,review,0
sensitivity_60m,S01432,unvisited,0,,,0.0,0,55.6687856989904,review,0
sensitivity_60m,S01433,visited,1,2026-03-09 07:48:00,2026-03-09 08:17:00,29.0,18,6.42313716845323,high,0
sensitivity_60m,S01434,visited,1,2026-03-12 11:02:00,2026-03-12 11:25:00,23.0,10,14.785696594724,high,0
sensitivity_60m,S01435,unvisited,0,,,0.0,0,,review,0
sensitivity_60m,S01436,unvisited,0,,,0.0,0,,review,0
sensitivity_60m,S01437,unvisited,0,,,0.0,0,,review,0
sensitivity_60m,S01438,ambiguous,1,2026-03-13 08:16:00,2026-03-13 17:51:00,0.0,25,8.28876889199526,ambiguous,0
sensitivity_60m,S01439,unvisited,0,,,0.0,0,,review,0
sensitivity_60m,S01440,ambiguous,1,2026-03-09 12:39:00,2026-03-09 12:39:00,0.0,1,29.827118495545,ambiguous,0
sensitivity_60m,S01441,unvisited,0,,,0.0,0,,review,0
sensitivity_60m,S01442,visited,1,2026-03-10 10:39:00,2026-03-10 11:03:00,24.0,13,5.22545737750862,high,0
sensitivity_60m,S01443,unvisited,0,,,0.0,0,,review,0
sensitivity_60m,S01444,unvisited,0,,,0.0,0,,review,0
sensitivity_60m,S01445,unvisited,0,,,0.0,0,,review,0
sensitivity_60m,S01446,visited,1,2026-03-11 07:16:00,2026-03-11 07:45:00,29.0,18,5.38276629324879,high,0
sensitivity_60m,S01447,unvisited,0,,,0.0,0,,review,0
sensitivity_60m,S01448,unvisited,0,,,0.0,0,,review,0
sensitivity_60m,S01449,visited,1,2026-03-10 14:13:00,2026-03-10 14:44:00,31.0,18,12.8219417112849,high,0
sensitivity_60m,S01450,unvisited,0,,,0.0,0,,review,0
sensitivity_60m,S01451,visited,1,2026-03-10 07:44:00,2026-03-10 08:13:00,29.0,18,4.5541379799916,high,0
sensitivity_60m,S01452,unvisited,0,,,0.0,0,,review,0
sensitivity_60m,S01453,unvisited,0,,,0.0,0,,review,0
sensitivity_60m,S01454,visited,1,2026-03-11 09:30:00,2026-03-11 10:01:00,31.0,17,16.5690279076375,high,0
sensitivity_60m,S01455,unvisited,0,,,0.0,0,,review,0
sensitivity_60m,S01456,unvisited,0,,,0.0,0,,review,0
sensitivity_60m,S01457,ambiguous,1,2026-03-12 11:23:00,2026-03-12 11:27:00,0.0,2,3.95677138375056,ambiguous,0
sensitivity_60m,S01458,visited,1,2026-03-11 12:23:00,2026-03-11 12:49:00,26.0,17,5.41937040293283,high,0
sensitivity_60m,S01459,unvisited,0,,,0.0,0,,review,0
sensitivity_60m,S01460,unvisited,0,,,0.0,0,,review,0
sensitivity_60m,S01461,visited,1,2026-03-10 18:19:00,2026-03-10 18:35:00,16.0,9,20.5915556338713,high,0
sensitivity_60m,S01462,ambiguous,1,2026-03-13 18:02:00,2026-03-13 18:03:00,0.0,2,28.8291799062242,ambiguous,0
sensitivity_60m,S01463,unvisited,0,,,0.0,0,,review,0
sensitivity_60m,S01464,unvisited,0,,,0.0,0,,review,0
sensitivity_60m,S01465,unvisited,0,,,0.0,0,,review,0
sensitivity_60m,S01466,unvisited,0,,,0.0,0,,review,0
sensitivity_60m,S01467,unvisited,0,,,0.0,0,,review,0
sensitivity_60m,S01468,visited,1,2026-03-11 11:26:00,2026-03-11 11:45:00,19.0,13,10.1310810142731,high,0
sensitivity_60m,S01469,unvisited,0,,,0.0,0,,review,0
sensitivity_60m,S01470,unvisited,0,,,0.0,0,,review,0
sensitivity_60m,S01471,unvisited,0,,,0.0,0,,review,0
sensitivity_60m,S01472,unvisited,0,,,0.0,0,,review,0
sensitivity_60m,S01473,unvisited,0,,,0.0,0,,review,0
sensitivity_60m,S01474,unvisited,0,,,0.0,0,,review,0
sensitivity_60m,S01475,unvisited,0,,,0.0,0,,review,0
sensitivity_60m,S01476,unvisited,0,,,0.0,0,,review,0
sensitivity_60m,S01477,unvisited,0,,,0.0,0,,review,0
sensitivity_60m,S01478,ambiguous,1,2026-03-13 07:38:00,2026-03-13 07:52:00,0.0,7,14.6444809332956,ambiguous,0
sensitivity_60m,S01479,unvisited,0,,,0.0,0,,review,0
sensitivity_60m,S01480,unvisited,0,,,0.0,0,,review,0
sensitivity_60m,S01481,unvisited,0,,,0.0,0,,review,0
sensitivity_60m,S01482,unvisited,0,,,0.0,0,,review,0
sensitivity_60m,S01483,unvisited,0,,,0.0,0,,review,0
sensitivity_60m,S01484,unvisited,0,,,0.0,0,,review,0
sensitivity_60m,S01485,unvisited,0,,,0.0,0,,review,0
sensitivity_60m,S01486,unvisited,0,,,0.0,0,,review,0
sensitivity_60m,S01487,unvisited,0,,,0.0,0,,review,0
sensitivity_60m,S01488,unvisited,0,,,0.0,0,,review,0
sensitivity_60m,S01489,unvisited,0,,,0.0,0,,review,0
sensitivity_60m,S01490,unvisited,0,,,0.0,0,,review,0
sensitivity_60m,S01491,ambiguous,1,2026-03-11 17:31:00,2026-03-11 17:45:00,0.0,8,9.41320236913785,ambiguous,0
sensitivity_60m,S01492,visited,1,2026-03-11 15:47:00,2026-03-11 16:12:00,25.0,14,8.88881118319603,high,0
sensitivity_60m,S01493,unvisited,0,,,0.0,0,,review,0
sensitivity_60m,S01494,unvisited,0,,,0.0,0,,review,0
sensitivity_60m,S01495,unvisited,0,,,0.0,0,,review,0
sensitivity_60m,S01496,unvisited,0,,,0.0,0,,review,0
sensitivity_60m,S01497,visited,1,2026-03-12 09:17:00,2026-03-12 09:39:00,22.0,13,10.8589282723172,high,0
sensitivity_60m,S01498,unvisited,0,,,0.0,0,,review,0
sensitivity_60m,S01499,visited,1,2026-03-09 15:47:00,2026-03-09 16:15:00,28.0,14,9.82824887501823,high,0
sensitivity_60m,S01500,ambiguous,1,2026-03-10 17:48:00,2026-03-10 17:48:00,0.0,2,53.8006907986854,ambiguous,0
sensitivity_60m,S01501,unvisited,0,,,0.0,0,,review,0
sensitivity_60m,S01502,unvisited,0,,,0.0,0,,review,0
sensitivity_60m,S01503,unvisited,0,,,0.0,0,,review,0
sensitivity_60m,S01504,visited,1,2026-03-11 10:38:00,2026-03-11 11:06:00,28.0,12,8.30016022328606,high,0
sensitivity_60m,S01505,visited,1,2026-03-10 09:32:00,2026-03-10 11:53:00,20.0,11,13.3698750375869,high,0
sensitivity_60m,S01506,ambiguous,1,2026-03-10 08:55:00,2026-03-10 08:55:00,0.0,1,58.9474469787322,ambiguous,0
sensitivity_60m,S01507,visited,1,2026-03-13 10:09:00,2026-03-13 10:27:00,18.0,9,17.7098743737909,high,0
sensitivity_60m,S01508,unvisited,0,,,0.0,0,,review,0
sensitivity_60m,S01509,unvisited,0,,,0.0,0,,review,0
sensitivity_60m,S01510,unvisited,0,,,0.0,0,,review,0
sensitivity_60m,S01511,unvisited,0,,,0.0,0,,review,0
sensitivity_60m,S01512,visited,1,2026-03-13 18:20:00,2026-03-13 18:36:00,16.0,8,27.2394730696544,high,0
sensitivity_60m,S01513,unvisited,0,,,0.0,0,,review,0
sensitivity_60m,S01514,ambiguous,1,2026-03-11 08:18:00,2026-03-11 08:18:00,0.0,1,10.7985926362362,ambiguous,0
sensitivity_60m,S01515,unvisited,0,,,0.0,0,,review,0
sensitivity_60m,S01516,ambiguous,1,2026-03-10 12:30:00,2026-03-10 12:30:00,0.0,1,8.09411130460117,ambiguous,0
sensitivity_60m,S01517,unvisited,0,,,0.0,0,,review,0
sensitivity_60m,S01518,unvisited,0,,,0.0,0,,review,0
sensitivity_60m,S01519,ambiguous,1,2026-03-09 08:44:00,2026-03-09 08:44:00,0.0,1,10.4239426822594,ambiguous,0
sensitivity_60m,S01520,ambiguous,1,2026-03-13 15:45:00,2026-03-13 15:45:00,0.0,1,10.4004821083727,ambiguous,0
sensitivity_60m,S01521,ambiguous,1,2026-03-11 10:36:00,2026-03-11 10:36:00,0.0,1,11.5333348830527,ambiguous,0
sensitivity_60m,S01522,unvisited,0,,,0.0,0,,review,0
sensitivity_60m,S01523,unvisited,0,,,0.0,0,,review,0
sensitivity_60m,S01524,unvisited,0,,,0.0,0,,review,0
sensitivity_60m,S01525,ambiguous,0,,,0.0,0,0.590226108731002,ambiguous,80
sensitivity_60m,S01526,ambiguous,1,2026-03-12 14:30:00,2026-03-12 15:52:00,0.0,68,0.346506068184475,ambiguous,0
sensitivity_60m,S01527,ambiguous,1,2026-03-13 11:31:00,2026-03-13 13:05:00,0.0,40,0.882529204103584,ambiguous,0
sensitivity_60m,S01528,unvisited,0,,,0.0,0,,review,0
sensitivity_60m,S01529,unvisited,0,,,0.0,0,,review,0
sensitivity_60m,S01530,ambiguous,0,,,0.0,0,7.54668400932473,ambiguous,1
sensitivity_60m,S01531,unvisited,0,,,0.0,0,,review,0
sensitivity_60m,S01532,unvisited,0,,,0.0,0,,review,0
sensitivity_60m,S01533,unvisited,0,,,0.0,0,,review,0
sensitivity_60m,S01534,unvisited,0,,,0.0,0,,review,0
sensitivity_60m,S01535,unvisited,0,,,0.0,0,,review,0
sensitivity_60m,S01536,unvisited,0,,,0.0,0,11.5323061828617,review,0
sensitivity_60m,S01537,unvisited,0,,,0.0,0,,review,0
sensitivity_60m,S01538,unvisited,0,,,0.0,0,,review,0
sensitivity_60m,S01539,ambiguous,1,2026-03-12 11:48:00,2026-03-12 11:48:00,0.0,1,5.84365444642038,ambiguous,0
sensitivity_60m,S01540,visited,1,2026-03-10 16:07:00,2026-03-10 17:47:00,100.0,101,0.437676778995531,high,0
sensitivity_60m,S01541,unvisited,0,,,0.0,0,,review,0
sensitivity_60m,S01542,unvisited,0,,,0.0,0,,review,0
sensitivity_60m,S01543,unvisited,0,,,0.0,0,,review,0
sensitivity_60m,S01544,ambiguous,1,2026-03-12 18:53:00,2026-03-12 18:53:00,0.0,1,2.65983607979158,ambiguous,0
sensitivity_60m,S01545,unvisited,0,,,0.0,0,,review,0
sensitivity_60m,S01546,unvisited,0,,,0.0,0,,review,0
sensitivity_60m,S01547,unvisited,0,,,0.0,0,,review,0
sensitivity_60m,S01548,unvisited,0,,,0.0,0,,review,0
sensitivity_60m,S01549,visited,1,2026-03-11 13:28:00,2026-03-11 14:41:00,73.0,74,0.349350387355484,high,0
sensitivity_60m,S01550,unvisited,0,,,0.0,0,,review,0
sensitivity_60m,S01551,ambiguous,1,2026-03-12 10:48:00,2026-03-12 10:58:00,0.0,2,12.3938942267182,ambiguous,0
sensitivity_60m,S01552,unvisited,0,,,0.0,0,,review,0
sensitivity_60m,S01553,unvisited,0,,,0.0,0,,review,0
sensitivity_60m,S01554,ambiguous,1,2026-03-11 18:47:00,2026-03-11 18:52:00,0.0,2,5.62470022507438,ambiguous,0
sensitivity_60m,S01555,unvisited,0,,,0.0,0,,review,0
sensitivity_60m,S01556,unvisited,0,,,0.0,0,,review,0
sensitivity_60m,S01557,visited,1,2026-03-10 15:25:00,2026-03-10 16:41:00,37.0,39,0.704400075053675,high,0
sensitivity_60m,S01558,unvisited,0,,,0.0,0,,review,0
sensitivity_60m,S01559,ambiguous,1,2026-03-12 08:39:00,2026-03-12 08:39:00,0.0,1,5.86350796154133,ambiguous,0
sensitivity_60m,S01560,unvisited,0,,,0.0,0,,review,0
sensitivity_60m,S01561,ambiguous,1,2026-03-12 07:31:00,2026-03-12 07:31:00,0.0,1,19.7001738174685,ambiguous,0
sensitivity_60m,S01562,unvisited,0,,,0.0,0,,review,0
sensitivity_60m,S01563,ambiguous,1,2026-03-11 16:32:00,2026-03-11 16:32:00,0.0,1,12.2698005886116,ambiguous,0
sensitivity_60m,S01564,ambiguous,1,2026-03-09 07:53:00,2026-03-09 07:53:00,0.0,1,8.28757163220095,ambiguous,0
sensitivity_60m,S01565,visited,1,2026-03-09 12:54:00,2026-03-09 14:47:00,113.0,114,0.244580203363748,high,0
sensitivity_60m,S01566,unvisited,0,,,0.0,0,,review,0
sensitivity_60m,S01567,unvisited,0,,,0.0,0,,review,0
sensitivity_60m,S01568,visited,1,2026-03-12 12:09:00,2026-03-12 13:48:00,99.0,100,0.155325221894963,high,0
sensitivity_60m,S01569,unvisited,0,,,0.0,0,7.93069227821628,review,0
sensitivity_60m,S01570,unvisited,0,,,0.0,0,,review,0
sensitivity_60m,S01571,unvisited,0,,,0.0,0,,review,0
sensitivity_60m,S01572,unvisited,0,,,0.0,0,,review,0
sensitivity_60m,S01573,unvisited,0,,,0.0,0,,review,0
sensitivity_60m,S01574,visited,1,2026-03-13 11:53:00,2026-03-13 13:42:00,109.0,103,0.327256000136986,high,0
sensitivity_60m,S01575,unvisited,0,,,0.0,0,,review,0
sensitivity_60m,S01576,unvisited,0,,,0.0,0,,review,0
sensitivity_60m,S01577,unvisited,0,,,0.0,0,,review,0
sensitivity_60m,S01578,unvisited,0,,,0.0,0,3.05709534505658,review,0
sensitivity_60m,S01579,ambiguous,1,2026-03-10 07:49:00,2026-03-10 07:49:00,0.0,1,9.43201103201114,ambiguous,0
sensitivity_60m,S01580,unvisited,0,,,0.0,0,,review,0
sensitivity_60m,S01581,ambiguous,1,2026-03-09 10:31:00,2026-03-09 10:31:00,0.0,1,6.67342150095226,ambiguous,0
sensitivity_60m,S01582,unvisited,0,,,0.0,0,,review,0
sensitivity_60m,S01583,ambiguous,1,2026-03-11 15:27:00,2026-03-11 15:34:00,0.0,2,2.46232755917761,ambiguous,0
sensitivity_60m,S01584,unvisited,0,,,0.0,0,,review,0
sensitivity_60m,S01585,unvisited,0,,,0.0,0,,review,0
sensitivity_60m,S01586,unvisited,0,,,0.0,0,16.7871012810273,review,0
sensitivity_60m,S01587,unvisited,0,,,0.0,0,,review,0
sensitivity_60m,S01588,unvisited,0,,,0.0,0,,review,0
sensitivity_60m,S01589,unvisited,0,,,0.0,0,,review,0
sensitivity_60m,S01590,unvisited,0,,,0.0,0,,review,0
sensitivity_60m,S01591,unvisited,0,,,0.0,0,,review,0
sensitivity_60m,S01592,ambiguous,1,2026-03-13 07:14:00,2026-03-13 07:14:00,0.0,1,2.6145464258567,ambiguous,0
sensitivity_60m,S01593,unvisited,0,,,0.0,0,,review,0
sensitivity_60m,S01594,unvisited,0,,,0.0,0,,review,0
sensitivity_60m,S01595,unvisited,0,,,0.0,0,,review,0
sensitivity_60m,S01596,ambiguous,1,2026-03-12 17:10:00,2026-03-12 17:17:00,0.0,2,1.98595068089976,ambiguous,0
sensitivity_60m,S01597,unvisited,0,,,0.0,0,,review,0
sensitivity_60m,S01598,unvisited,0,,,0.0,0,,review,0
sensitivity_60m,S01599,unvisited,0,,,0.0,0,,review,0
sensitivity_60m,S01600,unvisited,0,,,0.0,0,,review,0
sensitivity_60m,S01601,unvisited,0,,,0.0,0,,review,0
sensitivity_60m,S01602,unvisited,0,,,0.0,0,,review,0
sensitivity_60m,S01603,visited,1,2026-03-12 12:58:00,2026-03-12 14:17:00,55.0,57,0.69855530879293,high,0
sensitivity_60m,S01604,unvisited,0,,,0.0,0,,review,0
sensitivity_60m,S01605,unvisited,0,,,0.0,0,,review,0
sensitivity_60m,S01606,unvisited,0,,,0.0,0,23.5511319252656,review,0
sensitivity_60m,S01607,unvisited,0,,,0.0,0,,review,0
sensitivity_60m,S01608,unvisited,0,,,0.0,0,,review,0
sensitivity_60m,S01609,unvisited,0,,,0.0,0,,review,0
sensitivity_60m,S01610,unvisited,0,,,0.0,0,,review,0
sensitivity_60m,S01611,unvisited,0,,,0.0,0,,review,0
sensitivity_60m,S01612,unvisited,0,,,0.0,0,,review,0
sensitivity_60m,S01613,ambiguous,1,2026-03-09 07:50:00,2026-03-09 07:58:00,0.0,3,9.53365455622123,ambiguous,0
sensitivity_60m,S01614,unvisited,0,,,0.0,0,,review,0
sensitivity_60m,S01615,unvisited,0,,,0.0,0,,review,0
sensitivity_60m,S01616,visited,1,2026-03-13 08:44:00,2026-03-13 10:18:00,68.0,70,0.493338492022034,high,0
sensitivity_60m,S01617,ambiguous,1,2026-03-10 08:43:00,2026-03-10 08:43:00,0.0,1,16.7082220836694,ambiguous,0
sensitivity_60m,S01618,unvisited,0,,,0.0,0,,review,0
sensitivity_60m,S01619,unvisited,0,,,0.0,0,,review,0
sensitivity_60m,S01620,unvisited,0,,,0.0,0,,review,0
sensitivity_60m,S01621,unvisited,0,,,0.0,0,,review,0
sensitivity_60m,S01622,unvisited,0,,,0.0,0,,review,0
sensitivity_60m,S01623,unvisited,0,,,0.0,0,,review,0
sensitivity_60m,S01624,ambiguous,1,2026-03-10 18:59:00,2026-03-10 19:00:00,0.0,2,4.40175238340628,ambiguous,0
sensitivity_60m,S01625,unvisited,0,,,0.0,0,,review,0
sensitivity_60m,S01626,unvisited,0,,,0.0,0,,review,0
sensitivity_60m,S01627,unvisited,0,,,0.0,0,,review,0
sensitivity_60m,S01628,ambiguous,1,2026-03-11 15:57:00,2026-03-11 17:42:00,0.0,70,0.327644330329039,ambiguous,0
sensitivity_60m,S01629,ambiguous,1,2026-03-11 07:52:00,2026-03-11 07:52:00,0.0,1,10.7216016078295,ambiguous,0
sensitivity_60m,S01630,unvisited,0,,,0.0,0,,review,0
sensitivity_60m,S01631,unvisited,0,,,0.0,0,,review,0
sensitivity_60m,S01632,unvisited,0,,,0.0,0,,review,0
sensitivity_60m,S01633,unvisited,0,,,0.0,0,,review,0
sensitivity_60m,S01634,unvisited,0,,,0.0,0,,review,0
sensitivity_60m,S01635,ambiguous,1,2026-03-12 12:28:00,2026-03-12 12:28:00,0.0,1,11.2734924500356,ambiguous,0
sensitivity_60m,S01636,unvisited,0,,,0.0,0,,review,0
sensitivity_60m,S01637,visited,1,2026-03-11 12:07:00,2026-03-11 13:53:00,106.0,94,0.155524121687421,high,0
sensitivity_60m,S01638,unvisited,0,,,0.0,0,,review,0
sensitivity_60m,S01639,visited,1,2026-03-12 12:31:00,2026-03-12 14:05:00,94.0,95,0.546817109356551,high,0
sensitivity_60m,S01640,visited,1,2026-03-13 09:26:00,2026-03-13 10:41:00,75.0,76,0.881929243964307,high,0
sensitivity_60m,S01641,unvisited,0,,,0.0,0,,review,0
sensitivity_60m,S01642,unvisited,0,,,0.0,0,,review,0
sensitivity_60m,S01643,unvisited,0,,,0.0,0,,review,0
sensitivity_60m,S01644,unvisited,0,,,0.0,0,,review,0
sensitivity_60m,S01645,ambiguous,1,2026-03-10 18:10:00,2026-03-10 18:10:00,0.0,1,5.06282684280953,ambiguous,0
sensitivity_60m,S01646,unvisited,0,,,0.0,0,,review,0
sensitivity_60m,S01647,visited,1,2026-03-09 14:58:00,2026-03-09 16:34:00,96.0,72,0.311081165090498,high,0
sensitivity_60m,S01648,ambiguous,1,2026-03-09 17:51:00,2026-03-09 17:51:00,0.0,1,14.1705584803467,ambiguous,0
sensitivity_60m,S01649,unvisited,0,,,0.0,0,,review,0
sensitivity_60m,S01650,ambiguous,1,2026-03-13 07:27:00,2026-03-13 07:27:00,0.0,1,18.0274979768219,ambiguous,0
sensitivity_60m,S01651,unvisited,0,,,0.0,0,,review,0
sensitivity_60m,S01652,unvisited,0,,,0.0,0,,review,0
sensitivity_60m,S01653,unvisited,0,,,0.0,0,21.5771116428965,review,0
sensitivity_60m,S01654,unvisited,0,,,0.0,0,,review,0
sensitivity_60m,S01655,unvisited,0,,,0.0,0,,review,0
sensitivity_60m,S01656,unvisited,0,,,0.0,0,,review,0
sensitivity_60m,S01657,unvisited,0,,,0.0,0,,review,0
sensitivity_60m,S01658,unvisited,0,,,0.0,0,,review,0
sensitivity_60m,S01659,unvisited,0,,,0.0,0,,review,0
sensitivity_60m,S01660,ambiguous,1,2026-03-11 10:42:00,2026-03-11 10:42:00,0.0,1,13.7759140074775,ambiguous,0
sensitivity_60m,S01661,unvisited,0,,,0.0,0,,review,0
sensitivity_60m,S01662,visited,1,2026-03-09 10:57:00,2026-03-09 11:29:00,32.0,33,1.54719804447095,high,0
sensitivity_60m,S01663,unvisited,0,,,0.0,0,,review,0
sensitivity_60m,S01664,visited,1,2026-03-10 15:06:00,2026-03-10 16:58:00,112.0,113,0.455684208578808,high,0
sensitivity_60m,S01665,unvisited,0,,,0.0,0,10.4428536478546,review,0
sensitivity_60m,S01666,ambiguous,1,2026-03-10 11:25:00,2026-03-10 11:25:00,0.0,1,11.4751861227997,ambiguous,0
sensitivity_60m,S01667,unvisited,0,,,0.0,0,,review,0
sensitivity_60m,S01668,unvisited,0,,,0.0,0,,review,0
sensitivity_60m,S01669,ambiguous,1,2026-03-11 15:29:00,2026-03-11 15:55:00,0.0,2,17.9086488843244,ambiguous,0
sensitivity_60m,S01670,unvisited,0,,,0.0,0,,review,0
sensitivity_60m,S01671,unvisited,0,,,0.0,0,,review,0
sensitivity_60m,S01672,visited,1,2026-03-10 15:22:00,2026-03-10 16:52:00,90.0,89,0.702811823330309,high,0
sensitivity_60m,S01673,unvisited,0,,,0.0,0,,review,0
sensitivity_60m,S01674,ambiguous,1,2026-03-12 16:31:00,2026-03-12 16:31:00,0.0,1,7.99071382929476,ambiguous,0
sensitivity_60m,S01675,unvisited,0,,,0.0,0,,review,0
sensitivity_60m,S01676,unvisited,0,,,0.0,0,,review,0
sensitivity_60m,S01677,unvisited,0,,,0.0,0,,review,0
sensitivity_60m,S01678,unvisited,0,,,0.0,0,,review,0
sensitivity_60m,S01679,ambiguous,1,2026-03-13 09:54:00,2026-03-13 09:54:00,0.0,1,8.38407917810269,ambiguous,0
sensitivity_60m,S01680,ambiguous,1,2026-03-13 07:33:00,2026-03-13 07:36:00,0.0,2,4.19688626823038,ambiguous,0
sensitivity_60m,S01681,ambiguous,1,2026-03-11 18:03:00,2026-03-11 18:03:00,0.0,1,17.4335532382231,ambiguous,0
sensitivity_60m,S01682,unvisited,0,,,0.0,0,,review,0
sensitivity_60m,S01683,ambiguous,1,2026-03-09 11:52:00,2026-03-09 11:52:00,0.0,1,15.2917663863899,ambiguous,0
sensitivity_60m,S01684,unvisited,0,,,0.0,0,,review,0
sensitivity_60m,S01685,ambiguous,1,2026-03-11 09:09:00,2026-03-11 09:09:00,0.0,1,27.2313487028744,ambiguous,0
sensitivity_60m,S01686,unvisited,0,,,0.0,0,,review,0
sensitivity_60m,S01687,unvisited,0,,,0.0,0,,review,0
sensitivity_60m,S01688,ambiguous,1,2026-03-09 18:11:00,2026-03-09 18:11:00,0.0,1,3.23407011951953,ambiguous,0
sensitivity_60m,S01689,ambiguous,1,2026-03-09 16:57:00,2026-03-09 16:57:00,0.0,1,4.59494402668077,ambiguous,0
sensitivity_60m,S01690,unvisited,0,,,0.0,0,,review,0
sensitivity_60m,S01691,ambiguous,1,2026-03-11 14:36:00,2026-03-11 16:10:00,0.0,47,0.218449867472126,ambiguous,0
sensitivity_60m,S01692,unvisited,0,,,0.0,0,1.22158330537171,review,0
sensitivity_60m,S01693,ambiguous,1,2026-03-10 07:23:00,2026-03-10 07:23:00,0.0,1,3.13480432255937,ambiguous,0
sensitivity_60m,S01694,ambiguous,1,2026-03-12 08:55:00,2026-03-12 08:55:00,0.0,1,15.4117874846327,ambiguous,0
sensitivity_60m,S01695,unvisited,0,,,0.0,0,,review,0
sensitivity_60m,S01696,unvisited,0,,,0.0,0,,review,0
sensitivity_60m,S01697,ambiguous,1,2026-03-12 13:41:00,2026-03-12 13:41:00,0.0,1,5.72915108088608,ambiguous,0
sensitivity_60m,S01698,unvisited,0,,,0.0,0,,review,0
sensitivity_60m,S01699,unvisited,0,,,0.0,0,,review,0
sensitivity_60m,S01700,unvisited,0,,,0.0,0,,review,0
sensitivity_60m,S01701,visited,1,2026-03-09 13:46:00,2026-03-09 15:49:00,123.0,124,0.450667913416669,high,0
sensitivity_60m,S01702,unvisited,0,,,0.0,0,,review,0
sensitivity_60m,S01703,visited,1,2026-03-12 10:31:00,2026-03-12 12:14:00,103.0,104,0.833569534848079,high,0
sensitivity_60m,S01704,ambiguous,2,2026-03-12 13:51:00,2026-03-13 14:44:00,0.0,101,0.39534060355286,ambiguous,0
sensitivity_60m,S01705,unvisited,0,,,0.0,0,,review,0
sensitivity_60m,S01706,unvisited,0,,,0.0,0,,review,0
sensitivity_60m,S01707,ambiguous,1,2026-03-12 15:30:00,2026-03-12 15:30:00,0.0,1,5.86410433544793,ambiguous,0
sensitivity_60m,S01708,unvisited,0,,,0.0,0,,review,0
sensitivity_60m,S01709,unvisited,0,,,0.0,0,,review,0
sensitivity_60m,S01710,unvisited,0,,,0.0,0,,review,0
sensitivity_60m,S01711,unvisited,0,,,0.0,0,,review,0
sensitivity_60m,S01712,unvisited,0,,,0.0,0,,review,0
sensitivity_60m,S01713,unvisited,0,,,0.0,0,,review,0
sensitivity_60m,S01714,unvisited,0,,,0.0,0,,review,0
sensitivity_60m,S01715,unvisited,0,,,0.0,0,,review,0
sensitivity_60m,S01716,unvisited,0,,,0.0,0,,review,0
sensitivity_60m,S01717,unvisited,0,,,0.0,0,,review,0
sensitivity_60m,S01718,unvisited,0,,,0.0,0,,review,0
sensitivity_60m,S01719,ambiguous,1,2026-03-10 07:46:00,2026-03-10 07:46:00,0.0,1,11.5675627018683,ambiguous,0
sensitivity_60m,S01720,unvisited,0,,,0.0,0,,review,0
sensitivity_60m,S01721,unvisited,0,,,0.0,0,,review,0
sensitivity_60m,S01722,unvisited,0,,,0.0,0,,review,0
sensitivity_60m,S01723,unvisited,0,,,0.0,0,,review,0
sensitivity_60m,S01724,unvisited,0,,,0.0,0,,review,0
sensitivity_60m,S01725,unvisited,0,,,0.0,0,,review,0
sensitivity_60m,S01726,unvisited,0,,,0.0,0,,review,0
sensitivity_60m,S01727,unvisited,0,,,0.0,0,,review,0
sensitivity_60m,S01728,unvisited,0,,,0.0,0,,review,0
sensitivity_60m,S01729,unvisited,0,,,0.0,0,,review,0
sensitivity_60m,S01730,ambiguous,1,2026-03-13 14:34:00,2026-03-13 14:34:00,0.0,1,4.59152247152382,ambiguous,0
sensitivity_60m,S01731,unvisited,0,,,0.0,0,,review,0
sensitivity_60m,S01732,ambiguous,1,2026-03-09 07:46:00,2026-03-09 07:52:00,0.0,2,19.3775376261382,ambiguous,0
sensitivity_60m,S01733,unvisited,0,,,0.0,0,,review,0
sensitivity_60m,S01734,unvisited,0,,,0.0,0,9.10010855803222,review,0
sensitivity_60m,S01735,unvisited,0,,,0.0,0,,review,0
sensitivity_60m,S01736,unvisited,0,,,0.0,0,,review,0
sensitivity_60m,S01737,unvisited,0,,,0.0,0,,review,0
sensitivity_60m,S01738,unvisited,0,,,0.0,0,,review,0
sensitivity_60m,S01739,unvisited,0,,,0.0,0,,review,0
sensitivity_60m,S01740,unvisited,0,,,0.0,0,,review,0
sensitivity_60m,S01741,visited,1,2026-03-12 18:25:00,2026-03-12 19:00:00,35.0,36,0.450078875790959,high,0
sensitivity_60m,S01742,unvisited,0,,,0.0,0,,review,0
sensitivity_60m,S01743,unvisited,0,,,0.0,0,20.8936384123847,review,0
sensitivity_60m,S01744,ambiguous,1,2026-03-11 16:32:00,2026-03-11 16:32:00,0.0,1,12.8933084153336,ambiguous,0
sensitivity_60m,S01745,unvisited,0,,,0.0,0,,review,0
sensitivity_60m,S01746,unvisited,0,,,0.0,0,,review,0
sensitivity_60m,S01747,unvisited,0,,,0.0,0,,review,0
sensitivity_60m,S01748,unvisited,0,,,0.0,0,5.32432961436188,review,0
sensitivity_60m,S01749,ambiguous,1,2026-03-13 09:16:00,2026-03-13 09:16:00,0.0,1,14.0689736423131,ambiguous,0
sensitivity_60m,S01750,unvisited,0,,,0.0,0,,review,0
sensitivity_60m,S01751,unvisited,0,,,0.0,0,,review,0
sensitivity_60m,S01752,ambiguous,1,2026-03-13 08:21:00,2026-03-13 08:49:00,0.0,3,11.6455917834583,ambiguous,0
sensitivity_60m,S01753,visited,1,2026-03-13 12:24:00,2026-03-13 14:07:00,53.0,82,0.489162061532694,high,0
sensitivity_60m,S01754,unvisited,0,,,0.0,0,,review,0
sensitivity_60m,S01755,ambiguous,1,2026-03-10 14:28:00,2026-03-10 14:28:00,0.0,1,13.8124328909117,ambiguous,0
sensitivity_60m,S01756,unvisited,0,,,0.0,0,,review,0
sensitivity_60m,S01757,unvisited,0,,,0.0,0,,review,0
sensitivity_60m,S01758,ambiguous,1,2026-03-09 08:17:00,2026-03-09 08:17:00,0.0,1,10.2319143519148,ambiguous,0
sensitivity_60m,S01759,unvisited,0,,,0.0,0,15.076500214875,review,0
sensitivity_60m,S01760,unvisited,0,,,0.0,0,,review,0
sensitivity_60m,S01761,unvisited,0,,,0.0,0,,review,0
sensitivity_60m,S01762,unvisited,0,,,0.0,0,,review,0
sensitivity_60m,S01763,visited,1,2026-03-11 11:58:00,2026-03-11 13:26:00,88.0,89,0.221187137561904,high,0
sensitivity_60m,S01764,visited,1,2026-03-13 08:54:00,2026-03-13 09:24:00,30.0,31,2.10411188729558,high,0
sensitivity_60m,S01765,visited,1,2026-03-12 15:53:00,2026-03-12 17:23:00,90.0,91,0.246619390680624,high,0
sensitivity_60m,S01766,unvisited,0,,,0.0,0,7.85822051681043,review,0
sensitivity_60m,S01767,unvisited,0,,,0.0,0,,review,0
sensitivity_60m,S01768,unvisited,0,,,0.0,0,,review,0
sensitivity_60m,S01769,unvisited,0,,,0.0,0,,review,0
sensitivity_60m,S01770,ambiguous,1,2026-03-12 12:23:00,2026-03-12 12:23:00,0.0,1,15.5176884550005,ambiguous,0
sensitivity_60m,S01771,visited,1,2026-03-12 09:05:00,2026-03-12 09:38:00,33.0,34,1.90654038662334,high,0
sensitivity_60m,S01772,unvisited,0,,,0.0,0,,review,0
sensitivity_60m,S01773,unvisited,0,,,0.0,0,,review,0
sensitivity_60m,S01774,visited,1,2026-03-10 11:28:00,2026-03-10 12:54:00,86.0,75,0.450082361519129,high,0
sensitivity_60m,S01775,ambiguous,1,2026-03-13 14:06:00,2026-03-13 14:06:00,0.0,1,5.65712818108724,ambiguous,2
sensitivity_60m,S01776,unvisited,0,,,0.0,0,,review,0
sensitivity_60m,S01777,unvisited,0,,,0.0,0,,review,0
sensitivity_60m,S01778,ambiguous,1,2026-03-09 08:59:00,2026-03-09 08:59:00,0.0,1,11.3402929962791,ambiguous,0
sensitivity_60m,S01779,unvisited,0,,,0.0,0,,review,0
sensitivity_60m,S01780,unvisited,0,,,0.0,0,,review,0
sensitivity_60m,S01781,visited,1,2026-03-13 11:26:00,2026-03-13 13:22:00,116.0,117,0.110593615917107,high,0
sensitivity_60m,S01782,ambiguous,1,2026-03-12 17:34:00,2026-03-12 17:34:00,0.0,1,42.6526926429911,ambiguous,0
sensitivity_60m,S01783,unvisited,0,,,0.0,0,,review,0
sensitivity_60m,S01784,ambiguous,1,2026-03-11 16:46:00,2026-03-11 17:55:00,0.0,50,8.07732761514047,ambiguous,0
sensitivity_60m,S01785,ambiguous,1,2026-03-13 14:41:00,2026-03-13 14:41:00,0.0,1,27.2980896508902,ambiguous,0
sensitivity_60m,S01786,unvisited,0,,,0.0,0,,review,0
sensitivity_60m,S01787,unvisited,0,,,0.0,0,,review,0
sensitivity_60m,S01788,visited,1,2026-03-09 10:52:00,2026-03-09 11:48:00,56.0,57,0.395000737991347,high,0
sensitivity_60m,S01789,unvisited,0,,,0.0,0,,review,0
sensitivity_60m,S01790,unvisited,0,,,0.0,0,,review,0
sensitivity_60m,S01791,ambiguous,1,2026-03-11 15:37:00,2026-03-11 15:40:00,0.0,2,10.9424835195903,ambiguous,0
sensitivity_60m,S01792,ambiguous,1,2026-03-11 07:19:00,2026-03-11 07:19:00,0.0,1,11.6320925197717,ambiguous,0
sensitivity_60m,S01793,ambiguous,1,2026-03-12 12:04:00,2026-03-12 12:04:00,0.0,1,12.0623231181767,ambiguous,0
sensitivity_60m,S01794,unvisited,0,,,0.0,0,,review,0
sensitivity_60m,S01795,unvisited,0,,,0.0,0,,review,0
sensitivity_60m,S01796,unvisited,0,,,0.0,0,,review,0
sensitivity_60m,S01797,ambiguous,1,2026-03-12 16:21:00,2026-03-12 16:21:00,0.0,1,12.5946393764631,ambiguous,0
sensitivity_60m,S01798,unvisited,0,,,0.0,0,,review,0
sensitivity_60m,S01799,unvisited,0,,,0.0,0,,review,0
sensitivity_60m,S01800,unvisited,0,,,0.0,0,,review,0
sensitivity_60m,S01801,unvisited,0,,,0.0,0,,review,0
sensitivity_60m,S01802,unvisited,0,,,0.0,0,,review,0
sensitivity_60m,S01803,unvisited,0,,,0.0,0,,review,0
sensitivity_60m,S01804,visited,1,2026-03-10 07:20:00,2026-03-10 07:51:00,31.0,32,1.09885801411574,high,0
sensitivity_60m,S01805,ambiguous,1,2026-03-10 16:23:00,2026-03-10 16:47:00,0.0,2,2.35674384323724,ambiguous,0
sensitivity_60m,S01806,unvisited,0,,,0.0,0,,review,0
sensitivity_60m,S01807,unvisited,0,,,0.0,0,,review,0
sensitivity_60m,S01808,unvisited,0,,,0.0,0,,review,0
sensitivity_60m,S01809,unvisited,0,,,0.0,0,,review,0
sensitivity_60m,S01810,unvisited,0,,,0.0,0,,review,0
sensitivity_60m,S01811,unvisited,0,,,0.0,0,,review,0
sensitivity_60m,S01812,unvisited,0,,,0.0,0,,review,0
sensitivity_60m,S01813,unvisited,0,,,0.0,0,,review,0
sensitivity_60m,S01814,unvisited,0,,,0.0,0,,review,0
sensitivity_60m,S01815,unvisited,0,,,0.0,0,,review,0
sensitivity_60m,S01816,unvisited,0,,,0.0,0,,review,0
sensitivity_60m,S01817,unvisited,0,,,0.0,0,,review,0
sensitivity_60m,S01818,unvisited,0,,,0.0,0,,review,0
sensitivity_60m,S01819,ambiguous,1,2026-03-13 07:31:00,2026-03-13 07:31:00,0.0,1,11.828971354406,ambiguous,0
sensitivity_60m,S01820,unvisited,0,,,0.0,0,,review,0
sensitivity_60m,S01821,unvisited,0,,,0.0,0,,review,0
sensitivity_60m,S01822,ambiguous,1,2026-03-13 11:31:00,2026-03-13 11:31:00,0.0,1,12.4227766522578,ambiguous,0
sensitivity_60m,S01823,ambiguous,1,2026-03-10 14:58:00,2026-03-10 14:58:00,0.0,1,10.5285684429849,ambiguous,0
sensitivity_60m,S01824,unvisited,0,,,0.0,0,,review,0
sensitivity_60m,S01825,unvisited,0,,,0.0,0,,review,0
sensitivity_60m,S01826,unvisited,0,,,0.0,0,6.89887843993683,review,0
sensitivity_60m,S01827,unvisited,0,,,0.0,0,,review,0
sensitivity_60m,S01828,unvisited,0,,,0.0,0,,review,0
sensitivity_60m,S01829,unvisited,0,,,0.0,0,,review,0
sensitivity_60m,S01830,unvisited,0,,,0.0,0,,review,0
sensitivity_60m,S01831,ambiguous,1,2026-03-10 17:33:00,2026-03-10 17:33:00,0.0,1,14.2302379374896,ambiguous,0
sensitivity_60m,S01832,unvisited,0,,,0.0,0,,review,0
sensitivity_60m,S01833,unvisited,0,,,0.0,0,,review,0
sensitivity_60m,S01834,unvisited,0,,,0.0,0,,review,0
sensitivity_60m,S01835,unvisited,0,,,0.0,0,,review,0
sensitivity_60m,S01836,unvisited,0,,,0.0,0,,review,0
sensitivity_60m,S01837,visited,1,2026-03-13 13:58:00,2026-03-13 14:29:00,31.0,32,2.31331655253254,high,0
sensitivity_60m,S01838,unvisited,0,,,0.0,0,,review,0
sensitivity_60m,S01839,unvisited,0,,,0.0,0,,review,0
sensitivity_60m,S01840,unvisited,0,,,0.0,0,,review,0
sensitivity_60m,S01841,ambiguous,1,2026-03-11 11:19:00,2026-03-11 11:19:00,0.0,1,14.7837867800922,ambiguous,0
sensitivity_60m,S01842,ambiguous,1,2026-03-09 08:08:00,2026-03-09 08:08:00,0.0,1,8.66279918932953,ambiguous,0
sensitivity_60m,S01843,unvisited,0,,,0.0,0,,review,0
sensitivity_60m,S01844,unvisited,0,,,0.0,0,,review,0
sensitivity_60m,S01845,unvisited,0,,,0.0,0,,review,0
sensitivity_60m,S01846,unvisited,0,,,0.0,0,,review,0
sensitivity_60m,S01847,unvisited,0,,,0.0,0,,review,0
sensitivity_60m,S01848,unvisited,0,,,0.0,0,,review,0
sensitivity_60m,S01849,unvisited,0,,,0.0,0,,review,0
sensitivity_60m,S01850,unvisited,0,,,0.0,0,,review,0
sensitivity_60m,S01851,unvisited,0,,,0.0,0,,review,0
sensitivity_60m,S01852,ambiguous,1,2026-03-11 07:49:00,2026-03-11 07:49:00,0.0,1,5.63784450562036,ambiguous,0
sensitivity_60m,S01853,unvisited,0,,,0.0,0,,review,0
sensitivity_60m,S01854,unvisited,0,,,0.0,0,,review,0
sensitivity_60m,S01855,ambiguous,1,2026-03-11 13:54:00,2026-03-11 13:54:00,0.0,1,25.2282912018548,ambiguous,0
sensitivity_60m,S01856,unvisited,0,,,0.0,0,,review,0
sensitivity_60m,S01857,unvisited,0,,,0.0,0,,review,0
sensitivity_60m,S01858,visited,1,2026-03-11 15:25:00,2026-03-11 15:55:00,30.0,31,1.87389723222873,high,0
sensitivity_60m,S01859,unvisited,0,,,0.0,0,,review,0
sensitivity_60m,S01860,unvisited,0,,,0.0,0,,review,0
sensitivity_60m,S01861,unvisited,0,,,0.0,0,,review,0
sensitivity_60m,S01862,unvisited,0,,,0.0,0,,review,0
sensitivity_60m,S01863,unvisited,0,,,0.0,0,,review,0
sensitivity_60m,S01864,unvisited,0,,,0.0,0,,review,0
sensitivity_60m,S01865,ambiguous,1,2026-03-12 17:08:00,2026-03-12 17:09:00,0.0,2,10.0592252199731,ambiguous,0
sensitivity_60m,S01866,unvisited,0,,,0.0,0,,review,0
sensitivity_60m,S01867,unvisited,0,,,0.0,0,,review,0
sensitivity_60m,S01868,unvisited,0,,,0.0,0,,review,0
sensitivity_60m,S01869,ambiguous,1,2026-03-10 13:32:00,2026-03-10 13:32:00,0.0,1,7.04521823919967,ambiguous,0
sensitivity_60m,S01870,unvisited,0,,,0.0,0,,review,0
sensitivity_60m,S01871,unvisited,0,,,0.0,0,,review,0
sensitivity_60m,S01872,unvisited,0,,,0.0,0,,review,0
sensitivity_60m,S01873,unvisited,0,,,0.0,0,,review,0
sensitivity_60m,S01874,unvisited,0,,,0.0,0,,review,0
sensitivity_60m,S01875,ambiguous,1,2026-03-09 16:19:00,2026-03-09 16:19:00,0.0,1,24.3350673649284,ambiguous,0
sensitivity_60m,S01876,unvisited,0,,,0.0,0,,review,0
sensitivity_60m,S01877,unvisited,0,,,0.0,0,,review,0
sensitivity_60m,S01878,unvisited,0,,,0.0,0,,review,0
sensitivity_60m,S01879,unvisited,0,,,0.0,0,,review,0
sensitivity_60m,S01880,unvisited,0,,,0.0,0,,review,0
sensitivity_60m,S01881,unvisited,0,,,0.0,0,,review,0
sensitivity_60m,S01882,ambiguous,1,2026-03-12 16:26:00,2026-03-12 16:36:00,0.0,2,2.10393775868469,ambiguous,0
sensitivity_60m,S01883,unvisited,0,,,0.0,0,,review,0
sensitivity_60m,S01884,unvisited,0,,,0.0,0,,review,0
sensitivity_60m,S01885,unvisited,0,,,0.0,0,,review,0
sensitivity_60m,S01886,unvisited,0,,,0.0,0,,review,0
sensitivity_60m,S01887,unvisited,0,,,0.0,0,,review,0
sensitivity_60m,S01888,unvisited,0,,,0.0,0,,review,0
sensitivity_60m,S01889,unvisited,0,,,0.0,0,,review,0
sensitivity_60m,S01890,ambiguous,1,2026-03-13 18:05:00,2026-03-13 18:05:00,0.0,1,17.0210543103213,ambiguous,0
sensitivity_60m,S01891,unvisited,0,,,0.0,0,,review,0
sensitivity_60m,S01892,unvisited,0,,,0.0,0,,review,0
sensitivity_60m,S01893,unvisited,0,,,0.0,0,,review,0
sensitivity_60m,S01894,unvisited,0,,,0.0,0,,review,0
sensitivity_60m,S01895,ambiguous,1,2026-03-10 18:56:00,2026-03-10 19:00:00,0.0,5,1.43505985635888,ambiguous,0
sensitivity_60m,S01896,unvisited,0,,,0.0,0,,review,0
sensitivity_60m,S01897,unvisited,0,,,0.0,0,,review,0
sensitivity_60m,S01898,ambiguous,1,2026-03-13 08:31:00,2026-03-13 08:47:00,0.0,2,8.59398904044374,ambiguous,0
sensitivity_60m,S01899,unvisited,0,,,0.0,0,,review,0
sensitivity_60m,S01900,visited,1,2026-03-10 16:06:00,2026-03-10 16:39:00,33.0,34,2.1762382740112,high,0
sensitivity_60m,S01901,unvisited,0,,,0.0,0,,review,0
sensitivity_60m,S01902,unvisited,0,,,0.0,0,,review,0
sensitivity_60m,S01903,unvisited,0,,,0.0,0,,review,0
sensitivity_60m,S01904,unvisited,0,,,0.0,0,,review,0
sensitivity_60m,S01905,unvisited,0,,,0.0,0,,review,0
sensitivity_60m,S01906,unvisited,0,,,0.0,0,,review,0
sensitivity_60m,S01907,unvisited,0,,,0.0,0,,review,0
sensitivity_60m,S01908,unvisited,0,,,0.0,0,,review,0
sensitivity_60m,S01909,ambiguous,1,2026-03-12 12:24:00,2026-03-12 12:24:00,0.0,1,12.5535803180895,ambiguous,0
sensitivity_60m,S01910,unvisited,0,,,0.0,0,,review,0
sensitivity_60m,S01911,unvisited,0,,,0.0,0,,review,0
sensitivity_60m,S01912,unvisited,0,,,0.0,0,,review,0
sensitivity_60m,S01913,unvisited,0,,,0.0,0,,review,0
sensitivity_60m,S01914,unvisited,0,,,0.0,0,,review,0
sensitivity_60m,S01915,unvisited,0,,,0.0,0,,review,0
sensitivity_60m,S01916,unvisited,0,,,0.0,0,,review,0
sensitivity_60m,S01917,unvisited,0,,,0.0,0,,review,0
sensitivity_60m,S01918,unvisited,0,,,0.0,0,,review,0
sensitivity_60m,S01919,unvisited,0,,,0.0,0,,review,0
sensitivity_60m,S01920,unvisited,0,,,0.0,0,,review,0
sensitivity_60m,S01921,unvisited,0,,,0.0,0,,review,0
sensitivity_60m,S01922,unvisited,0,,,0.0,0,,review,0
sensitivity_60m,S01923,unvisited,0,,,0.0,0,,review,0
sensitivity_60m,S01924,unvisited,0,,,0.0,0,,review,0
sensitivity_60m,S01925,unvisited,0,,,0.0,0,,review,0
sensitivity_60m,S01926,unvisited,0,,,0.0,0,,review,0
sensitivity_60m,S01927,unvisited,0,,,0.0,0,,review,0
sensitivity_60m,S01928,unvisited,0,,,0.0,0,,review,0
sensitivity_60m,S01929,unvisited,0,,,0.0,0,,review,0
sensitivity_60m,S01930,ambiguous,1,2026-03-09 17:16:00,2026-03-09 17:16:00,0.0,1,10.0640061559649,ambiguous,0
sensitivity_60m,S01931,unvisited,0,,,0.0,0,,review,0
sensitivity_60m,S01932,unvisited,0,,,0.0,0,,review,0
sensitivity_60m,S01933,unvisited,0,,,0.0,0,,review,0
sensitivity_60m,S01934,unvisited,0,,,0.0,0,,review,0
sensitivity_60m,S01935,unvisited,0,,,0.0,0,,review,0
sensitivity_60m,S01936,unvisited,0,,,0.0,0,,review,0
sensitivity_60m,S01937,unvisited,0,,,0.0,0,,review,0
sensitivity_60m,S01938,unvisited,0,,,0.0,0,,review,0
sensitivity_60m,S01939,unvisited,0,,,0.0,0,,review,0
sensitivity_60m,S01940,ambiguous,1,2026-03-10 12:26:00,2026-03-10 12:26:00,0.0,1,3.43112289770064,ambiguous,0
sensitivity_60m,S01941,unvisited,0,,,0.0,0,,review,0
sensitivity_60m,S01942,unvisited,0,,,0.0,0,,review,0
sensitivity_60m,S01943,unvisited,0,,,0.0,0,,review,0
sensitivity_60m,S01944,unvisited,0,,,0.0,0,,review,0
sensitivity_60m,S01945,ambiguous,1,2026-03-10 16:45:00,2026-03-10 16:45:00,0.0,1,14.9747220319554,ambiguous,0
sensitivity_60m,S01946,unvisited,0,,,0.0,0,15.9737882139508,review,0
sensitivity_60m,S01947,unvisited,0,,,0.0,0,,review,0
sensitivity_60m,S01948,unvisited,0,,,0.0,0,,review,0
sensitivity_60m,S01949,unvisited,0,,,0.0,0,,review,0
sensitivity_60m,S01950,unvisited,0,,,0.0,0,,review,0
sensitivity_60m,S01951,unvisited,0,,,0.0,0,,review,0
sensitivity_60m,S01952,unvisited,0,,,0.0,0,,review,0
sensitivity_60m,S01953,unvisited,0,,,0.0,0,,review,0
sensitivity_60m,S01954,unvisited,0,,,0.0,0,,review,0
sensitivity_60m,S01955,unvisited,0,,,0.0,0,,review,0
sensitivity_60m,S01956,unvisited,0,,,0.0,0,,review,0
sensitivity_60m,S01957,unvisited,0,,,0.0,0,,review,0
sensitivity_60m,S01958,visited,1,2026-03-12 17:43:00,2026-03-12 19:00:00,77.0,78,0.672483036896397,high,0
sensitivity_60m,S01959,unvisited,0,,,0.0,0,,review,0
sensitivity_60m,S01960,unvisited,0,,,0.0,0,,review,0
sensitivity_60m,S01961,unvisited,0,,,0.0,0,,review,0
sensitivity_60m,S01962,unvisited,0,,,0.0,0,,review,0
sensitivity_60m,S01963,ambiguous,1,2026-03-12 15:05:00,2026-03-12 15:05:00,0.0,1,10.5108344974163,ambiguous,0
sensitivity_60m,S01964,unvisited,0,,,0.0,0,,review,0
sensitivity_60m,S01965,unvisited,0,,,0.0,0,,review,0
sensitivity_60m,S01966,unvisited,0,,,0.0,0,,review,0
sensitivity_60m,S01967,unvisited,0,,,0.0,0,,review,0
sensitivity_60m,S01968,unvisited,0,,,0.0,0,,review,0
sensitivity_60m,S01969,ambiguous,1,2026-03-09 12:35:00,2026-03-09 12:35:00,0.0,1,7.2180698065129,ambiguous,0
sensitivity_60m,S01970,ambiguous,1,2026-03-09 07:50:00,2026-03-09 07:50:00,0.0,1,17.1261290165937,ambiguous,0
sensitivity_60m,S01971,unvisited,0,,,0.0,0,,review,0
sensitivity_60m,S01972,unvisited,0,,,0.0,0,,review,0
sensitivity_60m,S01973,unvisited,0,,,0.0,0,,review,0
sensitivity_60m,S01974,unvisited,0,,,0.0,0,,review,0
sensitivity_60m,S01975,unvisited,0,,,0.0,0,,review,0
sensitivity_60m,S01976,unvisited,0,,,0.0,0,,review,0
sensitivity_60m,S01977,unvisited,0,,,0.0,0,,review,0
sensitivity_60m,S01978,ambiguous,1,2026-03-13 10:01:00,2026-03-13 10:01:00,0.0,1,17.1160120909211,ambiguous,0
sensitivity_60m,S01979,unvisited,0,,,0.0,0,,review,0
sensitivity_60m,S01980,unvisited,0,,,0.0,0,,review,0
sensitivity_60m,S01981,unvisited,0,,,0.0,0,55.6529781999187,review,0
sensitivity_60m,S01982,unvisited,0,,,0.0,0,,review,0
sensitivity_60m,S01983,ambiguous,1,2026-03-13 14:44:00,2026-03-13 14:44:00,0.0,1,10.3905435881639,ambiguous,0
sensitivity_60m,S01984,unvisited,0,,,0.0,0,,review,0
sensitivity_60m,S01985,unvisited,0,,,0.0,0,,review,0
sensitivity_60m,S01986,unvisited,0,,,0.0,0,,review,0
sensitivity_60m,S01987,unvisited,0,,,0.0,0,,review,0
sensitivity_60m,S01988,unvisited,0,,,0.0,0,,review,0
sensitivity_60m,S01989,unvisited,0,,,0.0,0,,review,0
sensitivity_60m,S01990,unvisited,0,,,0.0,0,,review,0
sensitivity_60m,S01991,unvisited,0,,,0.0,0,,review,0
sensitivity_60m,S01992,unvisited,0,,,0.0,0,,review,0
sensitivity_60m,S01993,visited,1,2026-03-11 11:46:00,2026-03-11 13:33:00,107.0,107,0.776840963147056,high,0
sensitivity_60m,S01994,unvisited,0,,,0.0,0,,review,0
sensitivity_60m,S01995,unvisited,0,,,0.0,0,,review,0
sensitivity_60m,S01996,unvisited,0,,,0.0,0,,review,0
sensitivity_60m,S01997,unvisited,0,,,0.0,0,,review,0
sensitivity_60m,S01998,unvisited,0,,,0.0,0,,review,0
sensitivity_60m,S01999,ambiguous,1,2026-03-12 08:21:00,2026-03-12 08:21:00,0.0,1,2.00991220266752,ambiguous,0
sensitivity_60m,S02000,unvisited,0,,,0.0,0,,review,0
sensitivity_60m,S02001,ambiguous,1,2026-03-10 15:58:00,2026-03-10 17:40:00,0.0,86,0.698520799973721,ambiguous,0
sensitivity_60m,S02002,unvisited,0,,,0.0,0,,review,0
sensitivity_60m,S02003,ambiguous,1,2026-03-09 11:45:00,2026-03-09 11:45:00,0.0,1,10.7559085471797,ambiguous,0
sensitivity_60m,S02004,unvisited,0,,,0.0,0,,review,0
sensitivity_60m,S02005,unvisited,0,,,0.0,0,,review,0
sensitivity_60m,S02006,unvisited,0,,,0.0,0,,review,0
sensitivity_60m,S02007,unvisited,0,,,0.0,0,,review,0
sensitivity_60m,S02008,unvisited,0,,,0.0,0,,review,0
sensitivity_60m,S02009,unvisited,0,,,0.0,0,,review,0
sensitivity_60m,S02010,unvisited,0,,,0.0,0,,review,0
sensitivity_60m,S02011,unvisited,0,,,0.0,0,,review,0
sensitivity_60m,S02012,unvisited,0,,,0.0,0,,review,0
sensitivity_60m,S02013,ambiguous,1,2026-03-10 08:09:00,2026-03-10 08:09:00,0.0,1,5.14280719857922,ambiguous,0
sensitivity_60m,S02014,visited,1,2026-03-12 11:00:00,2026-03-12 13:09:00,129.0,128,0.244720249012523,high,0
sensitivity_60m,S02015,unvisited,0,,,0.0,0,,review,0
sensitivity_60m,S02016,unvisited,0,,,0.0,0,,review,0
sensitivity_60m,S02017,unvisited,0,,,0.0,0,,review,0
sensitivity_60m,S02018,unvisited,0,,,0.0,0,,review,0
sensitivity_60m,S02019,unvisited,0,,,0.0,0,,review,0
sensitivity_60m,S02020,visited,1,2026-03-12 08:56:00,2026-03-12 09:29:00,33.0,34,2.55451848249445,high,0
sensitivity_60m,S02021,visited,1,2026-03-13 09:50:00,2026-03-13 11:48:00,118.0,117,0.66354887702942,high,0
sensitivity_60m,S02022,unvisited,0,,,0.0,0,23.2252849417642,review,0
sensitivity_60m,S02023,ambiguous,1,2026-03-09 14:14:00,2026-03-09 14:14:00,0.0,1,19.3415763651001,ambiguous,0
sensitivity_60m,S02024,unvisited,0,,,0.0,0,,review,0
sensitivity_60m,S02025,unvisited,0,,,0.0,0,,review,0
sensitivity_60m,S02026,unvisited,0,,,0.0,0,,review,0
sensitivity_60m,S02027,unvisited,0,,,0.0,0,,review,0
sensitivity_60m,S02028,unvisited,0,,,0.0,0,,review,0
sensitivity_60m,S02029,unvisited,0,,,0.0,0,,review,0
sensitivity_60m,S02030,unvisited,0,,,0.0,0,,review,0
sensitivity_60m,S02031,unvisited,0,,,0.0,0,,review,0
sensitivity_60m,S02032,unvisited,0,,,0.0,0,,review,0
sensitivity_60m,S02033,unvisited,0,,,0.0,0,,review,0
sensitivity_60m,S02034,unvisited,0,,,0.0,0,,review,0
sensitivity_60m,S02035,unvisited,0,,,0.0,0,,review,0
sensitivity_60m,S02036,ambiguous,1,2026-03-11 07:55:00,2026-03-11 08:07:00,0.0,3,12.8349246726449,ambiguous,0
sensitivity_60m,S02037,ambiguous,1,2026-03-10 12:29:00,2026-03-10 12:29:00,0.0,1,13.9459860639261,ambiguous,0
sensitivity_60m,S02038,ambiguous,1,2026-03-11 15:04:00,2026-03-11 15:04:00,0.0,1,9.52073490598952,ambiguous,0
sensitivity_60m,S02039,unvisited,0,,,0.0,0,,review,0
sensitivity_60m,S02040,unvisited,0,,,0.0,0,,review,0
sensitivity_60m,S02041,unvisited,0,,,0.0,0,,review,0
sensitivity_60m,S02042,unvisited,0,,,0.0,0,,review,0
sensitivity_60m,S02043,unvisited,0,,,0.0,0,,review,0
sensitivity_60m,S02044,unvisited,0,,,0.0,0,,review,0
sensitivity_60m,S02045,ambiguous,1,2026-03-12 07:18:00,2026-03-12 07:18:00,0.0,1,8.71485669226776,ambiguous,0
sensitivity_60m,S02046,unvisited,0,,,0.0,0,,review,0
sensitivity_60m,S02047,unvisited,0,,,0.0,0,,review,0
sensitivity_60m,S02048,unvisited,0,,,0.0,0,,review,0
sensitivity_60m,S02049,unvisited,0,,,0.0,0,,review,0
sensitivity_60m,S02050,unvisited,0,,,0.0,0,,review,0
sensitivity_60m,S02051,unvisited,0,,,0.0,0,,review,0
sensitivity_60m,S02052,unvisited,0,,,0.0,0,,review,0
sensitivity_60m,S02053,unvisited,0,,,0.0,0,,review,0
sensitivity_60m,S02054,unvisited,0,,,0.0,0,,review,0
sensitivity_60m,S02055,unvisited,0,,,0.0,0,,review,0
sensitivity_60m,S02056,unvisited,0,,,0.0,0,,review,0
sensitivity_60m,S02057,unvisited,0,,,0.0,0,,review,0
sensitivity_60m,S02058,unvisited,0,,,0.0,0,,review,0
sensitivity_60m,S02059,unvisited,0,,,0.0,0,,review,0
sensitivity_60m,S02060,unvisited,0,,,0.0,0,,review,0
sensitivity_60m,S02061,visited,1,2026-03-10 15:39:00,2026-03-10 17:26:00,107.0,92,0.246705676134221,high,0
sensitivity_60m,S02062,ambiguous,1,2026-03-10 12:48:00,2026-03-10 12:48:00,0.0,1,54.9654650043024,ambiguous,0
sensitivity_60m,S02063,ambiguous,1,2026-03-12 07:23:00,2026-03-12 07:23:00,0.0,1,3.33365601835106,ambiguous,0
sensitivity_60m,S02064,unvisited,0,,,0.0,0,,review,0
sensitivity_60m,S02065,unvisited,0,,,0.0,0,,review,0
sensitivity_60m,S02066,unvisited,0,,,0.0,0,,review,0
sensitivity_60m,S02067,ambiguous,1,2026-03-11 11:17:00,2026-03-11 11:18:00,0.0,2,4.9893531700253,ambiguous,0
sensitivity_60m,S02068,visited,1,2026-03-09 16:20:00,2026-03-09 18:05:00,105.0,98,0.450951923751237,high,0
sensitivity_60m,S02069,unvisited,0,,,0.0,0,,review,0
sensitivity_60m,S02070,unvisited,0,,,0.0,0,,review,0
sensitivity_60m,S02071,ambiguous,1,2026-03-10 10:56:00,2026-03-10 10:56:00,0.0,1,8.09916787629031,ambiguous,0
sensitivity_60m,S02072,unvisited,0,,,0.0,0,,review,0
sensitivity_60m,S02073,visited,1,2026-03-11 17:03:00,2026-03-11 18:37:00,94.0,95,0.395535660957283,high,0
sensitivity_60m,S02074,unvisited,0,,,0.0,0,,review,0
sensitivity_60m,S02075,unvisited,0,,,0.0,0,,review,0
sensitivity_60m,S02076,unvisited,0,,,0.0,0,,review,0
sensitivity_60m,S02077,ambiguous,1,2026-03-10 14:40:00,2026-03-10 14:40:00,0.0,1,8.01632267327023,ambiguous,0
sensitivity_60m,S02078,unvisited,0,,,0.0,0,,review,0
sensitivity_60m,S02079,ambiguous,1,2026-03-09 07:52:00,2026-03-09 08:09:00,0.0,2,4.78803204635514,ambiguous,0
sensitivity_60m,S02080,visited,1,2026-03-13 15:49:00,2026-03-13 17:49:00,120.0,121,0.22116611603308,high,0
sensitivity_60m,S02081,unvisited,0,,,0.0,0,,review,0
sensitivity_60m,S02082,ambiguous,1,2026-03-09 18:34:00,2026-03-09 18:34:00,0.0,1,6.58077726058764,ambiguous,0
sensitivity_60m,S02083,unvisited,0,,,0.0,0,,review,0
sensitivity_60m,S02084,unvisited,0,,,0.0,0,,review,0
sensitivity_60m,S02085,unvisited,0,,,0.0,0,,review,0
sensitivity_60m,S02086,ambiguous,1,2026-03-12 11:46:00,2026-03-12 11:46:00,0.0,1,3.14033523759572,ambiguous,0
sensitivity_60m,S02087,unvisited,0,,,0.0,0,,review,0
sensitivity_60m,S02088,ambiguous,1,2026-03-10 18:35:00,2026-03-10 18:52:00,0.0,2,5.35123999370197,ambiguous,0
sensitivity_60m,S02089,unvisited,0,,,0.0,0,,review,0
sensitivity_60m,S02090,unvisited,0,,,0.0,0,,review,0
sensitivity_60m,S02091,unvisited,0,,,0.0,0,,review,0
sensitivity_60m,S02092,ambiguous,1,2026-03-11 07:30:00,2026-03-11 07:30:00,0.0,1,19.4341475750129,ambiguous,0
sensitivity_60m,S02093,unvisited,0,,,0.0,0,,review,0
sensitivity_60m,S02094,unvisited,0,,,0.0,0,,review,0
sensitivity_60m,S02095,unvisited,0,,,0.0,0,,review,0
sensitivity_60m,S02096,ambiguous,1,2026-03-12 08:32:00,2026-03-12 08:32:00,0.0,1,9.64118862581003,ambiguous,0
sensitivity_60m,S02097,visited,1,2026-03-09 13:02:00,2026-03-09 13:32:00,30.0,31,2.42076279307443,high,0
sensitivity_60m,S02098,unvisited,0,,,0.0,0,,review,0
sensitivity_60m,S02099,unvisited,0,,,0.0,0,,review,0
sensitivity_60m,S02100,unvisited,0,,,0.0,0,,review,0
sensitivity_60m,S02101,unvisited,0,,,0.0,0,,review,0
sensitivity_60m,S02102,unvisited,0,,,0.0,0,,review,0
sensitivity_60m,S02103,unvisited,0,,,0.0,0,,review,0
sensitivity_60m,S02104,unvisited,0,,,0.0,0,,review,0
sensitivity_60m,S02105,unvisited,0,,,0.0,0,,review,0
sensitivity_60m,S02106,unvisited,0,,,0.0,0,,review,0
sensitivity_60m,S02107,unvisited,0,,,0.0,0,,review,0
sensitivity_60m,S02108,unvisited,0,,,0.0,0,,review,0
sensitivity_60m,S02109,unvisited,0,,,0.0,0,,review,0
sensitivity_60m,S02110,unvisited,0,,,0.0,0,,review,0
sensitivity_60m,S02111,unvisited,0,,,0.0,0,,review,0
sensitivity_60m,S02112,unvisited,0,,,0.0,0,,review,0
sensitivity_60m,S02113,unvisited,0,,,0.0,0,,review,0
sensitivity_60m,S02114,unvisited,0,,,0.0,0,,review,0
sensitivity_60m,S02115,unvisited,0,,,0.0,0,,review,0
sensitivity_60m,S02116,unvisited,0,,,0.0,0,,review,0
sensitivity_60m,S02117,unvisited,0,,,0.0,0,,review,0
sensitivity_60m,S02118,unvisited,0,,,0.0,0,,review,0
sensitivity_60m,S02119,unvisited,0,,,0.0,0,,review,0
sensitivity_60m,S02120,unvisited,0,,,0.0,0,,review,0
sensitivity_60m,S02121,unvisited,0,,,0.0,0,,review,0
sensitivity_60m,S02122,unvisited,0,,,0.0,0,,review,0
sensitivity_60m,S02123,unvisited,0,,,0.0,0,,review,0
sensitivity_60m,S02124,unvisited,0,,,0.0,0,,review,0
sensitivity_60m,S02125,unvisited,0,,,0.0,0,,review,0
sensitivity_60m,S02126,unvisited,0,,,0.0,0,,review,0
sensitivity_60m,S02127,unvisited,0,,,0.0,0,,review,0
sensitivity_60m,S02128,unvisited,0,,,0.0,0,,review,0
sensitivity_60m,S02129,unvisited,0,,,0.0,0,,review,0
sensitivity_60m,S02130,unvisited,0,,,0.0,0,,review,0
sensitivity_60m,S02131,unvisited,0,,,0.0,0,,review,0
sensitivity_60m,S02132,unvisited,0,,,0.0,0,,review,0
sensitivity_60m,S02133,unvisited,0,,,0.0,0,,review,0
sensitivity_60m,S02134,ambiguous,1,2026-03-12 08:07:00,2026-03-12 08:07:00,0.0,1,49.0907487399313,ambiguous,0
sensitivity_60m,S02135,unvisited,0,,,0.0,0,,review,0
sensitivity_60m,S02136,unvisited,0,,,0.0,0,,review,0
sensitivity_60m,S02137,unvisited,0,,,0.0,0,,review,0
sensitivity_60m,S02138,unvisited,0,,,0.0,0,,review,0
sensitivity_60m,S02139,unvisited,0,,,0.0,0,,review,0
sensitivity_60m,S02140,unvisited,0,,,0.0,0,,review,0
sensitivity_60m,S02141,unvisited,0,,,0.0,0,,review,0
sensitivity_60m,S02142,unvisited,0,,,0.0,0,,review,0
sensitivity_60m,S02143,unvisited,0,,,0.0,0,,review,0
sensitivity_60m,S02144,unvisited,0,,,0.0,0,,review,0
sensitivity_60m,S02145,unvisited,0,,,0.0,0,,review,0
sensitivity_60m,S02146,unvisited,0,,,0.0,0,,review,0
sensitivity_60m,S02147,unvisited,0,,,0.0,0,,review,0
sensitivity_60m,S02148,unvisited,0,,,0.0,0,,review,0
sensitivity_60m,S02149,unvisited,0,,,0.0,0,,review,0
sensitivity_60m,S02150,unvisited,0,,,0.0,0,,review,0
sensitivity_60m,S02151,unvisited,0,,,0.0,0,,review,0
sensitivity_60m,S02152,unvisited,0,,,0.0,0,,review,0
sensitivity_60m,S02153,unvisited,0,,,0.0,0,,review,0
sensitivity_60m,S02154,unvisited,0,,,0.0,0,,review,0
sensitivity_60m,S02155,unvisited,0,,,0.0,0,,review,0
sensitivity_60m,S02156,unvisited,0,,,0.0,0,,review,0
sensitivity_60m,S02157,visited,1,2026-03-12 07:28:00,2026-03-12 07:53:00,25.0,14,17.0728848495516,high,0
sensitivity_60m,S02158,unvisited,0,,,0.0,0,,review,0
sensitivity_60m,S02159,unvisited,0,,,0.0,0,,review,0
sensitivity_60m,S02160,unvisited,0,,,0.0,0,,review,0
sensitivity_60m,S02161,unvisited,0,,,0.0,0,,review,0
sensitivity_60m,S02162,unvisited,0,,,0.0,0,,review,0
sensitivity_60m,S02163,unvisited,0,,,0.0,0,,review,0
sensitivity_60m,S02164,unvisited,0,,,0.0,0,,review,0
sensitivity_60m,S02165,unvisited,0,,,0.0,0,,review,0
sensitivity_60m,S02166,unvisited,0,,,0.0,0,,review,0
sensitivity_60m,S02167,unvisited,0,,,0.0,0,,review,0
sensitivity_60m,S02168,unvisited,0,,,0.0,0,,review,0
sensitivity_60m,S02169,unvisited,0,,,0.0,0,,review,0
sensitivity_60m,S02170,unvisited,0,,,0.0,0,,review,0
sensitivity_60m,S02171,unvisited,0,,,0.0,0,,review,0
sensitivity_60m,S02172,unvisited,0,,,0.0,0,,review,0
sensitivity_60m,S02173,unvisited,0,,,0.0,0,,review,0
sensitivity_60m,S02174,unvisited,0,,,0.0,0,,review,0
sensitivity_60m,S02175,unvisited,0,,,0.0,0,,review,0
sensitivity_60m,S02176,unvisited,0,,,0.0,0,,review,0
sensitivity_60m,S02177,unvisited,0,,,0.0,0,,review,0
sensitivity_60m,S02178,unvisited,0,,,0.0,0,,review,0
sensitivity_60m,S02179,unvisited,0,,,0.0,0,,review,0
sensitivity_60m,S02180,unvisited,0,,,0.0,0,,review,0
sensitivity_60m,S02181,unvisited,0,,,0.0,0,,review,0
sensitivity_60m,S02182,unvisited,0,,,0.0,0,,review,0
sensitivity_60m,S02183,unvisited,0,,,0.0,0,,review,0
sensitivity_60m,S02184,unvisited,0,,,0.0,0,,review,0
sensitivity_60m,S02185,unvisited,0,,,0.0,0,,review,0
sensitivity_60m,S02186,unvisited,0,,,0.0,0,,review,0
sensitivity_60m,S02187,unvisited,0,,,0.0,0,,review,0
sensitivity_60m,S02188,unvisited,0,,,0.0,0,,review,0
sensitivity_60m,S02189,unvisited,0,,,0.0,0,,review,0
sensitivity_60m,S02190,unvisited,0,,,0.0,0,,review,0
sensitivity_60m,S02191,unvisited,0,,,0.0,0,,review,0
sensitivity_60m,S02192,unvisited,0,,,0.0,0,,review,0
sensitivity_60m,S02193,unvisited,0,,,0.0,0,,review,0
sensitivity_60m,S02194,unvisited,0,,,0.0,0,,review,0
sensitivity_60m,S02195,unvisited,0,,,0.0,0,,review,0
sensitivity_60m,S02196,unvisited,0,,,0.0,0,,review,0
sensitivity_60m,S02197,unvisited,0,,,0.0,0,,review,0
sensitivity_60m,S02198,unvisited,0,,,0.0,0,,review,0
sensitivity_60m,S02199,unvisited,0,,,0.0,0,,review,0
sensitivity_60m,S02200,unvisited,0,,,0.0,0,,review,0
sensitivity_60m,S02201,unvisited,0,,,0.0,0,,review,0
sensitivity_60m,S02202,unvisited,0,,,0.0,0,,review,0
sensitivity_60m,S02203,unvisited,0,,,0.0,0,,review,0
sensitivity_60m,S02204,ambiguous,1,2026-03-12 11:20:00,2026-03-12 11:22:00,0.0,2,9.37549918477923,ambiguous,0
sensitivity_60m,S02205,unvisited,0,,,0.0,0,,review,0
sensitivity_60m,S02206,unvisited,0,,,0.0,0,,review,0
sensitivity_60m,S02207,unvisited,0,,,0.0,0,,review,0
sensitivity_60m,S02208,unvisited,0,,,0.0,0,,review,0
sensitivity_60m,S02209,unvisited,0,,,0.0,0,,review,0
sensitivity_60m,S02210,unvisited,0,,,0.0,0,,review,0
sensitivity_60m,S02211,unvisited,0,,,0.0,0,,review,0
sensitivity_60m,S02212,unvisited,0,,,0.0,0,,review,0
sensitivity_60m,S02213,unvisited,0,,,0.0,0,,review,0
sensitivity_60m,S02214,unvisited,0,,,0.0,0,,review,0
sensitivity_60m,S02215,unvisited,0,,,0.0,0,,review,0
sensitivity_60m,S02216,unvisited,0,,,0.0,0,,review,0
sensitivity_60m,S02217,unvisited,0,,,0.0,0,,review,0
sensitivity_60m,S02218,unvisited,0,,,0.0,0,,review,0
sensitivity_60m,S02219,unvisited,0,,,0.0,0,,review,0
sensitivity_60m,S02220,unvisited,0,,,0.0,0,,review,0
sensitivity_60m,S02221,unvisited,0,,,0.0,0,,review,0
sensitivity_60m,S02222,unvisited,0,,,0.0,0,,review,0
sensitivity_60m,S02223,unvisited,0,,,0.0,0,,review,0
sensitivity_60m,S02224,unvisited,0,,,0.0,0,,review,0
sensitivity_60m,S02225,unvisited,0,,,0.0,0,,review,0
sensitivity_60m,S02226,unvisited,0,,,0.0,0,,review,0
sensitivity_60m,S02227,unvisited,0,,,0.0,0,,review,0
sensitivity_60m,S02228,unvisited,0,,,0.0,0,,review,0
sensitivity_60m,S02229,unvisited,0,,,0.0,0,,review,0
sensitivity_60m,S02230,unvisited,0,,,0.0,0,,review,0
sensitivity_60m,S02231,unvisited,0,,,0.0,0,,review,0
sensitivity_60m,S02232,unvisited,0,,,0.0,0,,review,0
sensitivity_60m,S02233,unvisited,0,,,0.0,0,,review,0
sensitivity_60m,S02234,unvisited,0,,,0.0,0,,review,0
sensitivity_60m,S02235,unvisited,0,,,0.0,0,,review,0
sensitivity_60m,S02236,unvisited,0,,,0.0,0,,review,0
sensitivity_60m,S02237,unvisited,0,,,0.0,0,,review,0
sensitivity_60m,S02238,unvisited,0,,,0.0,0,,review,0
sensitivity_60m,S02239,unvisited,0,,,0.0,0,,review,0
sensitivity_60m,S02240,unvisited,0,,,0.0,0,,review,0
sensitivity_60m,S02241,unvisited,0,,,0.0,0,,review,0
sensitivity_60m,S02242,unvisited,0,,,0.0,0,,review,0
sensitivity_60m,S02243,unvisited,0,,,0.0,0,,review,0
sensitivity_60m,S02244,unvisited,0,,,0.0,0,,review,0
sensitivity_60m,S02245,unvisited,0,,,0.0,0,,review,0
sensitivity_60m,S02246,unvisited,0,,,0.0,0,,review,0
sensitivity_60m,S02247,unvisited,0,,,0.0,0,,review,0
sensitivity_60m,S02248,unvisited,0,,,0.0,0,,review,0
sensitivity_60m,S02249,unvisited,0,,,0.0,0,,review,0
sensitivity_60m,S02250,unvisited,0,,,0.0,0,,review,0
sensitivity_60m,S02251,unvisited,0,,,0.0,0,,review,0
sensitivity_60m,S02252,unvisited,0,,,0.0,0,,review,0
sensitivity_60m,S02253,unvisited,0,,,0.0,0,,review,0
sensitivity_60m,S02254,unvisited,0,,,0.0,0,,review,0
sensitivity_60m,S02255,unvisited,0,,,0.0,0,,review,0
sensitivity_60m,S02256,unvisited,0,,,0.0,0,,review,0
sensitivity_60m,S02257,unvisited,0,,,0.0,0,,review,0
sensitivity_60m,S02258,unvisited,0,,,0.0,0,,review,0
sensitivity_60m,S02259,unvisited,0,,,0.0,0,,review,0
sensitivity_60m,S02260,unvisited,0,,,0.0,0,,review,0
sensitivity_60m,S02261,unvisited,0,,,0.0,0,,review,0
sensitivity_60m,S02262,unvisited,0,,,0.0,0,,review,0
sensitivity_60m,S02263,unvisited,0,,,0.0,0,,review,0
sensitivity_60m,S02264,unvisited,0,,,0.0,0,,review,0
sensitivity_60m,S02265,unvisited,0,,,0.0,0,,review,0
sensitivity_60m,S02266,unvisited,0,,,0.0,0,,review,0
sensitivity_60m,S02267,unvisited,0,,,0.0,0,,review,0
sensitivity_60m,S02268,unvisited,0,,,0.0,0,,review,0
sensitivity_60m,S02269,unvisited,0,,,0.0,0,,review,0
sensitivity_60m,S02270,unvisited,0,,,0.0,0,,review,0
sensitivity_60m,S02271,unvisited,0,,,0.0,0,,review,0
sensitivity_60m,S02272,unvisited,0,,,0.0,0,,review,0
sensitivity_60m,S02273,unvisited,0,,,0.0,0,,review,0
sensitivity_60m,S02274,unvisited,0,,,0.0,0,,review,0
sensitivity_60m,S02275,unvisited,0,,,0.0,0,,review,0
sensitivity_60m,S02276,unvisited,0,,,0.0,0,,review,0
sensitivity_60m,S02277,unvisited,0,,,0.0,0,,review,0
sensitivity_60m,S02278,unvisited,0,,,0.0,0,,review,0
sensitivity_60m,S02279,unvisited,0,,,0.0,0,,review,0
sensitivity_60m,S02280,unvisited,0,,,0.0,0,,review,0
sensitivity_60m,S02281,unvisited,0,,,0.0,0,,review,0
sensitivity_60m,S02282,unvisited,0,,,0.0,0,,review,0
sensitivity_60m,S02283,unvisited,0,,,0.0,0,,review,0
sensitivity_60m,S02284,unvisited,0,,,0.0,0,,review,0
sensitivity_60m,S02285,unvisited,0,,,0.0,0,,review,0
sensitivity_60m,S02286,unvisited,0,,,0.0,0,,review,0
sensitivity_60m,S02287,unvisited,0,,,0.0,0,,review,0
sensitivity_60m,S02288,unvisited,0,,,0.0,0,,review,0
sensitivity_60m,S02289,unvisited,0,,,0.0,0,11.8327964911187,review,0
sensitivity_60m,S02290,ambiguous,1,2026-03-11 11:06:00,2026-03-11 11:17:00,0.0,2,15.6772663205125,ambiguous,0
sensitivity_60m,S02291,unvisited,0,,,0.0,0,,review,0
sensitivity_60m,S02292,ambiguous,1,2026-03-10 07:44:00,2026-03-10 07:44:00,0.0,1,6.37901863921235,ambiguous,0
sensitivity_60m,S02293,unvisited,0,,,0.0,0,,review,0
sensitivity_60m,S02294,unvisited,0,,,0.0,0,,review,0
sensitivity_60m,S02295,unvisited,0,,,0.0,0,,review,0
sensitivity_60m,S02296,unvisited,0,,,0.0,0,,review,0
sensitivity_60m,S02297,unvisited,0,,,0.0,0,,review,0
sensitivity_60m,S02298,unvisited,0,,,0.0,0,,review,0
sensitivity_60m,S02299,unvisited,0,,,0.0,0,,review,0
sensitivity_60m,S02300,unvisited,0,,,0.0,0,,review,0
sensitivity_60m,S02301,unvisited,0,,,0.0,0,,review,0
sensitivity_60m,S02302,unvisited,0,,,0.0,0,,review,0
sensitivity_60m,S02303,unvisited,0,,,0.0,0,,review,0
sensitivity_60m,S02304,unvisited,0,,,0.0,0,,review,0
sensitivity_60m,S02305,unvisited,0,,,0.0,0,,review,0
sensitivity_60m,S02306,unvisited,0,,,0.0,0,,review,0
sensitivity_60m,S02307,unvisited,0,,,0.0,0,,review,0
sensitivity_60m,S02308,unvisited,0,,,0.0,0,,review,0
sensitivity_60m,S02309,unvisited,0,,,0.0,0,,review,0
sensitivity_60m,S02310,unvisited,0,,,0.0,0,,review,0
sensitivity_60m,S02311,unvisited,0,,,0.0,0,,review,0
sensitivity_60m,S02312,unvisited,0,,,0.0,0,,review,0
sensitivity_60m,S02313,unvisited,0,,,0.0,0,,review,0
sensitivity_60m,S02314,unvisited,0,,,0.0,0,,review,0
sensitivity_60m,S02315,unvisited,0,,,0.0,0,,review,0
sensitivity_60m,S02316,unvisited,0,,,0.0,0,,review,0
sensitivity_60m,S02317,unvisited,0,,,0.0,0,,review,0
sensitivity_60m,S02318,unvisited,0,,,0.0,0,,review,0
sensitivity_60m,S02319,unvisited,0,,,0.0,0,,review,0
sensitivity_60m,S02320,unvisited,0,,,0.0,0,,review,0
sensitivity_60m,S02321,unvisited,0,,,0.0,0,,review,0
sensitivity_60m,S02322,unvisited,0,,,0.0,0,,review,0
sensitivity_60m,S02323,unvisited,0,,,0.0,0,,review,0
sensitivity_60m,S02324,unvisited,0,,,0.0,0,,review,0
sensitivity_60m,S02325,unvisited,0,,,0.0,0,,review,0
sensitivity_60m,S02326,ambiguous,1,2026-03-12 07:47:00,2026-03-12 07:47:00,0.0,1,11.9600361429742,ambiguous,0
sensitivity_60m,S02327,unvisited,0,,,0.0,0,,review,0
sensitivity_60m,S02328,unvisited,0,,,0.0,0,,review,0
sensitivity_60m,S02329,unvisited,0,,,0.0,0,,review,0
sensitivity_60m,S02330,unvisited,0,,,0.0,0,,review,0
sensitivity_60m,S02331,unvisited,0,,,0.0,0,,review,0
sensitivity_60m,S02332,unvisited,0,,,0.0,0,,review,0
sensitivity_60m,S02333,ambiguous,1,2026-03-11 09:51:00,2026-03-11 09:51:00,0.0,1,10.9601907751165,ambiguous,0
sensitivity_60m,S02334,unvisited,0,,,0.0,0,,review,0
sensitivity_60m,S02335,unvisited,0,,,0.0,0,,review,0
sensitivity_60m,S02336,unvisited,0,,,0.0,0,,review,0
sensitivity_60m,S02337,unvisited,0,,,0.0,0,,review,0
sensitivity_60m,S02338,unvisited,0,,,0.0,0,,review,0
sensitivity_60m,S02339,unvisited,0,,,0.0,0,,review,0
sensitivity_60m,S02340,unvisited,0,,,0.0,0,,review,0
sensitivity_60m,S02341,unvisited,0,,,0.0,0,,review,0
sensitivity_60m,S02342,unvisited,0,,,0.0,0,,review,0
sensitivity_60m,S02343,unvisited,0,,,0.0,0,,review,0
sensitivity_60m,S02344,unvisited,0,,,0.0,0,,review,0
sensitivity_60m,S02345,unvisited,0,,,0.0,0,,review,0
sensitivity_60m,S02346,unvisited,0,,,0.0,0,,review,0
sensitivity_60m,S02347,unvisited,0,,,0.0,0,,review,0
sensitivity_60m,S02348,unvisited,0,,,0.0,0,,review,0
sensitivity_60m,S02349,unvisited,0,,,0.0,0,,review,0
sensitivity_60m,S02350,unvisited,0,,,0.0,0,,review,0
sensitivity_60m,S02351,unvisited,0,,,0.0,0,,review,0
sensitivity_60m,S02352,unvisited,0,,,0.0,0,,review,0
sensitivity_60m,S02353,unvisited,0,,,0.0,0,,review,0
sensitivity_60m,S02354,unvisited,0,,,0.0,0,,review,0
sensitivity_60m,S02355,unvisited,0,,,0.0,0,,review,0
sensitivity_60m,S02356,unvisited,0,,,0.0,0,,review,0
sensitivity_60m,S02357,unvisited,0,,,0.0,0,,review,0
sensitivity_60m,S02358,unvisited,0,,,0.0,0,,review,0
sensitivity_60m,S02359,unvisited,0,,,0.0,0,,review,0
sensitivity_60m,S02360,unvisited,0,,,0.0,0,,review,0
sensitivity_60m,S02361,unvisited,0,,,0.0,0,,review,0
sensitivity_60m,S02362,unvisited,0,,,0.0,0,,review,0
sensitivity_60m,S02363,unvisited,0,,,0.0,0,,review,0
sensitivity_60m,S02364,unvisited,0,,,0.0,0,,review,0
sensitivity_60m,S02365,visited,1,2026-03-13 07:31:00,2026-03-13 07:51:00,20.0,12,12.4283058281586,high,0
sensitivity_60m,S02366,unvisited,0,,,0.0,0,,review,0
sensitivity_60m,S02367,unvisited,0,,,0.0,0,,review,0
sensitivity_60m,S02368,unvisited,0,,,0.0,0,,review,0
sensitivity_60m,S02369,unvisited,0,,,0.0,0,,review,0
sensitivity_60m,S02370,unvisited,0,,,0.0,0,,review,0
sensitivity_60m,S02371,unvisited,0,,,0.0,0,,review,0
sensitivity_60m,S02372,unvisited,0,,,0.0,0,,review,0
sensitivity_60m,S02373,unvisited,0,,,0.0,0,,review,0
sensitivity_60m,S02374,unvisited,0,,,0.0,0,,review,0
sensitivity_60m,S02375,unvisited,0,,,0.0,0,,review,0
sensitivity_60m,S02376,unvisited,0,,,0.0,0,,review,0
sensitivity_60m,S02377,unvisited,0,,,0.0,0,,review,0
sensitivity_60m,S02378,unvisited,0,,,0.0,0,,review,0
sensitivity_60m,S02379,unvisited,0,,,0.0,0,,review,0
sensitivity_60m,S02380,unvisited,0,,,0.0,0,,review,0
sensitivity_60m,S02381,unvisited,0,,,0.0,0,,review,0
sensitivity_60m,S02382,unvisited,0,,,0.0,0,,review,0
sensitivity_60m,S02383,unvisited,0,,,0.0,0,,review,0
sensitivity_60m,S02384,unvisited,0,,,0.0,0,,review,0
sensitivity_60m,S02385,unvisited,0,,,0.0,0,,review,0
sensitivity_60m,S02386,unvisited,0,,,0.0,0,,review,0
sensitivity_60m,S02387,unvisited,0,,,0.0,0,,review,0
sensitivity_60m,S02388,unvisited,0,,,0.0,0,,review,0
sensitivity_60m,S02389,unvisited,0,,,0.0,0,,review,0
sensitivity_60m,S02390,unvisited,0,,,0.0,0,,review,0
sensitivity_60m,S02391,unvisited,0,,,0.0,0,,review,0
sensitivity_60m,S02392,unvisited,0,,,0.0,0,,review,0
sensitivity_60m,S02393,unvisited,0,,,0.0,0,,review,0
sensitivity_60m,S02394,unvisited,0,,,0.0,0,,review,0
sensitivity_60m,S02395,unvisited,0,,,0.0,0,,review,0
sensitivity_60m,S02396,unvisited,0,,,0.0,0,,review,0
sensitivity_60m,S02397,unvisited,0,,,0.0,0,,review,0
sensitivity_60m,S02398,unvisited,0,,,0.0,0,,review,0
sensitivity_60m,S02399,unvisited,0,,,0.0,0,,review,0
sensitivity_60m,S02400,unvisited,0,,,0.0,0,,review,0
sensitivity_60m,S02401,visited,1,2026-03-12 07:36:00,2026-03-12 07:54:00,18.0,12,11.0498692605073,high,0
sensitivity_60m,S02402,unvisited,0,,,0.0,0,,review,0
sensitivity_60m,S02403,unvisited,0,,,0.0,0,,review,0
sensitivity_60m,S02404,unvisited,0,,,0.0,0,,review,0
sensitivity_60m,S02405,unvisited,0,,,0.0,0,,review,0
sensitivity_60m,S02406,unvisited,0,,,0.0,0,,review,0
sensitivity_60m,S02407,unvisited,0,,,0.0,0,,review,0
sensitivity_60m,S02408,unvisited,0,,,0.0,0,,review,0
sensitivity_60m,S02409,unvisited,0,,,0.0,0,,review,0
sensitivity_60m,S02410,unvisited,0,,,0.0,0,,review,0
sensitivity_60m,S02411,unvisited,0,,,0.0,0,,review,0
sensitivity_60m,S02412,unvisited,0,,,0.0,0,,review,0
sensitivity_60m,S02413,unvisited,0,,,0.0,0,,review,0
sensitivity_60m,S02414,unvisited,0,,,0.0,0,,review,0
sensitivity_60m,S02415,unvisited,0,,,0.0,0,,review,0
sensitivity_60m,S02416,unvisited,0,,,0.0,0,,review,0
sensitivity_60m,S02417,visited,1,2026-03-10 07:39:00,2026-03-10 08:08:00,29.0,14,10.1106204078614,high,0
sensitivity_60m,S02418,unvisited,0,,,0.0,0,,review,0
sensitivity_60m,S02419,unvisited,0,,,0.0,0,,review,0
sensitivity_60m,S02420,unvisited,0,,,0.0,0,,review,0
sensitivity_60m,S02421,unvisited,0,,,0.0,0,,review,0
sensitivity_60m,S02422,unvisited,0,,,0.0,0,,review,0
sensitivity_60m,S02423,unvisited,0,,,0.0,0,,review,0
sensitivity_60m,S02424,unvisited,0,,,0.0,0,,review,0
sensitivity_60m,S02425,unvisited,0,,,0.0,0,,review,0
sensitivity_60m,S02426,unvisited,0,,,0.0,0,,review,0
sensitivity_60m,S02427,unvisited,0,,,0.0,0,,review,0
sensitivity_60m,S02428,unvisited,0,,,0.0,0,,review,0
sensitivity_60m,S02429,unvisited,0,,,0.0,0,,review,0
sensitivity_60m,S02430,unvisited,0,,,0.0,0,,review,0
sensitivity_60m,S02431,unvisited,0,,,0.0,0,,review,0
sensitivity_60m,S02432,unvisited,0,,,0.0,0,,review,0
sensitivity_60m,S02433,unvisited,0,,,0.0,0,,review,0
sensitivity_60m,S02434,unvisited,0,,,0.0,0,,review,0
sensitivity_60m,S02435,unvisited,0,,,0.0,0,,review,0
sensitivity_60m,S02436,unvisited,0,,,0.0,0,,review,0
sensitivity_60m,S02437,unvisited,0,,,0.0,0,,review,0
sensitivity_60m,S02438,unvisited,0,,,0.0,0,,review,0
sensitivity_60m,S02439,unvisited,0,,,0.0,0,,review,0
sensitivity_60m,S02440,unvisited,0,,,0.0,0,,review,0
sensitivity_60m,S02441,unvisited,0,,,0.0,0,,review,0
sensitivity_60m,S02442,unvisited,0,,,0.0,0,,review,0
sensitivity_60m,S02443,unvisited,0,,,0.0,0,,review,0
sensitivity_60m,S02444,unvisited,0,,,0.0,0,,review,0
sensitivity_60m,S02445,unvisited,0,,,0.0,0,,review,0
sensitivity_60m,S02446,unvisited,0,,,0.0,0,,review,0
sensitivity_60m,S02447,unvisited,0,,,0.0,0,,review,0
sensitivity_60m,S02448,unvisited,0,,,0.0,0,,review,0
sensitivity_60m,S02449,unvisited,0,,,0.0,0,,review,0
sensitivity_60m,S02450,unvisited,0,,,0.0,0,,review,0
sensitivity_60m,S02451,unvisited,0,,,0.0,0,,review,0
sensitivity_60m,S02452,unvisited,0,,,0.0,0,,review,0
sensitivity_60m,S02453,unvisited,0,,,0.0,0,,review,0
sensitivity_60m,S02454,unvisited,0,,,0.0,0,,review,0
sensitivity_60m,S02455,unvisited,0,,,0.0,0,,review,0
sensitivity_60m,S02456,unvisited,0,,,0.0,0,,review,0
sensitivity_60m,S02457,unvisited,0,,,0.0,0,,review,0
sensitivity_60m,S02458,unvisited,0,,,0.0,0,,review,0
sensitivity_60m,S02459,unvisited,0,,,0.0,0,,review,0
sensitivity_60m,S02460,unvisited,0,,,0.0,0,,review,0
sensitivity_60m,S02461,unvisited,0,,,0.0,0,,review,0
sensitivity_60m,S02462,unvisited,0,,,0.0,0,,review,0
sensitivity_60m,S02463,unvisited,0,,,0.0,0,,review,0
sensitivity_60m,S02464,unvisited,0,,,0.0,0,,review,0
sensitivity_60m,S02465,unvisited,0,,,0.0,0,,review,0
sensitivity_60m,S02466,unvisited,0,,,0.0,0,,review,0
sensitivity_60m,S02467,unvisited,0,,,0.0,0,,review,0
sensitivity_60m,S02468,unvisited,0,,,0.0,0,,review,0
sensitivity_60m,S02469,unvisited,0,,,0.0,0,,review,0
sensitivity_60m,S02470,unvisited,0,,,0.0,0,,review,0
sensitivity_60m,S02471,unvisited,0,,,0.0,0,,review,0
sensitivity_60m,S02472,unvisited,0,,,0.0,0,,review,0
sensitivity_60m,S02473,unvisited,0,,,0.0,0,,review,0
sensitivity_60m,S02474,visited,1,2026-03-12 07:28:00,2026-03-12 07:57:00,29.0,12,9.17805236609138,high,0
sensitivity_60m,S02475,unvisited,0,,,0.0,0,,review,0
sensitivity_60m,S02476,unvisited,0,,,0.0,0,,review,0
sensitivity_60m,S02477,unvisited,0,,,0.0,0,,review,0
sensitivity_60m,S02478,unvisited,0,,,0.0,0,,review,0
sensitivity_60m,S02479,unvisited,0,,,0.0,0,,review,0
sensitivity_60m,S02480,visited,1,2026-03-10 07:34:00,2026-03-10 07:53:00,19.0,7,17.3861755979895,high,0
sensitivity_60m,S02481,unvisited,0,,,0.0,0,,review,0
sensitivity_60m,S02482,unvisited,0,,,0.0,0,,review,0
sensitivity_60m,S02483,unvisited,0,,,0.0,0,,review,0
sensitivity_60m,S02484,unvisited,0,,,0.0,0,,review,0
sensitivity_60m,S02485,unvisited,0,,,0.0,0,,review,0
sensitivity_60m,S02486,unvisited,0,,,0.0,0,,review,0
sensitivity_60m,S02487,unvisited,0,,,0.0,0,,review,0
sensitivity_60m,S02488,unvisited,0,,,0.0,0,,review,0
sensitivity_60m,S02489,unvisited,0,,,0.0,0,,review,0
sensitivity_60m,S02490,unvisited,0,,,0.0,0,,review,0
sensitivity_60m,S02491,unvisited,0,,,0.0,0,,review,0
sensitivity_60m,S02492,unvisited,0,,,0.0,0,,review,0
sensitivity_60m,S02493,unvisited,0,,,0.0,0,,review,0
sensitivity_60m,S02494,unvisited,0,,,0.0,0,,review,0
sensitivity_60m,S02495,unvisited,0,,,0.0,0,,review,0
sensitivity_60m,S02496,visited,1,2026-03-11 07:46:00,2026-03-11 08:13:00,27.0,17,6.57826730576245,high,0
sensitivity_60m,S02497,unvisited,0,,,0.0,0,,review,0
sensitivity_60m,S02498,unvisited,0,,,0.0,0,,review,0
sensitivity_60m,S02499,unvisited,0,,,0.0,0,,review,0
sensitivity_60m,S02500,unvisited,0,,,0.0,0,,review,0
sensitivity_60m,S02501,unvisited,0,,,0.0,0,,review,0
sensitivity_60m,S02502,unvisited,0,,,0.0,0,,review,0
sensitivity_60m,S02503,unvisited,0,,,0.0,0,,review,0
sensitivity_60m,S02504,visited,1,2026-03-11 10:20:00,2026-03-11 10:52:00,32.0,20,2.1079635630193,high,0
sensitivity_60m,S02505,unvisited,0,,,0.0,0,,review,0
sensitivity_60m,S02506,unvisited,0,,,0.0,0,,review,0
sensitivity_60m,S02507,unvisited,0,,,0.0,0,,review,0
sensitivity_60m,S02508,unvisited,0,,,0.0,0,,review,0
sensitivity_60m,S02509,unvisited,0,,,0.0,0,,review,0
sensitivity_60m,S02510,unvisited,0,,,0.0,0,,review,0
sensitivity_60m,S02511,unvisited,0,,,0.0,0,,review,0
sensitivity_60m,S02512,unvisited,0,,,0.0,0,,review,0
sensitivity_60m,S02513,unvisited,0,,,0.0,0,,review,0
sensitivity_60m,S02514,unvisited,0,,,0.0,0,,review,0
sensitivity_60m,S02515,unvisited,0,,,0.0,0,,review,0
sensitivity_60m,S02516,unvisited,0,,,0.0,0,,review,0
sensitivity_60m,S02517,unvisited,0,,,0.0,0,,review,0
sensitivity_60m,S02518,unvisited,0,,,0.0,0,,review,0
sensitivity_60m,S02519,unvisited,0,,,0.0,0,,review,0
sensitivity_60m,S02520,unvisited,0,,,0.0,0,,review,0
sensitivity_60m,S02521,unvisited,0,,,0.0,0,,review,0
sensitivity_60m,S02522,unvisited,0,,,0.0,0,,review,0
sensitivity_60m,S02523,ambiguous,1,2026-03-10 08:16:00,2026-03-10 08:16:00,0.0,1,37.4775550806082,ambiguous,0
sensitivity_60m,S02524,unvisited,0,,,0.0,0,,review,0
urban_accuracy_aware,D00083,unvisited,0,,,0.0,0,,review,0
urban_accuracy_aware,D00184,unvisited,0,,,0.0,0,,review,0
urban_accuracy_aware,D00230,unvisited,0,,,0.0,0,,review,0
urban_accuracy_aware,D00246,unvisited,0,,,0.0,0,,review,0
urban_accuracy_aware,D00320,unvisited,0,,,0.0,0,,review,0
urban_accuracy_aware,D00347,unvisited,0,,,0.0,0,,review,0
urban_accuracy_aware,D00363,unvisited,0,,,0.0,0,,review,0
urban_accuracy_aware,D00378,unvisited,0,,,0.0,0,,review,0
urban_accuracy_aware,D00511,unvisited,0,,,0.0,0,,review,0
urban_accuracy_aware,D00555,unvisited,0,,,0.0,0,,review,0
urban_accuracy_aware,D00578,unvisited,0,,,0.0,0,,review,0
urban_accuracy_aware,D00752,unvisited,0,,,0.0,0,,review,0
urban_accuracy_aware,D00943,unvisited,0,,,0.0,0,,review,0
urban_accuracy_aware,D01074,unvisited,0,,,0.0,0,,review,0
urban_accuracy_aware,D01076,ambiguous,1,2026-03-09 13:31:00,2026-03-09 13:31:00,0.0,1,14.9720938064481,ambiguous,0
urban_accuracy_aware,D01108,unvisited,0,,,0.0,0,,review,0
urban_accuracy_aware,D01175,unvisited,0,,,0.0,0,,review,0
urban_accuracy_aware,D01209,unvisited,0,,,0.0,0,,review,0
urban_accuracy_aware,D01332,unvisited,0,,,0.0,0,,review,0
urban_accuracy_aware,D01432,unvisited,0,,,0.0,0,,review,0
urban_accuracy_aware,D01536,unvisited,0,,,0.0,0,,review,0
urban_accuracy_aware,D01632,unvisited,0,,,0.0,0,,review,0
urban_accuracy_aware,D01686,unvisited,0,,,0.0,0,,review,0
urban_accuracy_aware,D01757,unvisited,0,,,0.0,0,,review,0
urban_accuracy_aware,D01765,unvisited,0,,,0.0,0,,review,0
urban_accuracy_aware,D01777,unvisited,0,,,0.0,0,,review,0
urban_accuracy_aware,D01839,unvisited,0,,,0.0,0,,review,0
urban_accuracy_aware,D01905,unvisited,0,,,0.0,0,,review,0
urban_accuracy_aware,D01917,unvisited,0,,,0.0,0,,review,0
urban_accuracy_aware,D01994,unvisited,0,,,0.0,0,,review,0
urban_accuracy_aware,D02009,unvisited,0,,,0.0,0,,review,0
urban_accuracy_aware,D02192,unvisited,0,,,0.0,0,,review,0
urban_accuracy_aware,D02236,unvisited,0,,,0.0,0,,review,0
urban_accuracy_aware,D02268,unvisited,0,,,0.0,0,,review,0
urban_accuracy_aware,D02456,unvisited,0,,,0.0,0,,review,0
urban_accuracy_aware,D02466,unvisited,0,,,0.0,0,,review,0
urban_accuracy_aware,D02468,unvisited,0,,,0.0,0,,review,0
urban_accuracy_aware,D02521,unvisited,0,,,0.0,0,,review,0
urban_accuracy_aware,S00001,unvisited,0,,,0.0,0,,review,0
urban_accuracy_aware,S00002,unvisited,0,,,0.0,0,,review,0
urban_accuracy_aware,S00003,unvisited,0,,,0.0,0,,review,0
urban_accuracy_aware,S00004,unvisited,0,,,0.0,0,,review,0
urban_accuracy_aware,S00005,unvisited,0,,,0.0,0,,review,0
urban_accuracy_aware,S00006,unvisited,0,,,0.0,0,,review,0
urban_accuracy_aware,S00007,unvisited,0,,,0.0,0,,review,0
urban_accuracy_aware,S00008,unvisited,0,,,0.0,0,,review,0
urban_accuracy_aware,S00009,unvisited,0,,,0.0,0,,review,0
urban_accuracy_aware,S00010,unvisited,0,,,0.0,0,,review,0
urban_accuracy_aware,S00011,unvisited,0,,,0.0,0,,review,0
urban_accuracy_aware,S00012,unvisited,0,,,0.0,0,,review,0
urban_accuracy_aware,S00013,unvisited,0,,,0.0,0,,review,0
urban_accuracy_aware,S00014,unvisited,0,,,0.0,0,,review,0
urban_accuracy_aware,S00015,unvisited,0,,,0.0,0,,review,0
urban_accuracy_aware,S00016,unvisited,0,,,0.0,0,,review,0
urban_accuracy_aware,S00017,unvisited,0,,,0.0,0,,review,0
urban_accuracy_aware,S00018,unvisited,0,,,0.0,0,,review,0
urban_accuracy_aware,S00019,unvisited,0,,,0.0,0,,review,0
urban_accuracy_aware,S00020,unvisited,0,,,0.0,0,,review,0
urban_accuracy_aware,S00021,unvisited,0,,,0.0,0,,review,0
urban_accuracy_aware,S00022,unvisited,0,,,0.0,0,,review,0
urban_accuracy_aware,S00023,unvisited,0,,,0.0,0,,review,0
urban_accuracy_aware,S00024,unvisited,0,,,0.0,0,,review,0
urban_accuracy_aware,S00025,unvisited,0,,,0.0,0,,review,0
urban_accuracy_aware,S00026,ambiguous,1,2026-03-10 07:42:00,2026-03-10 08:08:00,0.0,5,15.0568376654614,ambiguous,0
urban_accuracy_aware,S00027,unvisited,0,,,0.0,0,,review,0
urban_accuracy_aware,S00028,unvisited,0,,,0.0,0,,review,0
urban_accuracy_aware,S00029,unvisited,0,,,0.0,0,,review,0
urban_accuracy_aware,S00030,unvisited,0,,,0.0,0,,review,0
urban_accuracy_aware,S00031,unvisited,0,,,0.0,0,,review,0
urban_accuracy_aware,S00032,unvisited,0,,,0.0,0,,review,0
urban_accuracy_aware,S00033,visited,1,2026-03-09 07:17:00,2026-03-09 07:36:00,19.0,3,11.1103505422638,high,0
urban_accuracy_aware,S00034,unvisited,0,,,0.0,0,,review,0
urban_accuracy_aware,S00035,ambiguous,1,2026-03-13 15:55:00,2026-03-13 15:55:00,0.0,1,21.6464844459156,ambiguous,0
urban_accuracy_aware,S00036,unvisited,0,,,0.0,0,,review,0
urban_accuracy_aware,S00037,unvisited,0,,,0.0,0,,review,0
urban_accuracy_aware,S00038,unvisited,0,,,0.0,0,,review,0
urban_accuracy_aware,S00039,unvisited,0,,,0.0,0,,review,0
urban_accuracy_aware,S00040,unvisited,0,,,0.0,0,,review,0
urban_accuracy_aware,S00041,unvisited,0,,,0.0,0,,review,0
urban_accuracy_aware,S00042,unvisited,0,,,0.0,0,,review,0
urban_accuracy_aware,S00043,unvisited,0,,,0.0,0,,review,0
urban_accuracy_aware,S00044,unvisited,0,,,0.0,0,,review,0
urban_accuracy_aware,S00045,unvisited,0,,,0.0,0,,review,0
urban_accuracy_aware,S00046,visited,1,2026-03-11 07:32:00,2026-03-11 08:06:00,34.0,11,4.47361774088971,high,0
urban_accuracy_aware,S00047,unvisited,0,,,0.0,0,,review,0
urban_accuracy_aware,S00048,unvisited,0,,,0.0,0,,review,0
urban_accuracy_aware,S00049,unvisited,0,,,0.0,0,,review,0
urban_accuracy_aware,S00050,unvisited,0,,,0.0,0,,review,0
urban_accuracy_aware,S00051,unvisited,0,,,0.0,0,,review,0
urban_accuracy_aware,S00052,unvisited,0,,,0.0,0,,review,0
urban_accuracy_aware,S00053,unvisited,0,,,0.0,0,,review,0
urban_accuracy_aware,S00054,unvisited,0,,,0.0,0,,review,0
urban_accuracy_aware,S00055,unvisited,0,,,0.0,0,,review,0
urban_accuracy_aware,S00056,unvisited,0,,,0.0,0,,review,0
urban_accuracy_aware,S00057,unvisited,0,,,0.0,0,,review,0
urban_accuracy_aware,S00058,unvisited,0,,,0.0,0,,review,0
urban_accuracy_aware,S00059,ambiguous,1,2026-03-13 07:38:00,2026-03-13 07:42:00,0.0,2,9.27817734758478,ambiguous,0
urban_accuracy_aware,S00060,unvisited,0,,,0.0,0,,review,0
urban_accuracy_aware,S00061,unvisited,0,,,0.0,0,,review,0
urban_accuracy_aware,S00062,unvisited,0,,,0.0,0,,review,0
urban_accuracy_aware,S00063,ambiguous,1,2026-03-13 14:38:00,2026-03-13 14:52:00,0.0,6,9.42762426119221,ambiguous,0
urban_accuracy_aware,S00064,unvisited,0,,,0.0,0,,review,0
urban_accuracy_aware,S00065,unvisited,0,,,0.0,0,,review,0
urban_accuracy_aware,S00066,unvisited,0,,,0.0,0,,review,0
urban_accuracy_aware,S00067,unvisited,0,,,0.0,0,,review,0
urban_accuracy_aware,S00068,unvisited,0,,,0.0,0,,review,0
urban_accuracy_aware,S00069,visited,1,2026-03-13 10:08:00,2026-03-13 10:37:00,29.0,16,3.04440682554494,high,0
urban_accuracy_aware,S00070,unvisited,0,,,0.0,0,,review,0
urban_accuracy_aware,S00071,unvisited,0,,,0.0,0,,review,0
urban_accuracy_aware,S00072,unvisited,0,,,0.0,0,,review,0
urban_accuracy_aware,S00073,unvisited,0,,,0.0,0,,review,0
urban_accuracy_aware,S00074,unvisited,0,,,0.0,0,,review,0
urban_accuracy_aware,S00075,unvisited,0,,,0.0,0,,review,0
urban_accuracy_aware,S00076,unvisited,0,,,0.0,0,,review,0
urban_accuracy_aware,S00077,unvisited,0,,,0.0,0,,review,0
urban_accuracy_aware,S00078,unvisited,0,,,0.0,0,,review,0
urban_accuracy_aware,S00079,unvisited,0,,,0.0,0,,review,0
urban_accuracy_aware,S00080,unvisited,0,,,0.0,0,,review,0
urban_accuracy_aware,S00081,unvisited,0,,,0.0,0,,review,0
urban_accuracy_aware,S00082,unvisited,0,,,0.0,0,,review,0
urban_accuracy_aware,S00083,unvisited,0,,,0.0,0,,review,0
urban_accuracy_aware,S00084,unvisited,0,,,0.0,0,,review,0
urban_accuracy_aware,S00085,unvisited,0,,,0.0,0,,review,0
urban_accuracy_aware,S00086,unvisited,0,,,0.0,0,,review,0
urban_accuracy_aware,S00087,unvisited,0,,,0.0,0,,review,0
urban_accuracy_aware,S00088,unvisited,0,,,0.0,0,,review,0
urban_accuracy_aware,S00089,unvisited,0,,,0.0,0,,review,0
urban_accuracy_aware,S00090,unvisited,0,,,0.0,0,,review,0
urban_accuracy_aware,S00091,unvisited,0,,,0.0,0,,review,0
urban_accuracy_aware,S00092,unvisited,0,,,0.0,0,,review,0
urban_accuracy_aware,S00093,unvisited,0,,,0.0,0,,review,0
urban_accuracy_aware,S00094,unvisited,0,,,0.0,0,,review,0
urban_accuracy_aware,S00095,unvisited,0,,,0.0,0,,review,0
urban_accuracy_aware,S00096,unvisited,0,,,0.0,0,,review,0
urban_accuracy_aware,S00097,unvisited,0,,,0.0,0,,review,0
urban_accuracy_aware,S00098,unvisited,0,,,0.0,0,,review,0
urban_accuracy_aware,S00099,unvisited,0,,,0.0,0,,review,0
urban_accuracy_aware,S00100,unvisited,0,,,0.0,0,,review,0
urban_accuracy_aware,S00101,unvisited,0,,,0.0,0,,review,0
urban_accuracy_aware,S00102,unvisited,0,,,0.0,0,,review,0
urban_accuracy_aware,S00103,unvisited,0,,,0.0,0,,review,0
urban_accuracy_aware,S00104,unvisited,0,,,0.0,0,,review,0
urban_accuracy_aware,S00105,unvisited,0,,,0.0,0,,review,0
urban_accuracy_aware,S00106,unvisited,0,,,0.0,0,,review,0
urban_accuracy_aware,S00107,unvisited,0,,,0.0,0,,review,0
urban_accuracy_aware,S00108,unvisited,0,,,0.0,0,,review,0
urban_accuracy_aware,S00109,unvisited,0,,,0.0,0,,review,0
urban_accuracy_aware,S00110,unvisited,0,,,0.0,0,,review,0
urban_accuracy_aware,S00111,unvisited,0,,,0.0,0,,review,0
urban_accuracy_aware,S00112,unvisited,0,,,0.0,0,,review,0
urban_accuracy_aware,S00113,unvisited,0,,,0.0,0,,review,0
urban_accuracy_aware,S00114,unvisited,0,,,0.0,0,,review,0
urban_accuracy_aware,S00115,unvisited,0,,,0.0,0,,review,0
urban_accuracy_aware,S00116,unvisited,0,,,0.0,0,,review,0
urban_accuracy_aware,S00117,visited,1,2026-03-11 11:40:00,2026-03-11 12:07:00,27.0,8,9.34291116423699,high,0
urban_accuracy_aware,S00118,unvisited,0,,,0.0,0,,review,0
urban_accuracy_aware,S00119,unvisited,0,,,0.0,0,,review,0
urban_accuracy_aware,S00120,unvisited,0,,,0.0,0,,review,0
urban_accuracy_aware,S00121,unvisited,0,,,0.0,0,,review,0
urban_accuracy_aware,S00122,unvisited,0,,,0.0,0,,review,0
urban_accuracy_aware,S00123,unvisited,0,,,0.0,0,,review,0
urban_accuracy_aware,S00124,unvisited,0,,,0.0,0,,review,0
urban_accuracy_aware,S00125,unvisited,0,,,0.0,0,,review,0
urban_accuracy_aware,S00126,unvisited,0,,,0.0,0,,review,0
urban_accuracy_aware,S00127,unvisited,0,,,0.0,0,,review,0
urban_accuracy_aware,S00128,ambiguous,1,2026-03-11 16:17:00,2026-03-11 16:17:00,0.0,1,20.6060775128751,ambiguous,0
urban_accuracy_aware,S00129,unvisited,0,,,0.0,0,,review,0
urban_accuracy_aware,S00130,unvisited,0,,,0.0,0,,review,0
urban_accuracy_aware,S00131,unvisited,0,,,0.0,0,,review,0
urban_accuracy_aware,S00132,unvisited,0,,,0.0,0,,review,0
urban_accuracy_aware,S00133,unvisited,0,,,0.0,0,,review,0
urban_accuracy_aware,S00134,unvisited,0,,,0.0,0,,review,0
urban_accuracy_aware,S00135,unvisited,0,,,0.0,0,,review,0
urban_accuracy_aware,S00136,unvisited,0,,,0.0,0,,review,0
urban_accuracy_aware,S00137,unvisited,0,,,0.0,0,,review,0
urban_accuracy_aware,S00138,unvisited,0,,,0.0,0,,review,0
urban_accuracy_aware,S00139,unvisited,0,,,0.0,0,,review,0
urban_accuracy_aware,S00140,unvisited,0,,,0.0,0,,review,0
urban_accuracy_aware,S00141,unvisited,0,,,0.0,0,,review,0
urban_accuracy_aware,S00142,unvisited,0,,,0.0,0,,review,0
urban_accuracy_aware,S00143,unvisited,0,,,0.0,0,,review,0
urban_accuracy_aware,S00144,unvisited,0,,,0.0,0,,review,0
urban_accuracy_aware,S00145,unvisited,0,,,0.0,0,,review,0
urban_accuracy_aware,S00146,unvisited,0,,,0.0,0,,review,0
urban_accuracy_aware,S00147,unvisited,0,,,0.0,0,,review,0
urban_accuracy_aware,S00148,unvisited,0,,,0.0,0,,review,0
urban_accuracy_aware,S00149,unvisited,0,,,0.0,0,,review,0
urban_accuracy_aware,S00150,unvisited,0,,,0.0,0,,review,0
urban_accuracy_aware,S00151,unvisited,0,,,0.0,0,,review,0
urban_accuracy_aware,S00152,ambiguous,1,2026-03-11 07:46:00,2026-03-11 07:46:00,0.0,1,10.3090358697925,ambiguous,0
urban_accuracy_aware,S00153,unvisited,0,,,0.0,0,,review,0
urban_accuracy_aware,S00154,unvisited,0,,,0.0,0,,review,0
urban_accuracy_aware,S00155,unvisited,0,,,0.0,0,,review,0
urban_accuracy_aware,S00156,unvisited,0,,,0.0,0,,review,0
urban_accuracy_aware,S00157,unvisited,0,,,0.0,0,,review,0
urban_accuracy_aware,S00158,unvisited,0,,,0.0,0,,review,0
urban_accuracy_aware,S00159,unvisited,0,,,0.0,0,,review,0
urban_accuracy_aware,S00160,unvisited,0,,,0.0,0,,review,0
urban_accuracy_aware,S00161,unvisited,0,,,0.0,0,,review,0
urban_accuracy_aware,S00162,unvisited,0,,,0.0,0,,review,0
urban_accuracy_aware,S00163,unvisited,0,,,0.0,0,,review,0
urban_accuracy_aware,S00164,unvisited,0,,,0.0,0,,review,0
urban_accuracy_aware,S00165,unvisited,0,,,0.0,0,,review,0
urban_accuracy_aware,S00166,unvisited,0,,,0.0,0,,review,0
urban_accuracy_aware,S00167,unvisited,0,,,0.0,0,,review,0
urban_accuracy_aware,S00168,unvisited,0,,,0.0,0,,review,0
urban_accuracy_aware,S00169,unvisited,0,,,0.0,0,,review,0
urban_accuracy_aware,S00170,unvisited,0,,,0.0,0,,review,0
urban_accuracy_aware,S00171,unvisited,0,,,0.0,0,,review,0
urban_accuracy_aware,S00172,unvisited,0,,,0.0,0,,review,0
urban_accuracy_aware,S00173,unvisited,0,,,0.0,0,,review,0
urban_accuracy_aware,S00174,unvisited,0,,,0.0,0,,review,0
urban_accuracy_aware,S00175,unvisited,0,,,0.0,0,,review,0
urban_accuracy_aware,S00176,unvisited,0,,,0.0,0,,review,0
urban_accuracy_aware,S00177,unvisited,0,,,0.0,0,,review,0
urban_accuracy_aware,S00178,unvisited,0,,,0.0,0,,review,0
urban_accuracy_aware,S00179,unvisited,0,,,0.0,0,,review,0
urban_accuracy_aware,S00180,unvisited,0,,,0.0,0,,review,0
urban_accuracy_aware,S00181,unvisited,0,,,0.0,0,,review,0
urban_accuracy_aware,S00182,unvisited,0,,,0.0,0,26.0489028153782,review,0
urban_accuracy_aware,S00183,unvisited,0,,,0.0,0,,review,0
urban_accuracy_aware,S00184,unvisited,0,,,0.0,0,,review,0
urban_accuracy_aware,S00185,unvisited,0,,,0.0,0,,review,0
urban_accuracy_aware,S00186,unvisited,0,,,0.0,0,,review,0
urban_accuracy_aware,S00187,unvisited,0,,,0.0,0,,review,0
urban_accuracy_aware,S00188,unvisited,0,,,0.0,0,,review,0
urban_accuracy_aware,S00189,unvisited,0,,,0.0,0,,review,0
urban_accuracy_aware,S00190,unvisited,0,,,0.0,0,,review,0
urban_accuracy_aware,S00191,unvisited,0,,,0.0,0,,review,0
urban_accuracy_aware,S00192,unvisited,0,,,0.0,0,,review,0
urban_accuracy_aware,S00193,unvisited,0,,,0.0,0,,review,0
urban_accuracy_aware,S00194,unvisited,0,,,0.0,0,,review,0
urban_accuracy_aware,S00195,unvisited,0,,,0.0,0,,review,0
urban_accuracy_aware,S00196,unvisited,0,,,0.0,0,,review,0
urban_accuracy_aware,S00197,visited,1,2026-03-11 12:03:00,2026-03-11 12:35:00,32.0,33,1.71140219929421,high,0
urban_accuracy_aware,S00198,unvisited,0,,,0.0,0,,review,0
urban_accuracy_aware,S00199,unvisited,0,,,0.0,0,,review,0
urban_accuracy_aware,S00200,unvisited,0,,,0.0,0,,review,0
urban_accuracy_aware,S00201,unvisited,0,,,0.0,0,,review,0
urban_accuracy_aware,S00202,unvisited,0,,,0.0,0,,review,0
urban_accuracy_aware,S00203,unvisited,0,,,0.0,0,,review,0
urban_accuracy_aware,S00204,unvisited,0,,,0.0,0,,review,0
urban_accuracy_aware,S00205,unvisited,0,,,0.0,0,,review,0
urban_accuracy_aware,S00206,unvisited,0,,,0.0,0,,review,0
urban_accuracy_aware,S00207,unvisited,0,,,0.0,0,,review,0
urban_accuracy_aware,S00208,unvisited,0,,,0.0,0,,review,0
urban_accuracy_aware,S00209,unvisited,0,,,0.0,0,,review,0
urban_accuracy_aware,S00210,unvisited,0,,,0.0,0,,review,0
urban_accuracy_aware,S00211,unvisited,0,,,0.0,0,,review,0
urban_accuracy_aware,S00212,unvisited,0,,,0.0,0,,review,0
urban_accuracy_aware,S00213,unvisited,0,,,0.0,0,,review,0
urban_accuracy_aware,S00214,unvisited,0,,,0.0,0,,review,0
urban_accuracy_aware,S00215,unvisited,0,,,0.0,0,,review,0
urban_accuracy_aware,S00216,unvisited,0,,,0.0,0,,review,0
urban_accuracy_aware,S00217,unvisited,0,,,0.0,0,,review,0
urban_accuracy_aware,S00218,unvisited,0,,,0.0,0,,review,0
urban_accuracy_aware,S00219,unvisited,0,,,0.0,0,,review,0
urban_accuracy_aware,S00220,unvisited,0,,,0.0,0,,review,0
urban_accuracy_aware,S00221,unvisited,0,,,0.0,0,,review,0
urban_accuracy_aware,S00222,unvisited,0,,,0.0,0,,review,0
urban_accuracy_aware,S00223,unvisited,0,,,0.0,0,,review,0
urban_accuracy_aware,S00224,unvisited,0,,,0.0,0,,review,0
urban_accuracy_aware,S00225,unvisited,0,,,0.0,0,,review,0
urban_accuracy_aware,S00226,unvisited,0,,,0.0,0,,review,0
urban_accuracy_aware,S00227,unvisited,0,,,0.0,0,,review,0
urban_accuracy_aware,S00228,unvisited,0,,,0.0,0,,review,0
urban_accuracy_aware,S00229,unvisited,0,,,0.0,0,,review,0
urban_accuracy_aware,S00230,visited,1,2026-03-11 12:46:00,2026-03-11 13:07:00,21.0,8,17.5425048231813,high,0
urban_accuracy_aware,S00231,unvisited,0,,,0.0,0,,review,0
urban_accuracy_aware,S00232,unvisited,0,,,0.0,0,,review,0
urban_accuracy_aware,S00233,unvisited,0,,,0.0,0,,review,0
urban_accuracy_aware,S00234,unvisited,0,,,0.0,0,,review,0
urban_accuracy_aware,S00235,ambiguous,1,2026-03-11 08:21:00,2026-03-11 08:21:00,0.0,1,23.6114733910166,ambiguous,0
urban_accuracy_aware,S00236,visited,1,2026-03-13 08:46:00,2026-03-13 09:01:00,15.0,4,10.0480770079524,high,0
urban_accuracy_aware,S00237,unvisited,0,,,0.0,0,,review,0
urban_accuracy_aware,S00238,unvisited,0,,,0.0,0,,review,0
urban_accuracy_aware,S00239,unvisited,0,,,0.0,0,,review,0
urban_accuracy_aware,S00240,unvisited,0,,,0.0,0,,review,0
urban_accuracy_aware,S00241,unvisited,0,,,0.0,0,,review,0
urban_accuracy_aware,S00242,unvisited,0,,,0.0,0,,review,0
urban_accuracy_aware,S00243,unvisited,0,,,0.0,0,,review,0
urban_accuracy_aware,S00244,unvisited,0,,,0.0,0,,review,0
urban_accuracy_aware,S00245,unvisited,0,,,0.0,0,,review,0
urban_accuracy_aware,S00246,unvisited,0,,,0.0,0,,review,0
urban_accuracy_aware,S00247,unvisited,0,,,0.0,0,,review,0
urban_accuracy_aware,S00248,visited,1,2026-03-12 07:40:00,2026-03-12 08:08:00,28.0,9,10.6828164362451,high,0
urban_accuracy_aware,S00249,unvisited,0,,,0.0,0,,review,0
urban_accuracy_aware,S00250,unvisited,0,,,0.0,0,,review,0
urban_accuracy_aware,S00251,unvisited,0,,,0.0,0,,review,0
urban_accuracy_aware,S00252,unvisited,0,,,0.0,0,,review,0
urban_accuracy_aware,S00253,unvisited,0,,,0.0,0,,review,0
urban_accuracy_aware,S00254,unvisited,0,,,0.0,0,,review,0
urban_accuracy_aware,S00255,unvisited,0,,,0.0,0,,review,0
urban_accuracy_aware,S00256,unvisited,0,,,0.0,0,,review,0
urban_accuracy_aware,S00257,unvisited,0,,,0.0,0,,review,0
urban_accuracy_aware,S00258,unvisited,0,,,0.0,0,,review,0
urban_accuracy_aware,S00259,unvisited,0,,,0.0,0,,review,0
urban_accuracy_aware,S00260,unvisited,0,,,0.0,0,,review,0
urban_accuracy_aware,S00261,unvisited,0,,,0.0,0,,review,0
urban_accuracy_aware,S00262,unvisited,0,,,0.0,0,,review,0
urban_accuracy_aware,S00263,visited,1,2026-03-11 17:44:00,2026-03-11 18:10:00,26.0,10,6.02482719705612,high,0
urban_accuracy_aware,S00264,unvisited,0,,,0.0,0,,review,0
urban_accuracy_aware,S00265,unvisited,0,,,0.0,0,,review,0
urban_accuracy_aware,S00266,ambiguous,1,2026-03-12 17:07:00,2026-03-12 17:07:00,0.0,1,33.6010323489043,ambiguous,0
urban_accuracy_aware,S00267,unvisited,0,,,0.0,0,,review,0
urban_accuracy_aware,S00268,unvisited,0,,,0.0,0,,review,0
urban_accuracy_aware,S00269,unvisited,0,,,0.0,0,,review,0
urban_accuracy_aware,S00270,unvisited,0,,,0.0,0,,review,0
urban_accuracy_aware,S00271,unvisited,0,,,0.0,0,,review,0
urban_accuracy_aware,S00272,unvisited,0,,,0.0,0,,review,0
urban_accuracy_aware,S00273,unvisited,0,,,0.0,0,,review,0
urban_accuracy_aware,S00274,visited,1,2026-03-12 10:16:00,2026-03-12 10:41:00,25.0,10,4.25205091846953,high,0
urban_accuracy_aware,S00275,unvisited,0,,,0.0,0,,review,0
urban_accuracy_aware,S00276,unvisited,0,,,0.0,0,,review,0
urban_accuracy_aware,S00277,ambiguous,1,2026-03-12 17:34:00,2026-03-12 17:34:00,0.0,1,26.4546549377994,ambiguous,0
urban_accuracy_aware,S00278,unvisited,0,,,0.0,0,,review,0
urban_accuracy_aware,S00279,unvisited,0,,,0.0,0,,review,0
urban_accuracy_aware,S00280,unvisited,0,,,0.0,0,,review,0
urban_accuracy_aware,S00281,unvisited,0,,,0.0,0,,review,0
urban_accuracy_aware,S00282,unvisited,0,,,0.0,0,,review,0
urban_accuracy_aware,S00283,unvisited,0,,,0.0,0,,review,0
urban_accuracy_aware,S00284,ambiguous,1,2026-03-11 13:49:00,2026-03-11 13:56:00,0.0,3,7.74847537722516,ambiguous,0
urban_accuracy_aware,S00285,unvisited,0,,,0.0,0,,review,0
urban_accuracy_aware,S00286,unvisited,0,,,0.0,0,,review,0
urban_accuracy_aware,S00287,visited,1,2026-03-09 07:27:00,2026-03-09 07:57:00,30.0,9,9.74835515817165,high,0
urban_accuracy_aware,S00288,ambiguous,1,2026-03-10 07:16:00,2026-03-10 07:29:00,0.0,5,11.6358984410538,ambiguous,0
urban_accuracy_aware,S00289,unvisited,0,,,0.0,0,,review,0
urban_accuracy_aware,S00290,unvisited,0,,,0.0,0,,review,0
urban_accuracy_aware,S00291,unvisited,0,,,0.0,0,,review,0
urban_accuracy_aware,S00292,unvisited,0,,,0.0,0,,review,0
urban_accuracy_aware,S00293,unvisited,0,,,0.0,0,,review,0
urban_accuracy_aware,S00294,unvisited,0,,,0.0,0,,review,0
urban_accuracy_aware,S00295,unvisited,0,,,0.0,0,,review,0
urban_accuracy_aware,S00296,unvisited,0,,,0.0,0,,review,0
urban_accuracy_aware,S00297,unvisited,0,,,0.0,0,,review,0
urban_accuracy_aware,S00298,unvisited,0,,,0.0,0,,review,0
urban_accuracy_aware,S00299,unvisited,0,,,0.0,0,,review,0
urban_accuracy_aware,S00300,unvisited,0,,,0.0,0,,review,0
urban_accuracy_aware,S00301,unvisited,0,,,0.0,0,,review,0
urban_accuracy_aware,S00302,unvisited,0,,,0.0,0,,review,0
urban_accuracy_aware,S00303,unvisited,0,,,0.0,0,,review,0
urban_accuracy_aware,S00304,unvisited,0,,,0.0,0,,review,0
urban_accuracy_aware,S00305,unvisited,0,,,0.0,0,,review,0
urban_accuracy_aware,S00306,unvisited,0,,,0.0,0,,review,0
urban_accuracy_aware,S00307,unvisited,0,,,0.0,0,,review,0
urban_accuracy_aware,S00308,unvisited,0,,,0.0,0,,review,0
urban_accuracy_aware,S00309,unvisited,0,,,0.0,0,,review,0
urban_accuracy_aware,S00310,unvisited,0,,,0.0,0,,review,0
urban_accuracy_aware,S00311,unvisited,0,,,0.0,0,,review,0
urban_accuracy_aware,S00312,unvisited,0,,,0.0,0,,review,0
urban_accuracy_aware,S00313,visited,1,2026-03-11 07:44:00,2026-03-11 08:03:00,19.0,6,11.797696048901,high,0
urban_accuracy_aware,S00314,unvisited,0,,,0.0,0,,review,0
urban_accuracy_aware,S00315,unvisited,0,,,0.0,0,,review,0
urban_accuracy_aware,S00316,unvisited,0,,,0.0,0,,review,0
urban_accuracy_aware,S00317,unvisited,0,,,0.0,0,,review,0
urban_accuracy_aware,S00318,unvisited,0,,,0.0,0,,review,0
urban_accuracy_aware,S00319,unvisited,0,,,0.0,0,,review,0
urban_accuracy_aware,S00320,unvisited,0,,,0.0,0,,review,0
urban_accuracy_aware,S00321,visited,1,2026-03-13 07:26:00,2026-03-13 07:41:00,15.0,4,6.80430363981186,high,0
urban_accuracy_aware,S00322,unvisited,0,,,0.0,0,,review,0
urban_accuracy_aware,S00323,unvisited,0,,,0.0,0,,review,0
urban_accuracy_aware,S00324,unvisited,0,,,0.0,0,,review,0
urban_accuracy_aware,S00325,unvisited,0,,,0.0,0,,review,0
urban_accuracy_aware,S00326,unvisited,0,,,0.0,0,,review,0
urban_accuracy_aware,S00327,unvisited,0,,,0.0,0,,review,0
urban_accuracy_aware,S00328,unvisited,0,,,0.0,0,,review,0
urban_accuracy_aware,S00329,unvisited,0,,,0.0,0,,review,0
urban_accuracy_aware,S00330,unvisited,0,,,0.0,0,,review,0
urban_accuracy_aware,S00331,unvisited,0,,,0.0,0,,review,0
urban_accuracy_aware,S00332,unvisited,0,,,0.0,0,,review,0
urban_accuracy_aware,S00333,unvisited,0,,,0.0,0,,review,0
urban_accuracy_aware,S00334,unvisited,0,,,0.0,0,,review,0
urban_accuracy_aware,S00335,unvisited,0,,,0.0,0,,review,0
urban_accuracy_aware,S00336,unvisited,0,,,0.0,0,,review,0
urban_accuracy_aware,S00337,unvisited,0,,,0.0,0,,review,0
urban_accuracy_aware,S00338,unvisited,0,,,0.0,0,,review,0
urban_accuracy_aware,S00339,unvisited,0,,,0.0,0,,review,0
urban_accuracy_aware,S00340,unvisited,0,,,0.0,0,,review,0
urban_accuracy_aware,S00341,unvisited,0,,,0.0,0,,review,0
urban_accuracy_aware,S00342,unvisited,0,,,0.0,0,,review,0
urban_accuracy_aware,S00343,unvisited,0,,,0.0,0,,review,0
urban_accuracy_aware,S00344,unvisited,0,,,0.0,0,,review,0
urban_accuracy_aware,S00345,unvisited,0,,,0.0,0,,review,0
urban_accuracy_aware,S00346,unvisited,0,,,0.0,0,,review,0
urban_accuracy_aware,S00347,unvisited,0,,,0.0,0,,review,0
urban_accuracy_aware,S00348,ambiguous,1,2026-03-09 07:32:00,2026-03-09 07:32:00,0.0,1,17.1381084456469,ambiguous,0
urban_accuracy_aware,S00349,unvisited,0,,,0.0,0,,review,0
urban_accuracy_aware,S00350,unvisited,0,,,0.0,0,,review,0
urban_accuracy_aware,S00351,unvisited,0,,,0.0,0,,review,0
urban_accuracy_aware,S00352,unvisited,0,,,0.0,0,,review,0
urban_accuracy_aware,S00353,unvisited,0,,,0.0,0,,review,0
urban_accuracy_aware,S00354,unvisited,0,,,0.0,0,,review,0
urban_accuracy_aware,S00355,unvisited,0,,,0.0,0,,review,0
urban_accuracy_aware,S00356,unvisited,0,,,0.0,0,,review,0
urban_accuracy_aware,S00357,unvisited,0,,,0.0,0,,review,0
urban_accuracy_aware,S00358,unvisited,0,,,0.0,0,,review,0
urban_accuracy_aware,S00359,unvisited,0,,,0.0,0,,review,0
urban_accuracy_aware,S00360,unvisited,0,,,0.0,0,,review,0
urban_accuracy_aware,S00361,unvisited,0,,,0.0,0,,review,0
urban_accuracy_aware,S00362,ambiguous,1,2026-03-13 08:31:00,2026-03-13 08:31:00,0.0,1,2.92422324486122,ambiguous,0
urban_accuracy_aware,S00363,unvisited,0,,,0.0,0,,review,0
urban_accuracy_aware,S00364,unvisited,0,,,0.0,0,,review,0
urban_accuracy_aware,S00365,unvisited,0,,,0.0,0,,review,0
urban_accuracy_aware,S00366,unvisited,0,,,0.0,0,,review,0
urban_accuracy_aware,S00367,unvisited,0,,,0.0,0,,review,0
urban_accuracy_aware,S00368,unvisited,0,,,0.0,0,,review,0
urban_accuracy_aware,S00369,unvisited,0,,,0.0,0,,review,0
urban_accuracy_aware,S00370,unvisited,0,,,0.0,0,,review,0
urban_accuracy_aware,S00371,unvisited,0,,,0.0,0,,review,0
urban_accuracy_aware,S00372,unvisited,0,,,0.0,0,,review,0
urban_accuracy_aware,S00373,unvisited,0,,,0.0,0,,review,0
urban_accuracy_aware,S00374,unvisited,0,,,0.0,0,,review,0
urban_accuracy_aware,S00375,unvisited,0,,,0.0,0,,review,0
urban_accuracy_aware,S00376,unvisited,0,,,0.0,0,,review,0
urban_accuracy_aware,S00377,unvisited,0,,,0.0,0,,review,0
urban_accuracy_aware,S00378,unvisited,0,,,0.0,0,,review,0
urban_accuracy_aware,S00379,unvisited,0,,,0.0,0,,review,0
urban_accuracy_aware,S00380,unvisited,0,,,0.0,0,,review,0
urban_accuracy_aware,S00381,unvisited,0,,,0.0,0,,review,0
urban_accuracy_aware,S00382,unvisited,0,,,0.0,0,,review,0
urban_accuracy_aware,S00383,unvisited,0,,,0.0,0,,review,0
urban_accuracy_aware,S00384,unvisited,0,,,0.0,0,,review,0
urban_accuracy_aware,S00385,unvisited,0,,,0.0,0,,review,0
urban_accuracy_aware,S00386,unvisited,0,,,0.0,0,,review,0
urban_accuracy_aware,S00387,unvisited,0,,,0.0,0,,review,0
urban_accuracy_aware,S00388,unvisited,0,,,0.0,0,,review,0
urban_accuracy_aware,S00389,unvisited,0,,,0.0,0,,review,0
urban_accuracy_aware,S00390,unvisited,0,,,0.0,0,,review,0
urban_accuracy_aware,S00391,unvisited,0,,,0.0,0,,review,0
urban_accuracy_aware,S00392,unvisited,0,,,0.0,0,,review,0
urban_accuracy_aware,S00393,unvisited,0,,,0.0,0,,review,0
urban_accuracy_aware,S00394,unvisited,0,,,0.0,0,,review,0
urban_accuracy_aware,S00395,unvisited,0,,,0.0,0,,review,0
urban_accuracy_aware,S00396,unvisited,0,,,0.0,0,,review,0
urban_accuracy_aware,S00397,unvisited,0,,,0.0,0,,review,0
urban_accuracy_aware,S00398,unvisited,0,,,0.0,0,,review,0
urban_accuracy_aware,S00399,unvisited,0,,,0.0,0,,review,0
urban_accuracy_aware,S00400,unvisited,0,,,0.0,0,,review,0
urban_accuracy_aware,S00401,unvisited,0,,,0.0,0,,review,0
urban_accuracy_aware,S00402,unvisited,0,,,0.0,0,,review,0
urban_accuracy_aware,S00403,unvisited,0,,,0.0,0,,review,0
urban_accuracy_aware,S00404,unvisited,0,,,0.0,0,,review,0
urban_accuracy_aware,S00405,unvisited,0,,,0.0,0,,review,0
urban_accuracy_aware,S00406,unvisited,0,,,0.0,0,,review,0
urban_accuracy_aware,S00407,unvisited,0,,,0.0,0,,review,0
urban_accuracy_aware,S00408,unvisited,0,,,0.0,0,,review,0
urban_accuracy_aware,S00409,unvisited,0,,,0.0,0,,review,0
urban_accuracy_aware,S00410,unvisited,0,,,0.0,0,,review,0
urban_accuracy_aware,S00411,unvisited,0,,,0.0,0,,review,0
urban_accuracy_aware,S00412,unvisited,0,,,0.0,0,,review,0
urban_accuracy_aware,S00413,unvisited,0,,,0.0,0,,review,0
urban_accuracy_aware,S00414,unvisited,0,,,0.0,0,,review,0
urban_accuracy_aware,S00415,unvisited,0,,,0.0,0,,review,0
urban_accuracy_aware,S00416,unvisited,0,,,0.0,0,,review,0
urban_accuracy_aware,S00417,unvisited,0,,,0.0,0,,review,0
urban_accuracy_aware,S00418,unvisited,0,,,0.0,0,,review,0
urban_accuracy_aware,S00419,visited,1,2026-03-11 07:29:00,2026-03-11 07:52:00,23.0,5,6.54207794659625,high,0
urban_accuracy_aware,S00420,unvisited,0,,,0.0,0,,review,0
urban_accuracy_aware,S00421,unvisited,0,,,0.0,0,,review,0
urban_accuracy_aware,S00422,unvisited,0,,,0.0,0,,review,0
urban_accuracy_aware,S00423,unvisited,0,,,0.0,0,,review,0
urban_accuracy_aware,S00424,unvisited,0,,,0.0,0,,review,0
urban_accuracy_aware,S00425,unvisited,0,,,0.0,0,,review,0
urban_accuracy_aware,S00426,unvisited,0,,,0.0,0,,review,0
urban_accuracy_aware,S00427,unvisited,0,,,0.0,0,,review,0
urban_accuracy_aware,S00428,unvisited,0,,,0.0,0,,review,0
urban_accuracy_aware,S00429,unvisited,0,,,0.0,0,,review,0
urban_accuracy_aware,S00430,unvisited,0,,,0.0,0,,review,0
urban_accuracy_aware,S00431,unvisited,0,,,0.0,0,,review,0
urban_accuracy_aware,S00432,unvisited,0,,,0.0,0,,review,0
urban_accuracy_aware,S00433,unvisited,0,,,0.0,0,,review,0
urban_accuracy_aware,S00434,unvisited,0,,,0.0,0,,review,0
urban_accuracy_aware,S00435,unvisited,0,,,0.0,0,,review,0
urban_accuracy_aware,S00436,unvisited,0,,,0.0,0,,review,0
urban_accuracy_aware,S00437,unvisited,0,,,0.0,0,,review,0
urban_accuracy_aware,S00438,unvisited,0,,,0.0,0,,review,0
urban_accuracy_aware,S00439,unvisited,0,,,0.0,0,,review,0
urban_accuracy_aware,S00440,unvisited,0,,,0.0,0,,review,0
urban_accuracy_aware,S00441,unvisited,0,,,0.0,0,,review,0
urban_accuracy_aware,S00442,unvisited,0,,,0.0,0,,review,0
urban_accuracy_aware,S00443,unvisited,0,,,0.0,0,,review,0
urban_accuracy_aware,S00444,unvisited,0,,,0.0,0,,review,0
urban_accuracy_aware,S00445,unvisited,0,,,0.0,0,,review,0
urban_accuracy_aware,S00446,unvisited,0,,,0.0,0,,review,0
urban_accuracy_aware,S00447,unvisited,0,,,0.0,0,,review,0
urban_accuracy_aware,S00448,unvisited,0,,,0.0,0,,review,0
urban_accuracy_aware,S00449,unvisited,0,,,0.0,0,,review,0
urban_accuracy_aware,S00450,unvisited,0,,,0.0,0,,review,0
urban_accuracy_aware,S00451,unvisited,0,,,0.0,0,,review,0
urban_accuracy_aware,S00452,unvisited,0,,,0.0,0,,review,0
urban_accuracy_aware,S00453,unvisited,0,,,0.0,0,,review,0
urban_accuracy_aware,S00454,unvisited,0,,,0.0,0,,review,0
urban_accuracy_aware,S00455,unvisited,0,,,0.0,0,,review,0
urban_accuracy_aware,S00456,unvisited,0,,,0.0,0,,review,0
urban_accuracy_aware,S00457,unvisited,0,,,0.0,0,,review,0
urban_accuracy_aware,S00458,unvisited,0,,,0.0,0,,review,0
urban_accuracy_aware,S00459,unvisited,0,,,0.0,0,,review,0
urban_accuracy_aware,S00460,unvisited,0,,,0.0,0,,review,0
urban_accuracy_aware,S00461,unvisited,0,,,0.0,0,,review,0
urban_accuracy_aware,S00462,unvisited,0,,,0.0,0,,review,0
urban_accuracy_aware,S00463,unvisited,0,,,0.0,0,,review,0
urban_accuracy_aware,S00464,unvisited,0,,,0.0,0,,review,0
urban_accuracy_aware,S00465,unvisited,0,,,0.0,0,,review,0
urban_accuracy_aware,S00466,unvisited,0,,,0.0,0,,review,0
urban_accuracy_aware,S00467,unvisited,0,,,0.0,0,,review,0
urban_accuracy_aware,S00468,unvisited,0,,,0.0,0,,review,0
urban_accuracy_aware,S00469,unvisited,0,,,0.0,0,,review,0
urban_accuracy_aware,S00470,unvisited,0,,,0.0,0,,review,0
urban_accuracy_aware,S00471,unvisited,0,,,0.0,0,,review,0
urban_accuracy_aware,S00472,unvisited,0,,,0.0,0,,review,0
urban_accuracy_aware,S00473,unvisited,0,,,0.0,0,,review,0
urban_accuracy_aware,S00474,unvisited,0,,,0.0,0,,review,0
urban_accuracy_aware,S00475,unvisited,0,,,0.0,0,,review,0
urban_accuracy_aware,S00476,unvisited,0,,,0.0,0,,review,0
urban_accuracy_aware,S00477,unvisited,0,,,0.0,0,,review,0
urban_accuracy_aware,S00478,unvisited,0,,,0.0,0,,review,0
urban_accuracy_aware,S00479,unvisited,0,,,0.0,0,,review,0
urban_accuracy_aware,S00480,unvisited,0,,,0.0,0,,review,0
urban_accuracy_aware,S00481,unvisited,0,,,0.0,0,,review,0
urban_accuracy_aware,S00482,unvisited,0,,,0.0,0,,review,0
urban_accuracy_aware,S00483,unvisited,0,,,0.0,0,,review,0
urban_accuracy_aware,S00484,unvisited,0,,,0.0,0,,review,0
urban_accuracy_aware,S00485,unvisited,0,,,0.0,0,,review,0
urban_accuracy_aware,S00486,unvisited,0,,,0.0,0,,review,0
urban_accuracy_aware,S00487,unvisited,0,,,0.0,0,,review,0
urban_accuracy_aware,S00488,unvisited,0,,,0.0,0,,review,0
urban_accuracy_aware,S00489,unvisited,0,,,0.0,0,,review,0
urban_accuracy_aware,S00490,unvisited,0,,,0.0,0,,review,0
urban_accuracy_aware,S00491,unvisited,0,,,0.0,0,,review,0
urban_accuracy_aware,S00492,unvisited,0,,,0.0,0,,review,0
urban_accuracy_aware,S00493,unvisited,0,,,0.0,0,,review,0
urban_accuracy_aware,S00494,visited,1,2026-03-09 08:29:00,2026-03-09 08:50:00,21.0,6,6.65167894269101,high,0
urban_accuracy_aware,S00495,unvisited,0,,,0.0,0,,review,0
urban_accuracy_aware,S00496,unvisited,0,,,0.0,0,,review,0
urban_accuracy_aware,S00497,unvisited,0,,,0.0,0,,review,0
urban_accuracy_aware,S00498,unvisited,0,,,0.0,0,,review,0
urban_accuracy_aware,S00499,unvisited,0,,,0.0,0,,review,0
urban_accuracy_aware,S00500,unvisited,0,,,0.0,0,,review,0
urban_accuracy_aware,S00501,unvisited,0,,,0.0,0,,review,0
urban_accuracy_aware,S00502,unvisited,0,,,0.0,0,,review,0
urban_accuracy_aware,S00503,unvisited,0,,,0.0,0,,review,0
urban_accuracy_aware,S00504,unvisited,0,,,0.0,0,,review,0
urban_accuracy_aware,S00505,unvisited,0,,,0.0,0,,review,0
urban_accuracy_aware,S00506,unvisited,0,,,0.0,0,,review,0
urban_accuracy_aware,S00507,unvisited,0,,,0.0,0,,review,0
urban_accuracy_aware,S00508,unvisited,0,,,0.0,0,,review,0
urban_accuracy_aware,S00509,unvisited,0,,,0.0,0,,review,0
urban_accuracy_aware,S00510,unvisited,0,,,0.0,0,,review,0
urban_accuracy_aware,S00511,unvisited,0,,,0.0,0,,review,0
urban_accuracy_aware,S00512,unvisited,0,,,0.0,0,,review,0
urban_accuracy_aware,S00513,unvisited,0,,,0.0,0,,review,0
urban_accuracy_aware,S00514,visited,1,2026-03-09 07:36:00,2026-03-09 07:54:00,18.0,5,15.1271504843153,high,0
urban_accuracy_aware,S00515,unvisited,0,,,0.0,0,,review,0
urban_accuracy_aware,S00516,unvisited,0,,,0.0,0,,review,0
urban_accuracy_aware,S00517,unvisited,0,,,0.0,0,,review,0
urban_accuracy_aware,S00518,unvisited,0,,,0.0,0,,review,0
urban_accuracy_aware,S00519,unvisited,0,,,0.0,0,,review,0
urban_accuracy_aware,S00520,unvisited,0,,,0.0,0,,review,0
urban_accuracy_aware,S00521,unvisited,0,,,0.0,0,,review,0
urban_accuracy_aware,S00522,unvisited,0,,,0.0,0,,review,0
urban_accuracy_aware,S00523,unvisited,0,,,0.0,0,,review,0
urban_accuracy_aware,S00524,unvisited,0,,,0.0,0,,review,0
urban_accuracy_aware,S00525,unvisited,0,,,0.0,0,,review,0
urban_accuracy_aware,S00526,unvisited,0,,,0.0,0,,review,0
urban_accuracy_aware,S00527,unvisited,0,,,0.0,0,,review,0
urban_accuracy_aware,S00528,unvisited,0,,,0.0,0,,review,0
urban_accuracy_aware,S00529,unvisited,0,,,0.0,0,,review,0
urban_accuracy_aware,S00530,unvisited,0,,,0.0,0,,review,0
urban_accuracy_aware,S00531,unvisited,0,,,0.0,0,,review,0
urban_accuracy_aware,S00532,unvisited,0,,,0.0,0,,review,0
urban_accuracy_aware,S00533,unvisited,0,,,0.0,0,,review,0
urban_accuracy_aware,S00534,unvisited,0,,,0.0,0,,review,0
urban_accuracy_aware,S00535,unvisited,0,,,0.0,0,,review,0
urban_accuracy_aware,S00536,unvisited,0,,,0.0,0,,review,0
urban_accuracy_aware,S00537,unvisited,0,,,0.0,0,,review,0
urban_accuracy_aware,S00538,visited,1,2026-03-11 07:19:00,2026-03-11 07:34:00,15.0,6,14.0054208839433,high,0
urban_accuracy_aware,S00539,unvisited,0,,,0.0,0,,review,0
urban_accuracy_aware,S00540,unvisited,0,,,0.0,0,,review,0
urban_accuracy_aware,S00541,unvisited,0,,,0.0,0,,review,0
urban_accuracy_aware,S00542,unvisited,0,,,0.0,0,,review,0
urban_accuracy_aware,S00543,unvisited,0,,,0.0,0,,review,0
urban_accuracy_aware,S00544,unvisited,0,,,0.0,0,,review,0
urban_accuracy_aware,S00545,unvisited,0,,,0.0,0,,review,0
urban_accuracy_aware,S00546,visited,1,2026-03-11 12:21:00,2026-03-11 12:48:00,27.0,12,10.510714005514,high,0
urban_accuracy_aware,S00547,unvisited,0,,,0.0,0,,review,0
urban_accuracy_aware,S00548,unvisited,0,,,0.0,0,,review,0
urban_accuracy_aware,S00549,unvisited,0,,,0.0,0,,review,0
urban_accuracy_aware,S00550,unvisited,0,,,0.0,0,,review,0
urban_accuracy_aware,S00551,unvisited,0,,,0.0,0,,review,0
urban_accuracy_aware,S00552,unvisited,0,,,0.0,0,,review,0
urban_accuracy_aware,S00553,visited,1,2026-03-13 13:43:00,2026-03-13 14:03:00,20.0,10,5.75153914157994,high,0
urban_accuracy_aware,S00554,unvisited,0,,,0.0,0,,review,0
urban_accuracy_aware,S00555,unvisited,0,,,0.0,0,,review,0
urban_accuracy_aware,S00556,visited,1,2026-03-12 10:13:00,2026-03-12 10:38:00,25.0,5,7.6573418675906,high,0
urban_accuracy_aware,S00557,unvisited,0,,,0.0,0,,review,0
urban_accuracy_aware,S00558,unvisited,0,,,0.0,0,,review,0
urban_accuracy_aware,S00559,unvisited,0,,,0.0,0,,review,0
urban_accuracy_aware,S00560,unvisited,0,,,0.0,0,,review,0
urban_accuracy_aware,S00561,unvisited,0,,,0.0,0,,review,0
urban_accuracy_aware,S00562,unvisited,0,,,0.0,0,,review,0
urban_accuracy_aware,S00563,unvisited,0,,,0.0,0,,review,0
urban_accuracy_aware,S00564,unvisited,0,,,0.0,0,,review,0
urban_accuracy_aware,S00565,unvisited,0,,,0.0,0,,review,0
urban_accuracy_aware,S00566,unvisited,0,,,0.0,0,,review,0
urban_accuracy_aware,S00567,unvisited,0,,,0.0,0,,review,0
urban_accuracy_aware,S00568,unvisited,0,,,0.0,0,,review,0
urban_accuracy_aware,S00569,unvisited,0,,,0.0,0,,review,0
urban_accuracy_aware,S00570,unvisited,0,,,0.0,0,,review,0
urban_accuracy_aware,S00571,unvisited,0,,,0.0,0,,review,0
urban_accuracy_aware,S00572,unvisited,0,,,0.0,0,,review,0
urban_accuracy_aware,S00573,unvisited,0,,,0.0,0,,review,0
urban_accuracy_aware,S00574,unvisited,0,,,0.0,0,,review,0
urban_accuracy_aware,S00575,unvisited,0,,,0.0,0,,review,0
urban_accuracy_aware,S00576,ambiguous,1,2026-03-09 12:34:00,2026-03-09 12:55:00,0.0,3,23.0113961106392,ambiguous,0
urban_accuracy_aware,S00577,unvisited,0,,,0.0,0,,review,0
urban_accuracy_aware,S00578,unvisited,0,,,0.0,0,,review,0
urban_accuracy_aware,S00579,unvisited,0,,,0.0,0,,review,0
urban_accuracy_aware,S00580,unvisited,0,,,0.0,0,,review,0
urban_accuracy_aware,S00581,unvisited,0,,,0.0,0,,review,0
urban_accuracy_aware,S00582,visited,1,2026-03-12 12:21:00,2026-03-12 12:42:00,21.0,12,13.8427647731938,high,0
urban_accuracy_aware,S00583,unvisited,0,,,0.0,0,,review,0
urban_accuracy_aware,S00584,unvisited,0,,,0.0,0,,review,0
urban_accuracy_aware,S00585,unvisited,0,,,0.0,0,,review,0
urban_accuracy_aware,S00586,unvisited,0,,,0.0,0,,review,0
urban_accuracy_aware,S00587,unvisited,0,,,0.0,0,,review,0
urban_accuracy_aware,S00588,unvisited,0,,,0.0,0,,review,0
urban_accuracy_aware,S00589,unvisited,0,,,0.0,0,,review,0
urban_accuracy_aware,S00590,ambiguous,1,2026-03-09 07:14:00,2026-03-09 07:28:00,0.0,6,11.9747810048054,ambiguous,0
urban_accuracy_aware,S00591,unvisited,0,,,0.0,0,,review,0
urban_accuracy_aware,S00592,unvisited,0,,,0.0,0,,review,0
urban_accuracy_aware,S00593,unvisited,0,,,0.0,0,,review,0
urban_accuracy_aware,S00594,visited,1,2026-03-11 09:53:00,2026-03-11 10:11:00,18.0,7,2.53362515788046,high,0
urban_accuracy_aware,S00595,unvisited,0,,,0.0,0,,review,0
urban_accuracy_aware,S00596,unvisited,0,,,0.0,0,,review,0
urban_accuracy_aware,S00597,ambiguous,1,2026-03-12 07:43:00,2026-03-12 07:43:00,0.0,1,16.3453726258755,ambiguous,0
urban_accuracy_aware,S00598,unvisited,0,,,0.0,0,,review,0
urban_accuracy_aware,S00599,visited,1,2026-03-09 09:44:00,2026-03-09 10:02:00,18.0,7,13.8112184147608,high,0
urban_accuracy_aware,S00600,unvisited,0,,,0.0,0,,review,0
urban_accuracy_aware,S00601,unvisited,0,,,0.0,0,,review,0
urban_accuracy_aware,S00602,unvisited,0,,,0.0,0,,review,0
urban_accuracy_aware,S00603,unvisited,0,,,0.0,0,,review,0
urban_accuracy_aware,S00604,unvisited,0,,,0.0,0,,review,0
urban_accuracy_aware,S00605,unvisited,0,,,0.0,0,,review,0
urban_accuracy_aware,S00606,visited,1,2026-03-13 07:54:00,2026-03-13 08:20:00,26.0,11,7.00529361781371,high,0
urban_accuracy_aware,S00607,unvisited,0,,,0.0,0,,review,0
urban_accuracy_aware,S00608,unvisited,0,,,0.0,0,,review,0
urban_accuracy_aware,S00609,unvisited,0,,,0.0,0,,review,0
urban_accuracy_aware,S00610,unvisited,0,,,0.0,0,,review,0
urban_accuracy_aware,S00611,visited,1,2026-03-12 13:57:00,2026-03-12 14:14:00,17.0,8,7.93010387156486,high,0
urban_accuracy_aware,S00612,unvisited,0,,,0.0,0,,review,0
urban_accuracy_aware,S00613,unvisited,0,,,0.0,0,,review,0
urban_accuracy_aware,S00614,unvisited,0,,,0.0,0,,review,0
urban_accuracy_aware,S00615,ambiguous,1,2026-03-09 12:35:00,2026-03-09 12:38:00,0.0,2,7.91197208131644,ambiguous,1
urban_accuracy_aware,S00616,unvisited,0,,,0.0,0,,review,0
urban_accuracy_aware,S00617,unvisited,0,,,0.0,0,,review,0
urban_accuracy_aware,S00618,unvisited,0,,,0.0,0,,review,0
urban_accuracy_aware,S00619,unvisited,0,,,0.0,0,,review,0
urban_accuracy_aware,S00620,unvisited,0,,,0.0,0,,review,0
urban_accuracy_aware,S00621,unvisited,0,,,0.0,0,,review,0
urban_accuracy_aware,S00622,unvisited,0,,,0.0,0,,review,0
urban_accuracy_aware,S00623,unvisited,0,,,0.0,0,,review,0
urban_accuracy_aware,S00624,unvisited,0,,,0.0,0,,review,0
urban_accuracy_aware,S00625,unvisited,0,,,0.0,0,,review,0
urban_accuracy_aware,S00626,unvisited,0,,,0.0,0,,review,0
urban_accuracy_aware,S00627,unvisited,0,,,0.0,0,,review,0
urban_accuracy_aware,S00628,unvisited,0,,,0.0,0,,review,0
urban_accuracy_aware,S00629,unvisited,0,,,0.0,0,,review,0
urban_accuracy_aware,S00630,unvisited,0,,,0.0,0,,review,0
urban_accuracy_aware,S00631,ambiguous,1,2026-03-13 10:29:00,2026-03-13 10:40:00,0.0,6,10.6814606002898,ambiguous,0
urban_accuracy_aware,S00632,unvisited,0,,,0.0,0,,review,0
urban_accuracy_aware,S00633,unvisited,0,,,0.0,0,,review,0
urban_accuracy_aware,S00634,unvisited,0,,,0.0,0,,review,0
urban_accuracy_aware,S00635,unvisited,0,,,0.0,0,,review,0
urban_accuracy_aware,S00636,unvisited,0,,,0.0,0,,review,0
urban_accuracy_aware,S00637,unvisited,0,,,0.0,0,,review,0
urban_accuracy_aware,S00638,unvisited,0,,,0.0,0,,review,0
urban_accuracy_aware,S00639,unvisited,0,,,0.0,0,,review,0
urban_accuracy_aware,S00640,unvisited,0,,,0.0,0,,review,0
urban_accuracy_aware,S00641,unvisited,0,,,0.0,0,,review,0
urban_accuracy_aware,S00642,unvisited,0,,,0.0,0,,review,0
urban_accuracy_aware,S00643,unvisited,0,,,0.0,0,,review,0
urban_accuracy_aware,S00644,ambiguous,1,2026-03-12 08:40:00,2026-03-12 08:40:00,0.0,1,18.1885849930864,ambiguous,0
urban_accuracy_aware,S00645,unvisited,0,,,0.0,0,,review,0
urban_accuracy_aware,S00646,unvisited,0,,,0.0,0,,review,0
urban_accuracy_aware,S00647,unvisited,0,,,0.0,0,,review,0
urban_accuracy_aware,S00648,unvisited,0,,,0.0,0,,review,0
urban_accuracy_aware,S00649,unvisited,0,,,0.0,0,,review,0
urban_accuracy_aware,S00650,unvisited,0,,,0.0,0,,review,0
urban_accuracy_aware,S00651,visited,1,2026-03-10 07:27:00,2026-03-10 07:51:00,24.0,12,10.8381987268335,high,0
urban_accuracy_aware,S00652,unvisited,0,,,0.0,0,,review,0
urban_accuracy_aware,S00653,unvisited,0,,,0.0,0,,review,0
urban_accuracy_aware,S00654,unvisited,0,,,0.0,0,,review,0
urban_accuracy_aware,S00655,visited,1,2026-03-10 08:08:00,2026-03-10 08:35:00,27.0,22,6.78558989176751,high,0
urban_accuracy_aware,S00656,unvisited,0,,,0.0,0,,review,0
urban_accuracy_aware,S00657,unvisited,0,,,0.0,0,,review,0
urban_accuracy_aware,S00658,ambiguous,1,2026-03-09 14:05:00,2026-03-09 14:16:00,0.0,3,11.2543583795233,ambiguous,0
urban_accuracy_aware,S00659,ambiguous,1,2026-03-13 07:20:00,2026-03-13 07:28:00,0.0,3,14.4084918440642,ambiguous,0
urban_accuracy_aware,S00660,unvisited,0,,,0.0,0,,review,0
urban_accuracy_aware,S00661,unvisited,0,,,0.0,0,,review,0
urban_accuracy_aware,S00662,unvisited,0,,,0.0,0,,review,0
urban_accuracy_aware,S00663,unvisited,0,,,0.0,0,,review,0
urban_accuracy_aware,S00664,unvisited,0,,,0.0,0,,review,0
urban_accuracy_aware,S00665,unvisited,0,,,0.0,0,,review,0
urban_accuracy_aware,S00666,unvisited,0,,,0.0,0,,review,0
urban_accuracy_aware,S00667,unvisited,0,,,0.0,0,,review,0
urban_accuracy_aware,S00668,unvisited,0,,,0.0,0,,review,0
urban_accuracy_aware,S00669,ambiguous,1,2026-03-09 07:45:00,2026-03-09 07:45:00,0.0,1,41.4565296231255,ambiguous,0
urban_accuracy_aware,S00670,unvisited,0,,,0.0,0,,review,0
urban_accuracy_aware,S00671,unvisited,0,,,0.0,0,,review,0
urban_accuracy_aware,S00672,unvisited,0,,,0.0,0,,review,0
urban_accuracy_aware,S00673,unvisited,0,,,0.0,0,,review,0
urban_accuracy_aware,S00674,unvisited,0,,,0.0,0,,review,0
urban_accuracy_aware,S00675,unvisited,0,,,0.0,0,,review,0
urban_accuracy_aware,S00676,unvisited,0,,,0.0,0,,review,0
urban_accuracy_aware,S00677,unvisited,0,,,0.0,0,,review,0
urban_accuracy_aware,S00678,unvisited,0,,,0.0,0,,review,0
urban_accuracy_aware,S00679,unvisited,0,,,0.0,0,,review,0
urban_accuracy_aware,S00680,unvisited,0,,,0.0,0,,review,0
urban_accuracy_aware,S00681,unvisited,0,,,0.0,0,,review,0
urban_accuracy_aware,S00682,unvisited,0,,,0.0,0,,review,0
urban_accuracy_aware,S00683,unvisited,0,,,0.0,0,,review,0
urban_accuracy_aware,S00684,unvisited,0,,,0.0,0,,review,0
urban_accuracy_aware,S00685,unvisited,0,,,0.0,0,,review,0
urban_accuracy_aware,S00686,unvisited,0,,,0.0,0,,review,0
urban_accuracy_aware,S00687,unvisited,0,,,0.0,0,,review,0
urban_accuracy_aware,S00688,unvisited,0,,,0.0,0,,review,0
urban_accuracy_aware,S00689,unvisited,0,,,0.0,0,,review,0
urban_accuracy_aware,S00690,unvisited,0,,,0.0,0,,review,0
urban_accuracy_aware,S00691,unvisited,0,,,0.0,0,,review,0
urban_accuracy_aware,S00692,unvisited,0,,,0.0,0,,review,0
urban_accuracy_aware,S00693,unvisited,0,,,0.0,0,,review,0
urban_accuracy_aware,S00694,unvisited,0,,,0.0,0,,review,0
urban_accuracy_aware,S00695,unvisited,0,,,0.0,0,,review,0
urban_accuracy_aware,S00696,unvisited,0,,,0.0,0,,review,0
urban_accuracy_aware,S00697,unvisited,0,,,0.0,0,,review,0
urban_accuracy_aware,S00698,unvisited,0,,,0.0,0,,review,0
urban_accuracy_aware,S00699,unvisited,0,,,0.0,0,,review,0
urban_accuracy_aware,S00700,unvisited,0,,,0.0,0,,review,0
urban_accuracy_aware,S00701,unvisited,0,,,0.0,0,,review,0
urban_accuracy_aware,S00702,unvisited,0,,,0.0,0,,review,0
urban_accuracy_aware,S00703,unvisited,0,,,0.0,0,,review,0
urban_accuracy_aware,S00704,unvisited,0,,,0.0,0,,review,0
urban_accuracy_aware,S00705,unvisited,0,,,0.0,0,,review,0
urban_accuracy_aware,S00706,unvisited,0,,,0.0,0,,review,0
urban_accuracy_aware,S00707,unvisited,0,,,0.0,0,,review,0
urban_accuracy_aware,S00708,unvisited,0,,,0.0,0,,review,0
urban_accuracy_aware,S00709,unvisited,0,,,0.0,0,,review,0
urban_accuracy_aware,S00710,unvisited,0,,,0.0,0,,review,0
urban_accuracy_aware,S00711,unvisited,0,,,0.0,0,,review,0
urban_accuracy_aware,S00712,unvisited,0,,,0.0,0,,review,0
urban_accuracy_aware,S00713,unvisited,0,,,0.0,0,,review,0
urban_accuracy_aware,S00714,unvisited,0,,,0.0,0,,review,0
urban_accuracy_aware,S00715,unvisited,0,,,0.0,0,,review,0
urban_accuracy_aware,S00716,unvisited,0,,,0.0,0,,review,0
urban_accuracy_aware,S00717,unvisited,0,,,0.0,0,,review,0
urban_accuracy_aware,S00718,unvisited,0,,,0.0,0,,review,0
urban_accuracy_aware,S00719,unvisited,0,,,0.0,0,,review,0
urban_accuracy_aware,S00720,unvisited,0,,,0.0,0,,review,0
urban_accuracy_aware,S00721,ambiguous,1,2026-03-09 07:51:00,2026-03-09 07:52:00,0.0,2,37.9091112770897,ambiguous,0
urban_accuracy_aware,S00722,unvisited,0,,,0.0,0,,review,0
urban_accuracy_aware,S00723,unvisited,0,,,0.0,0,,review,0
urban_accuracy_aware,S00724,unvisited,0,,,0.0,0,,review,0
urban_accuracy_aware,S00725,unvisited,0,,,0.0,0,,review,0
urban_accuracy_aware,S00726,unvisited,0,,,0.0,0,,review,0
urban_accuracy_aware,S00727,unvisited,0,,,0.0,0,,review,0
urban_accuracy_aware,S00728,visited,1,2026-03-09 07:23:00,2026-03-09 07:49:00,26.0,12,11.6145834211355,high,2
urban_accuracy_aware,S00729,unvisited,0,,,0.0,0,,review,0
urban_accuracy_aware,S00730,unvisited,0,,,0.0,0,,review,0
urban_accuracy_aware,S00731,unvisited,0,,,0.0,0,,review,0
urban_accuracy_aware,S00732,unvisited,0,,,0.0,0,,review,0
urban_accuracy_aware,S00733,unvisited,0,,,0.0,0,,review,0
urban_accuracy_aware,S00734,unvisited,0,,,0.0,0,,review,0
urban_accuracy_aware,S00735,unvisited,0,,,0.0,0,,review,0
urban_accuracy_aware,S00736,unvisited,0,,,0.0,0,,review,0
urban_accuracy_aware,S00737,unvisited,0,,,0.0,0,,review,0
urban_accuracy_aware,S00738,unvisited,0,,,0.0,0,,review,0
urban_accuracy_aware,S00739,unvisited,0,,,0.0,0,,review,0
urban_accuracy_aware,S00740,unvisited,0,,,0.0,0,,review,0
urban_accuracy_aware,S00741,unvisited,0,,,0.0,0,,review,0
urban_accuracy_aware,S00742,unvisited,0,,,0.0,0,,review,0
urban_accuracy_aware,S00743,unvisited,0,,,0.0,0,,review,0
urban_accuracy_aware,S00744,unvisited,0,,,0.0,0,,review,0
urban_accuracy_aware,S00745,unvisited,0,,,0.0,0,,review,0
urban_accuracy_aware,S00746,unvisited,0,,,0.0,0,,review,0
urban_accuracy_aware,S00747,unvisited,0,,,0.0,0,,review,0
urban_accuracy_aware,S00748,unvisited,0,,,0.0,0,,review,0
urban_accuracy_aware,S00749,unvisited,0,,,0.0,0,,review,0
urban_accuracy_aware,S00750,unvisited,0,,,0.0,0,,review,0
urban_accuracy_aware,S00751,unvisited,0,,,0.0,0,,review,0
urban_accuracy_aware,S00752,unvisited,0,,,0.0,0,,review,0
urban_accuracy_aware,S00753,unvisited,0,,,0.0,0,,review,0
urban_accuracy_aware,S00754,unvisited,0,,,0.0,0,,review,0
urban_accuracy_aware,S00755,unvisited,0,,,0.0,0,,review,0
urban_accuracy_aware,S00756,unvisited,0,,,0.0,0,,review,0
urban_accuracy_aware,S00757,unvisited,0,,,0.0,0,,review,0
urban_accuracy_aware,S00758,unvisited,0,,,0.0,0,,review,0
urban_accuracy_aware,S00759,unvisited,0,,,0.0,0,,review,0
urban_accuracy_aware,S00760,unvisited,0,,,0.0,0,,review,0
urban_accuracy_aware,S00761,unvisited,0,,,0.0,0,,review,0
urban_accuracy_aware,S00762,unvisited,0,,,0.0,0,,review,0
urban_accuracy_aware,S00763,unvisited,0,,,0.0,0,,review,0
urban_accuracy_aware,S00764,unvisited,0,,,0.0,0,,review,0
urban_accuracy_aware,S00765,unvisited,0,,,0.0,0,,review,0
urban_accuracy_aware,S00766,unvisited,0,,,0.0,0,,review,0
urban_accuracy_aware,S00767,unvisited,0,,,0.0,0,,review,0
urban_accuracy_aware,S00768,unvisited,0,,,0.0,0,,review,0
urban_accuracy_aware,S00769,unvisited,0,,,0.0,0,,review,0
urban_accuracy_aware,S00770,unvisited,0,,,0.0,0,,review,0
urban_accuracy_aware,S00771,unvisited,0,,,0.0,0,,review,0
urban_accuracy_aware,S00772,unvisited,0,,,0.0,0,,review,0
urban_accuracy_aware,S00773,unvisited,0,,,0.0,0,,review,0
urban_accuracy_aware,S00774,unvisited,0,,,0.0,0,,review,0
urban_accuracy_aware,S00775,unvisited,0,,,0.0,0,,review,0
urban_accuracy_aware,S00776,unvisited,0,,,0.0,0,,review,0
urban_accuracy_aware,S00777,unvisited,0,,,0.0,0,,review,0
urban_accuracy_aware,S00778,unvisited,0,,,0.0,0,,review,0
urban_accuracy_aware,S00779,unvisited,0,,,0.0,0,,review,0
urban_accuracy_aware,S00780,visited,1,2026-03-13 07:18:00,2026-03-13 07:44:00,26.0,11,9.18645783980565,high,0
urban_accuracy_aware,S00781,unvisited,0,,,0.0,0,,review,0
urban_accuracy_aware,S00782,unvisited,0,,,0.0,0,,review,0
urban_accuracy_aware,S00783,unvisited,0,,,0.0,0,,review,0
urban_accuracy_aware,S00784,unvisited,0,,,0.0,0,,review,0
urban_accuracy_aware,S00785,unvisited,0,,,0.0,0,,review,0
urban_accuracy_aware,S00786,unvisited,0,,,0.0,0,,review,0
urban_accuracy_aware,S00787,unvisited,0,,,0.0,0,,review,0
urban_accuracy_aware,S00788,ambiguous,1,2026-03-10 16:48:00,2026-03-10 16:48:00,0.0,1,7.30779107146365,ambiguous,0
urban_accuracy_aware,S00789,unvisited,0,,,0.0,0,,review,0
urban_accuracy_aware,S00790,visited,1,2026-03-10 14:13:00,2026-03-10 15:53:00,100.0,99,0.155483036294674,high,0
urban_accuracy_aware,S00791,unvisited,0,,,0.0,0,,review,0
urban_accuracy_aware,S00792,unvisited,0,,,0.0,0,,review,0
urban_accuracy_aware,S00793,unvisited,0,,,0.0,0,,review,0
urban_accuracy_aware,S00794,ambiguous,1,2026-03-12 14:43:00,2026-03-12 14:43:00,0.0,1,17.1070814979972,ambiguous,0
urban_accuracy_aware,S00795,unvisited,0,,,0.0,0,,review,0
urban_accuracy_aware,S00796,unvisited,0,,,0.0,0,,review,0
urban_accuracy_aware,S00797,visited,1,2026-03-11 17:31:00,2026-03-11 19:00:00,89.0,90,0.548880784905794,high,0
urban_accuracy_aware,S00798,unvisited,0,,,0.0,0,,review,0
urban_accuracy_aware,S00799,ambiguous,1,2026-03-12 07:24:00,2026-03-12 07:24:00,0.0,1,9.37471555256676,ambiguous,0
urban_accuracy_aware,S00800,unvisited,0,,,0.0,0,,review,0
urban_accuracy_aware,S00801,unvisited,0,,,0.0,0,,review,0
urban_accuracy_aware,S00802,unvisited,0,,,0.0,0,,review,0
urban_accuracy_aware,S00803,unvisited,0,,,0.0,0,,review,0
urban_accuracy_aware,S00804,unvisited,0,,,0.0,0,,review,0
urban_accuracy_aware,S00805,ambiguous,1,2026-03-09 13:00:00,2026-03-09 13:00:00,0.0,1,1.33373151204127,ambiguous,0
urban_accuracy_aware,S00806,ambiguous,1,2026-03-10 17:29:00,2026-03-10 17:29:00,0.0,1,18.4768301218647,ambiguous,0
urban_accuracy_aware,S00807,unvisited,0,,,0.0,0,,review,0
urban_accuracy_aware,S00808,unvisited,0,,,0.0,0,,review,0
urban_accuracy_aware,S00809,unvisited,0,,,0.0,0,,review,0
urban_accuracy_aware,S00810,unvisited,0,,,0.0,0,,review,0
urban_accuracy_aware,S00811,unvisited,0,,,0.0,0,,review,0
urban_accuracy_aware,S00812,unvisited,0,,,0.0,0,,review,0
urban_accuracy_aware,S00813,visited,1,2026-03-12 18:19:00,2026-03-12 19:00:00,41.0,42,1.47834563618318,high,0
urban_accuracy_aware,S00814,unvisited,0,,,0.0,0,,review,0
urban_accuracy_aware,S00815,ambiguous,1,2026-03-10 13:11:00,2026-03-10 13:11:00,0.0,1,20.7038300449527,ambiguous,0
urban_accuracy_aware,S00816,unvisited,0,,,0.0,0,,review,0
urban_accuracy_aware,S00817,unvisited,0,,,0.0,0,,review,0
urban_accuracy_aware,S00818,unvisited,0,,,0.0,0,,review,0
urban_accuracy_aware,S00819,ambiguous,1,2026-03-12 16:38:00,2026-03-12 16:38:00,0.0,1,7.7417817943283,ambiguous,0
urban_accuracy_aware,S00820,unvisited,0,,,0.0,0,,review,0
urban_accuracy_aware,S00821,visited,1,2026-03-09 16:52:00,2026-03-09 18:46:00,114.0,115,0.489868711657043,high,0
urban_accuracy_aware,S00822,ambiguous,1,2026-03-09 14:39:00,2026-03-09 14:39:00,0.0,1,19.5005622713388,ambiguous,0
urban_accuracy_aware,S00823,ambiguous,1,2026-03-13 10:59:00,2026-03-13 12:33:00,0.0,75,0.589429061573134,ambiguous,0
urban_accuracy_aware,S00824,ambiguous,1,2026-03-12 12:02:00,2026-03-12 14:00:00,0.0,103,0.621934982057845,ambiguous,0
urban_accuracy_aware,S00825,unvisited,0,,,0.0,0,,review,0
urban_accuracy_aware,S00826,unvisited,0,,,0.0,0,,review,0
urban_accuracy_aware,S00827,unvisited,0,,,0.0,0,,review,0
urban_accuracy_aware,S00828,ambiguous,1,2026-03-11 08:20:00,2026-03-11 08:20:00,0.0,1,5.54229388025694,ambiguous,0
urban_accuracy_aware,S00829,unvisited,0,,,0.0,0,,review,0
urban_accuracy_aware,S00830,ambiguous,1,2026-03-13 10:31:00,2026-03-13 10:42:00,0.0,2,15.6184547648589,ambiguous,0
urban_accuracy_aware,S00831,visited,1,2026-03-09 15:32:00,2026-03-09 17:43:00,131.0,132,0.455753037852957,high,0
urban_accuracy_aware,S00832,unvisited,0,,,0.0,0,,review,0
urban_accuracy_aware,S00833,unvisited,0,,,0.0,0,,review,0
urban_accuracy_aware,S00834,ambiguous,1,2026-03-12 07:21:00,2026-03-12 07:28:00,0.0,2,10.5357849992467,ambiguous,0
urban_accuracy_aware,S00835,unvisited,0,,,0.0,0,,review,0
urban_accuracy_aware,S00836,unvisited,0,,,0.0,0,,review,0
urban_accuracy_aware,S00837,unvisited,0,,,0.0,0,,review,0
urban_accuracy_aware,S00838,visited,1,2026-03-10 07:24:00,2026-03-10 07:55:00,31.0,32,3.23737047376858,high,0
urban_accuracy_aware,S00839,unvisited,0,,,0.0,0,,review,0
urban_accuracy_aware,S00840,unvisited,0,,,0.0,0,,review,0
urban_accuracy_aware,S00841,unvisited,0,,,0.0,0,,review,0
urban_accuracy_aware,S00842,unvisited,0,,,0.0,0,,review,0
urban_accuracy_aware,S00843,unvisited,0,,,0.0,0,,review,0
urban_accuracy_aware,S00844,visited,1,2026-03-11 15:16:00,2026-03-11 16:58:00,102.0,103,0.395696194860135,high,0
urban_accuracy_aware,S00845,unvisited,0,,,0.0,0,8.54168404271394,review,0
urban_accuracy_aware,S00846,unvisited,0,,,0.0,0,,review,0
urban_accuracy_aware,S00847,ambiguous,1,2026-03-12 09:16:00,2026-03-12 09:23:00,0.0,2,7.05962179323504,ambiguous,0
urban_accuracy_aware,S00848,ambiguous,1,2026-03-09 13:13:00,2026-03-09 13:13:00,0.0,1,12.1278949727311,ambiguous,0
urban_accuracy_aware,S00849,unvisited,0,,,0.0,0,,review,0
urban_accuracy_aware,S00850,ambiguous,1,2026-03-10 17:52:00,2026-03-10 17:52:00,0.0,1,1.5829277604115,ambiguous,0
urban_accuracy_aware,S00851,unvisited,0,,,0.0,0,,review,0
urban_accuracy_aware,S00852,unvisited,0,,,0.0,0,,review,0
urban_accuracy_aware,S00853,unvisited,0,,,0.0,0,,review,0
urban_accuracy_aware,S00854,ambiguous,1,2026-03-13 16:50:00,2026-03-13 16:50:00,0.0,1,10.3013211385233,ambiguous,0
urban_accuracy_aware,S00855,unvisited,0,,,0.0,0,3.88851458116662,review,0
urban_accuracy_aware,S00856,unvisited,0,,,0.0,0,,review,0
urban_accuracy_aware,S00857,ambiguous,1,2026-03-13 07:56:00,2026-03-13 07:56:00,0.0,1,3.3463144666111,ambiguous,0
urban_accuracy_aware,S00858,unvisited,0,,,0.0,0,,review,0
urban_accuracy_aware,S00859,ambiguous,1,2026-03-12 07:59:00,2026-03-12 07:59:00,0.0,1,15.2716988484449,ambiguous,0
urban_accuracy_aware,S00860,unvisited,0,,,0.0,0,,review,0
urban_accuracy_aware,S00861,ambiguous,1,2026-03-10 16:03:00,2026-03-10 16:14:00,0.0,2,5.87381071637223,ambiguous,0
urban_accuracy_aware,S00862,unvisited,0,,,0.0,0,,review,0
urban_accuracy_aware,S00863,unvisited,0,,,0.0,0,,review,0
urban_accuracy_aware,S00864,visited,1,2026-03-12 11:37:00,2026-03-12 12:50:00,73.0,74,0.859851684689477,high,0
urban_accuracy_aware,S00865,unvisited,0,,,0.0,0,,review,0
urban_accuracy_aware,S00866,unvisited,0,,,0.0,0,,review,0
urban_accuracy_aware,S00867,visited,1,2026-03-13 14:19:00,2026-03-13 15:47:00,88.0,78,0.346238256903805,high,0
urban_accuracy_aware,S00868,unvisited,0,,,0.0,0,,review,0
urban_accuracy_aware,S00869,unvisited,0,,,0.0,0,,review,0
urban_accuracy_aware,S00870,unvisited,0,,,0.0,0,,review,0
urban_accuracy_aware,S00871,ambiguous,1,2026-03-09 10:35:00,2026-03-09 10:49:00,0.0,2,5.30636878558259,ambiguous,0
urban_accuracy_aware,S00872,unvisited,0,,,0.0,0,,review,0
urban_accuracy_aware,S00873,unvisited,0,,,0.0,0,,review,0
urban_accuracy_aware,S00874,unvisited,0,,,0.0,0,,review,0
urban_accuracy_aware,S00875,unvisited,0,,,0.0,0,,review,0
urban_accuracy_aware,S00876,unvisited,0,,,0.0,0,,review,0
urban_accuracy_aware,S00877,unvisited,0,,,0.0,0,,review,0
urban_accuracy_aware,S00878,unvisited,0,,,0.0,0,4.6532520398235,review,0
urban_accuracy_aware,S00879,ambiguous,1,2026-03-12 07:37:00,2026-03-12 07:37:00,0.0,1,5.90797140510464,ambiguous,0
urban_accuracy_aware,S00880,unvisited,0,,,0.0,0,,review,0
urban_accuracy_aware,S00881,unvisited,0,,,0.0,0,,review,0
urban_accuracy_aware,S00882,unvisited,0,,,0.0,0,,review,0
urban_accuracy_aware,S00883,unvisited,0,,,0.0,0,,review,0
urban_accuracy_aware,S00884,unvisited,0,,,0.0,0,,review,0
urban_accuracy_aware,S00885,unvisited,0,,,0.0,0,,review,0
urban_accuracy_aware,S00886,unvisited,0,,,0.0,0,,review,0
urban_accuracy_aware,S00887,unvisited,0,,,0.0,0,,review,0
urban_accuracy_aware,S00888,ambiguous,1,2026-03-13 10:29:00,2026-03-13 10:29:00,0.0,1,9.62718614350971,ambiguous,0
urban_accuracy_aware,S00889,unvisited,0,,,0.0,0,,review,0
urban_accuracy_aware,S00890,ambiguous,1,2026-03-09 18:44:00,2026-03-09 18:44:00,0.0,1,13.6353844929531,ambiguous,0
urban_accuracy_aware,S00891,unvisited,0,,,0.0,0,,review,0
urban_accuracy_aware,S00892,unvisited,0,,,0.0,0,,review,0
urban_accuracy_aware,S00893,unvisited,0,,,0.0,0,,review,0
urban_accuracy_aware,S00894,unvisited,0,,,0.0,0,,review,0
urban_accuracy_aware,S00895,unvisited,0,,,0.0,0,,review,0
urban_accuracy_aware,S00896,unvisited,0,,,0.0,0,,review,0
urban_accuracy_aware,S00897,unvisited,0,,,0.0,0,,review,0
urban_accuracy_aware,S00898,visited,1,2026-03-13 15:45:00,2026-03-13 17:25:00,100.0,101,0.703855260241359,high,0
urban_accuracy_aware,S00899,unvisited,0,,,0.0,0,,review,0
urban_accuracy_aware,S00900,unvisited,0,,,0.0,0,,review,0
urban_accuracy_aware,S00901,unvisited,0,,,0.0,0,,review,0
urban_accuracy_aware,S00902,unvisited,0,,,0.0,0,,review,0
urban_accuracy_aware,S00903,unvisited,0,,,0.0,0,,review,0
urban_accuracy_aware,S00904,unvisited,0,,,0.0,0,,review,0
urban_accuracy_aware,S00905,unvisited,0,,,0.0,0,24.7821456807296,review,0
urban_accuracy_aware,S00906,unvisited,0,,,0.0,0,,review,0
urban_accuracy_aware,S00907,unvisited,0,,,0.0,0,,review,0
urban_accuracy_aware,S00908,ambiguous,1,2026-03-10 07:40:00,2026-03-10 07:46:00,0.0,2,3.94761245375119,ambiguous,0
urban_accuracy_aware,S00909,visited,1,2026-03-12 18:41:00,2026-03-12 19:00:00,19.0,20,0.774293441394016,high,0
urban_accuracy_aware,S00910,ambiguous,1,2026-03-11 07:44:00,2026-03-11 07:44:00,0.0,1,4.20093617913855,ambiguous,0
urban_accuracy_aware,S00911,unvisited,0,,,0.0,0,,review,0
urban_accuracy_aware,S00912,unvisited,0,,,0.0,0,,review,0
urban_accuracy_aware,S00913,unvisited,0,,,0.0,0,,review,0
urban_accuracy_aware,S00914,unvisited,0,,,0.0,0,,review,0
urban_accuracy_aware,S00915,unvisited,0,,,0.0,0,,review,0
urban_accuracy_aware,S00916,unvisited,0,,,0.0,0,,review,0
urban_accuracy_aware,S00917,unvisited,0,,,0.0,0,,review,0
urban_accuracy_aware,S00918,unvisited,0,,,0.0,0,,review,0
urban_accuracy_aware,S00919,ambiguous,1,2026-03-10 08:55:00,2026-03-10 09:19:00,0.0,2,1.5656251536027,ambiguous,0
urban_accuracy_aware,S00920,unvisited,0,,,0.0,0,,review,0
urban_accuracy_aware,S00921,unvisited,0,,,0.0,0,,review,0
urban_accuracy_aware,S00922,unvisited,0,,,0.0,0,,review,0
urban_accuracy_aware,S00923,unvisited,0,,,0.0,0,,review,0
urban_accuracy_aware,S00924,unvisited,0,,,0.0,0,,review,0
urban_accuracy_aware,S00925,unvisited,0,,,0.0,0,,review,0
urban_accuracy_aware,S00926,unvisited,0,,,0.0,0,,review,0
urban_accuracy_aware,S00927,visited,1,2026-03-11 12:41:00,2026-03-11 14:33:00,112.0,111,0.311243875342095,high,0
urban_accuracy_aware,S00928,unvisited,0,,,0.0,0,,review,0
urban_accuracy_aware,S00929,visited,1,2026-03-09 09:24:00,2026-03-09 11:20:00,116.0,107,0.346537999358898,high,0
urban_accuracy_aware,S00930,unvisited,0,,,0.0,0,,review,0
urban_accuracy_aware,S00931,unvisited,0,,,0.0,0,,review,0
urban_accuracy_aware,S00932,unvisited,0,,,0.0,0,,review,0
urban_accuracy_aware,S00933,ambiguous,1,2026-03-10 11:16:00,2026-03-10 11:16:00,0.0,1,7.88041833680364,ambiguous,0
urban_accuracy_aware,S00934,unvisited,0,,,0.0,0,,review,0
urban_accuracy_aware,S00935,unvisited,0,,,0.0,0,,review,0
urban_accuracy_aware,S00936,unvisited,0,,,0.0,0,,review,0
urban_accuracy_aware,S00937,unvisited,0,,,0.0,0,,review,0
urban_accuracy_aware,S00938,ambiguous,1,2026-03-12 07:29:00,2026-03-12 07:29:00,0.0,1,19.2233325984697,ambiguous,0
urban_accuracy_aware,S00939,visited,1,2026-03-10 07:14:00,2026-03-10 07:44:00,30.0,31,2.49318704973023,high,0
urban_accuracy_aware,S00940,ambiguous,1,2026-03-13 09:30:00,2026-03-13 09:30:00,0.0,1,10.6272441367933,ambiguous,0
urban_accuracy_aware,S00941,visited,1,2026-03-13 10:00:00,2026-03-13 11:24:00,84.0,85,0.346539409244467,high,0
urban_accuracy_aware,S00942,unvisited,0,,,0.0,0,,review,0
urban_accuracy_aware,S00943,unvisited,0,,,0.0,0,16.3011346885973,review,0
urban_accuracy_aware,S00944,unvisited,0,,,0.0,0,18.0016686248337,review,0
urban_accuracy_aware,S00945,unvisited,0,,,0.0,0,,review,0
urban_accuracy_aware,S00946,visited,1,2026-03-10 15:40:00,2026-03-10 17:22:00,102.0,88,0.218914142654579,high,0
urban_accuracy_aware,S00947,visited,1,2026-03-12 13:04:00,2026-03-12 14:05:00,61.0,62,0.155620817099718,high,0
urban_accuracy_aware,S00948,ambiguous,1,2026-03-11 08:04:00,2026-03-11 08:04:00,0.0,1,12.7223264492358,ambiguous,0
urban_accuracy_aware,S00949,unvisited,0,,,0.0,0,,review,0
urban_accuracy_aware,S00950,unvisited,0,,,0.0,0,,review,0
urban_accuracy_aware,S00951,unvisited,0,,,0.0,0,,review,0
urban_accuracy_aware,S00952,ambiguous,1,2026-03-12 15:47:00,2026-03-12 15:47:00,0.0,1,11.2823508001396,ambiguous,0
urban_accuracy_aware,S00953,unvisited,0,,,0.0,0,,review,0
urban_accuracy_aware,S00954,unvisited,0,,,0.0,0,,review,0
urban_accuracy_aware,S00955,unvisited,0,,,0.0,0,,review,0
urban_accuracy_aware,S00956,unvisited,0,,,0.0,0,,review,0
urban_accuracy_aware,S00957,unvisited,0,,,0.0,0,,review,0
urban_accuracy_aware,S00958,unvisited,0,,,0.0,0,,review,0
urban_accuracy_aware,S00959,unvisited,0,,,0.0,0,,review,0
urban_accuracy_aware,S00960,unvisited,0,,,0.0,0,,review,0
urban_accuracy_aware,S00961,unvisited,0,,,0.0,0,,review,0
urban_accuracy_aware,S00962,ambiguous,1,2026-03-12 07:54:00,2026-03-12 07:54:00,0.0,1,13.6922531370687,ambiguous,0
urban_accuracy_aware,S00963,visited,1,2026-03-13 13:25:00,2026-03-13 14:38:00,73.0,74,0.777968966910526,high,0
urban_accuracy_aware,S00964,unvisited,0,,,0.0,0,,review,0
urban_accuracy_aware,S00965,unvisited,0,,,0.0,0,,review,0
urban_accuracy_aware,S00966,unvisited,0,,,0.0,0,,review,0
urban_accuracy_aware,S00967,unvisited,0,,,0.0,0,,review,0
urban_accuracy_aware,S00968,unvisited,0,,,0.0,0,,review,0
urban_accuracy_aware,S00969,visited,1,2026-03-09 14:55:00,2026-03-09 16:14:00,79.0,80,0.349395206498363,high,0
urban_accuracy_aware,S00970,unvisited,0,,,0.0,0,,review,0
urban_accuracy_aware,S00971,unvisited,0,,,0.0,0,,review,0
urban_accuracy_aware,S00972,unvisited,0,,,0.0,0,,review,0
urban_accuracy_aware,S00973,unvisited,0,,,0.0,0,,review,0
urban_accuracy_aware,S00974,visited,1,2026-03-12 13:28:00,2026-03-12 14:59:00,91.0,92,0.24681159161845,high,0
urban_accuracy_aware,S00975,unvisited,0,,,0.0,0,,review,0
urban_accuracy_aware,S00976,unvisited,0,,,0.0,0,,review,0
urban_accuracy_aware,S00977,unvisited,0,,,0.0,0,,review,0
urban_accuracy_aware,S00978,unvisited,0,,,0.0,0,,review,0
urban_accuracy_aware,S00979,ambiguous,1,2026-03-10 10:55:00,2026-03-10 11:08:00,0.0,3,9.62808927613747,ambiguous,0
urban_accuracy_aware,S00980,unvisited,0,,,0.0,0,,review,0
urban_accuracy_aware,S00981,ambiguous,1,2026-03-09 10:58:00,2026-03-09 10:58:00,0.0,1,9.97802190957044,ambiguous,0
urban_accuracy_aware,S00982,unvisited,0,,,0.0,0,,review,0
urban_accuracy_aware,S00983,unvisited,0,,,0.0,0,,review,0
urban_accuracy_aware,S00984,unvisited,0,,,0.0,0,,review,0
urban_accuracy_aware,S00985,unvisited,0,,,0.0,0,,review,0
urban_accuracy_aware,S00986,unvisited,0,,,0.0,0,,review,0
urban_accuracy_aware,S00987,unvisited,0,,,0.0,0,,review,0
urban_accuracy_aware,S00988,visited,1,2026-03-10 16:03:00,2026-03-10 17:28:00,85.0,85,0.766011079465778,high,0
urban_accuracy_aware,S00989,unvisited,0,,,0.0,0,,review,0
urban_accuracy_aware,S00990,visited,1,2026-03-10 13:14:00,2026-03-10 13:46:00,32.0,24,1.43555052379676,high,0
urban_accuracy_aware,S00991,unvisited,0,,,0.0,0,,review,0
urban_accuracy_aware,S00992,unvisited,0,,,0.0,0,,review,0
urban_accuracy_aware,S00993,unvisited,0,,,0.0,0,,review,0
urban_accuracy_aware,S00994,unvisited,0,,,0.0,0,,review,0
urban_accuracy_aware,S00995,unvisited,0,,,0.0,0,,review,0
urban_accuracy_aware,S00996,ambiguous,1,2026-03-11 12:58:00,2026-03-11 12:59:00,0.0,2,3.0950486760799,ambiguous,0
urban_accuracy_aware,S00997,ambiguous,1,2026-03-11 13:36:00,2026-03-11 15:25:00,0.0,88,0.245174048913162,ambiguous,0
urban_accuracy_aware,S00998,unvisited,0,,,0.0,0,,review,0
urban_accuracy_aware,S00999,unvisited,0,,,0.0,0,,review,0
urban_accuracy_aware,S01000,unvisited,0,,,0.0,0,,review,0
urban_accuracy_aware,S01001,unvisited,0,,,0.0,0,,review,0
urban_accuracy_aware,S01002,visited,1,2026-03-09 17:54:00,2026-03-09 18:14:00,20.0,5,2.34593356495812,high,0
urban_accuracy_aware,S01003,visited,1,2026-03-09 07:30:00,2026-03-09 07:53:00,23.0,4,15.0562531190838,high,0
urban_accuracy_aware,S01004,unvisited,0,,,0.0,0,,review,0
urban_accuracy_aware,S01005,unvisited,0,,,0.0,0,,review,0
urban_accuracy_aware,S01006,unvisited,0,,,0.0,0,,review,0
urban_accuracy_aware,S01007,unvisited,0,,,0.0,0,,review,0
urban_accuracy_aware,S01008,visited,1,2026-03-09 09:23:00,2026-03-09 09:41:00,18.0,7,10.004342934315,high,0
urban_accuracy_aware,S01009,unvisited,0,,,0.0,0,,review,0
urban_accuracy_aware,S01010,unvisited,0,,,0.0,0,,review,0
urban_accuracy_aware,S01011,unvisited,0,,,0.0,0,,review,0
urban_accuracy_aware,S01012,unvisited,0,,,0.0,0,,review,0
urban_accuracy_aware,S01013,unvisited,0,,,0.0,0,,review,0
urban_accuracy_aware,S01014,unvisited,0,,,0.0,0,,review,0
urban_accuracy_aware,S01015,unvisited,0,,,0.0,0,,review,0
urban_accuracy_aware,S01016,unvisited,0,,,0.0,0,,review,0
urban_accuracy_aware,S01017,visited,1,2026-03-09 14:48:00,2026-03-09 15:17:00,29.0,10,10.803985032277,high,0
urban_accuracy_aware,S01018,unvisited,0,,,0.0,0,,review,0
urban_accuracy_aware,S01019,unvisited,0,,,0.0,0,,review,0
urban_accuracy_aware,S01020,unvisited,0,,,0.0,0,,review,0
urban_accuracy_aware,S01021,unvisited,0,,,0.0,0,,review,0
urban_accuracy_aware,S01022,unvisited,0,,,0.0,0,,review,0
urban_accuracy_aware,S01023,unvisited,0,,,0.0,0,,review,0
urban_accuracy_aware,S01024,unvisited,0,,,0.0,0,,review,0
urban_accuracy_aware,S01025,unvisited,0,,,0.0,0,,review,0
urban_accuracy_aware,S01026,unvisited,0,,,0.0,0,,review,0
urban_accuracy_aware,S01027,unvisited,0,,,0.0,0,,review,0
urban_accuracy_aware,S01028,unvisited,0,,,0.0,0,,review,0
urban_accuracy_aware,S01029,unvisited,0,,,0.0,0,,review,0
urban_accuracy_aware,S01030,ambiguous,1,2026-03-10 15:01:00,2026-03-10 15:13:00,0.0,3,4.00034867120796,ambiguous,0
urban_accuracy_aware,S01031,unvisited,0,,,0.0,0,,review,0
urban_accuracy_aware,S01032,ambiguous,1,2026-03-10 15:42:00,2026-03-10 16:02:00,0.0,2,28.5259168562642,ambiguous,0
urban_accuracy_aware,S01033,visited,1,2026-03-13 16:51:00,2026-03-13 17:18:00,27.0,6,11.5460800281479,high,0
urban_accuracy_aware,S01034,ambiguous,1,2026-03-13 14:50:00,2026-03-13 15:20:00,0.0,6,14.931378031156,ambiguous,0
urban_accuracy_aware,S01035,unvisited,0,,,0.0,0,,review,0
urban_accuracy_aware,S01036,unvisited,0,,,0.0,0,,review,0
urban_accuracy_aware,S01037,unvisited,0,,,0.0,0,,review,0
urban_accuracy_aware,S01038,unvisited,0,,,0.0,0,,review,0
urban_accuracy_aware,S01039,unvisited,0,,,0.0,0,,review,0
urban_accuracy_aware,S01040,visited,1,2026-03-13 12:31:00,2026-03-13 12:58:00,27.0,10,9.84551842551084,high,0
urban_accuracy_aware,S01041,ambiguous,1,2026-03-09 15:54:00,2026-03-09 16:02:00,0.0,2,8.00423228385798,ambiguous,0
urban_accuracy_aware,S01042,unvisited,0,,,0.0,0,,review,0
urban_accuracy_aware,S01043,unvisited,0,,,0.0,0,,review,0
urban_accuracy_aware,S01044,unvisited,0,,,0.0,0,,review,0
urban_accuracy_aware,S01045,ambiguous,1,2026-03-10 13:37:00,2026-03-10 13:37:00,0.0,1,18.7082410984119,ambiguous,0
urban_accuracy_aware,S01046,unvisited,0,,,0.0,0,,review,0
urban_accuracy_aware,S01047,unvisited,0,,,0.0,0,,review,0
urban_accuracy_aware,S01048,unvisited,0,,,0.0,0,,review,0
urban_accuracy_aware,S01049,unvisited,0,,,0.0,0,,review,0
urban_accuracy_aware,S01050,unvisited,0,,,0.0,0,,review,0
urban_accuracy_aware,S01051,unvisited,0,,,0.0,0,,review,0
urban_accuracy_aware,S01052,unvisited,0,,,0.0,0,,review,0
urban_accuracy_aware,S01053,unvisited,0,,,0.0,0,,review,0
urban_accuracy_aware,S01054,unvisited,0,,,0.0,0,,review,0
urban_accuracy_aware,S01055,unvisited,0,,,0.0,0,,review,0
urban_accuracy_aware,S01056,unvisited,0,,,0.0,0,,review,0
urban_accuracy_aware,S01057,unvisited,0,,,0.0,0,,review,0
urban_accuracy_aware,S01058,unvisited,0,,,0.0,0,,review,0
urban_accuracy_aware,S01059,unvisited,0,,,0.0,0,,review,0
urban_accuracy_aware,S01060,unvisited,0,,,0.0,0,,review,0
urban_accuracy_aware,S01061,unvisited,0,,,0.0,0,,review,0
urban_accuracy_aware,S01062,unvisited,0,,,0.0,0,,review,0
urban_accuracy_aware,S01063,visited,1,2026-03-10 12:55:00,2026-03-10 13:10:00,15.0,4,13.6131693109488,high,0
urban_accuracy_aware,S01064,unvisited,0,,,0.0,0,,review,0
urban_accuracy_aware,S01065,unvisited,0,,,0.0,0,,review,0
urban_accuracy_aware,S01066,ambiguous,1,2026-03-10 17:31:00,2026-03-10 17:39:00,0.0,4,25.4160717993074,ambiguous,0
urban_accuracy_aware,S01067,unvisited,0,,,0.0,0,,review,0
urban_accuracy_aware,S01068,unvisited,0,,,0.0,0,,review,0
urban_accuracy_aware,S01069,unvisited,0,,,0.0,0,,review,0
urban_accuracy_aware,S01070,unvisited,0,,,0.0,0,,review,0
urban_accuracy_aware,S01071,unvisited,0,,,0.0,0,,review,0
urban_accuracy_aware,S01072,unvisited,0,,,0.0,0,,review,0
urban_accuracy_aware,S01073,unvisited,0,,,0.0,0,,review,0
urban_accuracy_aware,S01074,unvisited,0,,,0.0,0,,review,0
urban_accuracy_aware,S01075,ambiguous,1,2026-03-12 07:36:00,2026-03-12 07:36:00,0.0,1,18.7505676297588,ambiguous,0
urban_accuracy_aware,S01076,unvisited,0,,,0.0,0,,review,0
urban_accuracy_aware,S01077,unvisited,0,,,0.0,0,,review,0
urban_accuracy_aware,S01078,ambiguous,1,2026-03-10 07:38:00,2026-03-10 07:40:00,0.0,3,5.09475400087853,ambiguous,0
urban_accuracy_aware,S01079,unvisited,0,,,0.0,0,,review,0
urban_accuracy_aware,S01080,unvisited,0,,,0.0,0,,review,0
urban_accuracy_aware,S01081,unvisited,0,,,0.0,0,,review,0
urban_accuracy_aware,S01082,unvisited,0,,,0.0,0,,review,0
urban_accuracy_aware,S01083,unvisited,0,,,0.0,0,,review,0
urban_accuracy_aware,S01084,unvisited,0,,,0.0,0,,review,0
urban_accuracy_aware,S01085,unvisited,0,,,0.0,0,,review,0
urban_accuracy_aware,S01086,visited,1,2026-03-13 07:46:00,2026-03-13 08:15:00,29.0,10,5.77298763973988,high,0
urban_accuracy_aware,S01087,ambiguous,1,2026-03-09 10:10:00,2026-03-09 10:19:00,0.0,3,6.06736825863196,ambiguous,0
urban_accuracy_aware,S01088,unvisited,0,,,0.0,0,,review,0
urban_accuracy_aware,S01089,unvisited,0,,,0.0,0,,review,0
urban_accuracy_aware,S01090,unvisited,0,,,0.0,0,,review,0
urban_accuracy_aware,S01091,unvisited,0,,,0.0,0,,review,0
urban_accuracy_aware,S01092,unvisited,0,,,0.0,0,,review,0
urban_accuracy_aware,S01093,visited,1,2026-03-10 08:02:00,2026-03-10 08:24:00,22.0,9,8.91847024465364,high,0
urban_accuracy_aware,S01094,visited,1,2026-03-13 10:36:00,2026-03-13 10:58:00,22.0,7,6.02887461972,high,0
urban_accuracy_aware,S01095,unvisited,0,,,0.0,0,,review,0
urban_accuracy_aware,S01096,unvisited,0,,,0.0,0,,review,0
urban_accuracy_aware,S01097,unvisited,0,,,0.0,0,,review,0
urban_accuracy_aware,S01098,unvisited,0,,,0.0,0,,review,0
urban_accuracy_aware,S01099,unvisited,0,,,0.0,0,,review,0
urban_accuracy_aware,S01100,ambiguous,1,2026-03-11 07:24:00,2026-03-11 07:35:00,0.0,3,13.8708526066586,ambiguous,0
urban_accuracy_aware,S01101,ambiguous,1,2026-03-11 14:19:00,2026-03-11 14:33:00,0.0,4,2.44210316344697,ambiguous,0
urban_accuracy_aware,S01102,unvisited,0,,,0.0,0,,review,0
urban_accuracy_aware,S01103,ambiguous,1,2026-03-09 17:08:00,2026-03-09 17:08:00,0.0,1,41.4552987527616,ambiguous,0
urban_accuracy_aware,S01104,unvisited,0,,,0.0,0,,review,0
urban_accuracy_aware,S01105,visited,1,2026-03-13 07:26:00,2026-03-13 07:41:00,15.0,8,10.376740496611,high,0
urban_accuracy_aware,S01106,unvisited,0,,,0.0,0,,review,0
urban_accuracy_aware,S01107,unvisited,0,,,0.0,0,,review,0
urban_accuracy_aware,S01108,unvisited,0,,,0.0,0,,review,0
urban_accuracy_aware,S01109,unvisited,0,,,0.0,0,,review,0
urban_accuracy_aware,S01110,ambiguous,1,2026-03-12 07:56:00,2026-03-12 08:03:00,0.0,5,5.70952663057358,ambiguous,0
urban_accuracy_aware,S01111,unvisited,0,,,0.0,0,,review,0
urban_accuracy_aware,S01112,unvisited,0,,,0.0,0,,review,0
urban_accuracy_aware,S01113,unvisited,0,,,0.0,0,,review,0
urban_accuracy_aware,S01114,unvisited,0,,,0.0,0,,review,0
urban_accuracy_aware,S01115,visited,1,2026-03-12 09:38:00,2026-03-12 09:59:00,21.0,9,4.77436953812235,high,0
urban_accuracy_aware,S01116,unvisited,0,,,0.0,0,,review,0
urban_accuracy_aware,S01117,unvisited,0,,,0.0,0,,review,0
urban_accuracy_aware,S01118,ambiguous,1,2026-03-10 07:47:00,2026-03-10 07:48:00,0.0,2,19.443750298421,ambiguous,0
urban_accuracy_aware,S01119,unvisited,0,,,0.0,0,,review,0
urban_accuracy_aware,S01120,unvisited,0,,,0.0,0,,review,0
urban_accuracy_aware,S01121,unvisited,0,,,0.0,0,,review,0
urban_accuracy_aware,S01122,unvisited,0,,,0.0,0,,review,0
urban_accuracy_aware,S01123,ambiguous,1,2026-03-10 17:55:00,2026-03-10 18:08:00,0.0,5,13.2206482774035,ambiguous,0
urban_accuracy_aware,S01124,unvisited,0,,,0.0,0,,review,0
urban_accuracy_aware,S01125,unvisited,0,,,0.0,0,,review,0
urban_accuracy_aware,S01126,unvisited,0,,,0.0,0,,review,0
urban_accuracy_aware,S01127,unvisited,0,,,0.0,0,,review,0
urban_accuracy_aware,S01128,unvisited,0,,,0.0,0,,review,0
urban_accuracy_aware,S01129,visited,1,2026-03-10 10:51:00,2026-03-10 11:06:00,15.0,5,7.00261153490073,high,0
urban_accuracy_aware,S01130,unvisited,0,,,0.0,0,,review,0
urban_accuracy_aware,S01131,unvisited,0,,,0.0,0,,review,0
urban_accuracy_aware,S01132,unvisited,0,,,0.0,0,,review,0
urban_accuracy_aware,S01133,unvisited,0,,,0.0,0,,review,0
urban_accuracy_aware,S01134,unvisited,0,,,0.0,0,,review,0
urban_accuracy_aware,S01135,unvisited,0,,,0.0,0,,review,0
urban_accuracy_aware,S01136,unvisited,0,,,0.0,0,,review,0
urban_accuracy_aware,S01137,unvisited,0,,,0.0,0,,review,0
urban_accuracy_aware,S01138,unvisited,0,,,0.0,0,,review,0
urban_accuracy_aware,S01139,unvisited,0,,,0.0,0,,review,0
urban_accuracy_aware,S01140,unvisited,0,,,0.0,0,,review,0
urban_accuracy_aware,S01141,unvisited,0,,,0.0,0,,review,0
urban_accuracy_aware,S01142,unvisited,0,,,0.0,0,,review,0
urban_accuracy_aware,S01143,unvisited,0,,,0.0,0,,review,0
urban_accuracy_aware,S01144,unvisited,0,,,0.0,0,,review,0
urban_accuracy_aware,S01145,unvisited,0,,,0.0,0,,review,0
urban_accuracy_aware,S01146,unvisited,0,,,0.0,0,,review,0
urban_accuracy_aware,S01147,unvisited,0,,,0.0,0,,review,0
urban_accuracy_aware,S01148,unvisited,0,,,0.0,0,,review,0
urban_accuracy_aware,S01149,unvisited,0,,,0.0,0,,review,0
urban_accuracy_aware,S01150,unvisited,0,,,0.0,0,,review,0
urban_accuracy_aware,S01151,unvisited,0,,,0.0,0,,review,0
urban_accuracy_aware,S01152,unvisited,0,,,0.0,0,,review,0
urban_accuracy_aware,S01153,unvisited,0,,,0.0,0,,review,0
urban_accuracy_aware,S01154,unvisited,0,,,0.0,0,,review,0
urban_accuracy_aware,S01155,unvisited,0,,,0.0,0,,review,0
urban_accuracy_aware,S01156,unvisited,0,,,0.0,0,,review,0
urban_accuracy_aware,S01157,visited,1,2026-03-11 14:13:00,2026-03-13 18:52:00,16.0,10,6.91640823475202,high,0
urban_accuracy_aware,S01158,unvisited,0,,,0.0,0,,review,0
urban_accuracy_aware,S01159,unvisited,0,,,0.0,0,,review,0
urban_accuracy_aware,S01160,unvisited,0,,,0.0,0,,review,0
urban_accuracy_aware,S01161,unvisited,0,,,0.0,0,,review,0
urban_accuracy_aware,S01162,unvisited,0,,,0.0,0,,review,0
urban_accuracy_aware,S01163,unvisited,0,,,0.0,0,,review,0
urban_accuracy_aware,S01164,unvisited,0,,,0.0,0,,review,0
urban_accuracy_aware,S01165,unvisited,0,,,0.0,0,,review,0
urban_accuracy_aware,S01166,unvisited,0,,,0.0,0,,review,0
urban_accuracy_aware,S01167,unvisited,0,,,0.0,0,,review,0
urban_accuracy_aware,S01168,unvisited,0,,,0.0,0,,review,0
urban_accuracy_aware,S01169,unvisited,0,,,0.0,0,,review,0
urban_accuracy_aware,S01170,unvisited,0,,,0.0,0,,review,0
urban_accuracy_aware,S01171,unvisited,0,,,0.0,0,,review,0
urban_accuracy_aware,S01172,unvisited,0,,,0.0,0,,review,0
urban_accuracy_aware,S01173,unvisited,0,,,0.0,0,,review,0
urban_accuracy_aware,S01174,unvisited,0,,,0.0,0,,review,0
urban_accuracy_aware,S01175,unvisited,0,,,0.0,0,,review,0
urban_accuracy_aware,S01176,ambiguous,1,2026-03-13 09:32:00,2026-03-13 09:46:00,0.0,5,10.1659869448235,ambiguous,0
urban_accuracy_aware,S01177,unvisited,0,,,0.0,0,,review,0
urban_accuracy_aware,S01178,unvisited,0,,,0.0,0,,review,0
urban_accuracy_aware,S01179,unvisited,0,,,0.0,0,,review,0
urban_accuracy_aware,S01180,unvisited,0,,,0.0,0,,review,0
urban_accuracy_aware,S01181,ambiguous,1,2026-03-12 14:22:00,2026-03-12 14:33:00,0.0,5,6.02118593979989,ambiguous,0
urban_accuracy_aware,S01182,unvisited,0,,,0.0,0,,review,0
urban_accuracy_aware,S01183,unvisited,0,,,0.0,0,,review,0
urban_accuracy_aware,S01184,unvisited,0,,,0.0,0,,review,0
urban_accuracy_aware,S01185,visited,1,2026-03-09 14:19:00,2026-03-09 14:39:00,20.0,4,22.774528187214,high,0
urban_accuracy_aware,S01186,unvisited,0,,,0.0,0,,review,0
urban_accuracy_aware,S01187,unvisited,0,,,0.0,0,,review,0
urban_accuracy_aware,S01188,unvisited,0,,,0.0,0,,review,0
urban_accuracy_aware,S01189,unvisited,0,,,0.0,0,,review,0
urban_accuracy_aware,S01190,unvisited,0,,,0.0,0,,review,0
urban_accuracy_aware,S01191,unvisited,0,,,0.0,0,,review,0
urban_accuracy_aware,S01192,ambiguous,1,2026-03-13 18:57:00,2026-03-13 18:57:00,0.0,1,14.3880754594729,ambiguous,0
urban_accuracy_aware,S01193,unvisited,0,,,0.0,0,,review,0
urban_accuracy_aware,S01194,unvisited,0,,,0.0,0,,review,0
urban_accuracy_aware,S01195,visited,1,2026-03-09 09:58:00,2026-03-09 10:14:00,16.0,7,11.3346835706493,high,0
urban_accuracy_aware,S01196,unvisited,0,,,0.0,0,,review,0
urban_accuracy_aware,S01197,unvisited,0,,,0.0,0,,review,0
urban_accuracy_aware,S01198,visited,1,2026-03-09 07:48:00,2026-03-09 08:07:00,19.0,7,9.46964058496566,high,0
urban_accuracy_aware,S01199,unvisited,0,,,0.0,0,,review,0
urban_accuracy_aware,S01200,unvisited,0,,,0.0,0,,review,0
urban_accuracy_aware,S01201,unvisited,0,,,0.0,0,,review,0
urban_accuracy_aware,S01202,unvisited,0,,,0.0,0,,review,0
urban_accuracy_aware,S01203,unvisited,0,,,0.0,0,,review,0
urban_accuracy_aware,S01204,unvisited,0,,,0.0,0,,review,0
urban_accuracy_aware,S01205,unvisited,0,,,0.0,0,,review,0
urban_accuracy_aware,S01206,unvisited,0,,,0.0,0,,review,0
urban_accuracy_aware,S01207,unvisited,0,,,0.0,0,,review,0
urban_accuracy_aware,S01208,visited,1,2026-03-13 17:02:00,2026-03-13 17:27:00,25.0,4,16.1921371396673,high,0
urban_accuracy_aware,S01209,unvisited,0,,,0.0,0,,review,0
urban_accuracy_aware,S01210,unvisited,0,,,0.0,0,,review,0
urban_accuracy_aware,S01211,unvisited,0,,,0.0,0,,review,0
urban_accuracy_aware,S01212,unvisited,0,,,0.0,0,,review,0
urban_accuracy_aware,S01213,unvisited,0,,,0.0,0,,review,0
urban_accuracy_aware,S01214,unvisited,0,,,0.0,0,,review,0
urban_accuracy_aware,S01215,unvisited,0,,,0.0,0,,review,0
urban_accuracy_aware,S01216,unvisited,0,,,0.0,0,,review,0
urban_accuracy_aware,S01217,ambiguous,1,2026-03-11 09:10:00,2026-03-11 09:24:00,0.0,5,1.43522859048254,ambiguous,0
urban_accuracy_aware,S01218,unvisited,0,,,0.0,0,,review,0
urban_accuracy_aware,S01219,unvisited,0,,,0.0,0,,review,0
urban_accuracy_aware,S01220,unvisited,0,,,0.0,0,,review,0
urban_accuracy_aware,S01221,unvisited,0,,,0.0,0,,review,0
urban_accuracy_aware,S01222,visited,1,2026-03-10 13:37:00,2026-03-10 13:57:00,20.0,7,12.9736272765594,high,0
urban_accuracy_aware,S01223,unvisited,0,,,0.0,0,,review,0
urban_accuracy_aware,S01224,unvisited,0,,,0.0,0,,review,0
urban_accuracy_aware,S01225,ambiguous,1,2026-03-13 13:35:00,2026-03-13 13:35:00,0.0,1,40.6853399645953,ambiguous,0
urban_accuracy_aware,S01226,unvisited,0,,,0.0,0,,review,0
urban_accuracy_aware,S01227,unvisited,0,,,0.0,0,,review,0
urban_accuracy_aware,S01228,unvisited,0,,,0.0,0,,review,0
urban_accuracy_aware,S01229,unvisited,0,,,0.0,0,,review,0
urban_accuracy_aware,S01230,unvisited,0,,,0.0,0,,review,0
urban_accuracy_aware,S01231,ambiguous,1,2026-03-12 14:26:00,2026-03-12 14:26:00,0.0,1,13.2113719035556,ambiguous,0
urban_accuracy_aware,S01232,unvisited,0,,,0.0,0,,review,0
urban_accuracy_aware,S01233,unvisited,0,,,0.0,0,,review,0
urban_accuracy_aware,S01234,ambiguous,1,2026-03-09 13:17:00,2026-03-09 13:17:00,0.0,1,20.0593594950051,ambiguous,0
urban_accuracy_aware,S01235,unvisited,0,,,0.0,0,,review,0
urban_accuracy_aware,S01236,visited,1,2026-03-13 17:42:00,2026-03-13 18:37:00,55.0,56,0.656724465898604,high,0
urban_accuracy_aware,S01237,unvisited,0,,,0.0,0,,review,0
urban_accuracy_aware,S01238,unvisited,0,,,0.0,0,,review,0
urban_accuracy_aware,S01239,unvisited,0,,,0.0,0,,review,0
urban_accuracy_aware,S01240,ambiguous,1,2026-03-13 07:31:00,2026-03-13 07:31:00,0.0,1,22.2186510453889,ambiguous,0
urban_accuracy_aware,S01241,ambiguous,1,2026-03-12 07:51:00,2026-03-12 07:53:00,0.0,2,5.89114839521938,ambiguous,0
urban_accuracy_aware,S01242,unvisited,0,,,0.0,0,,review,0
urban_accuracy_aware,S01243,unvisited,0,,,0.0,0,,review,0
urban_accuracy_aware,S01244,unvisited,0,,,0.0,0,,review,0
urban_accuracy_aware,S01245,visited,1,2026-03-11 14:16:00,2026-03-11 16:08:00,112.0,105,0.11059637497117,high,0
urban_accuracy_aware,S01246,unvisited,0,,,0.0,0,8.9376924615439,review,0
urban_accuracy_aware,S01247,unvisited,0,,,0.0,0,,review,0
urban_accuracy_aware,S01248,ambiguous,1,2026-03-10 07:51:00,2026-03-10 07:51:00,0.0,1,10.1515629300153,ambiguous,0
urban_accuracy_aware,S01249,ambiguous,1,2026-03-09 08:22:00,2026-03-09 08:22:00,0.0,1,17.495256926268,ambiguous,0
urban_accuracy_aware,S01250,unvisited,0,,,0.0,0,,review,0
urban_accuracy_aware,S01251,unvisited,0,,,0.0,0,,review,0
urban_accuracy_aware,S01252,unvisited,0,,,0.0,0,,review,0
urban_accuracy_aware,S01253,unvisited,0,,,0.0,0,,review,0
urban_accuracy_aware,S01254,unvisited,0,,,0.0,0,,review,0
urban_accuracy_aware,S01255,ambiguous,1,2026-03-11 07:35:00,2026-03-11 07:35:00,0.0,1,3.83978908036904,ambiguous,0
urban_accuracy_aware,S01256,unvisited,0,,,0.0,0,,review,0
urban_accuracy_aware,S01257,unvisited,0,,,0.0,0,,review,0
urban_accuracy_aware,S01258,unvisited,0,,,0.0,0,,review,0
urban_accuracy_aware,S01259,unvisited,0,,,0.0,0,,review,0
urban_accuracy_aware,S01260,unvisited,0,,,0.0,0,,review,0
urban_accuracy_aware,S01261,unvisited,0,,,0.0,0,,review,0
urban_accuracy_aware,S01262,unvisited,0,,,0.0,0,2.6683954793628,review,0
urban_accuracy_aware,S01263,visited,1,2026-03-09 16:40:00,2026-03-09 17:36:00,56.0,57,1.09878726138725,high,0
urban_accuracy_aware,S01264,unvisited,0,,,0.0,0,,review,0
urban_accuracy_aware,S01265,unvisited,0,,,0.0,0,,review,0
urban_accuracy_aware,S01266,unvisited,0,,,0.0,0,,review,0
urban_accuracy_aware,S01267,unvisited,0,,,0.0,0,,review,0
urban_accuracy_aware,S01268,unvisited,0,,,0.0,0,,review,0
urban_accuracy_aware,S01269,ambiguous,1,2026-03-10 16:50:00,2026-03-10 18:14:00,0.0,61,0.245298954920514,ambiguous,0
urban_accuracy_aware,S01270,visited,1,2026-03-13 12:56:00,2026-03-13 14:38:00,102.0,103,0.860171064590055,high,0
urban_accuracy_aware,S01271,unvisited,0,,,0.0,0,,review,0
urban_accuracy_aware,S01272,unvisited,0,,,0.0,0,,review,0
urban_accuracy_aware,S01273,unvisited,0,,,0.0,0,,review,0
urban_accuracy_aware,S01274,ambiguous,1,2026-03-09 11:55:00,2026-03-09 12:01:00,0.0,2,15.528207703055,ambiguous,0
urban_accuracy_aware,S01275,unvisited,0,,,0.0,0,,review,0
urban_accuracy_aware,S01276,visited,1,2026-03-12 11:48:00,2026-03-12 13:26:00,98.0,93,0.245294336067691,high,0
urban_accuracy_aware,S01277,unvisited,0,,,0.0,0,,review,0
urban_accuracy_aware,S01278,ambiguous,1,2026-03-11 15:22:00,2026-03-11 15:22:00,0.0,1,0.734003944534411,ambiguous,0
urban_accuracy_aware,S01279,visited,1,2026-03-11 07:44:00,2026-03-11 08:17:00,33.0,34,0.621528718314321,high,0
urban_accuracy_aware,S01280,unvisited,0,,,0.0,0,,review,0
urban_accuracy_aware,S01281,unvisited,0,,,0.0,0,,review,0
urban_accuracy_aware,S01282,ambiguous,1,2026-03-12 13:53:00,2026-03-12 13:53:00,0.0,1,6.92880586833463,ambiguous,0
urban_accuracy_aware,S01283,ambiguous,1,2026-03-12 16:09:00,2026-03-12 16:11:00,0.0,2,4.76012167632105,ambiguous,0
urban_accuracy_aware,S01284,unvisited,0,,,0.0,0,,review,0
urban_accuracy_aware,S01285,unvisited,0,,,0.0,0,,review,0
urban_accuracy_aware,S01286,unvisited,0,,,0.0,0,,review,0
urban_accuracy_aware,S01287,unvisited,0,,,0.0,0,14.7596915001948,review,0
urban_accuracy_aware,S01288,ambiguous,1,2026-03-10 12:21:00,2026-03-10 12:21:00,0.0,1,15.8304030465611,ambiguous,0
urban_accuracy_aware,S01289,unvisited,0,,,0.0,0,,review,0
urban_accuracy_aware,S01290,ambiguous,1,2026-03-11 13:29:00,2026-03-11 13:29:00,0.0,1,9.85170052074902,ambiguous,0
urban_accuracy_aware,S01291,unvisited,0,,,0.0,0,,review,0
urban_accuracy_aware,S01292,unvisited,0,,,0.0,0,,review,0
urban_accuracy_aware,S01293,unvisited,0,,,0.0,0,,review,0
urban_accuracy_aware,S01294,unvisited,0,,,0.0,0,,review,0
urban_accuracy_aware,S01295,visited,1,2026-03-09 12:46:00,2026-03-09 14:25:00,99.0,85,0.489387045521212,high,0
urban_accuracy_aware,S01296,unvisited,0,,,0.0,0,,review,0
urban_accuracy_aware,S01297,unvisited,0,,,0.0,0,,review,0
urban_accuracy_aware,S01298,unvisited,0,,,0.0,0,,review,0
urban_accuracy_aware,S01299,unvisited,0,,,0.0,0,,review,0
urban_accuracy_aware,S01300,unvisited,0,,,0.0,0,,review,0
urban_accuracy_aware,S01301,unvisited,0,,,0.0,0,,review,0
urban_accuracy_aware,S01302,ambiguous,1,2026-03-12 07:50:00,2026-03-12 07:50:00,0.0,1,7.65783363493333,ambiguous,0
urban_accuracy_aware,S01303,unvisited,0,,,0.0,0,,review,0
urban_accuracy_aware,S01304,ambiguous,1,2026-03-09 11:13:00,2026-03-09 11:13:00,0.0,1,9.10316513221243,ambiguous,0
urban_accuracy_aware,S01305,visited,1,2026-03-13 08:49:00,2026-03-13 10:41:00,112.0,93,0.310764462499608,high,0
urban_accuracy_aware,S01306,unvisited,0,,,0.0,0,,review,0
urban_accuracy_aware,S01307,unvisited,0,,,0.0,0,,review,0
urban_accuracy_aware,S01308,unvisited,0,,,0.0,0,,review,0
urban_accuracy_aware,S01309,visited,1,2026-03-12 11:45:00,2026-03-12 13:02:00,77.0,78,0.244692788541492,high,0
urban_accuracy_aware,S01310,unvisited,0,,,0.0,0,,review,0
urban_accuracy_aware,S01311,unvisited,0,,,0.0,0,,review,0
urban_accuracy_aware,S01312,ambiguous,1,2026-03-12 10:09:00,2026-03-12 10:09:00,0.0,1,9.27666747651902,ambiguous,0
urban_accuracy_aware,S01313,unvisited,0,,,0.0,0,,review,0
urban_accuracy_aware,S01314,unvisited,0,,,0.0,0,,review,0
urban_accuracy_aware,S01315,unvisited,0,,,0.0,0,,review,0
urban_accuracy_aware,S01316,unvisited,0,,,0.0,0,,review,0
urban_accuracy_aware,S01317,unvisited,0,,,0.0,0,,review,0
urban_accuracy_aware,S01318,ambiguous,1,2026-03-11 10:17:00,2026-03-11 10:17:00,0.0,1,18.426204311374,ambiguous,0
urban_accuracy_aware,S01319,unvisited,0,,,0.0,0,,review,0
urban_accuracy_aware,S01320,ambiguous,1,2026-03-11 11:40:00,2026-03-11 11:48:00,0.0,2,1.95304652469388,ambiguous,0
urban_accuracy_aware,S01321,unvisited,0,,,0.0,0,,review,0
urban_accuracy_aware,S01322,unvisited,0,,,0.0,0,,review,0
urban_accuracy_aware,S01323,ambiguous,1,2026-03-11 07:36:00,2026-03-11 07:53:00,0.0,2,13.0989371771932,ambiguous,0
urban_accuracy_aware,S01324,unvisited,0,,,0.0,0,17.2311956009879,review,0
urban_accuracy_aware,S01325,unvisited,0,,,0.0,0,,review,0
urban_accuracy_aware,S01326,visited,1,2026-03-13 07:18:00,2026-03-13 07:50:00,32.0,33,1.37433913396608,high,0
urban_accuracy_aware,S01327,unvisited,0,,,0.0,0,,review,0
urban_accuracy_aware,S01328,unvisited,0,,,0.0,0,,review,0
urban_accuracy_aware,S01329,unvisited,0,,,0.0,0,,review,0
urban_accuracy_aware,S01330,unvisited,0,,,0.0,0,10.8450823774665,review,0
urban_accuracy_aware,S01331,unvisited,0,,,0.0,0,,review,0
urban_accuracy_aware,S01332,ambiguous,1,2026-03-09 12:00:00,2026-03-09 12:08:00,0.0,2,6.78666541638507,ambiguous,0
urban_accuracy_aware,S01333,unvisited,0,,,0.0,0,,review,0
urban_accuracy_aware,S01334,ambiguous,1,2026-03-12 13:55:00,2026-03-12 13:55:00,0.0,1,13.2216362357964,ambiguous,0
urban_accuracy_aware,S01335,ambiguous,1,2026-03-12 15:57:00,2026-03-12 15:57:00,0.0,1,11.1064624271291,ambiguous,0
urban_accuracy_aware,S01336,unvisited,0,,,0.0,0,,review,0
urban_accuracy_aware,S01337,visited,1,2026-03-11 15:44:00,2026-03-11 17:00:00,76.0,77,0.549210911543378,high,0
urban_accuracy_aware,S01338,unvisited,0,,,0.0,0,,review,0
urban_accuracy_aware,S01339,unvisited,0,,,0.0,0,,review,0
urban_accuracy_aware,S01340,unvisited,0,,,0.0,0,,review,0
urban_accuracy_aware,S01341,unvisited,0,,,0.0,0,,review,0
urban_accuracy_aware,S01342,ambiguous,1,2026-03-12 18:24:00,2026-03-12 18:24:00,0.0,1,11.5093329131148,ambiguous,0
urban_accuracy_aware,S01343,unvisited,0,,,0.0,0,13.3869159871242,review,0
urban_accuracy_aware,S01344,ambiguous,1,2026-03-10 07:35:00,2026-03-10 07:35:00,0.0,1,9.03601065156097,ambiguous,0
urban_accuracy_aware,S01345,ambiguous,1,2026-03-09 09:43:00,2026-03-09 09:43:00,0.0,1,7.42965174642175,ambiguous,0
urban_accuracy_aware,S01346,unvisited,0,,,0.0,0,,review,0
urban_accuracy_aware,S01347,unvisited,0,,,0.0,0,,review,0
urban_accuracy_aware,S01348,unvisited,0,,,0.0,0,,review,0
urban_accuracy_aware,S01349,unvisited,0,,,0.0,0,,review,0
urban_accuracy_aware,S01350,unvisited,0,,,0.0,0,,review,0
urban_accuracy_aware,S01351,visited,1,2026-03-09 14:39:00,2026-03-09 16:13:00,94.0,95,0.672567171905631,high,0
urban_accuracy_aware,S01352,unvisited,0,,,0.0,0,,review,0
urban_accuracy_aware,S01353,ambiguous,1,2026-03-11 12:41:00,2026-03-11 12:41:00,0.0,1,1.98725287528103,ambiguous,0
urban_accuracy_aware,S01354,unvisited,0,,,0.0,0,,review,0
urban_accuracy_aware,S01355,unvisited,0,,,0.0,0,,review,0
urban_accuracy_aware,S01356,unvisited,0,,,0.0,0,,review,0
urban_accuracy_aware,S01357,unvisited,0,,,0.0,0,,review,0
urban_accuracy_aware,S01358,unvisited,0,,,0.0,0,,review,0
urban_accuracy_aware,S01359,unvisited,0,,,0.0,0,,review,0
urban_accuracy_aware,S01360,unvisited,0,,,0.0,0,,review,0
urban_accuracy_aware,S01361,unvisited,0,,,0.0,0,,review,0
urban_accuracy_aware,S01362,ambiguous,1,2026-03-09 07:37:00,2026-03-09 07:38:00,0.0,2,11.2783578371926,ambiguous,0
urban_accuracy_aware,S01363,unvisited,0,,,0.0,0,,review,0
urban_accuracy_aware,S01364,unvisited,0,,,0.0,0,,review,0
urban_accuracy_aware,S01365,unvisited,0,,,0.0,0,,review,0
urban_accuracy_aware,S01366,unvisited,0,,,0.0,0,,review,0
urban_accuracy_aware,S01367,unvisited,0,,,0.0,0,,review,0
urban_accuracy_aware,S01368,ambiguous,1,2026-03-11 18:49:00,2026-03-11 18:49:00,0.0,1,3.50509604910611,ambiguous,0
urban_accuracy_aware,S01369,visited,1,2026-03-13 12:15:00,2026-03-13 14:24:00,129.0,128,0.437646751771116,high,0
urban_accuracy_aware,S01370,unvisited,0,,,0.0,0,,review,0
urban_accuracy_aware,S01371,unvisited,0,,,0.0,0,,review,0
urban_accuracy_aware,S01372,unvisited,0,,,0.0,0,,review,0
urban_accuracy_aware,S01373,unvisited,0,,,0.0,0,,review,0
urban_accuracy_aware,S01374,unvisited,0,,,0.0,0,,review,0
urban_accuracy_aware,S01375,unvisited,0,,,0.0,0,,review,0
urban_accuracy_aware,S01376,unvisited,0,,,0.0,0,,review,0
urban_accuracy_aware,S01377,unvisited,0,,,0.0,0,,review,0
urban_accuracy_aware,S01378,unvisited,0,,,0.0,0,,review,0
urban_accuracy_aware,S01379,unvisited,0,,,0.0,0,,review,0
urban_accuracy_aware,S01380,unvisited,0,,,0.0,0,,review,0
urban_accuracy_aware,S01381,unvisited,0,,,0.0,0,,review,0
urban_accuracy_aware,S01382,ambiguous,1,2026-03-09 12:34:00,2026-03-09 12:34:00,0.0,1,7.27384144563459,ambiguous,0
urban_accuracy_aware,S01383,unvisited,0,,,0.0,0,,review,0
urban_accuracy_aware,S01384,unvisited,0,,,0.0,0,,review,0
urban_accuracy_aware,S01385,unvisited,0,,,0.0,0,,review,0
urban_accuracy_aware,S01386,ambiguous,1,2026-03-12 17:53:00,2026-03-12 17:53:00,0.0,1,4.69829509720114,ambiguous,0
urban_accuracy_aware,S01387,unvisited,0,,,0.0,0,,review,0
urban_accuracy_aware,S01388,unvisited,0,,,0.0,0,,review,0
urban_accuracy_aware,S01389,unvisited,0,,,0.0,0,,review,0
urban_accuracy_aware,S01390,unvisited,0,,,0.0,0,,review,0
urban_accuracy_aware,S01391,unvisited,0,,,0.0,0,,review,0
urban_accuracy_aware,S01392,ambiguous,1,2026-03-11 07:30:00,2026-03-11 07:30:00,0.0,1,10.8177723725054,ambiguous,0
urban_accuracy_aware,S01393,unvisited,0,,,0.0,0,,review,0
urban_accuracy_aware,S01394,unvisited,0,,,0.0,0,,review,0
urban_accuracy_aware,S01395,unvisited,0,,,0.0,0,,review,0
urban_accuracy_aware,S01396,unvisited,0,,,0.0,0,,review,0
urban_accuracy_aware,S01397,ambiguous,1,2026-03-11 12:08:00,2026-03-11 12:08:00,0.0,1,19.0536353388065,ambiguous,0
urban_accuracy_aware,S01398,unvisited,0,,,0.0,0,,review,0
urban_accuracy_aware,S01399,unvisited,0,,,0.0,0,,review,0
urban_accuracy_aware,S01400,unvisited,0,,,0.0,0,,review,0
urban_accuracy_aware,S01401,unvisited,0,,,0.0,0,8.00870695637386,review,0
urban_accuracy_aware,S01402,unvisited,0,,,0.0,0,,review,0
urban_accuracy_aware,S01403,unvisited,0,,,0.0,0,,review,0
urban_accuracy_aware,S01404,unvisited,0,,,0.0,0,,review,0
urban_accuracy_aware,S01405,unvisited,0,,,0.0,0,,review,0
urban_accuracy_aware,S01406,unvisited,0,,,0.0,0,,review,0
urban_accuracy_aware,S01407,visited,1,2026-03-13 15:35:00,2026-03-13 17:15:00,100.0,101,0.493466363331131,high,0
urban_accuracy_aware,S01408,unvisited,0,,,0.0,0,,review,0
urban_accuracy_aware,S01409,unvisited,0,,,0.0,0,,review,0
urban_accuracy_aware,S01410,unvisited,0,,,0.0,0,,review,0
urban_accuracy_aware,S01411,unvisited,0,,,0.0,0,,review,0
urban_accuracy_aware,S01412,unvisited,0,,,0.0,0,,review,0
urban_accuracy_aware,S01413,unvisited,0,,,0.0,0,7.35423853017935,review,0
urban_accuracy_aware,S01414,unvisited,0,,,0.0,0,,review,0
urban_accuracy_aware,S01415,unvisited,0,,,0.0,0,,review,0
urban_accuracy_aware,S01416,unvisited,0,,,0.0,0,,review,0
urban_accuracy_aware,S01417,ambiguous,1,2026-03-11 08:47:00,2026-03-11 08:47:00,0.0,1,9.41117987211721,ambiguous,0
urban_accuracy_aware,S01418,unvisited,0,,,0.0,0,,review,0
urban_accuracy_aware,S01419,unvisited,0,,,0.0,0,,review,0
urban_accuracy_aware,S01420,unvisited,0,,,0.0,0,,review,0
urban_accuracy_aware,S01421,visited,1,2026-03-11 18:24:00,2026-03-11 19:00:00,36.0,37,0.884778979082206,high,0
urban_accuracy_aware,S01422,unvisited,0,,,0.0,0,,review,0
urban_accuracy_aware,S01423,unvisited,0,,,0.0,0,,review,0
urban_accuracy_aware,S01424,unvisited,0,,,0.0,0,,review,0
urban_accuracy_aware,S01425,ambiguous,1,2026-03-13 12:34:00,2026-03-13 12:46:00,0.0,2,10.4177825508077,ambiguous,0
urban_accuracy_aware,S01426,visited,1,2026-03-11 14:04:00,2026-03-11 14:24:00,20.0,3,16.7805124648514,high,0
urban_accuracy_aware,S01427,unvisited,0,,,0.0,0,,review,0
urban_accuracy_aware,S01428,unvisited,0,,,0.0,0,,review,0
urban_accuracy_aware,S01429,ambiguous,1,2026-03-12 07:22:00,2026-03-12 07:35:00,0.0,3,26.1230060846858,ambiguous,0
urban_accuracy_aware,S01430,ambiguous,1,2026-03-12 14:56:00,2026-03-12 15:02:00,0.0,4,2.14642867343785,ambiguous,0
urban_accuracy_aware,S01431,unvisited,0,,,0.0,0,,review,0
urban_accuracy_aware,S01432,unvisited,0,,,0.0,0,,review,0
urban_accuracy_aware,S01433,ambiguous,1,2026-03-09 07:48:00,2026-03-09 08:15:00,0.0,8,6.42313716845323,ambiguous,0
urban_accuracy_aware,S01434,visited,1,2026-03-12 11:02:00,2026-03-12 11:25:00,23.0,6,14.785696594724,high,0
urban_accuracy_aware,S01435,unvisited,0,,,0.0,0,,review,0
urban_accuracy_aware,S01436,unvisited,0,,,0.0,0,,review,0
urban_accuracy_aware,S01437,unvisited,0,,,0.0,0,,review,0
urban_accuracy_aware,S01438,ambiguous,1,2026-03-13 17:19:00,2026-03-13 17:51:00,0.0,7,8.28876889199526,ambiguous,0
urban_accuracy_aware,S01439,unvisited,0,,,0.0,0,,review,0
urban_accuracy_aware,S01440,ambiguous,1,2026-03-09 12:39:00,2026-03-09 12:39:00,0.0,1,29.827118495545,ambiguous,0
urban_accuracy_aware,S01441,unvisited,0,,,0.0,0,,review,0
urban_accuracy_aware,S01442,visited,1,2026-03-10 10:43:00,2026-03-10 11:01:00,18.0,5,5.22545737750862,high,0
urban_accuracy_aware,S01443,unvisited,0,,,0.0,0,,review,0
urban_accuracy_aware,S01444,unvisited,0,,,0.0,0,,review,0
urban_accuracy_aware,S01445,unvisited,0,,,0.0,0,,review,0
urban_accuracy_aware,S01446,visited,1,2026-03-11 07:20:00,2026-03-11 07:36:00,16.0,4,5.38276629324879,high,0
urban_accuracy_aware,S01447,unvisited,0,,,0.0,0,,review,0
urban_accuracy_aware,S01448,unvisited,0,,,0.0,0,,review,0
urban_accuracy_aware,S01449,visited,1,2026-03-10 14:13:00,2026-03-10 14:44:00,31.0,8,12.8219417112849,high,0
urban_accuracy_aware,S01450,unvisited,0,,,0.0,0,,review,0
urban_accuracy_aware,S01451,visited,1,2026-03-10 07:44:00,2026-03-10 08:13:00,29.0,14,4.5541379799916,high,0
urban_accuracy_aware,S01452,unvisited,0,,,0.0,0,,review,0
urban_accuracy_aware,S01453,unvisited,0,,,0.0,0,,review,0
urban_accuracy_aware,S01454,visited,1,2026-03-11 09:30:00,2026-03-11 10:01:00,31.0,13,16.5690279076375,high,0
urban_accuracy_aware,S01455,unvisited,0,,,0.0,0,,review,0
urban_accuracy_aware,S01456,unvisited,0,,,0.0,0,,review,0
urban_accuracy_aware,S01457,ambiguous,1,2026-03-12 11:27:00,2026-03-12 11:27:00,0.0,1,3.95677138375056,ambiguous,0
urban_accuracy_aware,S01458,visited,1,2026-03-11 12:23:00,2026-03-11 12:41:00,18.0,6,5.41937040293283,high,0
urban_accuracy_aware,S01459,unvisited,0,,,0.0,0,,review,0
urban_accuracy_aware,S01460,unvisited,0,,,0.0,0,,review,0
urban_accuracy_aware,S01461,ambiguous,1,2026-03-10 18:22:00,2026-03-10 18:35:00,0.0,2,20.5915556338713,ambiguous,0
urban_accuracy_aware,S01462,ambiguous,1,2026-03-13 18:02:00,2026-03-13 18:02:00,0.0,1,28.8291799062242,ambiguous,0
urban_accuracy_aware,S01463,unvisited,0,,,0.0,0,,review,0
urban_accuracy_aware,S01464,unvisited,0,,,0.0,0,,review,0
urban_accuracy_aware,S01465,unvisited,0,,,0.0,0,,review,0
urban_accuracy_aware,S01466,unvisited,0,,,0.0,0,,review,0
urban_accuracy_aware,S01467,unvisited,0,,,0.0,0,,review,0
urban_accuracy_aware,S01468,visited,1,2026-03-11 11:26:00,2026-03-11 11:45:00,19.0,7,10.1310810142731,high,0
urban_accuracy_aware,S01469,unvisited,0,,,0.0,0,,review,0
urban_accuracy_aware,S01470,unvisited,0,,,0.0,0,,review,0
urban_accuracy_aware,S01471,unvisited,0,,,0.0,0,,review,0
urban_accuracy_aware,S01472,unvisited,0,,,0.0,0,,review,0
urban_accuracy_aware,S01473,unvisited,0,,,0.0,0,,review,0
urban_accuracy_aware,S01474,unvisited,0,,,0.0,0,,review,0
urban_accuracy_aware,S01475,unvisited,0,,,0.0,0,,review,0
urban_accuracy_aware,S01476,unvisited,0,,,0.0,0,,review,0
urban_accuracy_aware,S01477,unvisited,0,,,0.0,0,,review,0
urban_accuracy_aware,S01478,ambiguous,1,2026-03-13 07:38:00,2026-03-13 07:52:00,0.0,3,14.6444809332956,ambiguous,0
urban_accuracy_aware,S01479,unvisited,0,,,0.0,0,,review,0
urban_accuracy_aware,S01480,unvisited,0,,,0.0,0,,review,0
urban_accuracy_aware,S01481,unvisited,0,,,0.0,0,,review,0
urban_accuracy_aware,S01482,unvisited,0,,,0.0,0,,review,0
urban_accuracy_aware,S01483,unvisited,0,,,0.0,0,,review,0
urban_accuracy_aware,S01484,unvisited,0,,,0.0,0,,review,0
urban_accuracy_aware,S01485,unvisited,0,,,0.0,0,,review,0
urban_accuracy_aware,S01486,unvisited,0,,,0.0,0,,review,0
urban_accuracy_aware,S01487,unvisited,0,,,0.0,0,,review,0
urban_accuracy_aware,S01488,unvisited,0,,,0.0,0,,review,0
urban_accuracy_aware,S01489,unvisited,0,,,0.0,0,,review,0
urban_accuracy_aware,S01490,unvisited,0,,,0.0,0,,review,0
urban_accuracy_aware,S01491,ambiguous,1,2026-03-11 17:33:00,2026-03-11 17:40:00,0.0,3,9.41320236913785,ambiguous,0
urban_accuracy_aware,S01492,ambiguous,1,2026-03-11 15:50:00,2026-03-11 16:04:00,0.0,7,8.88881118319603,ambiguous,0
urban_accuracy_aware,S01493,unvisited,0,,,0.0,0,,review,0
urban_accuracy_aware,S01494,unvisited,0,,,0.0,0,,review,0
urban_accuracy_aware,S01495,unvisited,0,,,0.0,0,,review,0
urban_accuracy_aware,S01496,unvisited,0,,,0.0,0,,review,0
urban_accuracy_aware,S01497,ambiguous,1,2026-03-12 09:17:00,2026-03-12 09:21:00,0.0,2,10.8589282723172,ambiguous,0
urban_accuracy_aware,S01498,unvisited,0,,,0.0,0,,review,0
urban_accuracy_aware,S01499,visited,1,2026-03-09 15:47:00,2026-03-09 16:15:00,28.0,12,9.82824887501823,high,0
urban_accuracy_aware,S01500,unvisited,0,,,0.0,0,,review,0
urban_accuracy_aware,S01501,unvisited,0,,,0.0,0,,review,0
urban_accuracy_aware,S01502,unvisited,0,,,0.0,0,,review,0
urban_accuracy_aware,S01503,unvisited,0,,,0.0,0,,review,0
urban_accuracy_aware,S01504,ambiguous,1,2026-03-11 10:49:00,2026-03-11 10:57:00,0.0,4,8.30016022328606,ambiguous,0
urban_accuracy_aware,S01505,ambiguous,1,2026-03-10 09:40:00,2026-03-10 09:51:00,0.0,3,13.3698750375869,ambiguous,0
urban_accuracy_aware,S01506,unvisited,0,,,0.0,0,,review,0
urban_accuracy_aware,S01507,ambiguous,1,2026-03-13 10:09:00,2026-03-13 10:17:00,0.0,2,17.7098743737909,ambiguous,0
urban_accuracy_aware,S01508,unvisited,0,,,0.0,0,,review,0
urban_accuracy_aware,S01509,unvisited,0,,,0.0,0,,review,0
urban_accuracy_aware,S01510,unvisited,0,,,0.0,0,,review,0
urban_accuracy_aware,S01511,unvisited,0,,,0.0,0,,review,0
urban_accuracy_aware,S01512,visited,1,2026-03-13 18:20:00,2026-03-13 18:36:00,16.0,4,27.2394730696544,high,0
urban_accuracy_aware,S01513,unvisited,0,,,0.0,0,,review,0
urban_accuracy_aware,S01514,ambiguous,1,2026-03-11 08:18:00,2026-03-11 08:18:00,0.0,1,10.7985926362362,ambiguous,0
urban_accuracy_aware,S01515,unvisited,0,,,0.0,0,,review,0
urban_accuracy_aware,S01516,ambiguous,1,2026-03-10 12:30:00,2026-03-10 12:30:00,0.0,1,8.09411130460117,ambiguous,0
urban_accuracy_aware,S01517,unvisited,0,,,0.0,0,,review,0
urban_accuracy_aware,S01518,unvisited,0,,,0.0,0,,review,0
urban_accuracy_aware,S01519,ambiguous,1,2026-03-09 08:44:00,2026-03-09 08:44:00,0.0,1,10.4239426822594,ambiguous,0
urban_accuracy_aware,S01520,ambiguous,1,2026-03-13 15:45:00,2026-03-13 15:45:00,0.0,1,10.4004821083727,ambiguous,0
urban_accuracy_aware,S01521,ambiguous,1,2026-03-11 10:36:00,2026-03-11 10:36:00,0.0,1,11.5333348830527,ambiguous,0
urban_accuracy_aware,S01522,unvisited,0,,,0.0,0,,review,0
urban_accuracy_aware,S01523,unvisited,0,,,0.0,0,,review,0
urban_accuracy_aware,S01524,unvisited,0,,,0.0,0,,review,0
urban_accuracy_aware,S01525,ambiguous,1,2026-03-09 16:39:00,2026-03-09 17:43:00,0.0,4,0.590226108731002,ambiguous,76
urban_accuracy_aware,S01526,ambiguous,1,2026-03-12 14:30:00,2026-03-12 15:52:00,0.0,68,0.346506068184475,ambiguous,0
urban_accuracy_aware,S01527,ambiguous,1,2026-03-13 11:31:00,2026-03-13 13:05:00,0.0,40,0.882529204103584,ambiguous,0
urban_accuracy_aware,S01528,unvisited,0,,,0.0,0,,review,0
urban_accuracy_aware,S01529,unvisited,0,,,0.0,0,,review,0
urban_accuracy_aware,S01530,ambiguous,0,,,0.0,0,7.54668400932473,ambiguous,1
urban_accuracy_aware,S01531,unvisited,0,,,0.0,0,,review,0
urban_accuracy_aware,S01532,unvisited,0,,,0.0,0,,review,0
urban_accuracy_aware,S01533,unvisited,0,,,0.0,0,,review,0
urban_accuracy_aware,S01534,unvisited,0,,,0.0,0,,review,0
urban_accuracy_aware,S01535,unvisited,0,,,0.0,0,,review,0
urban_accuracy_aware,S01536,unvisited,0,,,0.0,0,11.5323061828617,review,0
urban_accuracy_aware,S01537,unvisited,0,,,0.0,0,,review,0
urban_accuracy_aware,S01538,unvisited,0,,,0.0,0,,review,0
urban_accuracy_aware,S01539,ambiguous,1,2026-03-12 11:48:00,2026-03-12 11:48:00,0.0,1,5.84365444642038,ambiguous,0
urban_accuracy_aware,S01540,visited,1,2026-03-10 16:07:00,2026-03-10 17:47:00,100.0,101,0.437676778995531,high,0
urban_accuracy_aware,S01541,unvisited,0,,,0.0,0,,review,0
urban_accuracy_aware,S01542,unvisited,0,,,0.0,0,,review,0
urban_accuracy_aware,S01543,unvisited,0,,,0.0,0,,review,0
urban_accuracy_aware,S01544,ambiguous,1,2026-03-12 18:53:00,2026-03-12 18:53:00,0.0,1,2.65983607979158,ambiguous,0
urban_accuracy_aware,S01545,unvisited,0,,,0.0,0,,review,0
urban_accuracy_aware,S01546,unvisited,0,,,0.0,0,,review,0
urban_accuracy_aware,S01547,unvisited,0,,,0.0,0,,review,0
urban_accuracy_aware,S01548,unvisited,0,,,0.0,0,,review,0
urban_accuracy_aware,S01549,visited,1,2026-03-11 13:28:00,2026-03-11 14:41:00,73.0,74,0.349350387355484,high,0
urban_accuracy_aware,S01550,unvisited,0,,,0.0,0,,review,0
urban_accuracy_aware,S01551,ambiguous,1,2026-03-12 10:48:00,2026-03-12 10:58:00,0.0,2,12.3938942267182,ambiguous,0
urban_accuracy_aware,S01552,unvisited,0,,,0.0,0,,review,0
urban_accuracy_aware,S01553,unvisited,0,,,0.0,0,,review,0
urban_accuracy_aware,S01554,ambiguous,1,2026-03-11 18:47:00,2026-03-11 18:52:00,0.0,2,5.62470022507438,ambiguous,0
urban_accuracy_aware,S01555,unvisited,0,,,0.0,0,,review,0
urban_accuracy_aware,S01556,unvisited,0,,,0.0,0,,review,0
urban_accuracy_aware,S01557,visited,1,2026-03-10 15:25:00,2026-03-10 16:41:00,37.0,39,0.704400075053675,high,0
urban_accuracy_aware,S01558,unvisited,0,,,0.0,0,,review,0
urban_accuracy_aware,S01559,ambiguous,1,2026-03-12 08:39:00,2026-03-12 08:39:00,0.0,1,5.86350796154133,ambiguous,0
urban_accuracy_aware,S01560,unvisited,0,,,0.0,0,,review,0
urban_accuracy_aware,S01561,ambiguous,1,2026-03-12 07:31:00,2026-03-12 07:31:00,0.0,1,19.7001738174685,ambiguous,0
urban_accuracy_aware,S01562,unvisited,0,,,0.0,0,,review,0
urban_accuracy_aware,S01563,ambiguous,1,2026-03-11 16:32:00,2026-03-11 16:32:00,0.0,1,12.2698005886116,ambiguous,0
urban_accuracy_aware,S01564,ambiguous,1,2026-03-09 07:53:00,2026-03-09 07:53:00,0.0,1,8.28757163220095,ambiguous,0
urban_accuracy_aware,S01565,visited,1,2026-03-09 12:54:00,2026-03-09 14:47:00,113.0,114,0.244580203363748,high,0
urban_accuracy_aware,S01566,unvisited,0,,,0.0,0,,review,0
urban_accuracy_aware,S01567,unvisited,0,,,0.0,0,,review,0
urban_accuracy_aware,S01568,visited,1,2026-03-12 12:09:00,2026-03-12 13:48:00,99.0,100,0.155325221894963,high,0
urban_accuracy_aware,S01569,unvisited,0,,,0.0,0,7.93069227821628,review,0
urban_accuracy_aware,S01570,unvisited,0,,,0.0,0,,review,0
urban_accuracy_aware,S01571,unvisited,0,,,0.0,0,,review,0
urban_accuracy_aware,S01572,unvisited,0,,,0.0,0,,review,0
urban_accuracy_aware,S01573,unvisited,0,,,0.0,0,,review,0
urban_accuracy_aware,S01574,visited,1,2026-03-13 11:53:00,2026-03-13 13:42:00,109.0,103,0.327256000136986,high,0
urban_accuracy_aware,S01575,unvisited,0,,,0.0,0,,review,0
urban_accuracy_aware,S01576,unvisited,0,,,0.0,0,,review,0
urban_accuracy_aware,S01577,unvisited,0,,,0.0,0,,review,0
urban_accuracy_aware,S01578,unvisited,0,,,0.0,0,3.05709534505658,review,0
urban_accuracy_aware,S01579,ambiguous,1,2026-03-10 07:49:00,2026-03-10 07:49:00,0.0,1,9.43201103201114,ambiguous,0
urban_accuracy_aware,S01580,unvisited,0,,,0.0,0,,review,0
urban_accuracy_aware,S01581,ambiguous,1,2026-03-09 10:31:00,2026-03-09 10:31:00,0.0,1,6.67342150095226,ambiguous,0
urban_accuracy_aware,S01582,unvisited,0,,,0.0,0,,review,0
urban_accuracy_aware,S01583,ambiguous,1,2026-03-11 15:27:00,2026-03-11 15:34:00,0.0,2,2.46232755917761,ambiguous,0
urban_accuracy_aware,S01584,unvisited,0,,,0.0,0,,review,0
urban_accuracy_aware,S01585,unvisited,0,,,0.0,0,,review,0
urban_accuracy_aware,S01586,unvisited,0,,,0.0,0,16.7871012810273,review,0
urban_accuracy_aware,S01587,unvisited,0,,,0.0,0,,review,0
urban_accuracy_aware,S01588,unvisited,0,,,0.0,0,,review,0
urban_accuracy_aware,S01589,unvisited,0,,,0.0,0,,review,0
urban_accuracy_aware,S01590,unvisited,0,,,0.0,0,,review,0
urban_accuracy_aware,S01591,unvisited,0,,,0.0,0,,review,0
urban_accuracy_aware,S01592,unvisited,0,,,0.0,0,2.6145464258567,review,0
urban_accuracy_aware,S01593,unvisited,0,,,0.0,0,,review,0
urban_accuracy_aware,S01594,unvisited,0,,,0.0,0,,review,0
urban_accuracy_aware,S01595,unvisited,0,,,0.0,0,,review,0
urban_accuracy_aware,S01596,ambiguous,1,2026-03-12 17:10:00,2026-03-12 17:17:00,0.0,2,1.98595068089976,ambiguous,0
urban_accuracy_aware,S01597,unvisited,0,,,0.0,0,,review,0
urban_accuracy_aware,S01598,unvisited,0,,,0.0,0,,review,0
urban_accuracy_aware,S01599,unvisited,0,,,0.0,0,,review,0
urban_accuracy_aware,S01600,unvisited,0,,,0.0,0,,review,0
urban_accuracy_aware,S01601,unvisited,0,,,0.0,0,,review,0
urban_accuracy_aware,S01602,unvisited,0,,,0.0,0,,review,0
urban_accuracy_aware,S01603,visited,1,2026-03-12 12:58:00,2026-03-12 14:17:00,55.0,57,0.69855530879293,high,0
urban_accuracy_aware,S01604,unvisited,0,,,0.0,0,,review,0
urban_accuracy_aware,S01605,unvisited,0,,,0.0,0,,review,0
urban_accuracy_aware,S01606,unvisited,0,,,0.0,0,23.5511319252656,review,0
urban_accuracy_aware,S01607,unvisited,0,,,0.0,0,,review,0
urban_accuracy_aware,S01608,unvisited,0,,,0.0,0,,review,0
urban_accuracy_aware,S01609,unvisited,0,,,0.0,0,,review,0
urban_accuracy_aware,S01610,unvisited,0,,,0.0,0,,review,0
urban_accuracy_aware,S01611,unvisited,0,,,0.0,0,,review,0
urban_accuracy_aware,S01612,unvisited,0,,,0.0,0,,review,0
urban_accuracy_aware,S01613,ambiguous,1,2026-03-09 07:50:00,2026-03-09 07:58:00,0.0,3,9.53365455622123,ambiguous,0
urban_accuracy_aware,S01614,unvisited,0,,,0.0,0,,review,0
urban_accuracy_aware,S01615,unvisited,0,,,0.0,0,,review,0
urban_accuracy_aware,S01616,visited,1,2026-03-13 08:44:00,2026-03-13 10:18:00,68.0,70,0.493338492022034,high,0
urban_accuracy_aware,S01617,ambiguous,1,2026-03-10 08:43:00,2026-03-10 08:43:00,0.0,1,16.7082220836694,ambiguous,0
urban_accuracy_aware,S01618,unvisited,0,,,0.0,0,,review,0
urban_accuracy_aware,S01619,unvisited,0,,,0.0,0,,review,0
urban_accuracy_aware,S01620,unvisited,0,,,0.0,0,,review,0
urban_accuracy_aware,S01621,unvisited,0,,,0.0,0,,review,0
urban_accuracy_aware,S01622,unvisited,0,,,0.0,0,,review,0
urban_accuracy_aware,S01623,unvisited,0,,,0.0,0,,review,0
urban_accuracy_aware,S01624,ambiguous,1,2026-03-10 18:59:00,2026-03-10 19:00:00,0.0,2,4.40175238340628,ambiguous,0
urban_accuracy_aware,S01625,unvisited,0,,,0.0,0,,review,0
urban_accuracy_aware,S01626,unvisited,0,,,0.0,0,,review,0
urban_accuracy_aware,S01627,unvisited,0,,,0.0,0,,review,0
urban_accuracy_aware,S01628,ambiguous,1,2026-03-11 15:57:00,2026-03-11 17:42:00,0.0,70,0.327644330329039,ambiguous,0
urban_accuracy_aware,S01629,ambiguous,1,2026-03-11 07:52:00,2026-03-11 07:52:00,0.0,1,10.7216016078295,ambiguous,0
urban_accuracy_aware,S01630,unvisited,0,,,0.0,0,,review,0
urban_accuracy_aware,S01631,unvisited,0,,,0.0,0,,review,0
urban_accuracy_aware,S01632,unvisited,0,,,0.0,0,,review,0
urban_accuracy_aware,S01633,unvisited,0,,,0.0,0,,review,0
urban_accuracy_aware,S01634,unvisited,0,,,0.0,0,,review,0
urban_accuracy_aware,S01635,ambiguous,1,2026-03-12 12:28:00,2026-03-12 12:28:00,0.0,1,11.2734924500356,ambiguous,0
urban_accuracy_aware,S01636,unvisited,0,,,0.0,0,,review,0
urban_accuracy_aware,S01637,visited,1,2026-03-11 12:07:00,2026-03-11 13:53:00,106.0,94,0.155524121687421,high,0
urban_accuracy_aware,S01638,unvisited,0,,,0.0,0,,review,0
urban_accuracy_aware,S01639,visited,1,2026-03-12 12:31:00,2026-03-12 14:05:00,94.0,95,0.546817109356551,high,0
urban_accuracy_aware,S01640,visited,1,2026-03-13 09:26:00,2026-03-13 10:41:00,75.0,76,0.881929243964307,high,0
urban_accuracy_aware,S01641,unvisited,0,,,0.0,0,,review,0
urban_accuracy_aware,S01642,unvisited,0,,,0.0,0,,review,0
urban_accuracy_aware,S01643,unvisited,0,,,0.0,0,,review,0
urban_accuracy_aware,S01644,unvisited,0,,,0.0,0,,review,0
urban_accuracy_aware,S01645,ambiguous,1,2026-03-10 18:10:00,2026-03-10 18:10:00,0.0,1,5.06282684280953,ambiguous,0
urban_accuracy_aware,S01646,unvisited,0,,,0.0,0,,review,0
urban_accuracy_aware,S01647,visited,1,2026-03-09 14:58:00,2026-03-09 16:34:00,96.0,72,0.311081165090498,high,0
urban_accuracy_aware,S01648,ambiguous,1,2026-03-09 17:51:00,2026-03-09 17:51:00,0.0,1,14.1705584803467,ambiguous,0
urban_accuracy_aware,S01649,unvisited,0,,,0.0,0,,review,0
urban_accuracy_aware,S01650,ambiguous,1,2026-03-13 07:27:00,2026-03-13 07:27:00,0.0,1,18.0274979768219,ambiguous,0
urban_accuracy_aware,S01651,unvisited,0,,,0.0,0,,review,0
urban_accuracy_aware,S01652,unvisited,0,,,0.0,0,,review,0
urban_accuracy_aware,S01653,unvisited,0,,,0.0,0,21.5771116428965,review,0
urban_accuracy_aware,S01654,unvisited,0,,,0.0,0,,review,0
urban_accuracy_aware,S01655,unvisited,0,,,0.0,0,,review,0
urban_accuracy_aware,S01656,unvisited,0,,,0.0,0,,review,0
urban_accuracy_aware,S01657,unvisited,0,,,0.0,0,,review,0
urban_accuracy_aware,S01658,unvisited,0,,,0.0,0,,review,0
urban_accuracy_aware,S01659,unvisited,0,,,0.0,0,,review,0
urban_accuracy_aware,S01660,ambiguous,1,2026-03-11 10:42:00,2026-03-11 10:42:00,0.0,1,13.7759140074775,ambiguous,0
urban_accuracy_aware,S01661,unvisited,0,,,0.0,0,,review,0
urban_accuracy_aware,S01662,visited,1,2026-03-09 10:57:00,2026-03-09 11:29:00,32.0,33,1.54719804447095,high,0
urban_accuracy_aware,S01663,unvisited,0,,,0.0,0,,review,0
urban_accuracy_aware,S01664,visited,1,2026-03-10 15:06:00,2026-03-10 16:58:00,112.0,113,0.455684208578808,high,0
urban_accuracy_aware,S01665,unvisited,0,,,0.0,0,10.4428536478546,review,0
urban_accuracy_aware,S01666,ambiguous,1,2026-03-10 11:25:00,2026-03-10 11:25:00,0.0,1,11.4751861227997,ambiguous,0
urban_accuracy_aware,S01667,unvisited,0,,,0.0,0,,review,0
urban_accuracy_aware,S01668,unvisited,0,,,0.0,0,,review,0
urban_accuracy_aware,S01669,ambiguous,1,2026-03-11 15:29:00,2026-03-11 15:55:00,0.0,2,17.9086488843244,ambiguous,0
urban_accuracy_aware,S01670,unvisited,0,,,0.0,0,,review,0
urban_accuracy_aware,S01671,unvisited,0,,,0.0,0,,review,0
urban_accuracy_aware,S01672,visited,1,2026-03-10 15:22:00,2026-03-10 16:52:00,90.0,89,0.702811823330309,high,0
urban_accuracy_aware,S01673,unvisited,0,,,0.0,0,,review,0
urban_accuracy_aware,S01674,ambiguous,1,2026-03-12 16:31:00,2026-03-12 16:31:00,0.0,1,7.99071382929476,ambiguous,0
urban_accuracy_aware,S01675,unvisited,0,,,0.0,0,,review,0
urban_accuracy_aware,S01676,unvisited,0,,,0.0,0,,review,0
urban_accuracy_aware,S01677,unvisited,0,,,0.0,0,,review,0
urban_accuracy_aware,S01678,unvisited,0,,,0.0,0,,review,0
urban_accuracy_aware,S01679,ambiguous,1,2026-03-13 09:54:00,2026-03-13 09:54:00,0.0,1,8.38407917810269,ambiguous,0
urban_accuracy_aware,S01680,ambiguous,1,2026-03-13 07:33:00,2026-03-13 07:36:00,0.0,2,4.19688626823038,ambiguous,0
urban_accuracy_aware,S01681,ambiguous,1,2026-03-11 18:03:00,2026-03-11 18:03:00,0.0,1,17.4335532382231,ambiguous,0
urban_accuracy_aware,S01682,unvisited,0,,,0.0,0,,review,0
urban_accuracy_aware,S01683,ambiguous,1,2026-03-09 11:52:00,2026-03-09 11:52:00,0.0,1,15.2917663863899,ambiguous,0
urban_accuracy_aware,S01684,unvisited,0,,,0.0,0,,review,0
urban_accuracy_aware,S01685,ambiguous,1,2026-03-11 09:09:00,2026-03-11 09:09:00,0.0,1,27.2313487028744,ambiguous,0
urban_accuracy_aware,S01686,unvisited,0,,,0.0,0,,review,0
urban_accuracy_aware,S01687,unvisited,0,,,0.0,0,,review,0
urban_accuracy_aware,S01688,ambiguous,1,2026-03-09 18:11:00,2026-03-09 18:11:00,0.0,1,3.23407011951953,ambiguous,0
urban_accuracy_aware,S01689,ambiguous,1,2026-03-09 16:57:00,2026-03-09 16:57:00,0.0,1,4.59494402668077,ambiguous,0
urban_accuracy_aware,S01690,unvisited,0,,,0.0,0,,review,0
urban_accuracy_aware,S01691,ambiguous,1,2026-03-11 14:36:00,2026-03-11 16:10:00,0.0,47,0.218449867472126,ambiguous,0
urban_accuracy_aware,S01692,unvisited,0,,,0.0,0,1.22158330537171,review,0
urban_accuracy_aware,S01693,ambiguous,1,2026-03-10 07:23:00,2026-03-10 07:23:00,0.0,1,3.13480432255937,ambiguous,0
urban_accuracy_aware,S01694,ambiguous,1,2026-03-12 08:55:00,2026-03-12 08:55:00,0.0,1,15.4117874846327,ambiguous,0
urban_accuracy_aware,S01695,unvisited,0,,,0.0,0,,review,0
urban_accuracy_aware,S01696,unvisited,0,,,0.0,0,,review,0
urban_accuracy_aware,S01697,ambiguous,1,2026-03-12 13:41:00,2026-03-12 13:41:00,0.0,1,5.72915108088608,ambiguous,0
urban_accuracy_aware,S01698,unvisited,0,,,0.0,0,,review,0
urban_accuracy_aware,S01699,unvisited,0,,,0.0,0,,review,0
urban_accuracy_aware,S01700,unvisited,0,,,0.0,0,,review,0
urban_accuracy_aware,S01701,visited,1,2026-03-09 13:46:00,2026-03-09 15:49:00,123.0,124,0.450667913416669,high,0
urban_accuracy_aware,S01702,unvisited,0,,,0.0,0,,review,0
urban_accuracy_aware,S01703,visited,1,2026-03-12 10:31:00,2026-03-12 12:14:00,103.0,104,0.833569534848079,high,0
urban_accuracy_aware,S01704,ambiguous,1,2026-03-13 12:38:00,2026-03-13 14:44:00,0.0,100,0.39534060355286,ambiguous,0
urban_accuracy_aware,S01705,unvisited,0,,,0.0,0,,review,0
urban_accuracy_aware,S01706,unvisited,0,,,0.0,0,,review,0
urban_accuracy_aware,S01707,ambiguous,1,2026-03-12 15:30:00,2026-03-12 15:30:00,0.0,1,5.86410433544793,ambiguous,0
urban_accuracy_aware,S01708,unvisited,0,,,0.0,0,,review,0
urban_accuracy_aware,S01709,unvisited,0,,,0.0,0,,review,0
urban_accuracy_aware,S01710,unvisited,0,,,0.0,0,,review,0
urban_accuracy_aware,S01711,unvisited,0,,,0.0,0,,review,0
urban_accuracy_aware,S01712,unvisited,0,,,0.0,0,,review,0
urban_accuracy_aware,S01713,unvisited,0,,,0.0,0,,review,0
urban_accuracy_aware,S01714,unvisited,0,,,0.0,0,,review,0
urban_accuracy_aware,S01715,unvisited,0,,,0.0,0,,review,0
urban_accuracy_aware,S01716,unvisited,0,,,0.0,0,,review,0
urban_accuracy_aware,S01717,unvisited,0,,,0.0,0,,review,0
urban_accuracy_aware,S01718,unvisited,0,,,0.0,0,,review,0
urban_accuracy_aware,S01719,ambiguous,1,2026-03-10 07:46:00,2026-03-10 07:46:00,0.0,1,11.5675627018683,ambiguous,0
urban_accuracy_aware,S01720,unvisited,0,,,0.0,0,,review,0
urban_accuracy_aware,S01721,unvisited,0,,,0.0,0,,review,0
urban_accuracy_aware,S01722,unvisited,0,,,0.0,0,,review,0
urban_accuracy_aware,S01723,unvisited,0,,,0.0,0,,review,0
urban_accuracy_aware,S01724,unvisited,0,,,0.0,0,,review,0
urban_accuracy_aware,S01725,unvisited,0,,,0.0,0,,review,0
urban_accuracy_aware,S01726,unvisited,0,,,0.0,0,,review,0
urban_accuracy_aware,S01727,unvisited,0,,,0.0,0,,review,0
urban_accuracy_aware,S01728,unvisited,0,,,0.0,0,,review,0
urban_accuracy_aware,S01729,unvisited,0,,,0.0,0,,review,0
urban_accuracy_aware,S01730,ambiguous,1,2026-03-13 14:34:00,2026-03-13 14:34:00,0.0,1,4.59152247152382,ambiguous,0
urban_accuracy_aware,S01731,unvisited,0,,,0.0,0,,review,0
urban_accuracy_aware,S01732,ambiguous,1,2026-03-09 07:46:00,2026-03-09 07:52:00,0.0,2,19.3775376261382,ambiguous,0
urban_accuracy_aware,S01733,unvisited,0,,,0.0,0,,review,0
urban_accuracy_aware,S01734,unvisited,0,,,0.0,0,9.10010855803222,review,0
urban_accuracy_aware,S01735,unvisited,0,,,0.0,0,,review,0
urban_accuracy_aware,S01736,unvisited,0,,,0.0,0,,review,0
urban_accuracy_aware,S01737,unvisited,0,,,0.0,0,,review,0
urban_accuracy_aware,S01738,unvisited,0,,,0.0,0,,review,0
urban_accuracy_aware,S01739,unvisited,0,,,0.0,0,,review,0
urban_accuracy_aware,S01740,unvisited,0,,,0.0,0,,review,0
urban_accuracy_aware,S01741,visited,1,2026-03-12 18:25:00,2026-03-12 19:00:00,35.0,36,0.450078875790959,high,0
urban_accuracy_aware,S01742,unvisited,0,,,0.0,0,,review,0
urban_accuracy_aware,S01743,unvisited,0,,,0.0,0,20.8936384123847,review,0
urban_accuracy_aware,S01744,ambiguous,1,2026-03-11 16:32:00,2026-03-11 16:32:00,0.0,1,12.8933084153336,ambiguous,0
urban_accuracy_aware,S01745,unvisited,0,,,0.0,0,,review,0
urban_accuracy_aware,S01746,unvisited,0,,,0.0,0,,review,0
urban_accuracy_aware,S01747,unvisited,0,,,0.0,0,,review,0
urban_accuracy_aware,S01748,unvisited,0,,,0.0,0,5.32432961436188,review,0
urban_accuracy_aware,S01749,ambiguous,1,2026-03-13 09:16:00,2026-03-13 09:16:00,0.0,1,14.0689736423131,ambiguous,0
urban_accuracy_aware,S01750,unvisited,0,,,0.0,0,,review,0
urban_accuracy_aware,S01751,unvisited,0,,,0.0,0,,review,0
urban_accuracy_aware,S01752,ambiguous,1,2026-03-13 08:21:00,2026-03-13 08:49:00,0.0,3,11.6455917834583,ambiguous,0
urban_accuracy_aware,S01753,visited,1,2026-03-13 12:24:00,2026-03-13 14:07:00,53.0,82,0.489162061532694,high,0
urban_accuracy_aware,S01754,unvisited,0,,,0.0,0,,review,0
urban_accuracy_aware,S01755,ambiguous,1,2026-03-10 14:28:00,2026-03-10 14:28:00,0.0,1,13.8124328909117,ambiguous,0
urban_accuracy_aware,S01756,unvisited,0,,,0.0,0,,review,0
urban_accuracy_aware,S01757,unvisited,0,,,0.0,0,,review,0
urban_accuracy_aware,S01758,ambiguous,1,2026-03-09 08:17:00,2026-03-09 08:17:00,0.0,1,10.2319143519148,ambiguous,0
urban_accuracy_aware,S01759,unvisited,0,,,0.0,0,15.076500214875,review,0
urban_accuracy_aware,S01760,unvisited,0,,,0.0,0,,review,0
urban_accuracy_aware,S01761,unvisited,0,,,0.0,0,,review,0
urban_accuracy_aware,S01762,unvisited,0,,,0.0,0,,review,0
urban_accuracy_aware,S01763,visited,1,2026-03-11 11:58:00,2026-03-11 13:26:00,88.0,89,0.221187137561904,high,0
urban_accuracy_aware,S01764,visited,1,2026-03-13 08:54:00,2026-03-13 09:24:00,30.0,31,2.10411188729558,high,0
urban_accuracy_aware,S01765,visited,1,2026-03-12 15:53:00,2026-03-12 17:23:00,90.0,91,0.246619390680624,high,0
urban_accuracy_aware,S01766,unvisited,0,,,0.0,0,7.85822051681043,review,0
urban_accuracy_aware,S01767,unvisited,0,,,0.0,0,,review,0
urban_accuracy_aware,S01768,unvisited,0,,,0.0,0,,review,0
urban_accuracy_aware,S01769,unvisited,0,,,0.0,0,,review,0
urban_accuracy_aware,S01770,ambiguous,1,2026-03-12 12:23:00,2026-03-12 12:23:00,0.0,1,15.5176884550005,ambiguous,0
urban_accuracy_aware,S01771,visited,1,2026-03-12 09:05:00,2026-03-12 09:38:00,33.0,34,1.90654038662334,high,0
urban_accuracy_aware,S01772,unvisited,0,,,0.0,0,,review,0
urban_accuracy_aware,S01773,unvisited,0,,,0.0,0,,review,0
urban_accuracy_aware,S01774,visited,1,2026-03-10 11:28:00,2026-03-10 12:54:00,86.0,75,0.450082361519129,high,0
urban_accuracy_aware,S01775,ambiguous,1,2026-03-13 13:57:00,2026-03-13 14:06:00,0.0,2,5.65712818108724,ambiguous,0
urban_accuracy_aware,S01776,unvisited,0,,,0.0,0,,review,0
urban_accuracy_aware,S01777,unvisited,0,,,0.0,0,,review,0
urban_accuracy_aware,S01778,ambiguous,1,2026-03-09 08:59:00,2026-03-09 08:59:00,0.0,1,11.3402929962791,ambiguous,0
urban_accuracy_aware,S01779,unvisited,0,,,0.0,0,,review,0
urban_accuracy_aware,S01780,unvisited,0,,,0.0,0,,review,0
urban_accuracy_aware,S01781,visited,1,2026-03-13 11:26:00,2026-03-13 13:22:00,116.0,117,0.110593615917107,high,0
urban_accuracy_aware,S01782,unvisited,0,,,0.0,0,,review,0
urban_accuracy_aware,S01783,unvisited,0,,,0.0,0,,review,0
urban_accuracy_aware,S01784,ambiguous,1,2026-03-11 16:46:00,2026-03-11 17:55:00,0.0,37,8.07732761514047,ambiguous,0
urban_accuracy_aware,S01785,ambiguous,1,2026-03-13 14:41:00,2026-03-13 14:41:00,0.0,1,27.2980896508902,ambiguous,0
urban_accuracy_aware,S01786,unvisited,0,,,0.0,0,,review,0
urban_accuracy_aware,S01787,unvisited,0,,,0.0,0,,review,0
urban_accuracy_aware,S01788,visited,1,2026-03-09 10:52:00,2026-03-09 11:48:00,56.0,57,0.395000737991347,high,0
urban_accuracy_aware,S01789,unvisited,0,,,0.0,0,,review,0
urban_accuracy_aware,S01790,unvisited,0,,,0.0,0,,review,0
urban_accuracy_aware,S01791,ambiguous,1,2026-03-11 15:37:00,2026-03-11 15:40:00,0.0,2,10.9424835195903,ambiguous,0
urban_accuracy_aware,S01792,ambiguous,1,2026-03-11 07:19:00,2026-03-11 07:19:00,0.0,1,11.6320925197717,ambiguous,0
urban_accuracy_aware,S01793,ambiguous,1,2026-03-12 12:04:00,2026-03-12 12:04:00,0.0,1,12.0623231181767,ambiguous,0
urban_accuracy_aware,S01794,unvisited,0,,,0.0,0,,review,0
urban_accuracy_aware,S01795,unvisited,0,,,0.0,0,,review,0
urban_accuracy_aware,S01796,unvisited,0,,,0.0,0,,review,0
urban_accuracy_aware,S01797,ambiguous,1,2026-03-12 16:21:00,2026-03-12 16:21:00,0.0,1,12.5946393764631,ambiguous,0
urban_accuracy_aware,S01798,unvisited,0,,,0.0,0,,review,0
urban_accuracy_aware,S01799,unvisited,0,,,0.0,0,,review,0
urban_accuracy_aware,S01800,unvisited,0,,,0.0,0,,review,0
urban_accuracy_aware,S01801,unvisited,0,,,0.0,0,,review,0
urban_accuracy_aware,S01802,unvisited,0,,,0.0,0,,review,0
urban_accuracy_aware,S01803,unvisited,0,,,0.0,0,,review,0
urban_accuracy_aware,S01804,visited,1,2026-03-10 07:20:00,2026-03-10 07:51:00,31.0,32,1.09885801411574,high,0
urban_accuracy_aware,S01805,ambiguous,1,2026-03-10 16:23:00,2026-03-10 16:47:00,0.0,2,2.35674384323724,ambiguous,0
urban_accuracy_aware,S01806,unvisited,0,,,0.0,0,,review,0
urban_accuracy_aware,S01807,unvisited,0,,,0.0,0,,review,0
urban_accuracy_aware,S01808,unvisited,0,,,0.0,0,,review,0
urban_accuracy_aware,S01809,unvisited,0,,,0.0,0,,review,0
urban_accuracy_aware,S01810,unvisited,0,,,0.0,0,,review,0
urban_accuracy_aware,S01811,unvisited,0,,,0.0,0,,review,0
urban_accuracy_aware,S01812,unvisited,0,,,0.0,0,,review,0
urban_accuracy_aware,S01813,unvisited,0,,,0.0,0,,review,0
urban_accuracy_aware,S01814,unvisited,0,,,0.0,0,,review,0
urban_accuracy_aware,S01815,unvisited,0,,,0.0,0,,review,0
urban_accuracy_aware,S01816,unvisited,0,,,0.0,0,,review,0
urban_accuracy_aware,S01817,unvisited,0,,,0.0,0,,review,0
urban_accuracy_aware,S01818,unvisited,0,,,0.0,0,,review,0
urban_accuracy_aware,S01819,ambiguous,1,2026-03-13 07:31:00,2026-03-13 07:31:00,0.0,1,11.828971354406,ambiguous,0
urban_accuracy_aware,S01820,unvisited,0,,,0.0,0,,review,0
urban_accuracy_aware,S01821,unvisited,0,,,0.0,0,,review,0
urban_accuracy_aware,S01822,ambiguous,1,2026-03-13 11:31:00,2026-03-13 11:31:00,0.0,1,12.4227766522578,ambiguous,0
urban_accuracy_aware,S01823,ambiguous,1,2026-03-10 14:58:00,2026-03-10 14:58:00,0.0,1,10.5285684429849,ambiguous,0
urban_accuracy_aware,S01824,unvisited,0,,,0.0,0,,review,0
urban_accuracy_aware,S01825,unvisited,0,,,0.0,0,,review,0
urban_accuracy_aware,S01826,unvisited,0,,,0.0,0,6.89887843993683,review,0
urban_accuracy_aware,S01827,unvisited,0,,,0.0,0,,review,0
urban_accuracy_aware,S01828,unvisited,0,,,0.0,0,,review,0
urban_accuracy_aware,S01829,unvisited,0,,,0.0,0,,review,0
urban_accuracy_aware,S01830,unvisited,0,,,0.0,0,,review,0
urban_accuracy_aware,S01831,ambiguous,1,2026-03-10 17:33:00,2026-03-10 17:33:00,0.0,1,14.2302379374896,ambiguous,0
urban_accuracy_aware,S01832,unvisited,0,,,0.0,0,,review,0
urban_accuracy_aware,S01833,unvisited,0,,,0.0,0,,review,0
urban_accuracy_aware,S01834,unvisited,0,,,0.0,0,,review,0
urban_accuracy_aware,S01835,unvisited,0,,,0.0,0,,review,0
urban_accuracy_aware,S01836,unvisited,0,,,0.0,0,,review,0
urban_accuracy_aware,S01837,visited,1,2026-03-13 13:58:00,2026-03-13 14:29:00,31.0,32,2.31331655253254,high,0
urban_accuracy_aware,S01838,unvisited,0,,,0.0,0,,review,0
urban_accuracy_aware,S01839,unvisited,0,,,0.0,0,,review,0
urban_accuracy_aware,S01840,unvisited,0,,,0.0,0,,review,0
urban_accuracy_aware,S01841,ambiguous,1,2026-03-11 11:19:00,2026-03-11 11:19:00,0.0,1,14.7837867800922,ambiguous,0
urban_accuracy_aware,S01842,ambiguous,1,2026-03-09 08:08:00,2026-03-09 08:08:00,0.0,1,8.66279918932953,ambiguous,0
urban_accuracy_aware,S01843,unvisited,0,,,0.0,0,,review,0
urban_accuracy_aware,S01844,unvisited,0,,,0.0,0,,review,0
urban_accuracy_aware,S01845,unvisited,0,,,0.0,0,,review,0
urban_accuracy_aware,S01846,unvisited,0,,,0.0,0,,review,0
urban_accuracy_aware,S01847,unvisited,0,,,0.0,0,,review,0
urban_accuracy_aware,S01848,unvisited,0,,,0.0,0,,review,0
urban_accuracy_aware,S01849,unvisited,0,,,0.0,0,,review,0
urban_accuracy_aware,S01850,unvisited,0,,,0.0,0,,review,0
urban_accuracy_aware,S01851,unvisited,0,,,0.0,0,,review,0
urban_accuracy_aware,S01852,ambiguous,1,2026-03-11 07:49:00,2026-03-11 07:49:00,0.0,1,5.63784450562036,ambiguous,0
urban_accuracy_aware,S01853,unvisited,0,,,0.0,0,,review,0
urban_accuracy_aware,S01854,unvisited,0,,,0.0,0,,review,0
urban_accuracy_aware,S01855,ambiguous,1,2026-03-11 13:54:00,2026-03-11 13:54:00,0.0,1,25.2282912018548,ambiguous,0
urban_accuracy_aware,S01856,unvisited,0,,,0.0,0,,review,0
urban_accuracy_aware,S01857,unvisited,0,,,0.0,0,,review,0
urban_accuracy_aware,S01858,visited,1,2026-03-11 15:25:00,2026-03-11 15:55:00,30.0,31,1.87389723222873,high,0
urban_accuracy_aware,S01859,unvisited,0,,,0.0,0,,review,0
urban_accuracy_aware,S01860,unvisited,0,,,0.0,0,,review,0
urban_accuracy_aware,S01861,unvisited,0,,,0.0,0,,review,0
urban_accuracy_aware,S01862,unvisited,0,,,0.0,0,,review,0
urban_accuracy_aware,S01863,unvisited,0,,,0.0,0,,review,0
urban_accuracy_aware,S01864,unvisited,0,,,0.0,0,,review,0
urban_accuracy_aware,S01865,ambiguous,1,2026-03-12 17:09:00,2026-03-12 17:09:00,0.0,1,10.0592252199731,ambiguous,0
urban_accuracy_aware,S01866,unvisited,0,,,0.0,0,,review,0
urban_accuracy_aware,S01867,unvisited,0,,,0.0,0,,review,0
urban_accuracy_aware,S01868,unvisited,0,,,0.0,0,,review,0
urban_accuracy_aware,S01869,ambiguous,1,2026-03-10 13:32:00,2026-03-10 13:32:00,0.0,1,7.04521823919967,ambiguous,0
urban_accuracy_aware,S01870,unvisited,0,,,0.0,0,,review,0
urban_accuracy_aware,S01871,unvisited,0,,,0.0,0,,review,0
urban_accuracy_aware,S01872,unvisited,0,,,0.0,0,,review,0
urban_accuracy_aware,S01873,unvisited,0,,,0.0,0,,review,0
urban_accuracy_aware,S01874,unvisited,0,,,0.0,0,,review,0
urban_accuracy_aware,S01875,ambiguous,1,2026-03-09 16:19:00,2026-03-09 16:19:00,0.0,1,24.3350673649284,ambiguous,0
urban_accuracy_aware,S01876,unvisited,0,,,0.0,0,,review,0
urban_accuracy_aware,S01877,unvisited,0,,,0.0,0,,review,0
urban_accuracy_aware,S01878,unvisited,0,,,0.0,0,,review,0
urban_accuracy_aware,S01879,unvisited,0,,,0.0,0,,review,0
urban_accuracy_aware,S01880,unvisited,0,,,0.0,0,,review,0
urban_accuracy_aware,S01881,unvisited,0,,,0.0,0,,review,0
urban_accuracy_aware,S01882,ambiguous,1,2026-03-12 16:26:00,2026-03-12 16:36:00,0.0,2,2.10393775868469,ambiguous,0
urban_accuracy_aware,S01883,unvisited,0,,,0.0,0,,review,0
urban_accuracy_aware,S01884,unvisited,0,,,0.0,0,,review,0
urban_accuracy_aware,S01885,unvisited,0,,,0.0,0,,review,0
urban_accuracy_aware,S01886,unvisited,0,,,0.0,0,,review,0
urban_accuracy_aware,S01887,unvisited,0,,,0.0,0,,review,0
urban_accuracy_aware,S01888,unvisited,0,,,0.0,0,,review,0
urban_accuracy_aware,S01889,unvisited,0,,,0.0,0,,review,0
urban_accuracy_aware,S01890,ambiguous,1,2026-03-13 18:05:00,2026-03-13 18:05:00,0.0,1,17.0210543103213,ambiguous,0
urban_accuracy_aware,S01891,unvisited,0,,,0.0,0,,review,0
urban_accuracy_aware,S01892,unvisited,0,,,0.0,0,,review,0
urban_accuracy_aware,S01893,unvisited,0,,,0.0,0,,review,0
urban_accuracy_aware,S01894,unvisited,0,,,0.0,0,,review,0
urban_accuracy_aware,S01895,ambiguous,1,2026-03-10 18:56:00,2026-03-10 19:00:00,0.0,5,1.43505985635888,ambiguous,0
urban_accuracy_aware,S01896,unvisited,0,,,0.0,0,,review,0
urban_accuracy_aware,S01897,unvisited,0,,,0.0,0,,review,0
urban_accuracy_aware,S01898,ambiguous,1,2026-03-13 08:31:00,2026-03-13 08:47:00,0.0,2,8.59398904044374,ambiguous,0
urban_accuracy_aware,S01899,unvisited,0,,,0.0,0,,review,0
urban_accuracy_aware,S01900,visited,1,2026-03-10 16:06:00,2026-03-10 16:39:00,33.0,34,2.1762382740112,high,0
urban_accuracy_aware,S01901,unvisited,0,,,0.0,0,,review,0
urban_accuracy_aware,S01902,unvisited,0,,,0.0,0,,review,0
urban_accuracy_aware,S01903,unvisited,0,,,0.0,0,,review,0
urban_accuracy_aware,S01904,unvisited,0,,,0.0,0,,review,0
urban_accuracy_aware,S01905,unvisited,0,,,0.0,0,,review,0
urban_accuracy_aware,S01906,unvisited,0,,,0.0,0,,review,0
urban_accuracy_aware,S01907,unvisited,0,,,0.0,0,,review,0
urban_accuracy_aware,S01908,unvisited,0,,,0.0,0,,review,0
urban_accuracy_aware,S01909,ambiguous,1,2026-03-12 12:24:00,2026-03-12 12:24:00,0.0,1,12.5535803180895,ambiguous,0
urban_accuracy_aware,S01910,unvisited,0,,,0.0,0,,review,0
urban_accuracy_aware,S01911,unvisited,0,,,0.0,0,,review,0
urban_accuracy_aware,S01912,unvisited,0,,,0.0,0,,review,0
urban_accuracy_aware,S01913,unvisited,0,,,0.0,0,,review,0
urban_accuracy_aware,S01914,unvisited,0,,,0.0,0,,review,0
urban_accuracy_aware,S01915,unvisited,0,,,0.0,0,,review,0
urban_accuracy_aware,S01916,unvisited,0,,,0.0,0,,review,0
urban_accuracy_aware,S01917,unvisited,0,,,0.0,0,,review,0
urban_accuracy_aware,S01918,unvisited,0,,,0.0,0,,review,0
urban_accuracy_aware,S01919,unvisited,0,,,0.0,0,,review,0
urban_accuracy_aware,S01920,unvisited,0,,,0.0,0,,review,0
urban_accuracy_aware,S01921,unvisited,0,,,0.0,0,,review,0
urban_accuracy_aware,S01922,unvisited,0,,,0.0,0,,review,0
urban_accuracy_aware,S01923,unvisited,0,,,0.0,0,,review,0
urban_accuracy_aware,S01924,unvisited,0,,,0.0,0,,review,0
urban_accuracy_aware,S01925,unvisited,0,,,0.0,0,,review,0
urban_accuracy_aware,S01926,unvisited,0,,,0.0,0,,review,0
urban_accuracy_aware,S01927,unvisited,0,,,0.0,0,,review,0
urban_accuracy_aware,S01928,unvisited,0,,,0.0,0,,review,0
urban_accuracy_aware,S01929,unvisited,0,,,0.0,0,,review,0
urban_accuracy_aware,S01930,ambiguous,1,2026-03-09 17:16:00,2026-03-09 17:16:00,0.0,1,10.0640061559649,ambiguous,0
urban_accuracy_aware,S01931,unvisited,0,,,0.0,0,,review,0
urban_accuracy_aware,S01932,unvisited,0,,,0.0,0,,review,0
urban_accuracy_aware,S01933,unvisited,0,,,0.0,0,,review,0
urban_accuracy_aware,S01934,unvisited,0,,,0.0,0,,review,0
urban_accuracy_aware,S01935,unvisited,0,,,0.0,0,,review,0
urban_accuracy_aware,S01936,unvisited,0,,,0.0,0,,review,0
urban_accuracy_aware,S01937,unvisited,0,,,0.0,0,,review,0
urban_accuracy_aware,S01938,unvisited,0,,,0.0,0,,review,0
urban_accuracy_aware,S01939,unvisited,0,,,0.0,0,,review,0
urban_accuracy_aware,S01940,ambiguous,1,2026-03-10 12:26:00,2026-03-10 12:26:00,0.0,1,3.43112289770064,ambiguous,0
urban_accuracy_aware,S01941,unvisited,0,,,0.0,0,,review,0
urban_accuracy_aware,S01942,unvisited,0,,,0.0,0,,review,0
urban_accuracy_aware,S01943,unvisited,0,,,0.0,0,,review,0
urban_accuracy_aware,S01944,unvisited,0,,,0.0,0,,review,0
urban_accuracy_aware,S01945,ambiguous,1,2026-03-10 16:45:00,2026-03-10 16:45:00,0.0,1,14.9747220319554,ambiguous,0
urban_accuracy_aware,S01946,unvisited,0,,,0.0,0,15.9737882139508,review,0
urban_accuracy_aware,S01947,unvisited,0,,,0.0,0,,review,0
urban_accuracy_aware,S01948,unvisited,0,,,0.0,0,,review,0
urban_accuracy_aware,S01949,unvisited,0,,,0.0,0,,review,0
urban_accuracy_aware,S01950,unvisited,0,,,0.0,0,,review,0
urban_accuracy_aware,S01951,unvisited,0,,,0.0,0,,review,0
urban_accuracy_aware,S01952,unvisited,0,,,0.0,0,,review,0
urban_accuracy_aware,S01953,unvisited,0,,,0.0,0,,review,0
urban_accuracy_aware,S01954,unvisited,0,,,0.0,0,,review,0
urban_accuracy_aware,S01955,unvisited,0,,,0.0,0,,review,0
urban_accuracy_aware,S01956,unvisited,0,,,0.0,0,,review,0
urban_accuracy_aware,S01957,unvisited,0,,,0.0,0,,review,0
urban_accuracy_aware,S01958,visited,1,2026-03-12 17:43:00,2026-03-12 19:00:00,77.0,78,0.672483036896397,high,0
urban_accuracy_aware,S01959,unvisited,0,,,0.0,0,,review,0
urban_accuracy_aware,S01960,unvisited,0,,,0.0,0,,review,0
urban_accuracy_aware,S01961,unvisited,0,,,0.0,0,,review,0
urban_accuracy_aware,S01962,unvisited,0,,,0.0,0,,review,0
urban_accuracy_aware,S01963,ambiguous,1,2026-03-12 15:05:00,2026-03-12 15:05:00,0.0,1,10.5108344974163,ambiguous,0
urban_accuracy_aware,S01964,unvisited,0,,,0.0,0,,review,0
urban_accuracy_aware,S01965,unvisited,0,,,0.0,0,,review,0
urban_accuracy_aware,S01966,unvisited,0,,,0.0,0,,review,0
urban_accuracy_aware,S01967,unvisited,0,,,0.0,0,,review,0
urban_accuracy_aware,S01968,unvisited,0,,,0.0,0,,review,0
urban_accuracy_aware,S01969,ambiguous,1,2026-03-09 12:35:00,2026-03-09 12:35:00,0.0,1,7.2180698065129,ambiguous,0
urban_accuracy_aware,S01970,ambiguous,1,2026-03-09 07:50:00,2026-03-09 07:50:00,0.0,1,17.1261290165937,ambiguous,0
urban_accuracy_aware,S01971,unvisited,0,,,0.0,0,,review,0
urban_accuracy_aware,S01972,unvisited,0,,,0.0,0,,review,0
urban_accuracy_aware,S01973,unvisited,0,,,0.0,0,,review,0
urban_accuracy_aware,S01974,unvisited,0,,,0.0,0,,review,0
urban_accuracy_aware,S01975,unvisited,0,,,0.0,0,,review,0
urban_accuracy_aware,S01976,unvisited,0,,,0.0,0,,review,0
urban_accuracy_aware,S01977,unvisited,0,,,0.0,0,,review,0
urban_accuracy_aware,S01978,ambiguous,1,2026-03-13 10:01:00,2026-03-13 10:01:00,0.0,1,17.1160120909211,ambiguous,0
urban_accuracy_aware,S01979,unvisited,0,,,0.0,0,,review,0
urban_accuracy_aware,S01980,unvisited,0,,,0.0,0,,review,0
urban_accuracy_aware,S01981,unvisited,0,,,0.0,0,,review,0
urban_accuracy_aware,S01982,unvisited,0,,,0.0,0,,review,0
urban_accuracy_aware,S01983,ambiguous,1,2026-03-13 14:44:00,2026-03-13 14:44:00,0.0,1,10.3905435881639,ambiguous,0
urban_accuracy_aware,S01984,unvisited,0,,,0.0,0,,review,0
urban_accuracy_aware,S01985,unvisited,0,,,0.0,0,,review,0
urban_accuracy_aware,S01986,unvisited,0,,,0.0,0,,review,0
urban_accuracy_aware,S01987,unvisited,0,,,0.0,0,,review,0
urban_accuracy_aware,S01988,unvisited,0,,,0.0,0,,review,0
urban_accuracy_aware,S01989,unvisited,0,,,0.0,0,,review,0
urban_accuracy_aware,S01990,unvisited,0,,,0.0,0,,review,0
urban_accuracy_aware,S01991,unvisited,0,,,0.0,0,,review,0
urban_accuracy_aware,S01992,unvisited,0,,,0.0,0,,review,0
urban_accuracy_aware,S01993,visited,1,2026-03-11 11:46:00,2026-03-11 13:33:00,107.0,107,0.776840963147056,high,0
urban_accuracy_aware,S01994,unvisited,0,,,0.0,0,,review,0
urban_accuracy_aware,S01995,unvisited,0,,,0.0,0,,review,0
urban_accuracy_aware,S01996,unvisited,0,,,0.0,0,,review,0
urban_accuracy_aware,S01997,unvisited,0,,,0.0,0,,review,0
urban_accuracy_aware,S01998,unvisited,0,,,0.0,0,,review,0
urban_accuracy_aware,S01999,ambiguous,1,2026-03-12 08:21:00,2026-03-12 08:21:00,0.0,1,2.00991220266752,ambiguous,0
urban_accuracy_aware,S02000,unvisited,0,,,0.0,0,,review,0
urban_accuracy_aware,S02001,ambiguous,1,2026-03-10 15:58:00,2026-03-10 17:40:00,0.0,86,0.698520799973721,ambiguous,0
urban_accuracy_aware,S02002,unvisited,0,,,0.0,0,,review,0
urban_accuracy_aware,S02003,ambiguous,1,2026-03-09 11:45:00,2026-03-09 11:45:00,0.0,1,10.7559085471797,ambiguous,0
urban_accuracy_aware,S02004,unvisited,0,,,0.0,0,,review,0
urban_accuracy_aware,S02005,unvisited,0,,,0.0,0,,review,0
urban_accuracy_aware,S02006,unvisited,0,,,0.0,0,,review,0
urban_accuracy_aware,S02007,unvisited,0,,,0.0,0,,review,0
urban_accuracy_aware,S02008,unvisited,0,,,0.0,0,,review,0
urban_accuracy_aware,S02009,unvisited,0,,,0.0,0,,review,0
urban_accuracy_aware,S02010,unvisited,0,,,0.0,0,,review,0
urban_accuracy_aware,S02011,unvisited,0,,,0.0,0,,review,0
urban_accuracy_aware,S02012,unvisited,0,,,0.0,0,,review,0
urban_accuracy_aware,S02013,ambiguous,1,2026-03-10 08:09:00,2026-03-10 08:09:00,0.0,1,5.14280719857922,ambiguous,0
urban_accuracy_aware,S02014,visited,1,2026-03-12 11:00:00,2026-03-12 13:09:00,129.0,128,0.244720249012523,high,0
urban_accuracy_aware,S02015,unvisited,0,,,0.0,0,,review,0
urban_accuracy_aware,S02016,unvisited,0,,,0.0,0,,review,0
urban_accuracy_aware,S02017,unvisited,0,,,0.0,0,,review,0
urban_accuracy_aware,S02018,unvisited,0,,,0.0,0,,review,0
urban_accuracy_aware,S02019,unvisited,0,,,0.0,0,,review,0
urban_accuracy_aware,S02020,visited,1,2026-03-12 08:56:00,2026-03-12 09:29:00,33.0,34,2.55451848249445,high,0
urban_accuracy_aware,S02021,visited,1,2026-03-13 09:50:00,2026-03-13 11:48:00,118.0,117,0.66354887702942,high,0
urban_accuracy_aware,S02022,unvisited,0,,,0.0,0,23.2252849417642,review,0
urban_accuracy_aware,S02023,ambiguous,1,2026-03-09 14:14:00,2026-03-09 14:14:00,0.0,1,19.3415763651001,ambiguous,0
urban_accuracy_aware,S02024,unvisited,0,,,0.0,0,,review,0
urban_accuracy_aware,S02025,unvisited,0,,,0.0,0,,review,0
urban_accuracy_aware,S02026,unvisited,0,,,0.0,0,,review,0
urban_accuracy_aware,S02027,unvisited,0,,,0.0,0,,review,0
urban_accuracy_aware,S02028,unvisited,0,,,0.0,0,,review,0
urban_accuracy_aware,S02029,unvisited,0,,,0.0,0,,review,0
urban_accuracy_aware,S02030,unvisited,0,,,0.0,0,,review,0
urban_accuracy_aware,S02031,unvisited,0,,,0.0,0,,review,0
urban_accuracy_aware,S02032,unvisited,0,,,0.0,0,,review,0
urban_accuracy_aware,S02033,unvisited,0,,,0.0,0,,review,0
urban_accuracy_aware,S02034,unvisited,0,,,0.0,0,,review,0
urban_accuracy_aware,S02035,unvisited,0,,,0.0,0,,review,0
urban_accuracy_aware,S02036,ambiguous,1,2026-03-11 07:55:00,2026-03-11 08:07:00,0.0,3,12.8349246726449,ambiguous,0
urban_accuracy_aware,S02037,ambiguous,1,2026-03-10 12:29:00,2026-03-10 12:29:00,0.0,1,13.9459860639261,ambiguous,0
urban_accuracy_aware,S02038,ambiguous,1,2026-03-11 15:04:00,2026-03-11 15:04:00,0.0,1,9.52073490598952,ambiguous,0
urban_accuracy_aware,S02039,unvisited,0,,,0.0,0,,review,0
urban_accuracy_aware,S02040,unvisited,0,,,0.0,0,,review,0
urban_accuracy_aware,S02041,unvisited,0,,,0.0,0,,review,0
urban_accuracy_aware,S02042,unvisited,0,,,0.0,0,,review,0
urban_accuracy_aware,S02043,unvisited,0,,,0.0,0,,review,0
urban_accuracy_aware,S02044,unvisited,0,,,0.0,0,,review,0
urban_accuracy_aware,S02045,ambiguous,1,2026-03-12 07:18:00,2026-03-12 07:18:00,0.0,1,8.71485669226776,ambiguous,0
urban_accuracy_aware,S02046,unvisited,0,,,0.0,0,,review,0
urban_accuracy_aware,S02047,unvisited,0,,,0.0,0,,review,0
urban_accuracy_aware,S02048,unvisited,0,,,0.0,0,,review,0
urban_accuracy_aware,S02049,unvisited,0,,,0.0,0,,review,0
urban_accuracy_aware,S02050,unvisited,0,,,0.0,0,,review,0
urban_accuracy_aware,S02051,unvisited,0,,,0.0,0,,review,0
urban_accuracy_aware,S02052,unvisited,0,,,0.0,0,,review,0
urban_accuracy_aware,S02053,unvisited,0,,,0.0,0,,review,0
urban_accuracy_aware,S02054,unvisited,0,,,0.0,0,,review,0
urban_accuracy_aware,S02055,unvisited,0,,,0.0,0,,review,0
urban_accuracy_aware,S02056,unvisited,0,,,0.0,0,,review,0
urban_accuracy_aware,S02057,unvisited,0,,,0.0,0,,review,0
urban_accuracy_aware,S02058,unvisited,0,,,0.0,0,,review,0
urban_accuracy_aware,S02059,unvisited,0,,,0.0,0,,review,0
urban_accuracy_aware,S02060,unvisited,0,,,0.0,0,,review,0
urban_accuracy_aware,S02061,visited,1,2026-03-10 15:39:00,2026-03-10 17:26:00,107.0,92,0.246705676134221,high,0
urban_accuracy_aware,S02062,unvisited,0,,,0.0,0,,review,0
urban_accuracy_aware,S02063,ambiguous,1,2026-03-12 07:23:00,2026-03-12 07:23:00,0.0,1,3.33365601835106,ambiguous,0
urban_accuracy_aware,S02064,unvisited,0,,,0.0,0,,review,0
urban_accuracy_aware,S02065,unvisited,0,,,0.0,0,,review,0
urban_accuracy_aware,S02066,unvisited,0,,,0.0,0,,review,0
urban_accuracy_aware,S02067,ambiguous,1,2026-03-11 11:17:00,2026-03-11 11:18:00,0.0,2,4.9893531700253,ambiguous,0
urban_accuracy_aware,S02068,visited,1,2026-03-09 16:20:00,2026-03-09 18:05:00,105.0,98,0.450951923751237,high,0
urban_accuracy_aware,S02069,unvisited,0,,,0.0,0,,review,0
urban_accuracy_aware,S02070,unvisited,0,,,0.0,0,,review,0
urban_accuracy_aware,S02071,ambiguous,1,2026-03-10 10:56:00,2026-03-10 10:56:00,0.0,1,8.09916787629031,ambiguous,0
urban_accuracy_aware,S02072,unvisited,0,,,0.0,0,,review,0
urban_accuracy_aware,S02073,visited,1,2026-03-11 17:03:00,2026-03-11 18:37:00,94.0,95,0.395535660957283,high,0
urban_accuracy_aware,S02074,unvisited,0,,,0.0,0,,review,0
urban_accuracy_aware,S02075,unvisited,0,,,0.0,0,,review,0
urban_accuracy_aware,S02076,unvisited,0,,,0.0,0,,review,0
urban_accuracy_aware,S02077,ambiguous,1,2026-03-10 14:40:00,2026-03-10 14:40:00,0.0,1,8.01632267327023,ambiguous,0
urban_accuracy_aware,S02078,unvisited,0,,,0.0,0,,review,0
urban_accuracy_aware,S02079,ambiguous,1,2026-03-09 07:52:00,2026-03-09 08:09:00,0.0,2,4.78803204635514,ambiguous,0
urban_accuracy_aware,S02080,visited,1,2026-03-13 15:49:00,2026-03-13 17:49:00,120.0,121,0.22116611603308,high,0
urban_accuracy_aware,S02081,unvisited,0,,,0.0,0,,review,0
urban_accuracy_aware,S02082,ambiguous,1,2026-03-09 18:34:00,2026-03-09 18:34:00,0.0,1,6.58077726058764,ambiguous,0
urban_accuracy_aware,S02083,unvisited,0,,,0.0,0,,review,0
urban_accuracy_aware,S02084,unvisited,0,,,0.0,0,,review,0
urban_accuracy_aware,S02085,unvisited,0,,,0.0,0,,review,0
urban_accuracy_aware,S02086,ambiguous,1,2026-03-12 11:46:00,2026-03-12 11:46:00,0.0,1,3.14033523759572,ambiguous,0
urban_accuracy_aware,S02087,unvisited,0,,,0.0,0,,review,0
urban_accuracy_aware,S02088,ambiguous,1,2026-03-10 18:35:00,2026-03-10 18:52:00,0.0,2,5.35123999370197,ambiguous,0
urban_accuracy_aware,S02089,unvisited,0,,,0.0,0,,review,0
urban_accuracy_aware,S02090,unvisited,0,,,0.0,0,,review,0
urban_accuracy_aware,S02091,unvisited,0,,,0.0,0,,review,0
urban_accuracy_aware,S02092,ambiguous,1,2026-03-11 07:30:00,2026-03-11 07:30:00,0.0,1,19.4341475750129,ambiguous,0
urban_accuracy_aware,S02093,unvisited,0,,,0.0,0,,review,0
urban_accuracy_aware,S02094,unvisited,0,,,0.0,0,,review,0
urban_accuracy_aware,S02095,unvisited,0,,,0.0,0,,review,0
urban_accuracy_aware,S02096,ambiguous,1,2026-03-12 08:32:00,2026-03-12 08:32:00,0.0,1,9.64118862581003,ambiguous,0
urban_accuracy_aware,S02097,visited,1,2026-03-09 13:02:00,2026-03-09 13:32:00,30.0,31,2.42076279307443,high,0
urban_accuracy_aware,S02098,unvisited,0,,,0.0,0,,review,0
urban_accuracy_aware,S02099,unvisited,0,,,0.0,0,,review,0
urban_accuracy_aware,S02100,unvisited,0,,,0.0,0,,review,0
urban_accuracy_aware,S02101,unvisited,0,,,0.0,0,,review,0
urban_accuracy_aware,S02102,unvisited,0,,,0.0,0,,review,0
urban_accuracy_aware,S02103,unvisited,0,,,0.0,0,,review,0
urban_accuracy_aware,S02104,unvisited,0,,,0.0,0,,review,0
urban_accuracy_aware,S02105,unvisited,0,,,0.0,0,,review,0
urban_accuracy_aware,S02106,unvisited,0,,,0.0,0,,review,0
urban_accuracy_aware,S02107,unvisited,0,,,0.0,0,,review,0
urban_accuracy_aware,S02108,unvisited,0,,,0.0,0,,review,0
urban_accuracy_aware,S02109,unvisited,0,,,0.0,0,,review,0
urban_accuracy_aware,S02110,unvisited,0,,,0.0,0,,review,0
urban_accuracy_aware,S02111,unvisited,0,,,0.0,0,,review,0
urban_accuracy_aware,S02112,unvisited,0,,,0.0,0,,review,0
urban_accuracy_aware,S02113,unvisited,0,,,0.0,0,,review,0
urban_accuracy_aware,S02114,unvisited,0,,,0.0,0,,review,0
urban_accuracy_aware,S02115,unvisited,0,,,0.0,0,,review,0
urban_accuracy_aware,S02116,unvisited,0,,,0.0,0,,review,0
urban_accuracy_aware,S02117,unvisited,0,,,0.0,0,,review,0
urban_accuracy_aware,S02118,unvisited,0,,,0.0,0,,review,0
urban_accuracy_aware,S02119,unvisited,0,,,0.0,0,,review,0
urban_accuracy_aware,S02120,unvisited,0,,,0.0,0,,review,0
urban_accuracy_aware,S02121,unvisited,0,,,0.0,0,,review,0
urban_accuracy_aware,S02122,unvisited,0,,,0.0,0,,review,0
urban_accuracy_aware,S02123,unvisited,0,,,0.0,0,,review,0
urban_accuracy_aware,S02124,unvisited,0,,,0.0,0,,review,0
urban_accuracy_aware,S02125,unvisited,0,,,0.0,0,,review,0
urban_accuracy_aware,S02126,unvisited,0,,,0.0,0,,review,0
urban_accuracy_aware,S02127,unvisited,0,,,0.0,0,,review,0
urban_accuracy_aware,S02128,unvisited,0,,,0.0,0,,review,0
urban_accuracy_aware,S02129,unvisited,0,,,0.0,0,,review,0
urban_accuracy_aware,S02130,unvisited,0,,,0.0,0,,review,0
urban_accuracy_aware,S02131,unvisited,0,,,0.0,0,,review,0
urban_accuracy_aware,S02132,unvisited,0,,,0.0,0,,review,0
urban_accuracy_aware,S02133,unvisited,0,,,0.0,0,,review,0
urban_accuracy_aware,S02134,unvisited,0,,,0.0,0,,review,0
urban_accuracy_aware,S02135,unvisited,0,,,0.0,0,,review,0
urban_accuracy_aware,S02136,unvisited,0,,,0.0,0,,review,0
urban_accuracy_aware,S02137,unvisited,0,,,0.0,0,,review,0
urban_accuracy_aware,S02138,unvisited,0,,,0.0,0,,review,0
urban_accuracy_aware,S02139,unvisited,0,,,0.0,0,,review,0
urban_accuracy_aware,S02140,unvisited,0,,,0.0,0,,review,0
urban_accuracy_aware,S02141,unvisited,0,,,0.0,0,,review,0
urban_accuracy_aware,S02142,unvisited,0,,,0.0,0,,review,0
urban_accuracy_aware,S02143,unvisited,0,,,0.0,0,,review,0
urban_accuracy_aware,S02144,unvisited,0,,,0.0,0,,review,0
urban_accuracy_aware,S02145,unvisited,0,,,0.0,0,,review,0
urban_accuracy_aware,S02146,unvisited,0,,,0.0,0,,review,0
urban_accuracy_aware,S02147,unvisited,0,,,0.0,0,,review,0
urban_accuracy_aware,S02148,unvisited,0,,,0.0,0,,review,0
urban_accuracy_aware,S02149,unvisited,0,,,0.0,0,,review,0
urban_accuracy_aware,S02150,unvisited,0,,,0.0,0,,review,0
urban_accuracy_aware,S02151,unvisited,0,,,0.0,0,,review,0
urban_accuracy_aware,S02152,unvisited,0,,,0.0,0,,review,0
urban_accuracy_aware,S02153,unvisited,0,,,0.0,0,,review,0
urban_accuracy_aware,S02154,unvisited,0,,,0.0,0,,review,0
urban_accuracy_aware,S02155,unvisited,0,,,0.0,0,,review,0
urban_accuracy_aware,S02156,unvisited,0,,,0.0,0,,review,0
urban_accuracy_aware,S02157,visited,1,2026-03-12 07:28:00,2026-03-12 07:52:00,24.0,5,17.0728848495516,high,0
urban_accuracy_aware,S02158,unvisited,0,,,0.0,0,,review,0
urban_accuracy_aware,S02159,unvisited,0,,,0.0,0,,review,0
urban_accuracy_aware,S02160,unvisited,0,,,0.0,0,,review,0
urban_accuracy_aware,S02161,unvisited,0,,,0.0,0,,review,0
urban_accuracy_aware,S02162,unvisited,0,,,0.0,0,,review,0
urban_accuracy_aware,S02163,unvisited,0,,,0.0,0,,review,0
urban_accuracy_aware,S02164,unvisited,0,,,0.0,0,,review,0
urban_accuracy_aware,S02165,unvisited,0,,,0.0,0,,review,0
urban_accuracy_aware,S02166,unvisited,0,,,0.0,0,,review,0
urban_accuracy_aware,S02167,unvisited,0,,,0.0,0,,review,0
urban_accuracy_aware,S02168,unvisited,0,,,0.0,0,,review,0
urban_accuracy_aware,S02169,unvisited,0,,,0.0,0,,review,0
urban_accuracy_aware,S02170,unvisited,0,,,0.0,0,,review,0
urban_accuracy_aware,S02171,unvisited,0,,,0.0,0,,review,0
urban_accuracy_aware,S02172,unvisited,0,,,0.0,0,,review,0
urban_accuracy_aware,S02173,unvisited,0,,,0.0,0,,review,0
urban_accuracy_aware,S02174,unvisited,0,,,0.0,0,,review,0
urban_accuracy_aware,S02175,unvisited,0,,,0.0,0,,review,0
urban_accuracy_aware,S02176,unvisited,0,,,0.0,0,,review,0
urban_accuracy_aware,S02177,unvisited,0,,,0.0,0,,review,0
urban_accuracy_aware,S02178,unvisited,0,,,0.0,0,,review,0
urban_accuracy_aware,S02179,unvisited,0,,,0.0,0,,review,0
urban_accuracy_aware,S02180,unvisited,0,,,0.0,0,,review,0
urban_accuracy_aware,S02181,unvisited,0,,,0.0,0,,review,0
urban_accuracy_aware,S02182,unvisited,0,,,0.0,0,,review,0
urban_accuracy_aware,S02183,unvisited,0,,,0.0,0,,review,0
urban_accuracy_aware,S02184,unvisited,0,,,0.0,0,,review,0
urban_accuracy_aware,S02185,unvisited,0,,,0.0,0,,review,0
urban_accuracy_aware,S02186,unvisited,0,,,0.0,0,,review,0
urban_accuracy_aware,S02187,unvisited,0,,,0.0,0,,review,0
urban_accuracy_aware,S02188,unvisited,0,,,0.0,0,,review,0
urban_accuracy_aware,S02189,unvisited,0,,,0.0,0,,review,0
urban_accuracy_aware,S02190,unvisited,0,,,0.0,0,,review,0
urban_accuracy_aware,S02191,unvisited,0,,,0.0,0,,review,0
urban_accuracy_aware,S02192,unvisited,0,,,0.0,0,,review,0
urban_accuracy_aware,S02193,unvisited,0,,,0.0,0,,review,0
urban_accuracy_aware,S02194,unvisited,0,,,0.0,0,,review,0
urban_accuracy_aware,S02195,unvisited,0,,,0.0,0,,review,0
urban_accuracy_aware,S02196,unvisited,0,,,0.0,0,,review,0
urban_accuracy_aware,S02197,unvisited,0,,,0.0,0,,review,0
urban_accuracy_aware,S02198,unvisited,0,,,0.0,0,,review,0
urban_accuracy_aware,S02199,unvisited,0,,,0.0,0,,review,0
urban_accuracy_aware,S02200,unvisited,0,,,0.0,0,,review,0
urban_accuracy_aware,S02201,unvisited,0,,,0.0,0,,review,0
urban_accuracy_aware,S02202,unvisited,0,,,0.0,0,,review,0
urban_accuracy_aware,S02203,unvisited,0,,,0.0,0,,review,0
urban_accuracy_aware,S02204,ambiguous,1,2026-03-12 11:20:00,2026-03-12 11:22:00,0.0,2,9.37549918477923,ambiguous,0
urban_accuracy_aware,S02205,unvisited,0,,,0.0,0,,review,0
urban_accuracy_aware,S02206,unvisited,0,,,0.0,0,,review,0
urban_accuracy_aware,S02207,unvisited,0,,,0.0,0,,review,0
urban_accuracy_aware,S02208,unvisited,0,,,0.0,0,,review,0
urban_accuracy_aware,S02209,unvisited,0,,,0.0,0,,review,0
urban_accuracy_aware,S02210,unvisited,0,,,0.0,0,,review,0
urban_accuracy_aware,S02211,unvisited,0,,,0.0,0,,review,0
urban_accuracy_aware,S02212,unvisited,0,,,0.0,0,,review,0
urban_accuracy_aware,S02213,unvisited,0,,,0.0,0,,review,0
urban_accuracy_aware,S02214,unvisited,0,,,0.0,0,,review,0
urban_accuracy_aware,S02215,unvisited,0,,,0.0,0,,review,0
urban_accuracy_aware,S02216,unvisited,0,,,0.0,0,,review,0
urban_accuracy_aware,S02217,unvisited,0,,,0.0,0,,review,0
urban_accuracy_aware,S02218,unvisited,0,,,0.0,0,,review,0
urban_accuracy_aware,S02219,unvisited,0,,,0.0,0,,review,0
urban_accuracy_aware,S02220,unvisited,0,,,0.0,0,,review,0
urban_accuracy_aware,S02221,unvisited,0,,,0.0,0,,review,0
urban_accuracy_aware,S02222,unvisited,0,,,0.0,0,,review,0
urban_accuracy_aware,S02223,unvisited,0,,,0.0,0,,review,0
urban_accuracy_aware,S02224,unvisited,0,,,0.0,0,,review,0
urban_accuracy_aware,S02225,unvisited,0,,,0.0,0,,review,0
urban_accuracy_aware,S02226,unvisited,0,,,0.0,0,,review,0
urban_accuracy_aware,S02227,unvisited,0,,,0.0,0,,review,0
urban_accuracy_aware,S02228,unvisited,0,,,0.0,0,,review,0
urban_accuracy_aware,S02229,unvisited,0,,,0.0,0,,review,0
urban_accuracy_aware,S02230,unvisited,0,,,0.0,0,,review,0
urban_accuracy_aware,S02231,unvisited,0,,,0.0,0,,review,0
urban_accuracy_aware,S02232,unvisited,0,,,0.0,0,,review,0
urban_accuracy_aware,S02233,unvisited,0,,,0.0,0,,review,0
urban_accuracy_aware,S02234,unvisited,0,,,0.0,0,,review,0
urban_accuracy_aware,S02235,unvisited,0,,,0.0,0,,review,0
urban_accuracy_aware,S02236,unvisited,0,,,0.0,0,,review,0
urban_accuracy_aware,S02237,unvisited,0,,,0.0,0,,review,0
urban_accuracy_aware,S02238,unvisited,0,,,0.0,0,,review,0
urban_accuracy_aware,S02239,unvisited,0,,,0.0,0,,review,0
urban_accuracy_aware,S02240,unvisited,0,,,0.0,0,,review,0
urban_accuracy_aware,S02241,unvisited,0,,,0.0,0,,review,0
urban_accuracy_aware,S02242,unvisited,0,,,0.0,0,,review,0
urban_accuracy_aware,S02243,unvisited,0,,,0.0,0,,review,0
urban_accuracy_aware,S02244,unvisited,0,,,0.0,0,,review,0
urban_accuracy_aware,S02245,unvisited,0,,,0.0,0,,review,0
urban_accuracy_aware,S02246,unvisited,0,,,0.0,0,,review,0
urban_accuracy_aware,S02247,unvisited,0,,,0.0,0,,review,0
urban_accuracy_aware,S02248,unvisited,0,,,0.0,0,,review,0
urban_accuracy_aware,S02249,unvisited,0,,,0.0,0,,review,0
urban_accuracy_aware,S02250,unvisited,0,,,0.0,0,,review,0
urban_accuracy_aware,S02251,unvisited,0,,,0.0,0,,review,0
urban_accuracy_aware,S02252,unvisited,0,,,0.0,0,,review,0
urban_accuracy_aware,S02253,unvisited,0,,,0.0,0,,review,0
urban_accuracy_aware,S02254,unvisited,0,,,0.0,0,,review,0
urban_accuracy_aware,S02255,unvisited,0,,,0.0,0,,review,0
urban_accuracy_aware,S02256,unvisited,0,,,0.0,0,,review,0
urban_accuracy_aware,S02257,unvisited,0,,,0.0,0,,review,0
urban_accuracy_aware,S02258,unvisited,0,,,0.0,0,,review,0
urban_accuracy_aware,S02259,unvisited,0,,,0.0,0,,review,0
urban_accuracy_aware,S02260,unvisited,0,,,0.0,0,,review,0
urban_accuracy_aware,S02261,unvisited,0,,,0.0,0,,review,0
urban_accuracy_aware,S02262,unvisited,0,,,0.0,0,,review,0
urban_accuracy_aware,S02263,unvisited,0,,,0.0,0,,review,0
urban_accuracy_aware,S02264,unvisited,0,,,0.0,0,,review,0
urban_accuracy_aware,S02265,unvisited,0,,,0.0,0,,review,0
urban_accuracy_aware,S02266,unvisited,0,,,0.0,0,,review,0
urban_accuracy_aware,S02267,unvisited,0,,,0.0,0,,review,0
urban_accuracy_aware,S02268,unvisited,0,,,0.0,0,,review,0
urban_accuracy_aware,S02269,unvisited,0,,,0.0,0,,review,0
urban_accuracy_aware,S02270,unvisited,0,,,0.0,0,,review,0
urban_accuracy_aware,S02271,unvisited,0,,,0.0,0,,review,0
urban_accuracy_aware,S02272,unvisited,0,,,0.0,0,,review,0
urban_accuracy_aware,S02273,unvisited,0,,,0.0,0,,review,0
urban_accuracy_aware,S02274,unvisited,0,,,0.0,0,,review,0
urban_accuracy_aware,S02275,unvisited,0,,,0.0,0,,review,0
urban_accuracy_aware,S02276,unvisited,0,,,0.0,0,,review,0
urban_accuracy_aware,S02277,unvisited,0,,,0.0,0,,review,0
urban_accuracy_aware,S02278,unvisited,0,,,0.0,0,,review,0
urban_accuracy_aware,S02279,unvisited,0,,,0.0,0,,review,0
urban_accuracy_aware,S02280,unvisited,0,,,0.0,0,,review,0
urban_accuracy_aware,S02281,unvisited,0,,,0.0,0,,review,0
urban_accuracy_aware,S02282,unvisited,0,,,0.0,0,,review,0
urban_accuracy_aware,S02283,unvisited,0,,,0.0,0,,review,0
urban_accuracy_aware,S02284,unvisited,0,,,0.0,0,,review,0
urban_accuracy_aware,S02285,unvisited,0,,,0.0,0,,review,0
urban_accuracy_aware,S02286,unvisited,0,,,0.0,0,,review,0
urban_accuracy_aware,S02287,unvisited,0,,,0.0,0,,review,0
urban_accuracy_aware,S02288,unvisited,0,,,0.0,0,,review,0
urban_accuracy_aware,S02289,unvisited,0,,,0.0,0,11.8327964911187,review,0
urban_accuracy_aware,S02290,ambiguous,1,2026-03-11 11:06:00,2026-03-11 11:17:00,0.0,2,15.6772663205125,ambiguous,0
urban_accuracy_aware,S02291,unvisited,0,,,0.0,0,,review,0
urban_accuracy_aware,S02292,ambiguous,1,2026-03-10 07:44:00,2026-03-10 07:44:00,0.0,1,6.37901863921235,ambiguous,0
urban_accuracy_aware,S02293,unvisited,0,,,0.0,0,,review,0
urban_accuracy_aware,S02294,unvisited,0,,,0.0,0,,review,0
urban_accuracy_aware,S02295,unvisited,0,,,0.0,0,,review,0
urban_accuracy_aware,S02296,unvisited,0,,,0.0,0,,review,0
urban_accuracy_aware,S02297,unvisited,0,,,0.0,0,,review,0
urban_accuracy_aware,S02298,unvisited,0,,,0.0,0,,review,0
urban_accuracy_aware,S02299,unvisited,0,,,0.0,0,,review,0
urban_accuracy_aware,S02300,unvisited,0,,,0.0,0,,review,0
urban_accuracy_aware,S02301,unvisited,0,,,0.0,0,,review,0
urban_accuracy_aware,S02302,unvisited,0,,,0.0,0,,review,0
urban_accuracy_aware,S02303,unvisited,0,,,0.0,0,,review,0
urban_accuracy_aware,S02304,unvisited,0,,,0.0,0,,review,0
urban_accuracy_aware,S02305,unvisited,0,,,0.0,0,,review,0
urban_accuracy_aware,S02306,unvisited,0,,,0.0,0,,review,0
urban_accuracy_aware,S02307,unvisited,0,,,0.0,0,,review,0
urban_accuracy_aware,S02308,unvisited,0,,,0.0,0,,review,0
urban_accuracy_aware,S02309,unvisited,0,,,0.0,0,,review,0
urban_accuracy_aware,S02310,unvisited,0,,,0.0,0,,review,0
urban_accuracy_aware,S02311,unvisited,0,,,0.0,0,,review,0
urban_accuracy_aware,S02312,unvisited,0,,,0.0,0,,review,0
urban_accuracy_aware,S02313,unvisited,0,,,0.0,0,,review,0
urban_accuracy_aware,S02314,unvisited,0,,,0.0,0,,review,0
urban_accuracy_aware,S02315,unvisited,0,,,0.0,0,,review,0
urban_accuracy_aware,S02316,unvisited,0,,,0.0,0,,review,0
urban_accuracy_aware,S02317,unvisited,0,,,0.0,0,,review,0
urban_accuracy_aware,S02318,unvisited,0,,,0.0,0,,review,0
urban_accuracy_aware,S02319,unvisited,0,,,0.0,0,,review,0
urban_accuracy_aware,S02320,unvisited,0,,,0.0,0,,review,0
urban_accuracy_aware,S02321,unvisited,0,,,0.0,0,,review,0
urban_accuracy_aware,S02322,unvisited,0,,,0.0,0,,review,0
urban_accuracy_aware,S02323,unvisited,0,,,0.0,0,,review,0
urban_accuracy_aware,S02324,unvisited,0,,,0.0,0,,review,0
urban_accuracy_aware,S02325,unvisited,0,,,0.0,0,,review,0
urban_accuracy_aware,S02326,ambiguous,1,2026-03-12 07:47:00,2026-03-12 07:47:00,0.0,1,11.9600361429742,ambiguous,0
urban_accuracy_aware,S02327,unvisited,0,,,0.0,0,,review,0
urban_accuracy_aware,S02328,unvisited,0,,,0.0,0,,review,0
urban_accuracy_aware,S02329,unvisited,0,,,0.0,0,,review,0
urban_accuracy_aware,S02330,unvisited,0,,,0.0,0,,review,0
urban_accuracy_aware,S02331,unvisited,0,,,0.0,0,,review,0
urban_accuracy_aware,S02332,unvisited,0,,,0.0,0,,review,0
urban_accuracy_aware,S02333,ambiguous,1,2026-03-11 09:51:00,2026-03-11 09:51:00,0.0,1,10.9601907751165,ambiguous,0
urban_accuracy_aware,S02334,unvisited,0,,,0.0,0,,review,0
urban_accuracy_aware,S02335,unvisited,0,,,0.0,0,,review,0
urban_accuracy_aware,S02336,unvisited,0,,,0.0,0,,review,0
urban_accuracy_aware,S02337,unvisited,0,,,0.0,0,,review,0
urban_accuracy_aware,S02338,unvisited,0,,,0.0,0,,review,0
urban_accuracy_aware,S02339,unvisited,0,,,0.0,0,,review,0
urban_accuracy_aware,S02340,unvisited,0,,,0.0,0,,review,0
urban_accuracy_aware,S02341,unvisited,0,,,0.0,0,,review,0
urban_accuracy_aware,S02342,unvisited,0,,,0.0,0,,review,0
urban_accuracy_aware,S02343,unvisited,0,,,0.0,0,,review,0
urban_accuracy_aware,S02344,unvisited,0,,,0.0,0,,review,0
urban_accuracy_aware,S02345,unvisited,0,,,0.0,0,,review,0
urban_accuracy_aware,S02346,unvisited,0,,,0.0,0,,review,0
urban_accuracy_aware,S02347,unvisited,0,,,0.0,0,,review,0
urban_accuracy_aware,S02348,unvisited,0,,,0.0,0,,review,0
urban_accuracy_aware,S02349,unvisited,0,,,0.0,0,,review,0
urban_accuracy_aware,S02350,unvisited,0,,,0.0,0,,review,0
urban_accuracy_aware,S02351,unvisited,0,,,0.0,0,,review,0
urban_accuracy_aware,S02352,unvisited,0,,,0.0,0,,review,0
urban_accuracy_aware,S02353,unvisited,0,,,0.0,0,,review,0
urban_accuracy_aware,S02354,unvisited,0,,,0.0,0,,review,0
urban_accuracy_aware,S02355,unvisited,0,,,0.0,0,,review,0
urban_accuracy_aware,S02356,unvisited,0,,,0.0,0,,review,0
urban_accuracy_aware,S02357,unvisited,0,,,0.0,0,,review,0
urban_accuracy_aware,S02358,unvisited,0,,,0.0,0,,review,0
urban_accuracy_aware,S02359,unvisited,0,,,0.0,0,,review,0
urban_accuracy_aware,S02360,unvisited,0,,,0.0,0,,review,0
urban_accuracy_aware,S02361,unvisited,0,,,0.0,0,,review,0
urban_accuracy_aware,S02362,unvisited,0,,,0.0,0,,review,0
urban_accuracy_aware,S02363,unvisited,0,,,0.0,0,,review,0
urban_accuracy_aware,S02364,unvisited,0,,,0.0,0,,review,0
urban_accuracy_aware,S02365,ambiguous,1,2026-03-13 07:37:00,2026-03-13 07:51:00,0.0,5,12.4283058281586,ambiguous,0
urban_accuracy_aware,S02366,unvisited,0,,,0.0,0,,review,0
urban_accuracy_aware,S02367,unvisited,0,,,0.0,0,,review,0
urban_accuracy_aware,S02368,unvisited,0,,,0.0,0,,review,0
urban_accuracy_aware,S02369,unvisited,0,,,0.0,0,,review,0
urban_accuracy_aware,S02370,unvisited,0,,,0.0,0,,review,0
urban_accuracy_aware,S02371,unvisited,0,,,0.0,0,,review,0
urban_accuracy_aware,S02372,unvisited,0,,,0.0,0,,review,0
urban_accuracy_aware,S02373,unvisited,0,,,0.0,0,,review,0
urban_accuracy_aware,S02374,unvisited,0,,,0.0,0,,review,0
urban_accuracy_aware,S02375,unvisited,0,,,0.0,0,,review,0
urban_accuracy_aware,S02376,unvisited,0,,,0.0,0,,review,0
urban_accuracy_aware,S02377,unvisited,0,,,0.0,0,,review,0
urban_accuracy_aware,S02378,unvisited,0,,,0.0,0,,review,0
urban_accuracy_aware,S02379,unvisited,0,,,0.0,0,,review,0
urban_accuracy_aware,S02380,unvisited,0,,,0.0,0,,review,0
urban_accuracy_aware,S02381,unvisited,0,,,0.0,0,,review,0
urban_accuracy_aware,S02382,unvisited,0,,,0.0,0,,review,0
urban_accuracy_aware,S02383,unvisited,0,,,0.0,0,,review,0
urban_accuracy_aware,S02384,unvisited,0,,,0.0,0,,review,0
urban_accuracy_aware,S02385,unvisited,0,,,0.0,0,,review,0
urban_accuracy_aware,S02386,unvisited,0,,,0.0,0,,review,0
urban_accuracy_aware,S02387,unvisited,0,,,0.0,0,,review,0
urban_accuracy_aware,S02388,unvisited,0,,,0.0,0,,review,0
urban_accuracy_aware,S02389,unvisited,0,,,0.0,0,,review,0
urban_accuracy_aware,S02390,unvisited,0,,,0.0,0,,review,0
urban_accuracy_aware,S02391,unvisited,0,,,0.0,0,,review,0
urban_accuracy_aware,S02392,unvisited,0,,,0.0,0,,review,0
urban_accuracy_aware,S02393,unvisited,0,,,0.0,0,,review,0
urban_accuracy_aware,S02394,unvisited,0,,,0.0,0,,review,0
urban_accuracy_aware,S02395,unvisited,0,,,0.0,0,,review,0
urban_accuracy_aware,S02396,unvisited,0,,,0.0,0,,review,0
urban_accuracy_aware,S02397,unvisited,0,,,0.0,0,,review,0
urban_accuracy_aware,S02398,unvisited,0,,,0.0,0,,review,0
urban_accuracy_aware,S02399,unvisited,0,,,0.0,0,,review,0
urban_accuracy_aware,S02400,unvisited,0,,,0.0,0,,review,0
urban_accuracy_aware,S02401,visited,1,2026-03-12 07:36:00,2026-03-12 07:53:00,17.0,4,11.0498692605073,high,0
urban_accuracy_aware,S02402,unvisited,0,,,0.0,0,,review,0
urban_accuracy_aware,S02403,unvisited,0,,,0.0,0,,review,0
urban_accuracy_aware,S02404,unvisited,0,,,0.0,0,,review,0
urban_accuracy_aware,S02405,unvisited,0,,,0.0,0,,review,0
urban_accuracy_aware,S02406,unvisited,0,,,0.0,0,,review,0
urban_accuracy_aware,S02407,unvisited,0,,,0.0,0,,review,0
urban_accuracy_aware,S02408,unvisited,0,,,0.0,0,,review,0
urban_accuracy_aware,S02409,unvisited,0,,,0.0,0,,review,0
urban_accuracy_aware,S02410,unvisited,0,,,0.0,0,,review,0
urban_accuracy_aware,S02411,unvisited,0,,,0.0,0,,review,0
urban_accuracy_aware,S02412,unvisited,0,,,0.0,0,,review,0
urban_accuracy_aware,S02413,unvisited,0,,,0.0,0,,review,0
urban_accuracy_aware,S02414,unvisited,0,,,0.0,0,,review,0
urban_accuracy_aware,S02415,unvisited,0,,,0.0,0,,review,0
urban_accuracy_aware,S02416,unvisited,0,,,0.0,0,,review,0
urban_accuracy_aware,S02417,visited,1,2026-03-10 07:45:00,2026-03-10 08:05:00,20.0,5,10.1106204078614,high,0
urban_accuracy_aware,S02418,unvisited,0,,,0.0,0,,review,0
urban_accuracy_aware,S02419,unvisited,0,,,0.0,0,,review,0
urban_accuracy_aware,S02420,unvisited,0,,,0.0,0,,review,0
urban_accuracy_aware,S02421,unvisited,0,,,0.0,0,,review,0
urban_accuracy_aware,S02422,unvisited,0,,,0.0,0,,review,0
urban_accuracy_aware,S02423,unvisited,0,,,0.0,0,,review,0
urban_accuracy_aware,S02424,unvisited,0,,,0.0,0,,review,0
urban_accuracy_aware,S02425,unvisited,0,,,0.0,0,,review,0
urban_accuracy_aware,S02426,unvisited,0,,,0.0,0,,review,0
urban_accuracy_aware,S02427,unvisited,0,,,0.0,0,,review,0
urban_accuracy_aware,S02428,unvisited,0,,,0.0,0,,review,0
urban_accuracy_aware,S02429,unvisited,0,,,0.0,0,,review,0
urban_accuracy_aware,S02430,unvisited,0,,,0.0,0,,review,0
urban_accuracy_aware,S02431,unvisited,0,,,0.0,0,,review,0
urban_accuracy_aware,S02432,unvisited,0,,,0.0,0,,review,0
urban_accuracy_aware,S02433,unvisited,0,,,0.0,0,,review,0
urban_accuracy_aware,S02434,unvisited,0,,,0.0,0,,review,0
urban_accuracy_aware,S02435,unvisited,0,,,0.0,0,,review,0
urban_accuracy_aware,S02436,unvisited,0,,,0.0,0,,review,0
urban_accuracy_aware,S02437,unvisited,0,,,0.0,0,,review,0
urban_accuracy_aware,S02438,unvisited,0,,,0.0,0,,review,0
urban_accuracy_aware,S02439,unvisited,0,,,0.0,0,,review,0
urban_accuracy_aware,S02440,unvisited,0,,,0.0,0,,review,0
urban_accuracy_aware,S02441,unvisited,0,,,0.0,0,,review,0
urban_accuracy_aware,S02442,unvisited,0,,,0.0,0,,review,0
urban_accuracy_aware,S02443,unvisited,0,,,0.0,0,,review,0
urban_accuracy_aware,S02444,unvisited,0,,,0.0,0,,review,0
urban_accuracy_aware,S02445,unvisited,0,,,0.0,0,,review,0
urban_accuracy_aware,S02446,unvisited,0,,,0.0,0,,review,0
urban_accuracy_aware,S02447,unvisited,0,,,0.0,0,,review,0
urban_accuracy_aware,S02448,unvisited,0,,,0.0,0,,review,0
urban_accuracy_aware,S02449,unvisited,0,,,0.0,0,,review,0
urban_accuracy_aware,S02450,unvisited,0,,,0.0,0,,review,0
urban_accuracy_aware,S02451,unvisited,0,,,0.0,0,,review,0
urban_accuracy_aware,S02452,unvisited,0,,,0.0,0,,review,0
urban_accuracy_aware,S02453,unvisited,0,,,0.0,0,,review,0
urban_accuracy_aware,S02454,unvisited,0,,,0.0,0,,review,0
urban_accuracy_aware,S02455,unvisited,0,,,0.0,0,,review,0
urban_accuracy_aware,S02456,unvisited,0,,,0.0,0,,review,0
urban_accuracy_aware,S02457,unvisited,0,,,0.0,0,,review,0
urban_accuracy_aware,S02458,unvisited,0,,,0.0,0,,review,0
urban_accuracy_aware,S02459,unvisited,0,,,0.0,0,,review,0
urban_accuracy_aware,S02460,unvisited,0,,,0.0,0,,review,0
urban_accuracy_aware,S02461,unvisited,0,,,0.0,0,,review,0
urban_accuracy_aware,S02462,unvisited,0,,,0.0,0,,review,0
urban_accuracy_aware,S02463,unvisited,0,,,0.0,0,,review,0
urban_accuracy_aware,S02464,unvisited,0,,,0.0,0,,review,0
urban_accuracy_aware,S02465,unvisited,0,,,0.0,0,,review,0
urban_accuracy_aware,S02466,unvisited,0,,,0.0,0,,review,0
urban_accuracy_aware,S02467,unvisited,0,,,0.0,0,,review,0
urban_accuracy_aware,S02468,unvisited,0,,,0.0,0,,review,0
urban_accuracy_aware,S02469,unvisited,0,,,0.0,0,,review,0
urban_accuracy_aware,S02470,unvisited,0,,,0.0,0,,review,0
urban_accuracy_aware,S02471,unvisited,0,,,0.0,0,,review,0
urban_accuracy_aware,S02472,unvisited,0,,,0.0,0,,review,0
urban_accuracy_aware,S02473,unvisited,0,,,0.0,0,,review,0
urban_accuracy_aware,S02474,visited,1,2026-03-12 07:28:00,2026-03-12 07:57:00,29.0,7,9.17805236609138,high,0
urban_accuracy_aware,S02475,unvisited,0,,,0.0,0,,review,0
urban_accuracy_aware,S02476,unvisited,0,,,0.0,0,,review,0
urban_accuracy_aware,S02477,unvisited,0,,,0.0,0,,review,0
urban_accuracy_aware,S02478,unvisited,0,,,0.0,0,,review,0
urban_accuracy_aware,S02479,unvisited,0,,,0.0,0,,review,0
urban_accuracy_aware,S02480,ambiguous,1,2026-03-10 07:34:00,2026-03-10 07:46:00,0.0,3,17.3861755979895,ambiguous,0
urban_accuracy_aware,S02481,unvisited,0,,,0.0,0,,review,0
urban_accuracy_aware,S02482,unvisited,0,,,0.0,0,,review,0
urban_accuracy_aware,S02483,unvisited,0,,,0.0,0,,review,0
urban_accuracy_aware,S02484,unvisited,0,,,0.0,0,,review,0
urban_accuracy_aware,S02485,unvisited,0,,,0.0,0,,review,0
urban_accuracy_aware,S02486,unvisited,0,,,0.0,0,,review,0
urban_accuracy_aware,S02487,unvisited,0,,,0.0,0,,review,0
urban_accuracy_aware,S02488,unvisited,0,,,0.0,0,,review,0
urban_accuracy_aware,S02489,unvisited,0,,,0.0,0,,review,0
urban_accuracy_aware,S02490,unvisited,0,,,0.0,0,,review,0
urban_accuracy_aware,S02491,unvisited,0,,,0.0,0,,review,0
urban_accuracy_aware,S02492,unvisited,0,,,0.0,0,,review,0
urban_accuracy_aware,S02493,unvisited,0,,,0.0,0,,review,0
urban_accuracy_aware,S02494,unvisited,0,,,0.0,0,,review,0
urban_accuracy_aware,S02495,unvisited,0,,,0.0,0,,review,0
urban_accuracy_aware,S02496,visited,1,2026-03-11 07:51:00,2026-03-11 08:13:00,22.0,5,6.57826730576245,high,0
urban_accuracy_aware,S02497,unvisited,0,,,0.0,0,,review,0
urban_accuracy_aware,S02498,unvisited,0,,,0.0,0,,review,0
urban_accuracy_aware,S02499,unvisited,0,,,0.0,0,,review,0
urban_accuracy_aware,S02500,unvisited,0,,,0.0,0,,review,0
urban_accuracy_aware,S02501,unvisited,0,,,0.0,0,,review,0
urban_accuracy_aware,S02502,unvisited,0,,,0.0,0,,review,0
urban_accuracy_aware,S02503,unvisited,0,,,0.0,0,,review,0
urban_accuracy_aware,S02504,visited,1,2026-03-11 10:21:00,2026-03-11 10:52:00,31.0,12,2.1079635630193,high,0
urban_accuracy_aware,S02505,unvisited,0,,,0.0,0,,review,0
urban_accuracy_aware,S02506,unvisited,0,,,0.0,0,,review,0
urban_accuracy_aware,S02507,unvisited,0,,,0.0,0,,review,0
urban_accuracy_aware,S02508,unvisited,0,,,0.0,0,,review,0
urban_accuracy_aware,S02509,unvisited,0,,,0.0,0,,review,0
urban_accuracy_aware,S02510,unvisited,0,,,0.0,0,,review,0
urban_accuracy_aware,S02511,unvisited,0,,,0.0,0,,review,0
urban_accuracy_aware,S02512,unvisited,0,,,0.0,0,,review,0
urban_accuracy_aware,S02513,unvisited,0,,,0.0,0,,review,0
urban_accuracy_aware,S02514,unvisited,0,,,0.0,0,,review,0
urban_accuracy_aware,S02515,unvisited,0,,,0.0,0,,review,0
urban_accuracy_aware,S02516,unvisited,0,,,0.0,0,,review,0
urban_accuracy_aware,S02517,unvisited,0,,,0.0,0,,review,0
urban_accuracy_aware,S02518,unvisited,0,,,0.0,0,,review,0
urban_accuracy_aware,S02519,unvisited,0,,,0.0,0,,review,0
urban_accuracy_aware,S02520,unvisited,0,,,0.0,0,,review,0
urban_accuracy_aware,S02521,unvisited,0,,,0.0,0,,review,0
urban_accuracy_aware,S02522,unvisited,0,,,0.0,0,,review,0
urban_accuracy_aware,S02523,unvisited,0,,,0.0,0,,review,0
urban_accuracy_aware,S02524,unvisited,0,,,0.0,0,,review,0
