settlement_id,settlement_name,ward_code,ward_name,lga_name,gps_visit_status,gps_confidence_status,etally_report_status,etally_row_count,reported_doses_all_linked,reported_doses_plausible_only,dose_quality_flag,reconciliation_class,discrepancy_flag,explanatory_notes,created_at
D00083,Nuwaja,W001,Ekngoyi,Idi-Oro,unvisited,review,no e-tally report,0,0.0,0.0,False,GPS unvisited / no e-tally report,False,,2026-07-31 19:30:19.408706+00:00
D00184,Bibeko,W002,Ekduru,Idi-Oro,unvisited,review,no e-tally report,0,0.0,0.0,False,GPS unvisited / no e-tally report,False,,2026-07-31 19:30:19.408706+00:00
D00230,Entile-Yamma,W003,Satita,Idi-Oro,unvisited,review,no e-tally report,0,0.0,0.0,False,GPS unvisited / no e-tally report,False,,2026-07-31 19:30:19.408706+00:00
D00246,Rimafa-Kudu,W003,Satita,Idi-Oro,unvisited,review,no e-tally report,0,0.0,0.0,False,GPS unvisited / no e-tally report,False,,2026-07-31 19:30:19.408706+00:00
D00320,Gusawo,W003,Satita,Idi-Oro,unvisited,review,no e-tally report,0,0.0,0.0,False,GPS unvisited / no e-tally report,False,,2026-07-31 19:30:19.408706+00:00
D00347,Fabemi-Kofar,W004,Yesawo,Gwarin,unvisited,review,no e-tally report,0,0.0,0.0,False,GPS unvisited / no e-tally report,False,,2026-07-31 19:30:19.408706+00:00
D00363,Dolaja,W004,Yesawo,Gwarin,unvisited,review,no e-tally report,0,0.0,0.0,False,GPS unvisited / no e-tally report,False,,2026-07-31 19:30:19.408706+00:00
D00378,Agzadu,W005,Jijile,Gwarin,unvisited,review,no e-tally report,0,0.0,0.0,False,GPS unvisited / no e-tally report,False,,2026-07-31 19:30:19.408706+00:00
D00511,Jiyoni,W006,Okradu,Idi-Oro,unvisited,review,no e-tally report,0,0.0,0.0,False,GPS unvisited / no e-tally report,False,,2026-07-31 19:30:19.408706+00:00
D00555,Malusa,W007,Bayoyi,Idi-Oro,unvisited,review,no e-tally report,0,0.0,0.0,False,GPS unvisited / no e-tally report,False,,2026-07-31 19:30:19.408706+00:00
D00578,Zabeta,W007,Bayoyi,Idi-Oro,unvisited,review,no e-tally report,0,0.0,0.0,False,GPS unvisited / no e-tally report,False,,2026-07-31 19:30:19.408706+00:00
D00752,Jitile,W008,Umyosa,Idi-Oro,unvisited,review,no e-tally report,0,0.0,0.0,False,GPS unvisited / no e-tally report,False,,2026-07-31 19:30:19.408706+00:00
D00943,Kuriwo,W012,Darari,Gwarin,unvisited,review,no e-tally report,0,0.0,0.0,False,GPS unvisited / no e-tally report,False,,2026-07-31 19:30:19.408706+00:00
D01074,Waride-Tsakiya,W014, Bishama ,Idi-Oro,unvisited,review,no e-tally report,0,0.0,0.0,False,GPS unvisited / no e-tally report,False,,2026-07-31 19:30:19.408706+00:00
D01076,Matsiwo,W014,Bishama,Idi-Oro,ambiguous,ambiguous,no e-tally report,0,0.0,0.0,False,GPS ambiguous / no e-tally report,False,,2026-07-31 19:30:19.408706+00:00
D01108,Iryoko,W015,Baluru,Idi-Oro,unvisited,review,no e-tally report,0,0.0,0.0,False,GPS unvisited / no e-tally report,False,,2026-07-31 19:30:19.408706+00:00
D01175,Jizani,W015,Baluru,Idi-Oro,unvisited,review,no e-tally report,0,0.0,0.0,False,GPS unvisited / no e-tally report,False,,2026-07-31 19:30:19.408706+00:00
D01209,Sashale,W015,Baluru,Idi-Oro,unvisited,review,no e-tally report,0,0.0,0.0,False,GPS unvisited / no e-tally report,False,,2026-07-31 19:30:19.408706+00:00
D01332,Kubema,W018,Adwana,Gwarin,unvisited,review,no e-tally report,0,0.0,0.0,False,GPS unvisited / no e-tally report,False,,2026-07-31 19:30:19.408706+00:00
D01432,Jiradu,W020,Famade,Idi-Oro,unvisited,review,no e-tally report,0,0.0,0.0,False,GPS unvisited / no e-tally report,False,,2026-07-31 19:30:19.408706+00:00
D01536,Irraba,W021,Yezata,Gwarin,unvisited,review,no e-tally report,0,0.0,0.0,False,GPS unvisited / no e-tally report,False,,2026-07-31 19:30:19.408706+00:00
D01632,Numatu,W023,Suwade,Katsuma,unvisited,review,no e-tally report,0,0.0,0.0,False,GPS unvisited / no e-tally report,False,,2026-07-31 19:30:19.408706+00:00
D01686,Ibmayi,W025,Okriba,Ilela,unvisited,review,no e-tally report,0,0.0,0.0,False,GPS unvisited / no e-tally report,False,,2026-07-31 19:30:19.408706+00:00
D01757,Ibsaru,W027,Daberi,Katsuma,unvisited,review,no e-tally report,0,0.0,0.0,False,GPS unvisited / no e-tally report,False,,2026-07-31 19:30:19.408706+00:00
D01765,Okshawo,W027,Daberi,Katsuma,unvisited,review,no e-tally report,0,0.0,0.0,False,GPS unvisited / no e-tally report,False,,2026-07-31 19:30:19.408706+00:00
D01777,Zashaba,W027,Daberi,Katsuma,unvisited,review,no e-tally report,0,0.0,0.0,False,GPS unvisited / no e-tally report,False,,2026-07-31 19:30:19.408706+00:00
D01839,Gutsile,W028,Wangoja,Ilela,unvisited,review,no e-tally report,0,0.0,0.0,False,GPS unvisited / no e-tally report,False,,2026-07-31 19:30:19.408706+00:00
D01905,Okbeta,W029,Wangoni,Ilela,unvisited,review,no e-tally report,0,0.0,0.0,False,GPS unvisited / no e-tally report,False,,2026-07-31 19:30:19.408706+00:00
D01917,Haraja-Kudu,W029,Wangoni,Ilela,unvisited,review,no e-tally report,0,0.0,0.0,False,GPS unvisited / no e-tally report,False,,2026-07-31 19:30:19.408706+00:00
D01994,Agbaba,W031,Satide,Katsuma,unvisited,review,no e-tally report,0,0.0,0.0,False,GPS unvisited / no e-tally report,False,,2026-07-31 19:30:19.408706+00:00
D02009,Yeladu,W031,Satide,Katsuma,unvisited,review,no e-tally report,0,0.0,0.0,False,GPS unvisited / no e-tally report,False,,2026-07-31 19:30:19.408706+00:00
D02192,Gunari,W034,Dodeta,Katsuma,unvisited,review,no e-tally report,0,0.0,0.0,False,GPS unvisited / no e-tally report,False,,2026-07-31 19:30:19.408706+00:00
D02236,Agmata,W035,Dazata,Ilela,unvisited,review,no e-tally report,0,0.0,0.0,False,GPS unvisited / no e-tally report,False,,2026-07-31 19:30:19.408706+00:00
D02268,Kanako-Gabas,W035,Dazata,Ilela,unvisited,review,no e-tally report,0,0.0,0.0,False,GPS unvisited / no e-tally report,False,,2026-07-31 19:30:19.408706+00:00
D02456,Wazawo,W039,Nungoni-Arewa,Ilela,unvisited,review,no e-tally report,0,0.0,0.0,False,GPS unvisited / no e-tally report,False,,2026-07-31 19:30:19.408706+00:00
D02466,Tadeko,W039,Nungoni-Arewa,Ilela,unvisited,review,no e-tally report,0,0.0,0.0,False,GPS unvisited / no e-tally report,False,,2026-07-31 19:30:19.408706+00:00
D02468,Umbetu-Sabo,W039,Nungoni-Arewa,Ilela,unvisited,review,no e-tally report,0,0.0,0.0,False,GPS unvisited / no e-tally report,False,,2026-07-31 19:30:19.408706+00:00
D02521,Tamama,W040,Gujiri,Ilela,unvisited,review,no e-tally report,0,0.0,0.0,False,GPS unvisited / no e-tally report,False,,2026-07-31 19:30:19.408706+00:00
S00001,Surawa,W001,Ekngoyi,Idi-Oro,unvisited,review,reported,1,109.0,109.0,False,GPS unvisited / e-tally reported,True,,2026-07-31 19:30:19.408706+00:00
S00002,Haduni,W001,Ekngoyi,Idi-Oro,unvisited,review,reported,1,542.0,0.0,True,GPS unvisited / e-tally reported,True,,2026-07-31 19:30:19.408706+00:00
S00003,Watiru,W001,Ekngoyi,Idi-Oro,unvisited,review,reported,1,40.0,40.0,False,GPS unvisited / e-tally reported,True,,2026-07-31 19:30:19.408706+00:00
S00004,Dosari,W001,Ekngoyi,Idi-Oro,unvisited,review,no e-tally report,0,0.0,0.0,False,GPS unvisited / no e-tally report,False,,2026-07-31 19:30:19.408706+00:00
S00005,Wabade,W001,Ekngoyi,Idi-Oro,unvisited,review,reported,1,40.0,40.0,False,GPS unvisited / e-tally reported,True,,2026-07-31 19:30:19.408706+00:00
S00006,Bishaja-Gabas,W001,Ekngoyi,Idi-Oro,unvisited,review,reported,1,65.0,65.0,False,GPS unvisited / e-tally reported,True,,2026-07-31 19:30:19.408706+00:00
S00007,Uzduma,W001,Ekngoyi,Idi-Oro,unvisited,review,reported,1,235.0,235.0,False,GPS unvisited / e-tally reported,True,,2026-07-31 19:30:19.408706+00:00
S00008,Danashi,W001,Ekngoyi,Idi-Oro,unvisited,review,reported,1,420.0,420.0,False,GPS unvisited / e-tally reported,True,,2026-07-31 19:30:19.408706+00:00
S00009,Uzrita,W001,Ekngoyi,Idi-Oro,unvisited,review,no e-tally report,0,0.0,0.0,False,GPS unvisited / no e-tally report,False,,2026-07-31 19:30:19.408706+00:00
S00010,Enjiru,W001,Ekngoyi,Idi-Oro,unvisited,review,reported,1,334.0,334.0,False,GPS unvisited / e-tally reported,True,,2026-07-31 19:30:19.408706+00:00
S00011,Kushatu,W001,Ekngoyi,Idi-Oro,unvisited,review,reported,1,26.0,26.0,False,GPS unvisited / e-tally reported,True,,2026-07-31 19:30:19.408706+00:00
S00012,Ekrari,W001,Ekngoyi,Idi-Oro,unvisited,review,reported,1,40.0,40.0,False,GPS unvisited / e-tally reported,True,,2026-07-31 19:30:19.408706+00:00
S00013,Rizadu,W001,Ekngoyi,Idi-Oro,unvisited,review,reported,1,157.0,0.0,True,GPS unvisited / e-tally reported,True,,2026-07-31 19:30:19.408706+00:00
S00014,Zasafa,W001,Ekngoyi,Idi-Oro,unvisited,review,reported,1,227.0,227.0,False,GPS unvisited / e-tally reported,True,,2026-07-31 19:30:19.408706+00:00
S00015,Binako,W001,Ekngoyi,Idi-Oro,unvisited,review,reported,1,33.0,33.0,False,GPS unvisited / e-tally reported,True,,2026-07-31 19:30:19.408706+00:00
S00016,Umzashi,W001,Ekngoyi,Idi-Oro,unvisited,review,reported,1,192.0,192.0,False,GPS unvisited / e-tally reported,True,,2026-07-31 19:30:19.408706+00:00
S00017,Biriyi,W001,Ekngoyi,Idi-Oro,unvisited,review,reported,1,394.0,0.0,True,GPS unvisited / e-tally reported,True,,2026-07-31 19:30:19.408706+00:00
S00018,Oltiko,W001,Ekngoyi,Idi-Oro,unvisited,review,reported,1,71.0,71.0,False,GPS unvisited / e-tally reported,True,,2026-07-31 19:30:19.408706+00:00
S00019,Fasatu,W001,Ekngoyi,Idi-Oro,unvisited,review,reported,1,6.0,6.0,False,GPS unvisited / e-tally reported,True,,2026-07-31 19:30:19.408706+00:00
S00020,Guwami-Yamma,W001,Ekngoyi,Idi-Oro,unvisited,review,reported,1,1239.0,1239.0,False,GPS unvisited / e-tally reported,True,,2026-07-31 19:30:19.408706+00:00
S00021,Okmata-Sabo,W001,Ekngoyi,Idi-Oro,unvisited,review,reported,1,177.0,177.0,False,GPS unvisited / e-tally reported,True,,2026-07-31 19:30:19.408706+00:00
S00022,Jimawa,W001,Ekngoyi,Idi-Oro,unvisited,review,reported,1,58.0,58.0,False,GPS unvisited / e-tally reported,True,,2026-07-31 19:30:19.408706+00:00
S00023,Ibdutu,W001,Ekngoyi,Idi-Oro,unvisited,review,reported,1,102.0,102.0,False,GPS unvisited / e-tally reported,True,,2026-07-31 19:30:19.408706+00:00
S00024,Mashashi,W001,Ekngoyi,Idi-Oro,unvisited,review,no e-tally report,0,0.0,0.0,False,GPS unvisited / no e-tally report,False,,2026-07-31 19:30:19.408706+00:00
S00025,Wamade,W001,Ekngoyi,Idi-Oro,unvisited,review,reported,1,73.0,73.0,False,GPS unvisited / e-tally reported,True,,2026-07-31 19:30:19.408706+00:00
S00026,Dabedu,W001,Ekngoyi,Idi-Oro,ambiguous,ambiguous,reported,1,22.0,0.0,True,GPS ambiguous / e-tally reported,False,,2026-07-31 19:30:19.408706+00:00
S00027,Riwayi,W001,Ekngoyi,Idi-Oro,unvisited,review,reported,1,87.0,87.0,False,GPS unvisited / e-tally reported,True,,2026-07-31 19:30:19.408706+00:00
S00028,Yerifa,W001,Ekngoyi,Idi-Oro,unvisited,review,reported,1,90.0,90.0,False,GPS unvisited / e-tally reported,True,,2026-07-31 19:30:19.408706+00:00
S00029,Kangofa,W001,Ekngoyi,Idi-Oro,unvisited,review,reported,1,44.0,44.0,False,GPS unvisited / e-tally reported,True,,2026-07-31 19:30:19.408706+00:00
S00030,Suriru,W001,Ekngoyi,Idi-Oro,unvisited,review,reported,1,13.0,13.0,False,GPS unvisited / e-tally reported,True,,2026-07-31 19:30:19.408706+00:00
S00031,Wamako,W001,Ekngoyi,Idi-Oro,unvisited,review,reported,1,178.0,178.0,False,GPS unvisited / e-tally reported,True,,2026-07-31 19:30:19.408706+00:00
S00032,Okmaba,W001,Ekngoyi,Idi-Oro,unvisited,review,reported,1,62.0,62.0,False,GPS unvisited / e-tally reported,True,,2026-07-31 19:30:19.408706+00:00
S00033,Irlatu-Gabas,W001,Ekngoyi,Idi-Oro,visited,high,reported,1,23.0,23.0,False,GPS visited / e-tally reported,False,,2026-07-31 19:30:19.408706+00:00
S00034,Jitifa,W001,Ekngoyi,Idi-Oro,unvisited,review,reported,1,12.0,12.0,False,GPS unvisited / e-tally reported,True,,2026-07-31 19:30:19.408706+00:00
S00035,Makole-Arewa,W001,Ekngoyi,Idi-Oro,ambiguous,ambiguous,reported,1,115.0,115.0,False,GPS ambiguous / e-tally reported,False,,2026-07-31 19:30:19.408706+00:00
S00036,Ridewo-Gabas,W001,Ekngoyi,Idi-Oro,unvisited,review,reported,1,66.0,66.0,False,GPS unvisited / e-tally reported,True,,2026-07-31 19:30:19.408706+00:00
S00037,Adtsitu,W001,Ekngoyi,Idi-Oro,unvisited,review,reported,1,255.0,255.0,False,GPS unvisited / e-tally reported,True,,2026-07-31 19:30:19.408706+00:00
S00038,Umsayi,W001,Ekngoyi,Idi-Oro,unvisited,review,reported,1,152.0,152.0,False,GPS unvisited / e-tally reported,True,,2026-07-31 19:30:19.408706+00:00
S00039,Jideni,W001,Ekngoyi,Idi-Oro,unvisited,review,no e-tally report,0,0.0,0.0,False,GPS unvisited / no e-tally report,False,,2026-07-31 19:30:19.408706+00:00
S00040,Sazafa,W001,EKNGOYI,Idi-Oro,unvisited,review,reported,1,97.0,97.0,False,GPS unvisited / e-tally reported,True,,2026-07-31 19:30:19.408706+00:00
S00041,Lodule,W001,Ekngoyi,Idi-Oro,unvisited,review,reported,1,80.0,80.0,False,GPS unvisited / e-tally reported,True,,2026-07-31 19:30:19.408706+00:00
S00042,Damako,W001,Ekngoyi,Idi-Oro,unvisited,review,no e-tally report,0,0.0,0.0,False,GPS unvisited / no e-tally report,False,,2026-07-31 19:30:19.408706+00:00
S00043,Taritu,W001,Ekngoyi,Idi-Oro,unvisited,review,reported,1,149.0,149.0,False,GPS unvisited / e-tally reported,True,,2026-07-31 19:30:19.408706+00:00
S00044,Ensama,W001,Ekngoyi,Idi-Oro,unvisited,review,reported,1,49.0,49.0,False,GPS unvisited / e-tally reported,True,,2026-07-31 19:30:19.408706+00:00
S00045,Uzbena,W001,Ekngoyi,Idi-Oro,unvisited,review,no e-tally report,0,0.0,0.0,False,GPS unvisited / no e-tally report,False,,2026-07-31 19:30:19.408706+00:00
S00046,Kasama-Tudun,W001,Ekngoyi,Idi-Oro,visited,high,reported,1,22.0,22.0,False,GPS visited / e-tally reported,False,,2026-07-31 19:30:19.408706+00:00
S00047,Dorita,W001,Ekngoyi,Idi-Oro,unvisited,review,reported,1,94.0,94.0,False,GPS unvisited / e-tally reported,True,,2026-07-31 19:30:19.408706+00:00
S00048,Taduri,W001,Ekngoyi,Idi-Oro,unvisited,review,reported,1,90.0,90.0,False,GPS unvisited / e-tally reported,True,,2026-07-31 19:30:19.408706+00:00
S00049,Kadudu,W001,Ekngoyi,Idi-Oro,unvisited,review,no e-tally report,0,0.0,0.0,False,GPS unvisited / no e-tally report,False,,2026-07-31 19:30:19.408706+00:00
S00050,Irluko,W001,Ekngoyi,Idi-Oro,unvisited,review,reported,1,159.0,159.0,False,GPS unvisited / e-tally reported,True,,2026-07-31 19:30:19.408706+00:00
S00051,Kulama,W001,Ekngoyi,Idi-Oro,unvisited,review,reported,1,79.0,79.0,False,GPS unvisited / e-tally reported,True,,2026-07-31 19:30:19.408706+00:00
S00052,Tasama,W001,Ekngoyi,Idi-Oro,unvisited,review,reported,1,77.0,77.0,False,GPS unvisited / e-tally reported,True,,2026-07-31 19:30:19.408706+00:00
S00053,Hatsiwo,W001,Ekngoyi,Idi-Oro,unvisited,review,reported,1,121.0,121.0,False,GPS unvisited / e-tally reported,True,,2026-07-31 19:30:19.408706+00:00
S00054,Loshaja,W001,Ekngoyi,Idi-Oro,unvisited,review,reported,1,123.0,123.0,False,GPS unvisited / e-tally reported,True,,2026-07-31 19:30:19.408706+00:00
S00055,Ibmaja,W001, Ekngoyi ,Idi-Oro,unvisited,review,no e-tally report,0,0.0,0.0,False,GPS unvisited / no e-tally report,False,,2026-07-31 19:30:19.408706+00:00
S00056,Ibrawo,W001,Ekngoyi,Idi-Oro,unvisited,review,no e-tally report,0,0.0,0.0,False,GPS unvisited / no e-tally report,False,,2026-07-31 19:30:19.408706+00:00
S00057,Nuwani,W001,Ekngoyi,Idi-Oro,unvisited,review,reported,1,240.0,240.0,False,GPS unvisited / e-tally reported,True,,2026-07-31 19:30:19.408706+00:00
S00058,Umratu,W001,Ekngoyi,Idi-Oro,unvisited,review,reported,1,163.0,163.0,False,GPS unvisited / e-tally reported,True,,2026-07-31 19:30:19.408706+00:00
S00059,Agwako,W001,Ekngoyi,Idi-Oro,ambiguous,ambiguous,reported,1,40.0,40.0,False,GPS ambiguous / e-tally reported,False,,2026-07-31 19:30:19.408706+00:00
S00060,Fanaja,W001,Ekngoyi,Idi-Oro,unvisited,review,no e-tally report,0,0.0,0.0,False,GPS unvisited / no e-tally report,False,,2026-07-31 19:30:19.408706+00:00
S00061,Zawatu,W001,Ekngoyi,Idi-Oro,unvisited,review,reported,1,9.0,9.0,False,GPS unvisited / e-tally reported,True,,2026-07-31 19:30:19.408706+00:00
S00062,Irsadu-Sabo,W001,Ekngoyi,Idi-Oro,unvisited,review,reported,1,21.0,21.0,False,GPS unvisited / e-tally reported,True,,2026-07-31 19:30:19.408706+00:00
S00063,Ringowa,W001,EKNGOYI,Idi-Oro,ambiguous,ambiguous,reported,1,98.0,98.0,False,GPS ambiguous / e-tally reported,False,,2026-07-31 19:30:19.408706+00:00
S00064,Okwadu,W001,Ekngoyi,Idi-Oro,unvisited,review,reported,1,142.0,142.0,False,GPS unvisited / e-tally reported,True,,2026-07-31 19:30:19.408706+00:00
S00065,Danasa,W001,Ekngoyi,Idi-Oro,unvisited,review,reported,1,24.0,24.0,False,GPS unvisited / e-tally reported,True,,2026-07-31 19:30:19.408706+00:00
S00066,Tararu-Gabas,W001,Ekngoyi,Idi-Oro,unvisited,review,reported,1,231.0,231.0,False,GPS unvisited / e-tally reported,True,,2026-07-31 19:30:19.408706+00:00
S00067,Sayowa,W001,Ekngoyi,Idi-Oro,unvisited,review,reported,1,22.0,22.0,False,GPS unvisited / e-tally reported,True,,2026-07-31 19:30:19.408706+00:00
S00068,Adrija-Sabo,W001,Ekngoyi,Idi-Oro,unvisited,review,reported,1,99.0,99.0,False,GPS unvisited / e-tally reported,True,,2026-07-31 19:30:19.408706+00:00
S00069,Zakole-Arewa,W001,Ekngoyi,Idi-Oro,visited,high,reported,1,380.0,380.0,False,GPS visited / e-tally reported,False,,2026-07-31 19:30:19.408706+00:00
S00070,Gungoshi,W001,Ekngoyi,Idi-Oro,unvisited,review,reported,1,31.0,31.0,False,GPS unvisited / e-tally reported,True,,2026-07-31 19:30:19.408706+00:00
S00071,Sutiwo,W001,Ekngoyi,Idi-Oro,unvisited,review,reported,1,107.0,107.0,False,GPS unvisited / e-tally reported,True,,2026-07-31 19:30:19.408706+00:00
S00072,Irzatu,W001,Ekngoyi,Idi-Oro,unvisited,review,reported,1,400.0,400.0,False,GPS unvisited / e-tally reported,True,,2026-07-31 19:30:19.408706+00:00
S00073,Riyoma-Gabas,W001,Ekngoyi,Idi-Oro,unvisited,review,reported,1,204.0,204.0,False,GPS unvisited / e-tally reported,True,,2026-07-31 19:30:19.408706+00:00
S00074,Guluna,W001,Ekngoyi,Idi-Oro,unvisited,review,reported,1,42.0,42.0,False,GPS unvisited / e-tally reported,True,,2026-07-31 19:30:19.408706+00:00
S00075,Fashale-Kofar,W001,Ekngoyi,Idi-Oro,unvisited,review,no e-tally report,0,0.0,0.0,False,GPS unvisited / no e-tally report,False,,2026-07-31 19:30:19.408706+00:00
S00076,Tarani,W001,Ekngoyi,Idi-Oro,unvisited,review,reported,1,270.0,270.0,False,GPS unvisited / e-tally reported,True,,2026-07-31 19:30:19.408706+00:00
S00077,Dajisa,W001,Ekngoyi,Idi-Oro,unvisited,review,reported,1,114.0,114.0,False,GPS unvisited / e-tally reported,True,,2026-07-31 19:30:19.408706+00:00
S00078,Lolale,W001,Ekngoyi,Idi-Oro,unvisited,review,no e-tally report,0,0.0,0.0,False,GPS unvisited / no e-tally report,False,,2026-07-31 19:30:19.408706+00:00
S00079,Warana,W001,Ekngoyi,Idi-Oro,unvisited,review,reported,1,8.0,8.0,False,GPS unvisited / e-tally reported,True,,2026-07-31 19:30:19.408706+00:00
S00080,Adnade-Kofar,W001,Ekngoyi,Idi-Oro,unvisited,review,reported,1,98.0,98.0,False,GPS unvisited / e-tally reported,True,,2026-07-31 19:30:19.408706+00:00
S00081,Haluyi,W001,Ekngoyi,Idi-Oro,unvisited,review,no e-tally report,0,0.0,0.0,False,GPS unvisited / no e-tally report,False,,2026-07-31 19:30:19.408706+00:00
S00082,Kaladu,W001,Ekngoyi,Idi-Oro,unvisited,review,reported,1,62.0,62.0,False,GPS unvisited / e-tally reported,True,,2026-07-31 19:30:19.408706+00:00
S00083,Nuwaja,W001,Ekngoyi,Idi-Oro,unvisited,review,reported,1,148.0,148.0,False,GPS unvisited / e-tally reported,True,,2026-07-31 19:30:19.408706+00:00
S00084,Faluni,W001,Ekngoyi,Idi-Oro,unvisited,review,reported,1,59.0,59.0,False,GPS unvisited / e-tally reported,True,,2026-07-31 19:30:19.408706+00:00
S00085,Adbeta,W001,Ekngoyi,Idi-Oro,unvisited,review,no e-tally report,0,0.0,0.0,False,GPS unvisited / no e-tally report,False,,2026-07-31 19:30:19.408706+00:00
S00086,Ollale,W001,Ekngoyi,Idi-Oro,unvisited,review,reported,1,315.0,315.0,False,GPS unvisited / e-tally reported,True,,2026-07-31 19:30:19.408706+00:00
S00087,Hadema,W001,Ekngoyi,Idi-Oro,unvisited,review,reported,1,45.0,0.0,True,GPS unvisited / e-tally reported,True,,2026-07-31 19:30:19.408706+00:00
S00088,Ekrafa,W001,Ekngoyi,Idi-Oro,unvisited,review,reported,1,1015.0,1015.0,False,GPS unvisited / e-tally reported,True,,2026-07-31 19:30:19.408706+00:00
S00089,Jiduja,W001,Ekngoyi,Idi-Oro,unvisited,review,reported,1,59.0,59.0,False,GPS unvisited / e-tally reported,True,,2026-07-31 19:30:19.408706+00:00
S00090,Irdema,W001,Ekngoyi,Idi-Oro,unvisited,review,reported,1,27.0,27.0,False,GPS unvisited / e-tally reported,True,,2026-07-31 19:30:19.408706+00:00
S00091,Saluru,W001,Ekngoyi,Idi-Oro,unvisited,review,reported,1,20.0,20.0,False,GPS unvisited / e-tally reported,True,,2026-07-31 19:30:19.408706+00:00
S00092,Agtsiko-Gabas,W001,Ekngoyi,Idi-Oro,unvisited,review,no e-tally report,0,0.0,0.0,False,GPS unvisited / no e-tally report,False,,2026-07-31 19:30:19.408706+00:00
S00093,Lobaba,W001,Ekngoyi,Idi-Oro,unvisited,review,reported,1,172.0,0.0,True,GPS unvisited / e-tally reported,True,,2026-07-31 19:30:19.408706+00:00
S00094,Fakoshi,W001,Ekngoyi,Idi-Oro,unvisited,review,no e-tally report,0,0.0,0.0,False,GPS unvisited / no e-tally report,False,,2026-07-31 19:30:19.408706+00:00
S00095,Kashako,W001,Ekngoyi,Idi-Oro,unvisited,review,no e-tally report,0,0.0,0.0,False,GPS unvisited / no e-tally report,False,,2026-07-31 19:30:19.408706+00:00
S00096,Okkotu,W001,Ekngoyi,Idi-Oro,unvisited,review,reported,1,831.0,831.0,False,GPS unvisited / e-tally reported,True,,2026-07-31 19:30:19.408706+00:00
S00097,Agbawo,W001,Ekngoyi,Idi-Oro,unvisited,review,reported,1,402.0,402.0,False,GPS unvisited / e-tally reported,True,,2026-07-31 19:30:19.408706+00:00
S00098,Halusa,W001,Ekngoyi,Idi-Oro,unvisited,review,no e-tally report,0,0.0,0.0,False,GPS unvisited / no e-tally report,False,,2026-07-31 19:30:19.408706+00:00
S00099,Ribeni,W001,Ekngoyi,Idi-Oro,unvisited,review,no e-tally report,0,0.0,0.0,False,GPS unvisited / no e-tally report,False,,2026-07-31 19:30:19.408706+00:00
S00100,Mashasa,W001,Ekngoyi,Idi-Oro,unvisited,review,reported,1,61.0,61.0,False,GPS unvisited / e-tally reported,True,,2026-07-31 19:30:19.408706+00:00
S00101,Suludu-Arewa,W001,Ekngoyi,Idi-Oro,unvisited,review,reported,1,472.0,472.0,False,GPS unvisited / e-tally reported,True,,2026-07-31 19:30:19.408706+00:00
S00102,Irduri,W001,Ekngoyi,Idi-Oro,unvisited,review,reported,1,39.0,0.0,True,GPS unvisited / e-tally reported,True,,2026-07-31 19:30:19.408706+00:00
S00103,Tashade-Kudu,W001,Ekngoyi,Idi-Oro,unvisited,review,reported,1,42.0,42.0,False,GPS unvisited / e-tally reported,True,,2026-07-31 19:30:19.408706+00:00
S00104,Dotina,W001,Ekngoyi,Idi-Oro,unvisited,review,reported,1,68.0,68.0,False,GPS unvisited / e-tally reported,True,,2026-07-31 19:30:19.408706+00:00
S00105,Kaluja,W001,Ekngoyi,Idi-Oro,unvisited,review,reported,1,319.0,319.0,False,GPS unvisited / e-tally reported,True,,2026-07-31 19:30:19.408706+00:00
S00106,Adbaru,W001,Ekngoyi,Idi-Oro,unvisited,review,reported,1,41.0,41.0,False,GPS unvisited / e-tally reported,True,,2026-07-31 19:30:19.408706+00:00
S00107,Wawatu,W001,Ekngoyi,Idi-Oro,unvisited,review,reported,1,366.0,366.0,False,GPS unvisited / e-tally reported,True,,2026-07-31 19:30:19.408706+00:00
S00108,Guludu,W001,Ekngoyi,Idi-Oro,unvisited,review,reported,1,56.0,56.0,False,GPS unvisited / e-tally reported,True,,2026-07-31 19:30:19.408706+00:00
S00109,Numawa,W001,Ekngoyi,Idi-Oro,unvisited,review,reported,1,18.0,18.0,False,GPS unvisited / e-tally reported,True,,2026-07-31 19:30:19.408706+00:00
S00110,Ekyosa,W001,Ekngoyi,Idi-Oro,unvisited,review,reported,1,35.0,35.0,False,GPS unvisited / e-tally reported,True,,2026-07-31 19:30:19.408706+00:00
S00111,Biduja-Sabo,W001,Ekngoyi,Idi-Oro,unvisited,review,no e-tally report,0,0.0,0.0,False,GPS unvisited / no e-tally report,False,,2026-07-31 19:30:19.408706+00:00
S00112,Ibshade,W001,Ekngoyi,Idi-Oro,unvisited,review,reported,1,91.0,91.0,False,GPS unvisited / e-tally reported,True,,2026-07-31 19:30:19.408706+00:00
S00113,Enyowa,W001,Ekngoyi,Idi-Oro,unvisited,review,reported,1,217.0,217.0,False,GPS unvisited / e-tally reported,True,,2026-07-31 19:30:19.408706+00:00
S00114,Gubade-Tsakiya,W001,Ekngoyi,Idi-Oro,unvisited,review,no e-tally report,0,0.0,0.0,False,GPS unvisited / no e-tally report,False,,2026-07-31 19:30:19.408706+00:00
S00115,Okngowa,W001,Ekngoyi,Idi-Oro,unvisited,review,reported,1,49.0,49.0,False,GPS unvisited / e-tally reported,True,,2026-07-31 19:30:19.408706+00:00
S00116,Enriru-Kofar,W001, Ekngoyi ,Idi-Oro,unvisited,review,reported,1,42.0,42.0,False,GPS unvisited / e-tally reported,True,,2026-07-31 19:30:19.408706+00:00
S00117,Sarade,W001,Ekngoyi,Idi-Oro,visited,high,reported,1,72.0,72.0,False,GPS visited / e-tally reported,False,,2026-07-31 19:30:19.408706+00:00
S00118,Donadu,W001,Ekngoyi,Idi-Oro,unvisited,review,reported,1,55.0,55.0,False,GPS unvisited / e-tally reported,True,,2026-07-31 19:30:19.408706+00:00
S00119,Ekshani,W001,Ekngoyi,Idi-Oro,unvisited,review,reported,1,36.0,36.0,False,GPS unvisited / e-tally reported,True,,2026-07-31 19:30:19.408706+00:00
S00120,Hazatu,W001,Ekngoyi,Idi-Oro,unvisited,review,reported,1,316.0,316.0,False,GPS unvisited / e-tally reported,True,,2026-07-31 19:30:19.408706+00:00
S00121,Irbafa,W002,Ekduru,Idi-Oro,unvisited,review,reported,1,56.0,56.0,False,GPS unvisited / e-tally reported,True,,2026-07-31 19:30:19.408706+00:00
S00122,Zajija,W002,Ekduru,Idi-Oro,unvisited,review,no e-tally report,0,0.0,0.0,False,GPS unvisited / no e-tally report,False,,2026-07-31 19:30:19.408706+00:00
S00123,Mabani,W002,Ekduru,Idi-Oro,unvisited,review,reported,1,110.0,0.0,True,GPS unvisited / e-tally reported,True,,2026-07-31 19:30:19.408706+00:00
S00124,Bakowa,W002,Ekduru,Idi-Oro,unvisited,review,reported,1,62.0,62.0,False,GPS unvisited / e-tally reported,True,,2026-07-31 19:30:19.408706+00:00
S00125,Okmari,W002,Ekduru,Idi-Oro,unvisited,review,reported,1,472.0,472.0,False,GPS unvisited / e-tally reported,True,,2026-07-31 19:30:19.408706+00:00
S00126,Uzshani,W002,Ekduru,Idi-Oro,unvisited,review,no e-tally report,0,0.0,0.0,False,GPS unvisited / no e-tally report,False,,2026-07-31 19:30:19.408706+00:00
S00127,Ollawo,W002,Ekduru,Idi-Oro,unvisited,review,no e-tally report,0,0.0,0.0,False,GPS unvisited / no e-tally report,False,,2026-07-31 19:30:19.408706+00:00
S00128,Bakoyi,W002,Ekduru,Idi-Oro,ambiguous,ambiguous,reported,1,195.0,195.0,False,GPS ambiguous / e-tally reported,False,,2026-07-31 19:30:19.408706+00:00
S00129,Nudeja-Sabo,W002,Ekduru,Idi-Oro,unvisited,review,reported,1,187.0,187.0,False,GPS unvisited / e-tally reported,True,,2026-07-31 19:30:19.408706+00:00
S00130,Dariru,W002,Ekduru,Idi-Oro,unvisited,review,reported,1,192.0,192.0,False,GPS unvisited / e-tally reported,True,,2026-07-31 19:30:19.408706+00:00
S00131,Sazashi,W002,Ekduru,Idi-Oro,unvisited,review,reported,1,43.0,43.0,False,GPS unvisited / e-tally reported,True,,2026-07-31 19:30:19.408706+00:00
S00132,Tangowa-Arewa,W002,Ekduru,Idi-Oro,unvisited,review,reported,1,83.0,83.0,False,GPS unvisited / e-tally reported,True,,2026-07-31 19:30:19.408706+00:00
S00133,Loduja,W002,Ekduru,Idi-Oro,unvisited,review,reported,1,20.0,20.0,False,GPS unvisited / e-tally reported,True,,2026-07-31 19:30:19.408706+00:00
S00134,Agdede,W002,Ekduru,Idi-Oro,unvisited,review,reported,1,23.0,23.0,False,GPS unvisited / e-tally reported,True,,2026-07-31 19:30:19.408706+00:00
S00135,Yebede,W002,Ekduru,Idi-Oro,unvisited,review,reported,1,39.0,39.0,False,GPS unvisited / e-tally reported,True,,2026-07-31 19:30:19.408706+00:00
S00136,Gulani,W002,Ekduru,Idi-Oro,unvisited,review,reported,1,91.0,91.0,False,GPS unvisited / e-tally reported,True,,2026-07-31 19:30:19.408706+00:00
S00137,Lotisa,W002,Ekduru,Idi-Oro,unvisited,review,no e-tally report,0,0.0,0.0,False,GPS unvisited / no e-tally report,False,,2026-07-31 19:30:19.408706+00:00
S00138,Lorade-Sabo,W002,Ekduru,Idi-Oro,unvisited,review,reported,1,265.0,265.0,False,GPS unvisited / e-tally reported,True,,2026-07-31 19:30:19.408706+00:00
S00139,Dangowo,W002,Ekduru,Idi-Oro,unvisited,review,reported,1,540.0,540.0,False,GPS unvisited / e-tally reported,True,,2026-07-31 19:30:19.408706+00:00
S00140,Guyoba,W002,Ekduru,Idi-Oro,unvisited,review,reported,1,62.0,62.0,False,GPS unvisited / e-tally reported,True,,2026-07-31 19:30:19.408706+00:00
S00141,Ribafa,W002,Ekduru,Idi-Oro,unvisited,review,reported,1,34.0,34.0,False,GPS unvisited / e-tally reported,True,,2026-07-31 19:30:19.408706+00:00
S00142,Yetsina,W002,EKDURU,Idi-Oro,unvisited,review,reported,1,394.0,394.0,False,GPS unvisited / e-tally reported,True,,2026-07-31 19:30:19.408706+00:00
S00143,Lowade,W002,Ekduru,Idi-Oro,unvisited,review,reported,1,15.0,15.0,False,GPS unvisited / e-tally reported,True,,2026-07-31 19:30:19.408706+00:00
S00144,Zazashi,W002,Ekduru,Idi-Oro,unvisited,review,reported,1,74.0,74.0,False,GPS unvisited / e-tally reported,True,,2026-07-31 19:30:19.408706+00:00
S00145,Agyoyi-Tudun,W002,Ekduru,Idi-Oro,unvisited,review,reported,1,277.0,277.0,False,GPS unvisited / e-tally reported,True,,2026-07-31 19:30:19.408706+00:00
S00146,Bawawo,W002,Ekduru,Idi-Oro,unvisited,review,reported,1,71.0,71.0,False,GPS unvisited / e-tally reported,True,,2026-07-31 19:30:19.408706+00:00
S00147,Watsiyi,W002,Ekduru,Idi-Oro,unvisited,review,reported,1,34.0,34.0,False,GPS unvisited / e-tally reported,True,,2026-07-31 19:30:19.408706+00:00
S00148,Ribaja,W002,Ekduru,Idi-Oro,unvisited,review,reported,1,68.0,68.0,False,GPS unvisited / e-tally reported,True,,2026-07-31 19:30:19.408706+00:00
S00149,Sularu,W002,Ekduru,Idi-Oro,unvisited,review,reported,1,63.0,63.0,False,GPS unvisited / e-tally reported,True,,2026-07-31 19:30:19.408706+00:00
S00150,Dakoba,W002,Ekduru,Idi-Oro,unvisited,review,reported,1,34.0,34.0,False,GPS unvisited / e-tally reported,True,,2026-07-31 19:30:19.408706+00:00
S00151,Hamade,W002,Ekduru,Idi-Oro,unvisited,review,reported,1,72.0,72.0,False,GPS unvisited / e-tally reported,True,,2026-07-31 19:30:19.408706+00:00
S00152,Ibngona-Arewa,W002,Ekduru,Idi-Oro,ambiguous,ambiguous,reported,1,67.0,67.0,False,GPS ambiguous / e-tally reported,False,,2026-07-31 19:30:19.408706+00:00
S00153,Iblawa-Kofar,W002,Ekduru,Idi-Oro,unvisited,review,reported,1,342.0,342.0,False,GPS unvisited / e-tally reported,True,,2026-07-31 19:30:19.408706+00:00
S00154,Datsiwo,W002,Ekduru,Idi-Oro,unvisited,review,reported,1,45.0,45.0,False,GPS unvisited / e-tally reported,True,,2026-07-31 19:30:19.408706+00:00
S00155,Sunako,W002,Ekduru,Idi-Oro,unvisited,review,reported,1,47.0,47.0,False,GPS unvisited / e-tally reported,True,,2026-07-31 19:30:19.408706+00:00
S00156,Yelata,W002,Ekduru,Idi-Oro,unvisited,review,reported,1,64.0,64.0,False,GPS unvisited / e-tally reported,True,,2026-07-31 19:30:19.408706+00:00
S00157,Jimashi,W002,Ekduru,Idi-Oro,unvisited,review,reported,1,84.0,84.0,False,GPS unvisited / e-tally reported,True,,2026-07-31 19:30:19.408706+00:00
S00158,Hangoshi,W002,Ekduru,Idi-Oro,unvisited,review,reported,1,51.0,51.0,False,GPS unvisited / e-tally reported,True,,2026-07-31 19:30:19.408706+00:00
S00159,Zashaja,W002,Ekduru,Idi-Oro,unvisited,review,reported,1,202.0,202.0,False,GPS unvisited / e-tally reported,True,,2026-07-31 19:30:19.408706+00:00
S00160,Dasatu-Tsakiya,W002,Ekduru,Idi-Oro,unvisited,review,reported,1,67.0,67.0,False,GPS unvisited / e-tally reported,True,,2026-07-31 19:30:19.408706+00:00
S00161,Kuzaru,W002,Ekduru,Idi-Oro,unvisited,review,no e-tally report,0,0.0,0.0,False,GPS unvisited / no e-tally report,False,,2026-07-31 19:30:19.408706+00:00
S00162,Jitsifa,W002,Ekduru,Idi-Oro,unvisited,review,reported,1,39.0,39.0,False,GPS unvisited / e-tally reported,True,,2026-07-31 19:30:19.408706+00:00
S00163,Ibwari,W002,Ekduru,Idi-Oro,unvisited,review,reported,1,146.0,0.0,True,GPS unvisited / e-tally reported,True,,2026-07-31 19:30:19.408706+00:00
S00164,Balani,W002,Ekduru,Idi-Oro,unvisited,review,reported,1,46.0,46.0,False,GPS unvisited / e-tally reported,True,,2026-07-31 19:30:19.408706+00:00
S00165,Dariko,W002,Ekduru,Idi-Oro,unvisited,review,reported,1,15.0,15.0,False,GPS unvisited / e-tally reported,True,,2026-07-31 19:30:19.408706+00:00
S00166,Sarishi-Arewa,W002,Ekduru,Idi-Oro,unvisited,review,reported,1,493.0,493.0,False,GPS unvisited / e-tally reported,True,,2026-07-31 19:30:19.408706+00:00
S00167,Umluwo,W002,Ekduru,Idi-Oro,unvisited,review,reported,1,110.0,110.0,False,GPS unvisited / e-tally reported,True,,2026-07-31 19:30:19.408706+00:00
S00168,Fashadu,W002,Ekduru,Idi-Oro,unvisited,review,reported,1,255.0,255.0,False,GPS unvisited / e-tally reported,True,,2026-07-31 19:30:19.408706+00:00
S00169,Surasa,W002,Ekduru,Idi-Oro,unvisited,review,no e-tally report,0,0.0,0.0,False,GPS unvisited / no e-tally report,False,,2026-07-31 19:30:19.408706+00:00
S00170,Olrita,W002,Ekduru,Idi-Oro,unvisited,review,reported,1,24.0,24.0,False,GPS unvisited / e-tally reported,True,,2026-07-31 19:30:19.408706+00:00
S00171,Olmami-Yamma,W002,Ekduru,Idi-Oro,unvisited,review,reported,1,362.0,362.0,False,GPS unvisited / e-tally reported,True,,2026-07-31 19:30:19.408706+00:00
S00172,Lobemi,W002,Ekduru,Idi-Oro,unvisited,review,reported,1,11.0,11.0,False,GPS unvisited / e-tally reported,True,,2026-07-31 19:30:19.408706+00:00
S00173,Fakowo,W002,Ekduru,Idi-Oro,unvisited,review,reported,1,130.0,130.0,False,GPS unvisited / e-tally reported,True,,2026-07-31 19:30:19.408706+00:00
S00174,Irbema,W002,Ekduru,Idi-Oro,unvisited,review,reported,1,19.0,19.0,False,GPS unvisited / e-tally reported,True,,2026-07-31 19:30:19.408706+00:00
S00175,Dadesa,W002,Ekduru,Idi-Oro,unvisited,review,reported,1,21.0,21.0,False,GPS unvisited / e-tally reported,True,,2026-07-31 19:30:19.408706+00:00
S00176,Agjiyi,W002,Ekduru,Idi-Oro,unvisited,review,no e-tally report,0,0.0,0.0,False,GPS unvisited / no e-tally report,False,,2026-07-31 19:30:19.408706+00:00
S00177,Ibritu,W002,Ekduru,Idi-Oro,unvisited,review,reported,1,124.0,0.0,True,GPS unvisited / e-tally reported,True,,2026-07-31 19:30:19.408706+00:00
S00178,Habale,W002,EKDURU,Idi-Oro,unvisited,review,reported,1,217.0,217.0,False,GPS unvisited / e-tally reported,True,,2026-07-31 19:30:19.408706+00:00
S00179,Yezawo,W002,Ekduru,Idi-Oro,unvisited,review,reported,1,314.0,314.0,False,GPS unvisited / e-tally reported,True,,2026-07-31 19:30:19.408706+00:00
S00180,Irngomi,W002,Ekduru,Idi-Oro,unvisited,review,reported,1,11.0,11.0,False,GPS unvisited / e-tally reported,True,,2026-07-31 19:30:19.408706+00:00
S00181,Zayowo,W002,Ekduru,Idi-Oro,unvisited,review,reported,1,134.0,134.0,False,GPS unvisited / e-tally reported,True,,2026-07-31 19:30:19.408706+00:00
S00182,Agbade,W002,Ekduru,Idi-Oro,unvisited,review,reported,1,12.0,12.0,False,GPS unvisited / e-tally reported,True,,2026-07-31 19:30:19.408706+00:00
S00183,Wayoru-Sabo,W002,Ekduru,Idi-Oro,unvisited,review,reported,1,126.0,126.0,False,GPS unvisited / e-tally reported,True,,2026-07-31 19:30:19.408706+00:00
S00184,Bibeko,W002,Ekduru,Idi-Oro,unvisited,review,reported,1,71.0,71.0,False,GPS unvisited / e-tally reported,True,,2026-07-31 19:30:19.408706+00:00
S00185,Fangosa,W002,Ekduru,Idi-Oro,unvisited,review,reported,1,174.0,174.0,False,GPS unvisited / e-tally reported,True,,2026-07-31 19:30:19.408706+00:00
S00186,Bibemi-Gabas,W002,Ekduru,Idi-Oro,unvisited,review,reported,1,55.0,55.0,False,GPS unvisited / e-tally reported,True,,2026-07-31 19:30:19.408706+00:00
S00187,Adkoyi,W002,Ekduru,Idi-Oro,unvisited,review,no e-tally report,0,0.0,0.0,False,GPS unvisited / no e-tally report,False,,2026-07-31 19:30:19.408706+00:00
S00188,Jidedu,W002,Ekduru,Idi-Oro,unvisited,review,reported,1,890.0,0.0,True,GPS unvisited / e-tally reported,True,,2026-07-31 19:30:19.408706+00:00
S00189,Satisa,W002,Ekduru,Idi-Oro,unvisited,review,reported,1,15.0,15.0,False,GPS unvisited / e-tally reported,True,,2026-07-31 19:30:19.408706+00:00
S00190,Ekshayi,W002,Ekduru,Idi-Oro,unvisited,review,no e-tally report,0,0.0,0.0,False,GPS unvisited / no e-tally report,False,,2026-07-31 19:30:19.408706+00:00
S00191,Agyole-Tsakiya,W002,Ekduru,Idi-Oro,unvisited,review,reported,1,68.0,68.0,False,GPS unvisited / e-tally reported,True,,2026-07-31 19:30:19.408706+00:00
S00192,Zajitu,W002,Ekduru,Idi-Oro,unvisited,review,reported,1,67.0,67.0,False,GPS unvisited / e-tally reported,True,,2026-07-31 19:30:19.408706+00:00
S00193,Takofa,W002,Ekduru,Idi-Oro,unvisited,review,reported,1,38.0,38.0,False,GPS unvisited / e-tally reported,True,,2026-07-31 19:30:19.408706+00:00
S00194,Enmari,W002,Ekduru,Idi-Oro,unvisited,review,no e-tally report,0,0.0,0.0,False,GPS unvisited / no e-tally report,False,,2026-07-31 19:30:19.408706+00:00
S00195,Mashafa,W002,Ekduru,Idi-Oro,unvisited,review,no e-tally report,0,0.0,0.0,False,GPS unvisited / no e-tally report,False,,2026-07-31 19:30:19.408706+00:00
S00196,Zakotu-Tsakiya,W002,Ekduru,Idi-Oro,unvisited,review,no e-tally report,0,0.0,0.0,False,GPS unvisited / no e-tally report,False,,2026-07-31 19:30:19.408706+00:00
S00197,Yetiba,W002,Ekduru,Idi-Oro,visited,high,reported,1,72.0,72.0,False,GPS visited / e-tally reported,False,,2026-07-31 19:30:19.408706+00:00
S00198,Fangoni,W002,Ekduru,Idi-Oro,unvisited,review,reported,1,493.0,0.0,True,GPS unvisited / e-tally reported,True,,2026-07-31 19:30:19.408706+00:00
S00199,Bijidu,W002, Ekduru ,Idi-Oro,unvisited,review,reported,1,81.0,81.0,False,GPS unvisited / e-tally reported,True,,2026-07-31 19:30:19.408706+00:00
S00200,Hawale,W002,Ekduru,Idi-Oro,unvisited,review,reported,1,87.0,87.0,False,GPS unvisited / e-tally reported,True,,2026-07-31 19:30:19.408706+00:00
S00201,Daluwa,W002,Ekduru,Idi-Oro,unvisited,review,reported,1,48.0,48.0,False,GPS unvisited / e-tally reported,True,,2026-07-31 19:30:19.408706+00:00
S00202,Kudema-Gabas,W002,Ekduru,Idi-Oro,unvisited,review,reported,1,26.0,26.0,False,GPS unvisited / e-tally reported,True,,2026-07-31 19:30:19.408706+00:00
S00203,Zatija,W002,Ekduru,Idi-Oro,unvisited,review,reported,1,21.0,21.0,False,GPS unvisited / e-tally reported,True,,2026-07-31 19:30:19.408706+00:00
S00204,Waluwo,W002,Ekduru,Idi-Oro,unvisited,review,reported,1,9.0,9.0,False,GPS unvisited / e-tally reported,True,,2026-07-31 19:30:19.408706+00:00
S00205,Uznashi,W002,Ekduru,Idi-Oro,unvisited,review,reported,1,54.0,54.0,False,GPS unvisited / e-tally reported,True,,2026-07-31 19:30:19.408706+00:00
S00206,Fadeja,W002,Ekduru,Idi-Oro,unvisited,review,reported,1,50.0,50.0,False,GPS unvisited / e-tally reported,True,,2026-07-31 19:30:19.408706+00:00
S00207,Rizani,W002,Ekduru,Idi-Oro,unvisited,review,reported,1,70.0,70.0,False,GPS unvisited / e-tally reported,True,,2026-07-31 19:30:19.408706+00:00
S00208,Okzatu,W002,Ekduru,Idi-Oro,unvisited,review,no e-tally report,0,0.0,0.0,False,GPS unvisited / no e-tally report,False,,2026-07-31 19:30:19.408706+00:00
S00209,Yetsiwa-Kudu,W002,Ekduru,Idi-Oro,unvisited,review,reported,1,323.0,323.0,False,GPS unvisited / e-tally reported,True,,2026-07-31 19:30:19.408706+00:00
S00210,Adraba-Tudun,W002,Ekduru,Idi-Oro,unvisited,review,reported,1,95.0,95.0,False,GPS unvisited / e-tally reported,True,,2026-07-31 19:30:19.408706+00:00
S00211,Uzkotu,W002,Ekduru,Idi-Oro,unvisited,review,reported,1,152.0,152.0,False,GPS unvisited / e-tally reported,True,,2026-07-31 19:30:19.408706+00:00
S00212,Sanana,W002,Ekduru,Idi-Oro,unvisited,review,reported,1,83.0,0.0,True,GPS unvisited / e-tally reported,True,,2026-07-31 19:30:19.408706+00:00
S00213,Kuyoma,W002,Ekduru,Idi-Oro,unvisited,review,reported,1,121.0,121.0,False,GPS unvisited / e-tally reported,True,,2026-07-31 19:30:19.408706+00:00
S00214,Suduru-Gabas,W002,Ekduru,Idi-Oro,unvisited,review,reported,1,41.0,41.0,False,GPS unvisited / e-tally reported,True,,2026-07-31 19:30:19.408706+00:00
S00215,Balutu-Kudu,W002,Ekduru,Idi-Oro,unvisited,review,no e-tally report,0,0.0,0.0,False,GPS unvisited / no e-tally report,False,,2026-07-31 19:30:19.408706+00:00
S00216,Okbako,W002,Ekduru,Idi-Oro,unvisited,review,reported,1,30.0,30.0,False,GPS unvisited / e-tally reported,True,,2026-07-31 19:30:19.408706+00:00
S00217,Ibtsiyi,W002,Ekduru,Idi-Oro,unvisited,review,reported,1,24.0,24.0,False,GPS unvisited / e-tally reported,True,,2026-07-31 19:30:19.408706+00:00
S00218,Ekluri-Tsakiya,W002,Ekduru,Idi-Oro,unvisited,review,reported,1,61.0,61.0,False,GPS unvisited / e-tally reported,True,,2026-07-31 19:30:19.408706+00:00
S00219,Uztsija,W002,Ekduru,Idi-Oro,unvisited,review,reported,1,120.0,120.0,False,GPS unvisited / e-tally reported,True,,2026-07-31 19:30:19.408706+00:00
S00220,Biluri,W002,Ekduru,Idi-Oro,unvisited,review,no e-tally report,0,0.0,0.0,False,GPS unvisited / no e-tally report,False,,2026-07-31 19:30:19.408706+00:00
S00221,Habefa,W003,Satita,Idi-Oro,unvisited,review,reported,1,21.0,21.0,False,GPS unvisited / e-tally reported,True,,2026-07-31 19:30:19.408706+00:00
S00222,Nuduta,W003,Satita,Idi-Oro,unvisited,review,no e-tally report,0,0.0,0.0,False,GPS unvisited / no e-tally report,False,,2026-07-31 19:30:19.408706+00:00
S00223,Ekshafa,W003,Satita,Idi-Oro,unvisited,review,reported,1,187.0,187.0,False,GPS unvisited / e-tally reported,True,,2026-07-31 19:30:19.408706+00:00
S00224,Gusaru,W003,Satita,Idi-Oro,unvisited,review,reported,1,679.0,679.0,False,GPS unvisited / e-tally reported,True,,2026-07-31 19:30:19.408706+00:00
S00225,Rinaja,W003,Satita,Idi-Oro,unvisited,review,no e-tally report,0,0.0,0.0,False,GPS unvisited / no e-tally report,False,,2026-07-31 19:30:19.408706+00:00
S00226,Dodemi,W003,Satita,Idi-Oro,unvisited,review,reported,1,67.0,67.0,False,GPS unvisited / e-tally reported,True,,2026-07-31 19:30:19.408706+00:00
S00227,Irduru,W003,Satita,Idi-Oro,unvisited,review,reported,1,6.0,6.0,False,GPS unvisited / e-tally reported,True,,2026-07-31 19:30:19.408706+00:00
S00228,Doduja,W003,Satita,Idi-Oro,unvisited,review,reported,1,61.0,61.0,False,GPS unvisited / e-tally reported,True,,2026-07-31 19:30:19.408706+00:00
S00229,Tajija,W003,Satita,Idi-Oro,unvisited,review,no e-tally report,0,0.0,0.0,False,GPS unvisited / no e-tally report,False,,2026-07-31 19:30:19.408706+00:00
S00230,Entile-Yamma,W003,Satita,Idi-Oro,visited,high,reported,1,53.0,0.0,True,GPS visited / e-tally reported,False,,2026-07-31 19:30:19.408706+00:00
S00231,Lonaba,W003,Satita,Idi-Oro,unvisited,review,reported,1,100.0,100.0,False,GPS unvisited / e-tally reported,True,,2026-07-31 19:30:19.408706+00:00
S00232,Olbawo,W003,Satita,Idi-Oro,unvisited,review,no e-tally report,0,0.0,0.0,False,GPS unvisited / no e-tally report,False,,2026-07-31 19:30:19.408706+00:00
S00233,Yengole-Gabas,W003,Satita,Idi-Oro,unvisited,review,no e-tally report,0,0.0,0.0,False,GPS unvisited / no e-tally report,False,,2026-07-31 19:30:19.408706+00:00
S00234,Karawa,W003,Satita,Idi-Oro,unvisited,review,reported,1,44.0,44.0,False,GPS unvisited / e-tally reported,True,,2026-07-31 19:30:19.408706+00:00
S00235,Ekwawo,W003,Satita,Idi-Oro,ambiguous,ambiguous,reported,1,402.0,402.0,False,GPS ambiguous / e-tally reported,False,,2026-07-31 19:30:19.408706+00:00
S00236,Yetija,W003,Satita,Idi-Oro,visited,high,reported,1,12.0,12.0,False,GPS visited / e-tally reported,False,,2026-07-31 19:30:19.408706+00:00
S00237,Dashami-Kofar,W003,Satita,Idi-Oro,unvisited,review,no e-tally report,0,0.0,0.0,False,GPS unvisited / no e-tally report,False,,2026-07-31 19:30:19.408706+00:00
S00238,Olkoshi,W003,Satita,Idi-Oro,unvisited,review,no e-tally report,0,0.0,0.0,False,GPS unvisited / no e-tally report,False,,2026-07-31 19:30:19.408706+00:00
S00239,Jimaja,W003,Satita,Idi-Oro,unvisited,review,reported,1,217.0,0.0,True,GPS unvisited / e-tally reported,True,,2026-07-31 19:30:19.408706+00:00
S00240,Adnashi,W003,Satita,Idi-Oro,unvisited,review,reported,1,56.0,56.0,False,GPS unvisited / e-tally reported,True,,2026-07-31 19:30:19.408706+00:00
S00241,Umnawo,W003,Satita,Idi-Oro,unvisited,review,reported,1,20.0,20.0,False,GPS unvisited / e-tally reported,True,,2026-07-31 19:30:19.408706+00:00
S00242,Gulushi,W003,Satita,Idi-Oro,unvisited,review,reported,1,66.0,66.0,False,GPS unvisited / e-tally reported,True,,2026-07-31 19:30:19.408706+00:00
S00243,Surifa,W003,Satita,Idi-Oro,unvisited,review,no e-tally report,0,0.0,0.0,False,GPS unvisited / no e-tally report,False,,2026-07-31 19:30:19.408706+00:00
S00244,Gubeta,W003,Satita,Idi-Oro,unvisited,review,no e-tally report,0,0.0,0.0,False,GPS unvisited / no e-tally report,False,,2026-07-31 19:30:19.408706+00:00
S00245,Ritsima-Tsakiya,W003,Satita,Idi-Oro,unvisited,review,reported,1,56.0,56.0,False,GPS unvisited / e-tally reported,True,,2026-07-31 19:30:19.408706+00:00
S00246,Rimafa-Kudu,W003,Satita,Idi-Oro,unvisited,review,reported,1,507.0,507.0,False,GPS unvisited / e-tally reported,True,,2026-07-31 19:30:19.408706+00:00
S00247,Lobadu,W003,Satita,Idi-Oro,unvisited,review,no e-tally report,0,0.0,0.0,False,GPS unvisited / no e-tally report,False,,2026-07-31 19:30:19.408706+00:00
S00248,Suderu,W003,Satita,Idi-Oro,visited,high,reported,1,74.0,74.0,False,GPS visited / e-tally reported,False,,2026-07-31 19:30:19.408706+00:00
S00249,Manadu,W003,Satita,Idi-Oro,unvisited,review,reported,1,75.0,75.0,False,GPS unvisited / e-tally reported,True,,2026-07-31 19:30:19.408706+00:00
S00250,Bajifa,W003,Satita,Idi-Oro,unvisited,review,no e-tally report,0,0.0,0.0,False,GPS unvisited / no e-tally report,False,,2026-07-31 19:30:19.408706+00:00
S00251,Susama,W003,Satita,Idi-Oro,unvisited,review,reported,1,138.0,138.0,False,GPS unvisited / e-tally reported,True,,2026-07-31 19:30:19.408706+00:00
S00252,Admako,W003,Satita,Idi-Oro,unvisited,review,reported,1,62.0,62.0,False,GPS unvisited / e-tally reported,True,,2026-07-31 19:30:19.408706+00:00
S00253,Sukosa,W003,Satita,Idi-Oro,unvisited,review,no e-tally report,0,0.0,0.0,False,GPS unvisited / no e-tally report,False,,2026-07-31 19:30:19.408706+00:00
S00254,Adkomi,W003,Satita,Idi-Oro,unvisited,review,reported,1,57.0,57.0,False,GPS unvisited / e-tally reported,True,,2026-07-31 19:30:19.408706+00:00
S00255,Adsashi,W003,Satita,Idi-Oro,unvisited,review,reported,1,79.0,79.0,False,GPS unvisited / e-tally reported,True,,2026-07-31 19:30:19.408706+00:00
S00256,Datsisa,W003,Satita,Idi-Oro,unvisited,review,reported,1,206.0,206.0,False,GPS unvisited / e-tally reported,True,,2026-07-31 19:30:19.408706+00:00
S00257,Uzyori,W003,Satita,Idi-Oro,unvisited,review,no e-tally report,0,0.0,0.0,False,GPS unvisited / no e-tally report,False,,2026-07-31 19:30:19.408706+00:00
S00258,Uzmashi,W003,Satita,Idi-Oro,unvisited,review,reported,1,135.0,135.0,False,GPS unvisited / e-tally reported,True,,2026-07-31 19:30:19.408706+00:00
S00259,Lobani-Tudun,W003,Satita,Idi-Oro,unvisited,review,no e-tally report,0,0.0,0.0,False,GPS unvisited / no e-tally report,False,,2026-07-31 19:30:19.408706+00:00
S00260,Tadedu,W003,Satita,Idi-Oro,unvisited,review,reported,1,22.0,22.0,False,GPS unvisited / e-tally reported,True,,2026-07-31 19:30:19.408706+00:00
S00261,Guwani-Kofar,W003,Satita,Idi-Oro,unvisited,review,reported,1,704.0,704.0,False,GPS unvisited / e-tally reported,True,,2026-07-31 19:30:19.408706+00:00
S00262,Kudewa-Kofar,W003,Satita,Idi-Oro,unvisited,review,no e-tally report,0,0.0,0.0,False,GPS unvisited / no e-tally report,False,,2026-07-31 19:30:19.408706+00:00
S00263,Sabaru,W003,Satita,Idi-Oro,visited,high,reported,1,57.0,57.0,False,GPS visited / e-tally reported,False,,2026-07-31 19:30:19.408706+00:00
S00264,Dozawa,W003,Satita,Idi-Oro,unvisited,review,no e-tally report,0,0.0,0.0,False,GPS unvisited / no e-tally report,False,,2026-07-31 19:30:19.408706+00:00
S00265,Okrina,W003,Satita,Idi-Oro,unvisited,review,reported,1,263.0,263.0,False,GPS unvisited / e-tally reported,True,,2026-07-31 19:30:19.408706+00:00
S00266,Irbata,W003,Satita,Idi-Oro,unvisited,review,reported,1,603.0,603.0,False,GPS unvisited / e-tally reported,True,,2026-07-31 19:30:19.408706+00:00
S00267,Entsini,W003,Satita,Idi-Oro,unvisited,review,reported,1,474.0,474.0,False,GPS unvisited / e-tally reported,True,,2026-07-31 19:30:19.408706+00:00
S00268,Uzkowo,W003,Satita,Idi-Oro,unvisited,review,no e-tally report,0,0.0,0.0,False,GPS unvisited / no e-tally report,False,,2026-07-31 19:30:19.408706+00:00
S00269,Dolata-Kofar,W003,Satita,Idi-Oro,unvisited,review,reported,1,112.0,112.0,False,GPS unvisited / e-tally reported,True,,2026-07-31 19:30:19.408706+00:00
S00270,Damana,W003,Satita,Idi-Oro,unvisited,review,reported,1,15.0,15.0,False,GPS unvisited / e-tally reported,True,,2026-07-31 19:30:19.408706+00:00
S00271,Bishana,W003,Satita,Idi-Oro,unvisited,review,reported,1,142.0,142.0,False,GPS unvisited / e-tally reported,True,,2026-07-31 19:30:19.408706+00:00
S00272,Dalama,W003,Satita,Idi-Oro,unvisited,review,reported,1,42.0,42.0,False,GPS unvisited / e-tally reported,True,,2026-07-31 19:30:19.408706+00:00
S00273,Kamata,W003,Satita,Idi-Oro,unvisited,review,no e-tally report,0,0.0,0.0,False,GPS unvisited / no e-tally report,False,,2026-07-31 19:30:19.408706+00:00
S00274,Olnaba-Sabo,W003,Satita,Idi-Oro,visited,high,reported,1,892.0,892.0,False,GPS visited / e-tally reported,False,,2026-07-31 19:30:19.408706+00:00
S00275,Uzyosa-Kudu,W003,Satita,Idi-Oro,unvisited,review,no e-tally report,0,0.0,0.0,False,GPS unvisited / no e-tally report,False,,2026-07-31 19:30:19.408706+00:00
S00276,Jinata,W003,Satita,Idi-Oro,unvisited,review,reported,1,88.0,88.0,False,GPS unvisited / e-tally reported,True,,2026-07-31 19:30:19.408706+00:00
S00277,Enbemi,W003,Satita,Idi-Oro,ambiguous,ambiguous,reported,1,624.0,624.0,False,GPS ambiguous / e-tally reported,False,,2026-07-31 19:30:19.408706+00:00
S00278,Adnama,W003,Satita,Idi-Oro,unvisited,review,reported,1,14.0,14.0,False,GPS unvisited / e-tally reported,True,,2026-07-31 19:30:19.408706+00:00
S00279,Adrana,W003,Satita,Idi-Oro,unvisited,review,reported,1,161.0,161.0,False,GPS unvisited / e-tally reported,True,,2026-07-31 19:30:19.408706+00:00
S00280,Gulasa-Sabo,W003,Satita,Idi-Oro,unvisited,review,no e-tally report,0,0.0,0.0,False,GPS unvisited / no e-tally report,False,,2026-07-31 19:30:19.408706+00:00
S00281,Datiwo,W003,Satita,Idi-Oro,unvisited,review,reported,1,45.0,45.0,False,GPS unvisited / e-tally reported,True,,2026-07-31 19:30:19.408706+00:00
S00282,Fazaba,W003,Satita,Idi-Oro,unvisited,review,reported,1,68.0,68.0,False,GPS unvisited / e-tally reported,True,,2026-07-31 19:30:19.408706+00:00
S00283,Olnata,W003,Satita,Idi-Oro,unvisited,review,reported,1,17.0,17.0,False,GPS unvisited / e-tally reported,True,,2026-07-31 19:30:19.408706+00:00
S00284,Adtile,W003,Satita,Idi-Oro,ambiguous,ambiguous,reported,1,68.0,68.0,False,GPS ambiguous / e-tally reported,False,,2026-07-31 19:30:19.408706+00:00
S00285,Enrishi-Tsakiya,W003,Satita,Idi-Oro,unvisited,review,reported,1,141.0,141.0,False,GPS unvisited / e-tally reported,True,,2026-07-31 19:30:19.408706+00:00
S00286,Jijita,W003,Satita,Idi-Oro,unvisited,review,reported,1,47.0,47.0,False,GPS unvisited / e-tally reported,True,,2026-07-31 19:30:19.408706+00:00
S00287,Donadu-Gabas,W003,Satita,Idi-Oro,visited,high,reported,1,19.0,19.0,False,GPS visited / e-tally reported,False,,2026-07-31 19:30:19.408706+00:00
S00288,Ibtsija,W003,Satita,Idi-Oro,ambiguous,ambiguous,reported,1,56.0,56.0,False,GPS ambiguous / e-tally reported,False,,2026-07-31 19:30:19.408706+00:00
S00289,Lozawa,W003,Satita,Idi-Oro,unvisited,review,reported,1,60.0,60.0,False,GPS unvisited / e-tally reported,True,,2026-07-31 19:30:19.408706+00:00
S00290,Olnayi,W003,Satita,Idi-Oro,unvisited,review,reported,1,30.0,30.0,False,GPS unvisited / e-tally reported,True,,2026-07-31 19:30:19.408706+00:00
S00291,Riluna,W003,Satita,Idi-Oro,unvisited,review,reported,1,8.0,8.0,False,GPS unvisited / e-tally reported,True,,2026-07-31 19:30:19.408706+00:00
S00292,Kukodu,W003,Satita,Idi-Oro,unvisited,review,no e-tally report,0,0.0,0.0,False,GPS unvisited / no e-tally report,False,,2026-07-31 19:30:19.408706+00:00
S00293,Biwawo,W003,Satita,Idi-Oro,unvisited,review,no e-tally report,0,0.0,0.0,False,GPS unvisited / no e-tally report,False,,2026-07-31 19:30:19.408706+00:00
S00294,Uzlako,W003,Satita,Idi-Oro,unvisited,review,reported,1,77.0,77.0,False,GPS unvisited / e-tally reported,True,,2026-07-31 19:30:19.408706+00:00
S00295,Tabewa-Tudun,W003,Satita,Idi-Oro,unvisited,review,reported,1,204.0,204.0,False,GPS unvisited / e-tally reported,True,,2026-07-31 19:30:19.408706+00:00
S00296,Uzbata,W003,Satita,Idi-Oro,unvisited,review,reported,1,108.0,0.0,True,GPS unvisited / e-tally reported,True,,2026-07-31 19:30:19.408706+00:00
S00297,Umnata,W003,Satita,Idi-Oro,unvisited,review,reported,1,50.0,50.0,False,GPS unvisited / e-tally reported,True,,2026-07-31 19:30:19.408706+00:00
S00298,Dokori,W003,Satita,Idi-Oro,unvisited,review,reported,1,18.0,18.0,False,GPS unvisited / e-tally reported,True,,2026-07-31 19:30:19.408706+00:00
S00299,Enshawa,W003,Satita,Idi-Oro,unvisited,review,no e-tally report,0,0.0,0.0,False,GPS unvisited / no e-tally report,False,,2026-07-31 19:30:19.408706+00:00
S00300,Olluyi,W003,Satita,Idi-Oro,unvisited,review,reported,1,74.0,74.0,False,GPS unvisited / e-tally reported,True,,2026-07-31 19:30:19.408706+00:00
S00301,Yetsiwa,W003,SATITA,Idi-Oro,unvisited,review,reported,1,67.0,0.0,True,GPS unvisited / e-tally reported,True,,2026-07-31 19:30:19.408706+00:00
S00302,Zabayi-Yamma,W003,Satita,Idi-Oro,unvisited,review,reported,1,202.0,202.0,False,GPS unvisited / e-tally reported,True,,2026-07-31 19:30:19.408706+00:00
S00303,Umkoru,W003,Satita,Idi-Oro,unvisited,review,reported,1,120.0,120.0,False,GPS unvisited / e-tally reported,True,,2026-07-31 19:30:19.408706+00:00
S00304,Jilusa,W003,Satita,Idi-Oro,unvisited,review,reported,1,54.0,54.0,False,GPS unvisited / e-tally reported,True,,2026-07-31 19:30:19.408706+00:00
S00305,Darayi,W003,Satita,Idi-Oro,unvisited,review,reported,1,9.0,9.0,False,GPS unvisited / e-tally reported,True,,2026-07-31 19:30:19.408706+00:00
S00306,Gudele,W003,Satita,Idi-Oro,unvisited,review,reported,1,58.0,58.0,False,GPS unvisited / e-tally reported,True,,2026-07-31 19:30:19.408706+00:00
S00307,Fabako,W003,Satita,Idi-Oro,unvisited,review,reported,1,125.0,125.0,False,GPS unvisited / e-tally reported,True,,2026-07-31 19:30:19.408706+00:00
S00308,Umjiwa-Kudu,W003,Satita,Idi-Oro,unvisited,review,reported,1,19.0,19.0,False,GPS unvisited / e-tally reported,True,,2026-07-31 19:30:19.408706+00:00
S00309,Sulade,W003,Satita,Idi-Oro,unvisited,review,reported,1,54.0,54.0,False,GPS unvisited / e-tally reported,True,,2026-07-31 19:30:19.408706+00:00
S00310,Karitu,W003,Satita,Idi-Oro,unvisited,review,no e-tally report,0,0.0,0.0,False,GPS unvisited / no e-tally report,False,,2026-07-31 19:30:19.408706+00:00
S00311,Bajimi,W003,Satita,Idi-Oro,unvisited,review,reported,1,163.0,163.0,False,GPS unvisited / e-tally reported,True,,2026-07-31 19:30:19.408706+00:00
S00312,Rilafa,W003,Satita,Idi-Oro,unvisited,review,no e-tally report,0,0.0,0.0,False,GPS unvisited / no e-tally report,False,,2026-07-31 19:30:19.408706+00:00
S00313,Suduwo,W003,Satita,Idi-Oro,visited,high,reported,1,124.0,124.0,False,GPS visited / e-tally reported,False,,2026-07-31 19:30:19.408706+00:00
S00314,Suyoko,W003,Satita,Idi-Oro,unvisited,review,reported,1,79.0,0.0,True,GPS unvisited / e-tally reported,True,,2026-07-31 19:30:19.408706+00:00
S00315,Ibnari,W003,Satita,Idi-Oro,unvisited,review,reported,1,34.0,34.0,False,GPS unvisited / e-tally reported,True,,2026-07-31 19:30:19.408706+00:00
S00316,Mabaru,W003,Satita,Idi-Oro,unvisited,review,reported,1,55.0,0.0,True,GPS unvisited / e-tally reported,True,,2026-07-31 19:30:19.408706+00:00
S00317,Agmami,W003,Satita,Idi-Oro,unvisited,review,reported,1,72.0,72.0,False,GPS unvisited / e-tally reported,True,,2026-07-31 19:30:19.408706+00:00
S00318,Agtsiru,W003,Satita,Idi-Oro,unvisited,review,reported,1,490.0,490.0,False,GPS unvisited / e-tally reported,True,,2026-07-31 19:30:19.408706+00:00
S00319,Rikoshi,W003,Satita,Idi-Oro,unvisited,review,reported,1,564.0,564.0,False,GPS unvisited / e-tally reported,True,,2026-07-31 19:30:19.408706+00:00
S00320,Gusawo,W003,Satita,Idi-Oro,unvisited,review,reported,1,102.0,102.0,False,GPS unvisited / e-tally reported,True,,2026-07-31 19:30:19.408706+00:00
S00321,Bakota-Yamma,W003,Satita,Idi-Oro,visited,high,reported,1,106.0,106.0,False,GPS visited / e-tally reported,False,,2026-07-31 19:30:19.408706+00:00
S00322,Yezaba,W003,Satita,Idi-Oro,unvisited,review,reported,1,109.0,109.0,False,GPS unvisited / e-tally reported,True,,2026-07-31 19:30:19.408706+00:00
S00323,Kulale,W003,Satita,Idi-Oro,unvisited,review,no e-tally report,0,0.0,0.0,False,GPS unvisited / no e-tally report,False,,2026-07-31 19:30:19.408706+00:00
S00324,Ensayi,W003,Satita,Idi-Oro,unvisited,review,reported,1,116.0,116.0,False,GPS unvisited / e-tally reported,True,,2026-07-31 19:30:19.408706+00:00
S00325,Kamadu,W003,Satita,Idi-Oro,unvisited,review,reported,1,42.0,42.0,False,GPS unvisited / e-tally reported,True,,2026-07-31 19:30:19.408706+00:00
S00326,Agmashi,W003,Satita,Idi-Oro,unvisited,review,reported,1,17.0,17.0,False,GPS unvisited / e-tally reported,True,,2026-07-31 19:30:19.408706+00:00
S00327,Bawawa-Kofar,W003,Satita,Idi-Oro,unvisited,review,no e-tally report,0,0.0,0.0,False,GPS unvisited / no e-tally report,False,,2026-07-31 19:30:19.408706+00:00
S00328,Tamami-Kofar,W003,SATITA,Idi-Oro,unvisited,review,reported,1,114.0,0.0,True,GPS unvisited / e-tally reported,True,,2026-07-31 19:30:19.408706+00:00
S00329,Ibshaja,W004,Yesawo,Gwarin,unvisited,review,no e-tally report,0,0.0,0.0,False,GPS unvisited / no e-tally report,False,,2026-07-31 19:30:19.408706+00:00
S00330,Baritu,W004,Yesawo,Gwarin,unvisited,review,reported,1,82.0,82.0,False,GPS unvisited / e-tally reported,True,,2026-07-31 19:30:19.408706+00:00
S00331,Bawari-Yamma,W004,Yesawo,Gwarin,unvisited,review,reported,1,54.0,54.0,False,GPS unvisited / e-tally reported,True,,2026-07-31 19:30:19.408706+00:00
S00332,Ekbade,W004,Yesawo,Gwarin,unvisited,review,reported,1,5.0,5.0,False,GPS unvisited / e-tally reported,True,,2026-07-31 19:30:19.408706+00:00
S00333,Uzyowa,W004,Yesawo,Gwarin,unvisited,review,reported,1,9.0,9.0,False,GPS unvisited / e-tally reported,True,,2026-07-31 19:30:19.408706+00:00
S00334,Gubatu-Kudu,W004,Yesawo,Gwarin,unvisited,review,reported,1,4.0,4.0,False,GPS unvisited / e-tally reported,True,,2026-07-31 19:30:19.408706+00:00
S00335,Halani,W004,Yesawo,Gwarin,unvisited,review,reported,1,11.0,11.0,False,GPS unvisited / e-tally reported,True,,2026-07-31 19:30:19.408706+00:00
S00336,Jimaba,W004,Yesawo,Gwarin,unvisited,review,no e-tally report,0,0.0,0.0,False,GPS unvisited / no e-tally report,False,,2026-07-31 19:30:19.408706+00:00
S00337,Agrale,W004,YESAWO,Gwarin,unvisited,review,reported,1,18.0,18.0,False,GPS unvisited / e-tally reported,True,,2026-07-31 19:30:19.408706+00:00
S00338,Kunawo,W004,Yesawo,Gwarin,unvisited,review,reported,1,15.0,15.0,False,GPS unvisited / e-tally reported,True,,2026-07-31 19:30:19.408706+00:00
S00339,Agbeja,W004,Yesawo,Gwarin,unvisited,review,reported,1,73.0,73.0,False,GPS unvisited / e-tally reported,True,,2026-07-31 19:30:19.408706+00:00
S00340,Hatiwo-Sabo,W004,Yesawo,Gwarin,unvisited,review,reported,1,47.0,47.0,False,GPS unvisited / e-tally reported,True,,2026-07-31 19:30:19.408706+00:00
S00341,Yetsisa,W004,Yesawo,Gwarin,unvisited,review,reported,1,5.0,5.0,False,GPS unvisited / e-tally reported,True,,2026-07-31 19:30:19.408706+00:00
S00342,Okbele,W004,Yesawo,Gwarin,unvisited,review,reported,1,3.0,3.0,False,GPS unvisited / e-tally reported,True,,2026-07-31 19:30:19.408706+00:00
S00343,Oklale,W004,Yesawo,Gwarin,unvisited,review,reported,1,41.0,41.0,False,GPS unvisited / e-tally reported,True,,2026-07-31 19:30:19.408706+00:00
S00344,Datsisa-Arewa,W004,Yesawo,Gwarin,unvisited,review,reported,1,6.0,6.0,False,GPS unvisited / e-tally reported,True,,2026-07-31 19:30:19.408706+00:00
S00345,Falama,W004,Yesawo,Gwarin,unvisited,review,reported,1,39.0,39.0,False,GPS unvisited / e-tally reported,True,,2026-07-31 19:30:19.408706+00:00
S00346,Yedude,W004,Yesawo,Gwarin,unvisited,review,reported,1,10.0,10.0,False,GPS unvisited / e-tally reported,True,,2026-07-31 19:30:19.408706+00:00
S00347,Fabemi-Kofar,W004,Yesawo,Gwarin,unvisited,review,no e-tally report,0,0.0,0.0,False,GPS unvisited / no e-tally report,False,,2026-07-31 19:30:19.408706+00:00
S00348,Lolutu,W004,Yesawo,Gwarin,ambiguous,ambiguous,reported,1,15.0,15.0,False,GPS ambiguous / e-tally reported,False,,2026-07-31 19:30:19.408706+00:00
S00349,Oltiwo-Sabo,W004,Yesawo,Gwarin,unvisited,review,reported,1,35.0,35.0,False,GPS unvisited / e-tally reported,True,,2026-07-31 19:30:19.408706+00:00
S00350,Fanadu,W004,Yesawo,Gwarin,unvisited,review,reported,1,81.0,81.0,False,GPS unvisited / e-tally reported,True,,2026-07-31 19:30:19.408706+00:00
S00351,Eklufa,W004,Yesawo,Gwarin,unvisited,review,reported,1,9.0,9.0,False,GPS unvisited / e-tally reported,True,,2026-07-31 19:30:19.408706+00:00
S00352,Falana,W004,Yesawo,Gwarin,unvisited,review,reported,1,19.0,19.0,False,GPS unvisited / e-tally reported,True,,2026-07-31 19:30:19.408706+00:00
S00353,Sushadu-Yamma,W004,Yesawo,Gwarin,unvisited,review,reported,1,19.0,19.0,False,GPS unvisited / e-tally reported,True,,2026-07-31 19:30:19.408706+00:00
S00354,Uzbede-Yamma,W004,Yesawo,Gwarin,unvisited,review,reported,1,11.0,11.0,False,GPS unvisited / e-tally reported,True,,2026-07-31 19:30:19.408706+00:00
S00355,Ibsasa,W004,Yesawo,Gwarin,unvisited,review,no e-tally report,0,0.0,0.0,False,GPS unvisited / no e-tally report,False,,2026-07-31 19:30:19.408706+00:00
S00356,Katima,W004,Yesawo,Gwarin,unvisited,review,reported,1,5.0,5.0,False,GPS unvisited / e-tally reported,True,,2026-07-31 19:30:19.408706+00:00
S00357,Umjiri,W004,Yesawo,Gwarin,unvisited,review,reported,1,195.0,195.0,False,GPS unvisited / e-tally reported,True,,2026-07-31 19:30:19.408706+00:00
S00358,Ekdeja,W004,Yesawo,Gwarin,unvisited,review,reported,1,4.0,4.0,False,GPS unvisited / e-tally reported,True,,2026-07-31 19:30:19.408706+00:00
S00359,Uzbede,W004,Yesawo,Gwarin,unvisited,review,reported,1,71.0,71.0,False,GPS unvisited / e-tally reported,True,,2026-07-31 19:30:19.408706+00:00
S00360,Dangoja,W004,Yesawo,Gwarin,unvisited,review,reported,1,59.0,59.0,False,GPS unvisited / e-tally reported,True,,2026-07-31 19:30:19.408706+00:00
S00361,Irjina,W004,Yesawo,Gwarin,unvisited,review,reported,1,40.0,40.0,False,GPS unvisited / e-tally reported,True,,2026-07-31 19:30:19.408706+00:00
S00362,Agtsiwa,W004,Yesawo,Gwarin,ambiguous,ambiguous,reported,1,396.0,396.0,False,GPS ambiguous / e-tally reported,False,,2026-07-31 19:30:19.408706+00:00
S00363,Dolaja,W004,Yesawo,Gwarin,unvisited,review,reported,1,15.0,15.0,False,GPS unvisited / e-tally reported,True,,2026-07-31 19:30:19.408706+00:00
S00364,Sangoru-Sabo,W004,Yesawo,Gwarin,unvisited,review,reported,1,58.0,0.0,True,GPS unvisited / e-tally reported,True,,2026-07-31 19:30:19.408706+00:00
S00365,Lotide-Kofar,W004,Yesawo,Gwarin,unvisited,review,no e-tally report,0,0.0,0.0,False,GPS unvisited / no e-tally report,False,,2026-07-31 19:30:19.408706+00:00
S00366,Losadu-Tudun,W004,Yesawo,Gwarin,unvisited,review,reported,1,27.0,27.0,False,GPS unvisited / e-tally reported,True,,2026-07-31 19:30:19.408706+00:00
S00367,Ibdule,W004,Yesawo,Gwarin,unvisited,review,reported,1,65.0,65.0,False,GPS unvisited / e-tally reported,True,,2026-07-31 19:30:19.408706+00:00
S00368,Yedena,W004,Yesawo,Gwarin,unvisited,review,reported,1,15.0,15.0,False,GPS unvisited / e-tally reported,True,,2026-07-31 19:30:19.408706+00:00
S00369,Oljina,W005,Jijile,Gwarin,unvisited,review,reported,1,5.0,5.0,False,GPS unvisited / e-tally reported,True,,2026-07-31 19:30:19.408706+00:00
S00370,Ibluko-Tudun,W005,JIJILE,Gwarin,unvisited,review,reported,1,38.0,38.0,False,GPS unvisited / e-tally reported,True,,2026-07-31 19:30:19.408706+00:00
S00371,Ririyi,W005,Jijile,Gwarin,unvisited,review,reported,1,10.0,10.0,False,GPS unvisited / e-tally reported,True,,2026-07-31 19:30:19.408706+00:00
S00372,Haluta-Tudun,W005,Jijile,Gwarin,unvisited,review,reported,1,34.0,34.0,False,GPS unvisited / e-tally reported,True,,2026-07-31 19:30:19.408706+00:00
S00373,Loduwo,W005,Jijile,Gwarin,unvisited,review,reported,1,59.0,59.0,False,GPS unvisited / e-tally reported,True,,2026-07-31 19:30:19.408706+00:00
S00374,Gusayi,W005,Jijile,Gwarin,unvisited,review,reported,1,85.0,0.0,True,GPS unvisited / e-tally reported,True,,2026-07-31 19:30:19.408706+00:00
S00375,Zajina,W005,Jijile,Gwarin,unvisited,review,reported,1,4.0,4.0,False,GPS unvisited / e-tally reported,True,,2026-07-31 19:30:19.408706+00:00
S00376,Yerita,W005,Jijile,Gwarin,unvisited,review,reported,1,14.0,14.0,False,GPS unvisited / e-tally reported,True,,2026-07-31 19:30:19.408706+00:00
S00377,Olduyi-Kudu,W005,Jijile,Gwarin,unvisited,review,no e-tally report,0,0.0,0.0,False,GPS unvisited / no e-tally report,False,,2026-07-31 19:30:19.408706+00:00
S00378,Agzadu,W005,Jijile,Gwarin,unvisited,review,reported,1,65.0,65.0,False,GPS unvisited / e-tally reported,True,,2026-07-31 19:30:19.408706+00:00
S00379,Suzawo,W005,Jijile,Gwarin,unvisited,review,reported,1,28.0,28.0,False,GPS unvisited / e-tally reported,True,,2026-07-31 19:30:19.408706+00:00
S00380,Olriri,W005,Jijile,Gwarin,unvisited,review,reported,1,64.0,64.0,False,GPS unvisited / e-tally reported,True,,2026-07-31 19:30:19.408706+00:00
S00381,Lorako,W005,Jijile,Gwarin,unvisited,review,reported,1,40.0,40.0,False,GPS unvisited / e-tally reported,True,,2026-07-31 19:30:19.408706+00:00
S00382,Tatidu,W005,Jijile,Gwarin,unvisited,review,reported,1,58.0,58.0,False,GPS unvisited / e-tally reported,True,,2026-07-31 19:30:19.408706+00:00
S00383,Entsina,W005,Jijile,Gwarin,unvisited,review,reported,1,41.0,41.0,False,GPS unvisited / e-tally reported,True,,2026-07-31 19:30:19.408706+00:00
S00384,Yemani,W005,Jijile,Gwarin,unvisited,review,reported,1,5.0,5.0,False,GPS unvisited / e-tally reported,True,,2026-07-31 19:30:19.408706+00:00
S00385,Ibluwo,W005,Jijile,Gwarin,unvisited,review,reported,1,12.0,12.0,False,GPS unvisited / e-tally reported,True,,2026-07-31 19:30:19.408706+00:00
S00386,Yezatu,W005,Jijile,Gwarin,unvisited,review,no e-tally report,0,0.0,0.0,False,GPS unvisited / no e-tally report,False,,2026-07-31 19:30:19.408706+00:00
S00387,Nusadu,W005,Jijile,Gwarin,unvisited,review,reported,1,45.0,45.0,False,GPS unvisited / e-tally reported,True,,2026-07-31 19:30:19.408706+00:00
S00388,Daladu,W005,Jijile,Gwarin,unvisited,review,reported,1,25.0,25.0,False,GPS unvisited / e-tally reported,True,,2026-07-31 19:30:19.408706+00:00
S00389,Nuyole,W005,Jijile,Gwarin,unvisited,review,reported,1,126.0,126.0,False,GPS unvisited / e-tally reported,True,,2026-07-31 19:30:19.408706+00:00
S00390,Agsasa,W005,Jijile,Gwarin,unvisited,review,reported,1,18.0,18.0,False,GPS unvisited / e-tally reported,True,,2026-07-31 19:30:19.408706+00:00
S00391,Danani,W005,Jijile,Gwarin,unvisited,review,reported,1,40.0,40.0,False,GPS unvisited / e-tally reported,True,,2026-07-31 19:30:19.408706+00:00
S00392,Jidule,W005,Jijile,Gwarin,unvisited,review,no e-tally report,0,0.0,0.0,False,GPS unvisited / no e-tally report,False,,2026-07-31 19:30:19.408706+00:00
S00393,Farawa-Kofar,W005,Jijile,Gwarin,unvisited,review,reported,1,6.0,6.0,False,GPS unvisited / e-tally reported,True,,2026-07-31 19:30:19.408706+00:00
S00394,Olbana-Tsakiya,W005,Jijile,Gwarin,unvisited,review,no e-tally report,0,0.0,0.0,False,GPS unvisited / no e-tally report,False,,2026-07-31 19:30:19.408706+00:00
S00395,Ekkofa,W005,Jijile,Gwarin,unvisited,review,reported,1,46.0,46.0,False,GPS unvisited / e-tally reported,True,,2026-07-31 19:30:19.408706+00:00
S00396,Olrishi,W005,Jijile,Gwarin,unvisited,review,reported,1,51.0,51.0,False,GPS unvisited / e-tally reported,True,,2026-07-31 19:30:19.408706+00:00
S00397,Uzjimi,W005,Jijile,Gwarin,unvisited,review,reported,1,73.0,73.0,False,GPS unvisited / e-tally reported,True,,2026-07-31 19:30:19.408706+00:00
S00398,Adlawo,W005,Jijile,Gwarin,unvisited,review,reported,1,45.0,45.0,False,GPS unvisited / e-tally reported,True,,2026-07-31 19:30:19.408706+00:00
S00399,Matiyi,W005,Jijile,Gwarin,unvisited,review,no e-tally report,0,0.0,0.0,False,GPS unvisited / no e-tally report,False,,2026-07-31 19:30:19.408706+00:00
S00400,Eksana,W005,Jijile,Gwarin,unvisited,review,reported,1,15.0,0.0,True,GPS unvisited / e-tally reported,True,,2026-07-31 19:30:19.408706+00:00
S00401,Gungowa,W005,Jijile,Gwarin,unvisited,review,reported,1,89.0,89.0,False,GPS unvisited / e-tally reported,True,,2026-07-31 19:30:19.408706+00:00
S00402,Hasayi,W005,Jijile,Gwarin,unvisited,review,reported,1,54.0,0.0,True,GPS unvisited / e-tally reported,True,,2026-07-31 19:30:19.408706+00:00
S00403,Ekngofa,W005,Jijile,Gwarin,unvisited,review,reported,1,61.0,61.0,False,GPS unvisited / e-tally reported,True,,2026-07-31 19:30:19.408706+00:00
S00404,Sakosa,W005,Jijile,Gwarin,unvisited,review,reported,1,33.0,33.0,False,GPS unvisited / e-tally reported,True,,2026-07-31 19:30:19.408706+00:00
S00405,Enmashi,W005,Jijile,Gwarin,unvisited,review,no e-tally report,0,0.0,0.0,False,GPS unvisited / no e-tally report,False,,2026-07-31 19:30:19.408706+00:00
S00406,Katside,W005,Jijile,Gwarin,unvisited,review,reported,1,31.0,31.0,False,GPS unvisited / e-tally reported,True,,2026-07-31 19:30:19.408706+00:00
S00407,Agmaru,W005,Jijile,Gwarin,unvisited,review,no e-tally report,0,0.0,0.0,False,GPS unvisited / no e-tally report,False,,2026-07-31 19:30:19.408706+00:00
S00408,Longoko,W006,Okradu,Idi-Oro,unvisited,review,no e-tally report,0,0.0,0.0,False,GPS unvisited / no e-tally report,False,,2026-07-31 19:30:19.408706+00:00
S00409,Famako,W006,Okradu,Idi-Oro,unvisited,review,reported,1,101.0,101.0,False,GPS unvisited / e-tally reported,True,,2026-07-31 19:30:19.408706+00:00
S00410,Watsija,W006,Okradu,Idi-Oro,unvisited,review,reported,1,57.0,57.0,False,GPS unvisited / e-tally reported,True,,2026-07-31 19:30:19.408706+00:00
S00411,Enbewa,W006,Okradu,Idi-Oro,unvisited,review,reported,1,42.0,42.0,False,GPS unvisited / e-tally reported,True,,2026-07-31 19:30:19.408706+00:00
S00412,Gutina,W006,Okradu,Idi-Oro,unvisited,review,reported,1,57.0,57.0,False,GPS unvisited / e-tally reported,True,,2026-07-31 19:30:19.408706+00:00
S00413,Bideyi,W006,Okradu,Idi-Oro,unvisited,review,reported,1,184.0,184.0,False,GPS unvisited / e-tally reported,True,,2026-07-31 19:30:19.408706+00:00
S00414,Bitsiri,W006,Okradu,Idi-Oro,unvisited,review,reported,1,20.0,20.0,False,GPS unvisited / e-tally reported,True,,2026-07-31 19:30:19.408706+00:00
S00415,Yedeja-Arewa,W006,OKRADU,Idi-Oro,unvisited,review,reported,1,253.0,253.0,False,GPS unvisited / e-tally reported,True,,2026-07-31 19:30:19.408706+00:00
S00416,Hakowo,W006,Okradu,Idi-Oro,unvisited,review,reported,1,19.0,19.0,False,GPS unvisited / e-tally reported,True,,2026-07-31 19:30:19.408706+00:00
S00417,Sutsiwa,W006,Okradu,Idi-Oro,unvisited,review,reported,1,19.0,19.0,False,GPS unvisited / e-tally reported,True,,2026-07-31 19:30:19.408706+00:00
S00418,Oknami,W006,Okradu,Idi-Oro,unvisited,review,reported,1,50.0,50.0,False,GPS unvisited / e-tally reported,True,,2026-07-31 19:30:19.408706+00:00
S00419,Dangowa,W006,Okradu,Idi-Oro,visited,high,reported,1,46.0,46.0,False,GPS visited / e-tally reported,False,,2026-07-31 19:30:19.408706+00:00
S00420,Badede,W006,Okradu,Idi-Oro,unvisited,review,reported,1,225.0,225.0,False,GPS unvisited / e-tally reported,True,,2026-07-31 19:30:19.408706+00:00
S00421,Zadele-Gabas,W006,Okradu,Idi-Oro,unvisited,review,reported,1,173.0,173.0,False,GPS unvisited / e-tally reported,True,,2026-07-31 19:30:19.408706+00:00
S00422,Umlami,W006,Okradu,Idi-Oro,unvisited,review,reported,1,533.0,0.0,True,GPS unvisited / e-tally reported,True,,2026-07-31 19:30:19.408706+00:00
S00423,Umdemi-Tudun,W006,OKRADU,Idi-Oro,unvisited,review,reported,1,145.0,145.0,False,GPS unvisited / e-tally reported,True,,2026-07-31 19:30:19.408706+00:00
S00424,Gubemi,W006,Okradu,Idi-Oro,unvisited,review,reported,1,65.0,65.0,False,GPS unvisited / e-tally reported,True,,2026-07-31 19:30:19.408706+00:00
S00425,Kawama,W006,Okradu,Idi-Oro,unvisited,review,reported,1,25.0,25.0,False,GPS unvisited / e-tally reported,True,,2026-07-31 19:30:19.408706+00:00
S00426,Sungofa,W006,Okradu,Idi-Oro,unvisited,review,reported,1,41.0,41.0,False,GPS unvisited / e-tally reported,True,,2026-07-31 19:30:19.408706+00:00
S00427,Sujimi,W006,Okradu,Idi-Oro,unvisited,review,reported,1,93.0,93.0,False,GPS unvisited / e-tally reported,True,,2026-07-31 19:30:19.408706+00:00
S00428,Okderu,W006,Okradu,Idi-Oro,unvisited,review,reported,1,444.0,444.0,False,GPS unvisited / e-tally reported,True,,2026-07-31 19:30:19.408706+00:00
S00429,Sutsiri,W006,Okradu,Idi-Oro,unvisited,review,reported,1,422.0,422.0,False,GPS unvisited / e-tally reported,True,,2026-07-31 19:30:19.408706+00:00
S00430,Jimani,W006, Okradu ,Idi-Oro,unvisited,review,reported,1,18.0,18.0,False,GPS unvisited / e-tally reported,True,,2026-07-31 19:30:19.408706+00:00
S00431,Katsidu,W006,Okradu,Idi-Oro,unvisited,review,reported,1,78.0,78.0,False,GPS unvisited / e-tally reported,True,,2026-07-31 19:30:19.408706+00:00
S00432,Kazaru,W006,Okradu,Idi-Oro,unvisited,review,reported,1,3.0,3.0,False,GPS unvisited / e-tally reported,True,,2026-07-31 19:30:19.408706+00:00
S00433,Zajiyi,W006,Okradu,Idi-Oro,unvisited,review,reported,1,158.0,158.0,False,GPS unvisited / e-tally reported,True,,2026-07-31 19:30:19.408706+00:00
S00434,Ennawa-Gabas,W006,Okradu,Idi-Oro,unvisited,review,reported,1,47.0,47.0,False,GPS unvisited / e-tally reported,True,,2026-07-31 19:30:19.408706+00:00
S00435,Okrasa,W006,Okradu,Idi-Oro,unvisited,review,reported,1,117.0,117.0,False,GPS unvisited / e-tally reported,True,,2026-07-31 19:30:19.408706+00:00
S00436,Ibduko,W006,Okradu,Idi-Oro,unvisited,review,reported,1,271.0,271.0,False,GPS unvisited / e-tally reported,True,,2026-07-31 19:30:19.408706+00:00
S00437,Subatu,W006,Okradu,Idi-Oro,unvisited,review,no e-tally report,0,0.0,0.0,False,GPS unvisited / no e-tally report,False,,2026-07-31 19:30:19.408706+00:00
S00438,Biyoru,W006,Okradu,Idi-Oro,unvisited,review,reported,1,36.0,36.0,False,GPS unvisited / e-tally reported,True,,2026-07-31 19:30:19.408706+00:00
S00439,Hasawo,W006,Okradu,Idi-Oro,unvisited,review,reported,1,26.0,26.0,False,GPS unvisited / e-tally reported,True,,2026-07-31 19:30:19.408706+00:00
S00440,Adtsiwa-Tsakiya,W006,Okradu,Idi-Oro,unvisited,review,reported,1,62.0,62.0,False,GPS unvisited / e-tally reported,True,,2026-07-31 19:30:19.408706+00:00
S00441,Kangotu,W006,Okradu,Idi-Oro,unvisited,review,reported,1,101.0,101.0,False,GPS unvisited / e-tally reported,True,,2026-07-31 19:30:19.408706+00:00
S00442,Enlale,W006,Okradu,Idi-Oro,unvisited,review,no e-tally report,0,0.0,0.0,False,GPS unvisited / no e-tally report,False,,2026-07-31 19:30:19.408706+00:00
S00443,Ibtiba,W006,Okradu,Idi-Oro,unvisited,review,reported,1,24.0,24.0,False,GPS unvisited / e-tally reported,True,,2026-07-31 19:30:19.408706+00:00
S00444,Bakota,W006,Okradu,Idi-Oro,unvisited,review,reported,1,99.0,99.0,False,GPS unvisited / e-tally reported,True,,2026-07-31 19:30:19.408706+00:00
S00445,Gunana,W006,Okradu,Idi-Oro,unvisited,review,reported,1,80.0,80.0,False,GPS unvisited / e-tally reported,True,,2026-07-31 19:30:19.408706+00:00
S00446,Ibnani,W006,Okradu,Idi-Oro,unvisited,review,reported,1,152.0,152.0,False,GPS unvisited / e-tally reported,True,,2026-07-31 19:30:19.408706+00:00
S00447,Ollule,W006,Okradu,Idi-Oro,unvisited,review,reported,1,286.0,286.0,False,GPS unvisited / e-tally reported,True,,2026-07-31 19:30:19.408706+00:00
S00448,Bayode,W006,Okradu,Idi-Oro,unvisited,review,no e-tally report,0,0.0,0.0,False,GPS unvisited / no e-tally report,False,,2026-07-31 19:30:19.408706+00:00
S00449,Zayoru,W006,Okradu,Idi-Oro,unvisited,review,reported,1,102.0,102.0,False,GPS unvisited / e-tally reported,True,,2026-07-31 19:30:19.408706+00:00
S00450,Kuwadu,W006,Okradu,Idi-Oro,unvisited,review,reported,1,6.0,6.0,False,GPS unvisited / e-tally reported,True,,2026-07-31 19:30:19.408706+00:00
S00451,Subafa-Sabo,W006,Okradu,Idi-Oro,unvisited,review,reported,1,56.0,56.0,False,GPS unvisited / e-tally reported,True,,2026-07-31 19:30:19.408706+00:00
S00452,Kalude,W006,Okradu,Idi-Oro,unvisited,review,no e-tally report,0,0.0,0.0,False,GPS unvisited / no e-tally report,False,,2026-07-31 19:30:19.408706+00:00
S00453,Adlashi,W006,Okradu,Idi-Oro,unvisited,review,reported,1,77.0,77.0,False,GPS unvisited / e-tally reported,True,,2026-07-31 19:30:19.408706+00:00
S00454,Bazasa,W006,Okradu,Idi-Oro,unvisited,review,reported,1,145.0,145.0,False,GPS unvisited / e-tally reported,True,,2026-07-31 19:30:19.408706+00:00
S00455,Umwana,W006,Okradu,Idi-Oro,unvisited,review,reported,1,137.0,137.0,False,GPS unvisited / e-tally reported,True,,2026-07-31 19:30:19.408706+00:00
S00456,Talaru,W006,Okradu,Idi-Oro,unvisited,review,reported,1,422.0,422.0,False,GPS unvisited / e-tally reported,True,,2026-07-31 19:30:19.408706+00:00
S00457,Gurita,W006,Okradu,Idi-Oro,unvisited,review,reported,1,11.0,11.0,False,GPS unvisited / e-tally reported,True,,2026-07-31 19:30:19.408706+00:00
S00458,Bilufa,W006,Okradu,Idi-Oro,unvisited,review,reported,1,974.0,974.0,False,GPS unvisited / e-tally reported,True,,2026-07-31 19:30:19.408706+00:00
S00459,Lorisa,W006,Okradu,Idi-Oro,unvisited,review,reported,1,64.0,0.0,True,GPS unvisited / e-tally reported,True,,2026-07-31 19:30:19.408706+00:00
S00460,Ibluna,W006,Okradu,Idi-Oro,unvisited,review,no e-tally report,0,0.0,0.0,False,GPS unvisited / no e-tally report,False,,2026-07-31 19:30:19.408706+00:00
S00461,Wasawa,W006,Okradu,Idi-Oro,unvisited,review,reported,1,53.0,53.0,False,GPS unvisited / e-tally reported,True,,2026-07-31 19:30:19.408706+00:00
S00462,Wayoni,W006,Okradu,Idi-Oro,unvisited,review,reported,1,336.0,336.0,False,GPS unvisited / e-tally reported,True,,2026-07-31 19:30:19.408706+00:00
S00463,Risaja,W006,Okradu,Idi-Oro,unvisited,review,reported,1,52.0,0.0,True,GPS unvisited / e-tally reported,True,,2026-07-31 19:30:19.408706+00:00
S00464,Waludu,W006,Okradu,Idi-Oro,unvisited,review,reported,1,39.0,39.0,False,GPS unvisited / e-tally reported,True,,2026-07-31 19:30:19.408706+00:00
S00465,Washata,W006,Okradu,Idi-Oro,unvisited,review,reported,1,27.0,27.0,False,GPS unvisited / e-tally reported,True,,2026-07-31 19:30:19.408706+00:00
S00466,Agrade,W006,Okradu,Idi-Oro,unvisited,review,reported,1,9.0,9.0,False,GPS unvisited / e-tally reported,True,,2026-07-31 19:30:19.408706+00:00
S00467,Hazadu,W006,Okradu,Idi-Oro,unvisited,review,no e-tally report,0,0.0,0.0,False,GPS unvisited / no e-tally report,False,,2026-07-31 19:30:19.408706+00:00
S00468,Jibena-Kudu,W006,Okradu,Idi-Oro,unvisited,review,no e-tally report,0,0.0,0.0,False,GPS unvisited / no e-tally report,False,,2026-07-31 19:30:19.408706+00:00
S00469,Oksawa,W006,Okradu,Idi-Oro,unvisited,review,reported,1,405.0,405.0,False,GPS unvisited / e-tally reported,True,,2026-07-31 19:30:19.408706+00:00
S00470,Enzawo,W006,Okradu,Idi-Oro,unvisited,review,no e-tally report,0,0.0,0.0,False,GPS unvisited / no e-tally report,False,,2026-07-31 19:30:19.408706+00:00
S00471,Zamari,W006,Okradu,Idi-Oro,unvisited,review,reported,1,209.0,209.0,False,GPS unvisited / e-tally reported,True,,2026-07-31 19:30:19.408706+00:00
S00472,Harasa,W006,Okradu,Idi-Oro,unvisited,review,reported,1,15.0,15.0,False,GPS unvisited / e-tally reported,True,,2026-07-31 19:30:19.408706+00:00
S00473,Waduru,W006,Okradu,Idi-Oro,unvisited,review,reported,1,71.0,71.0,False,GPS unvisited / e-tally reported,True,,2026-07-31 19:30:19.408706+00:00
S00474,Gutina-Tsakiya,W006, Okradu ,Idi-Oro,unvisited,review,reported,1,17.0,17.0,False,GPS unvisited / e-tally reported,True,,2026-07-31 19:30:19.408706+00:00
S00475,Zarija,W006,Okradu,Idi-Oro,unvisited,review,no e-tally report,0,0.0,0.0,False,GPS unvisited / no e-tally report,False,,2026-07-31 19:30:19.408706+00:00
S00476,Yelaja,W006,Okradu,Idi-Oro,unvisited,review,reported,1,122.0,122.0,False,GPS unvisited / e-tally reported,True,,2026-07-31 19:30:19.408706+00:00
S00477,Kalule,W006,Okradu,Idi-Oro,unvisited,review,no e-tally report,0,0.0,0.0,False,GPS unvisited / no e-tally report,False,,2026-07-31 19:30:19.408706+00:00
S00478,Okkona,W006,Okradu,Idi-Oro,unvisited,review,reported,1,65.0,65.0,False,GPS unvisited / e-tally reported,True,,2026-07-31 19:30:19.408706+00:00
S00479,Kungoma-Tsakiya,W006,Okradu,Idi-Oro,unvisited,review,reported,1,34.0,34.0,False,GPS unvisited / e-tally reported,True,,2026-07-31 19:30:19.408706+00:00
S00480,Sulufa-Yamma,W006,Okradu,Idi-Oro,unvisited,review,reported,1,309.0,309.0,False,GPS unvisited / e-tally reported,True,,2026-07-31 19:30:19.408706+00:00
S00481,Dodufa-Tudun,W006,Okradu,Idi-Oro,unvisited,review,reported,1,72.0,72.0,False,GPS unvisited / e-tally reported,True,,2026-07-31 19:30:19.408706+00:00
S00482,Nuwade,W006,Okradu,Idi-Oro,unvisited,review,reported,1,12.0,12.0,False,GPS unvisited / e-tally reported,True,,2026-07-31 19:30:19.408706+00:00
S00483,Bawako,W006,Okradu,Idi-Oro,unvisited,review,reported,1,150.0,150.0,False,GPS unvisited / e-tally reported,True,,2026-07-31 19:30:19.408706+00:00
S00484,Adngoyi,W006,Okradu,Idi-Oro,unvisited,review,reported,1,50.0,50.0,False,GPS unvisited / e-tally reported,True,,2026-07-31 19:30:19.408706+00:00
S00485,Okzashi-Tsakiya,W006,Okradu,Idi-Oro,unvisited,review,reported,1,88.0,0.0,True,GPS unvisited / e-tally reported,True,,2026-07-31 19:30:19.408706+00:00
S00486,Zanaru,W006,Okradu,Idi-Oro,unvisited,review,no e-tally report,0,0.0,0.0,False,GPS unvisited / no e-tally report,False,,2026-07-31 19:30:19.408706+00:00
S00487,Jirita,W006,Okradu,Idi-Oro,unvisited,review,no e-tally report,0,0.0,0.0,False,GPS unvisited / no e-tally report,False,,2026-07-31 19:30:19.408706+00:00
S00488,Biluba,W006,Okradu,Idi-Oro,unvisited,review,reported,1,110.0,110.0,False,GPS unvisited / e-tally reported,True,,2026-07-31 19:30:19.408706+00:00
S00489,Tangoma,W006,Okradu,Idi-Oro,unvisited,review,reported,1,75.0,75.0,False,GPS unvisited / e-tally reported,True,,2026-07-31 19:30:19.408706+00:00
S00490,Ibsayi,W006,Okradu,Idi-Oro,unvisited,review,no e-tally report,0,0.0,0.0,False,GPS unvisited / no e-tally report,False,,2026-07-31 19:30:19.408706+00:00
S00491,Sutsija,W006,Okradu,Idi-Oro,unvisited,review,reported,1,30.0,30.0,False,GPS unvisited / e-tally reported,True,,2026-07-31 19:30:19.408706+00:00
S00492,Suludu,W006,Okradu,Idi-Oro,unvisited,review,no e-tally report,0,0.0,0.0,False,GPS unvisited / no e-tally report,False,,2026-07-31 19:30:19.408706+00:00
S00493,Fashana,W006,Okradu,Idi-Oro,unvisited,review,reported,1,68.0,0.0,True,GPS unvisited / e-tally reported,True,,2026-07-31 19:30:19.408706+00:00
S00494,Kasashi,W006,Okradu,Idi-Oro,visited,high,reported,1,87.0,87.0,False,GPS visited / e-tally reported,False,,2026-07-31 19:30:19.408706+00:00
S00495,Zashashi,W006, Okradu ,Idi-Oro,unvisited,review,reported,1,260.0,0.0,True,GPS unvisited / e-tally reported,True,,2026-07-31 19:30:19.408706+00:00
S00496,Kalushi,W006,Okradu,Idi-Oro,unvisited,review,reported,1,301.0,0.0,True,GPS unvisited / e-tally reported,True,,2026-07-31 19:30:19.408706+00:00
S00497,Sungori-Arewa,W006,OKRADU,Idi-Oro,unvisited,review,reported,1,137.0,137.0,False,GPS unvisited / e-tally reported,True,,2026-07-31 19:30:19.408706+00:00
S00498,Ibzadu,W006, Okradu ,Idi-Oro,unvisited,review,reported,1,25.0,25.0,False,GPS unvisited / e-tally reported,True,,2026-07-31 19:30:19.408706+00:00
S00499,Ibngodu,W006,Okradu,Idi-Oro,unvisited,review,reported,1,148.0,148.0,False,GPS unvisited / e-tally reported,True,,2026-07-31 19:30:19.408706+00:00
S00500,Zazana,W006,Okradu,Idi-Oro,unvisited,review,reported,1,515.0,515.0,False,GPS unvisited / e-tally reported,True,,2026-07-31 19:30:19.408706+00:00
S00501,Fanawo,W006,Okradu,Idi-Oro,unvisited,review,reported,1,27.0,27.0,False,GPS unvisited / e-tally reported,True,,2026-07-31 19:30:19.408706+00:00
S00502,Uzwata-Yamma,W006,Okradu,Idi-Oro,unvisited,review,reported,1,115.0,115.0,False,GPS unvisited / e-tally reported,True,,2026-07-31 19:30:19.408706+00:00
S00503,Nudeja,W006,Okradu,Idi-Oro,unvisited,review,reported,1,62.0,62.0,False,GPS unvisited / e-tally reported,True,,2026-07-31 19:30:19.408706+00:00
S00504,Enngori,W006,Okradu,Idi-Oro,unvisited,review,no e-tally report,0,0.0,0.0,False,GPS unvisited / no e-tally report,False,,2026-07-31 19:30:19.408706+00:00
S00505,Oldeko,W006,Okradu,Idi-Oro,unvisited,review,reported,1,47.0,47.0,False,GPS unvisited / e-tally reported,True,,2026-07-31 19:30:19.408706+00:00
S00506,Surashi-Kudu,W006,Okradu,Idi-Oro,unvisited,review,no e-tally report,0,0.0,0.0,False,GPS unvisited / no e-tally report,False,,2026-07-31 19:30:19.408706+00:00
S00507,Ibdeba,W006,Okradu,Idi-Oro,unvisited,review,no e-tally report,0,0.0,0.0,False,GPS unvisited / no e-tally report,False,,2026-07-31 19:30:19.408706+00:00
S00508,Sukona,W006,Okradu,Idi-Oro,unvisited,review,reported,1,103.0,103.0,False,GPS unvisited / e-tally reported,True,,2026-07-31 19:30:19.408706+00:00
S00509,Damashi,W006,Okradu,Idi-Oro,unvisited,review,reported,1,238.0,238.0,False,GPS unvisited / e-tally reported,True,,2026-07-31 19:30:19.408706+00:00
S00510,Umtima,W006,Okradu,Idi-Oro,unvisited,review,reported,1,36.0,0.0,True,GPS unvisited / e-tally reported,True,,2026-07-31 19:30:19.408706+00:00
S00511,Jiyoni,W006,Okradu,Idi-Oro,unvisited,review,reported,1,203.0,203.0,False,GPS unvisited / e-tally reported,True,,2026-07-31 19:30:19.408706+00:00
S00512,Loyode,W006,Okradu,Idi-Oro,unvisited,review,reported,1,97.0,97.0,False,GPS unvisited / e-tally reported,True,,2026-07-31 19:30:19.408706+00:00
S00513,Okshami,W006,Okradu,Idi-Oro,unvisited,review,no e-tally report,0,0.0,0.0,False,GPS unvisited / no e-tally report,False,,2026-07-31 19:30:19.408706+00:00
S00514,Irlufa-Gabas,W006,Okradu,Idi-Oro,visited,high,reported,1,25.0,25.0,False,GPS visited / e-tally reported,False,,2026-07-31 19:30:19.408706+00:00
S00515,Yeduri,W006,Okradu,Idi-Oro,unvisited,review,reported,1,205.0,205.0,False,GPS unvisited / e-tally reported,True,,2026-07-31 19:30:19.408706+00:00
S00516,Olzaja,W006,Okradu,Idi-Oro,unvisited,review,no e-tally report,0,0.0,0.0,False,GPS unvisited / no e-tally report,False,,2026-07-31 19:30:19.408706+00:00
S00517,Fawaba,W006,Okradu,Idi-Oro,unvisited,review,reported,1,93.0,93.0,False,GPS unvisited / e-tally reported,True,,2026-07-31 19:30:19.408706+00:00
S00518,Hajiri,W006,Okradu,Idi-Oro,unvisited,review,reported,1,60.0,60.0,False,GPS unvisited / e-tally reported,True,,2026-07-31 19:30:19.408706+00:00
S00519,Yeluta,W006,Okradu,Idi-Oro,unvisited,review,reported,1,33.0,33.0,False,GPS unvisited / e-tally reported,True,,2026-07-31 19:30:19.408706+00:00
S00520,Lorata,W006,Okradu,Idi-Oro,unvisited,review,no e-tally report,0,0.0,0.0,False,GPS unvisited / no e-tally report,False,,2026-07-31 19:30:19.408706+00:00
S00521,Fazana,W006,Okradu,Idi-Oro,unvisited,review,reported,1,16.0,16.0,False,GPS unvisited / e-tally reported,True,,2026-07-31 19:30:19.408706+00:00
S00522,Losale,W006,Okradu,Idi-Oro,unvisited,review,no e-tally report,0,0.0,0.0,False,GPS unvisited / no e-tally report,False,,2026-07-31 19:30:19.408706+00:00
S00523,Agrifa,W006,Okradu,Idi-Oro,unvisited,review,reported,1,28.0,28.0,False,GPS unvisited / e-tally reported,True,,2026-07-31 19:30:19.408706+00:00
S00524,Umnana-Tudun,W006,Okradu,Idi-Oro,unvisited,review,reported,1,13.0,13.0,False,GPS unvisited / e-tally reported,True,,2026-07-31 19:30:19.408706+00:00
S00525,Tayona,W006,Okradu,Idi-Oro,unvisited,review,reported,1,107.0,107.0,False,GPS unvisited / e-tally reported,True,,2026-07-31 19:30:19.408706+00:00
S00526,Sujiri,W006,Okradu,Idi-Oro,unvisited,review,reported,1,99.0,99.0,False,GPS unvisited / e-tally reported,True,,2026-07-31 19:30:19.408706+00:00
S00527,Sushata,W006,Okradu,Idi-Oro,unvisited,review,reported,1,32.0,32.0,False,GPS unvisited / e-tally reported,True,,2026-07-31 19:30:19.408706+00:00
S00528,Bamaba,W006,Okradu,Idi-Oro,unvisited,review,reported,1,185.0,0.0,True,GPS unvisited / e-tally reported,True,,2026-07-31 19:30:19.408706+00:00
S00529,Adyoyi,W006,Okradu,Idi-Oro,unvisited,review,reported,1,352.0,352.0,False,GPS unvisited / e-tally reported,True,,2026-07-31 19:30:19.408706+00:00
S00530,Ibbefa,W006,Okradu,Idi-Oro,unvisited,review,reported,1,47.0,0.0,True,GPS unvisited / e-tally reported,True,,2026-07-31 19:30:19.408706+00:00
S00531,Yengomi,W006,Okradu,Idi-Oro,unvisited,review,no e-tally report,0,0.0,0.0,False,GPS unvisited / no e-tally report,False,,2026-07-31 19:30:19.408706+00:00
S00532,Wabeyi,W006,Okradu,Idi-Oro,unvisited,review,reported,1,1192.0,1192.0,False,GPS unvisited / e-tally reported,True,,2026-07-31 19:30:19.408706+00:00
S00533,Kadetu,W006,Okradu,Idi-Oro,unvisited,review,reported,1,185.0,185.0,False,GPS unvisited / e-tally reported,True,,2026-07-31 19:30:19.408706+00:00
S00534,Ekrayi,W006,Okradu,Idi-Oro,unvisited,review,no e-tally report,0,0.0,0.0,False,GPS unvisited / no e-tally report,False,,2026-07-31 19:30:19.408706+00:00
S00535,Lolata,W007,BAYOYI,Idi-Oro,unvisited,review,reported,1,38.0,38.0,False,GPS unvisited / e-tally reported,True,,2026-07-31 19:30:19.408706+00:00
S00536,Oktsiko,W007,Bayoyi,Idi-Oro,unvisited,review,reported,1,161.0,161.0,False,GPS unvisited / e-tally reported,True,,2026-07-31 19:30:19.408706+00:00
S00537,Bikofa-Arewa,W007,Bayoyi,Idi-Oro,unvisited,review,no e-tally report,0,0.0,0.0,False,GPS unvisited / no e-tally report,False,,2026-07-31 19:30:19.408706+00:00
S00538,Umrami-Arewa,W007,Bayoyi,Idi-Oro,visited,high,reported,1,66.0,0.0,True,GPS visited / e-tally reported,False,,2026-07-31 19:30:19.408706+00:00
S00539,Baduri,W007,Bayoyi,Idi-Oro,unvisited,review,reported,1,23.0,23.0,False,GPS unvisited / e-tally reported,True,,2026-07-31 19:30:19.408706+00:00
S00540,Adzafa-Yamma,W007,Bayoyi,Idi-Oro,unvisited,review,no e-tally report,0,0.0,0.0,False,GPS unvisited / no e-tally report,False,,2026-07-31 19:30:19.408706+00:00
S00541,Dadeyi,W007,Bayoyi,Idi-Oro,unvisited,review,reported,1,98.0,98.0,False,GPS unvisited / e-tally reported,True,,2026-07-31 19:30:19.408706+00:00
S00542,Umlale,W007,Bayoyi,Idi-Oro,unvisited,review,reported,1,31.0,31.0,False,GPS unvisited / e-tally reported,True,,2026-07-31 19:30:19.408706+00:00
S00543,Agjiko,W007,Bayoyi,Idi-Oro,unvisited,review,reported,1,92.0,92.0,False,GPS unvisited / e-tally reported,True,,2026-07-31 19:30:19.408706+00:00
S00544,Warita-Tsakiya,W007,Bayoyi,Idi-Oro,unvisited,review,reported,1,85.0,85.0,False,GPS unvisited / e-tally reported,True,,2026-07-31 19:30:19.408706+00:00
S00545,Sabemi-Sabo,W007,Bayoyi,Idi-Oro,unvisited,review,reported,1,152.0,152.0,False,GPS unvisited / e-tally reported,True,,2026-07-31 19:30:19.408706+00:00
S00546,Enzako,W007,Bayoyi,Idi-Oro,visited,high,reported,1,36.0,36.0,False,GPS visited / e-tally reported,False,,2026-07-31 19:30:19.408706+00:00
S00547,Sasharu,W007, Bayoyi ,Idi-Oro,unvisited,review,reported,1,53.0,53.0,False,GPS unvisited / e-tally reported,True,,2026-07-31 19:30:19.408706+00:00
S00548,Agshatu,W007,Bayoyi,Idi-Oro,unvisited,review,reported,1,330.0,330.0,False,GPS unvisited / e-tally reported,True,,2026-07-31 19:30:19.408706+00:00
S00549,Oltija,W007,Bayoyi,Idi-Oro,unvisited,review,no e-tally report,0,0.0,0.0,False,GPS unvisited / no e-tally report,False,,2026-07-31 19:30:19.408706+00:00
S00550,Yeriri,W007,BAYOYI,Idi-Oro,unvisited,review,reported,1,154.0,154.0,False,GPS unvisited / e-tally reported,True,,2026-07-31 19:30:19.408706+00:00
S00551,Wabele,W007,Bayoyi,Idi-Oro,unvisited,review,reported,1,298.0,298.0,False,GPS unvisited / e-tally reported,True,,2026-07-31 19:30:19.408706+00:00
S00552,Kawako-Tudun,W007,Bayoyi,Idi-Oro,unvisited,review,reported,1,37.0,37.0,False,GPS unvisited / e-tally reported,True,,2026-07-31 19:30:19.408706+00:00
S00553,Wabema-Yamma,W007,Bayoyi,Idi-Oro,visited,high,reported,1,1055.0,1055.0,False,GPS visited / e-tally reported,False,,2026-07-31 19:30:19.408706+00:00
S00554,Ummari,W007,Bayoyi,Idi-Oro,unvisited,review,no e-tally report,0,0.0,0.0,False,GPS unvisited / no e-tally report,False,,2026-07-31 19:30:19.408706+00:00
S00555,Malusa,W007,Bayoyi,Idi-Oro,unvisited,review,no e-tally report,0,0.0,0.0,False,GPS unvisited / no e-tally report,False,,2026-07-31 19:30:19.408706+00:00
S00556,Dashawa,W007,Bayoyi,Idi-Oro,visited,high,reported,1,424.0,0.0,True,GPS visited / e-tally reported,False,,2026-07-31 19:30:19.408706+00:00
S00557,Kutsifa,W007,Bayoyi,Idi-Oro,unvisited,review,no e-tally report,0,0.0,0.0,False,GPS unvisited / no e-tally report,False,,2026-07-31 19:30:19.408706+00:00
S00558,Okdutu,W007,Bayoyi,Idi-Oro,unvisited,review,reported,1,88.0,88.0,False,GPS unvisited / e-tally reported,True,,2026-07-31 19:30:19.408706+00:00
S00559,Suberu-Sabo,W007,Bayoyi,Idi-Oro,unvisited,review,reported,1,85.0,0.0,True,GPS unvisited / e-tally reported,True,,2026-07-31 19:30:19.408706+00:00
S00560,Waraba,W007,Bayoyi,Idi-Oro,unvisited,review,reported,1,79.0,79.0,False,GPS unvisited / e-tally reported,True,,2026-07-31 19:30:19.408706+00:00
S00561,Uzwaja,W007,Bayoyi,Idi-Oro,unvisited,review,reported,1,902.0,0.0,True,GPS unvisited / e-tally reported,True,,2026-07-31 19:30:19.408706+00:00
S00562,Sujitu,W007,Bayoyi,Idi-Oro,unvisited,review,reported,1,45.0,45.0,False,GPS unvisited / e-tally reported,True,,2026-07-31 19:30:19.408706+00:00
S00563,Saberi-Tudun,W007,Bayoyi,Idi-Oro,unvisited,review,reported,1,71.0,71.0,False,GPS unvisited / e-tally reported,True,,2026-07-31 19:30:19.408706+00:00
S00564,Umngole,W007,Bayoyi,Idi-Oro,unvisited,review,reported,1,221.0,221.0,False,GPS unvisited / e-tally reported,True,,2026-07-31 19:30:19.408706+00:00
S00565,Irbata-Sabo,W007,Bayoyi,Idi-Oro,unvisited,review,reported,1,43.0,43.0,False,GPS unvisited / e-tally reported,True,,2026-07-31 19:30:19.408706+00:00
S00566,Dokowa,W007,Bayoyi,Idi-Oro,unvisited,review,reported,1,14.0,14.0,False,GPS unvisited / e-tally reported,True,,2026-07-31 19:30:19.408706+00:00
S00567,Fabema,W007,Bayoyi,Idi-Oro,unvisited,review,reported,1,88.0,88.0,False,GPS unvisited / e-tally reported,True,,2026-07-31 19:30:19.408706+00:00
S00568,Kangoma,W007,Bayoyi,Idi-Oro,unvisited,review,reported,1,371.0,371.0,False,GPS unvisited / e-tally reported,True,,2026-07-31 19:30:19.408706+00:00
S00569,Doludu,W007,Bayoyi,Idi-Oro,unvisited,review,reported,1,77.0,77.0,False,GPS unvisited / e-tally reported,True,,2026-07-31 19:30:19.408706+00:00
S00570,Dabeko-Tsakiya,W007,BAYOYI,Idi-Oro,unvisited,review,no e-tally report,0,0.0,0.0,False,GPS unvisited / no e-tally report,False,,2026-07-31 19:30:19.408706+00:00
S00571,Uzyole,W007,Bayoyi,Idi-Oro,unvisited,review,reported,1,33.0,33.0,False,GPS unvisited / e-tally reported,True,,2026-07-31 19:30:19.408706+00:00
S00572,Ekwana,W007,Bayoyi,Idi-Oro,unvisited,review,no e-tally report,0,0.0,0.0,False,GPS unvisited / no e-tally report,False,,2026-07-31 19:30:19.408706+00:00
S00573,Dosasa-Tudun,W007,Bayoyi,Idi-Oro,unvisited,review,reported,1,34.0,34.0,False,GPS unvisited / e-tally reported,True,,2026-07-31 19:30:19.408706+00:00
S00574,Kangoru,W007,Bayoyi,Idi-Oro,unvisited,review,reported,1,164.0,164.0,False,GPS unvisited / e-tally reported,True,,2026-07-31 19:30:19.408706+00:00
S00575,Lodutu,W007,Bayoyi,Idi-Oro,unvisited,review,no e-tally report,0,0.0,0.0,False,GPS unvisited / no e-tally report,False,,2026-07-31 19:30:19.408706+00:00
S00576,Yebawa,W007,Bayoyi,Idi-Oro,ambiguous,ambiguous,reported,1,92.0,92.0,False,GPS ambiguous / e-tally reported,False,,2026-07-31 19:30:19.408706+00:00
S00577,Fatini-Kofar,W007,Bayoyi,Idi-Oro,unvisited,review,reported,1,164.0,0.0,True,GPS unvisited / e-tally reported,True,,2026-07-31 19:30:19.408706+00:00
S00578,Zabeta,W007,Bayoyi,Idi-Oro,unvisited,review,no e-tally report,0,0.0,0.0,False,GPS unvisited / no e-tally report,False,,2026-07-31 19:30:19.408706+00:00
S00579,Wanasa,W007,Bayoyi,Idi-Oro,unvisited,review,reported,1,55.0,55.0,False,GPS unvisited / e-tally reported,True,,2026-07-31 19:30:19.408706+00:00
S00580,Ibshako,W007,Bayoyi,Idi-Oro,unvisited,review,reported,1,122.0,122.0,False,GPS unvisited / e-tally reported,True,,2026-07-31 19:30:19.408706+00:00
S00581,Yejija-Yamma,W007,Bayoyi,Idi-Oro,unvisited,review,reported,1,411.0,411.0,False,GPS unvisited / e-tally reported,True,,2026-07-31 19:30:19.408706+00:00
S00582,Gushama,W007,Bayoyi,Idi-Oro,visited,high,reported,1,511.0,511.0,False,GPS visited / e-tally reported,False,,2026-07-31 19:30:19.408706+00:00
S00583,Bideba,W007,Bayoyi,Idi-Oro,unvisited,review,no e-tally report,0,0.0,0.0,False,GPS unvisited / no e-tally report,False,,2026-07-31 19:30:19.408706+00:00
S00584,Uznatu,W007,Bayoyi,Idi-Oro,unvisited,review,reported,1,97.0,97.0,False,GPS unvisited / e-tally reported,True,,2026-07-31 19:30:19.408706+00:00
S00585,Agbasa-Sabo,W007,Bayoyi,Idi-Oro,unvisited,review,no e-tally report,0,0.0,0.0,False,GPS unvisited / no e-tally report,False,,2026-07-31 19:30:19.408706+00:00
S00586,Lobeko,W007,Bayoyi,Idi-Oro,unvisited,review,reported,1,30.0,0.0,True,GPS unvisited / e-tally reported,True,,2026-07-31 19:30:19.408706+00:00
S00587,Oljile,W007,Bayoyi,Idi-Oro,unvisited,review,reported,1,123.0,0.0,True,GPS unvisited / e-tally reported,True,,2026-07-31 19:30:19.408706+00:00
S00588,Loludu,W007,Bayoyi,Idi-Oro,unvisited,review,reported,1,108.0,108.0,False,GPS unvisited / e-tally reported,True,,2026-07-31 19:30:19.408706+00:00
S00589,Doluri,W007,Bayoyi,Idi-Oro,unvisited,review,reported,1,19.0,19.0,False,GPS unvisited / e-tally reported,True,,2026-07-31 19:30:19.408706+00:00
S00590,Okshadu,W007,Bayoyi,Idi-Oro,ambiguous,ambiguous,reported,1,119.0,119.0,False,GPS ambiguous / e-tally reported,False,,2026-07-31 19:30:19.408706+00:00
S00591,Ensashi,W007,Bayoyi,Idi-Oro,unvisited,review,reported,1,301.0,301.0,False,GPS unvisited / e-tally reported,True,,2026-07-31 19:30:19.408706+00:00
S00592,Sariwa-Gabas,W007,Bayoyi,Idi-Oro,unvisited,review,no e-tally report,0,0.0,0.0,False,GPS unvisited / no e-tally report,False,,2026-07-31 19:30:19.408706+00:00
S00593,Jiyoma,W007,Bayoyi,Idi-Oro,unvisited,review,reported,1,20.0,20.0,False,GPS unvisited / e-tally reported,True,,2026-07-31 19:30:19.408706+00:00
S00594,Jilama,W007,Bayoyi,Idi-Oro,visited,high,reported,1,67.0,67.0,False,GPS visited / e-tally reported,False,,2026-07-31 19:30:19.408706+00:00
S00595,Ekdusa,W007,Bayoyi,Idi-Oro,unvisited,review,no e-tally report,0,0.0,0.0,False,GPS unvisited / no e-tally report,False,,2026-07-31 19:30:19.408706+00:00
S00596,Zashari,W007,Bayoyi,Idi-Oro,unvisited,review,reported,1,241.0,241.0,False,GPS unvisited / e-tally reported,True,,2026-07-31 19:30:19.408706+00:00
S00597,Ibkoba,W007,Bayoyi,Idi-Oro,ambiguous,ambiguous,reported,1,96.0,0.0,True,GPS ambiguous / e-tally reported,False,,2026-07-31 19:30:19.408706+00:00
S00598,Ibjimi-Sabo,W007,Bayoyi,Idi-Oro,unvisited,review,no e-tally report,0,0.0,0.0,False,GPS unvisited / no e-tally report,False,,2026-07-31 19:30:19.408706+00:00
S00599,Olngosa,W007,Bayoyi,Idi-Oro,visited,high,reported,1,62.0,62.0,False,GPS visited / e-tally reported,False,,2026-07-31 19:30:19.408706+00:00
S00600,Yenayi,W007,Bayoyi,Idi-Oro,unvisited,review,reported,1,89.0,89.0,False,GPS unvisited / e-tally reported,True,,2026-07-31 19:30:19.408706+00:00
S00601,Saraba,W007,Bayoyi,Idi-Oro,unvisited,review,reported,1,13.0,13.0,False,GPS unvisited / e-tally reported,True,,2026-07-31 19:30:19.408706+00:00
S00602,Uzraba-Kofar,W007,Bayoyi,Idi-Oro,unvisited,review,reported,1,34.0,34.0,False,GPS unvisited / e-tally reported,True,,2026-07-31 19:30:19.408706+00:00
S00603,Talani,W007,Bayoyi,Idi-Oro,unvisited,review,no e-tally report,0,0.0,0.0,False,GPS unvisited / no e-tally report,False,,2026-07-31 19:30:19.408706+00:00
S00604,Adtiri,W007,Bayoyi,Idi-Oro,unvisited,review,reported,1,56.0,56.0,False,GPS unvisited / e-tally reported,True,,2026-07-31 19:30:19.408706+00:00
S00605,Uzdetu-Arewa,W007,Bayoyi,Idi-Oro,unvisited,review,reported,1,7.0,7.0,False,GPS unvisited / e-tally reported,True,,2026-07-31 19:30:19.408706+00:00
S00606,Adduma,W007,Bayoyi,Idi-Oro,visited,high,reported,1,58.0,58.0,False,GPS visited / e-tally reported,False,,2026-07-31 19:30:19.408706+00:00
S00607,Tasari,W007,Bayoyi,Idi-Oro,unvisited,review,reported,1,30.0,30.0,False,GPS unvisited / e-tally reported,True,,2026-07-31 19:30:19.408706+00:00
S00608,Kuyoba,W007,Bayoyi,Idi-Oro,unvisited,review,reported,1,18.0,18.0,False,GPS unvisited / e-tally reported,True,,2026-07-31 19:30:19.408706+00:00
S00609,Kabani,W007,Bayoyi,Idi-Oro,unvisited,review,reported,1,116.0,116.0,False,GPS unvisited / e-tally reported,True,,2026-07-31 19:30:19.408706+00:00
S00610,Oktiwo,W007,Bayoyi,Idi-Oro,unvisited,review,reported,1,70.0,70.0,False,GPS unvisited / e-tally reported,True,,2026-07-31 19:30:19.408706+00:00
S00611,Bakode,W007,Bayoyi,Idi-Oro,visited,high,reported,1,68.0,68.0,False,GPS visited / e-tally reported,False,,2026-07-31 19:30:19.408706+00:00
S00612,Ritsiko,W007,Bayoyi,Idi-Oro,unvisited,review,reported,1,63.0,63.0,False,GPS unvisited / e-tally reported,True,,2026-07-31 19:30:19.408706+00:00
S00613,Dazaja,W007,Bayoyi,Idi-Oro,unvisited,review,no e-tally report,0,0.0,0.0,False,GPS unvisited / no e-tally report,False,,2026-07-31 19:30:19.408706+00:00
S00614,Ekduwo,W007,Bayoyi,Idi-Oro,unvisited,review,reported,1,51.0,51.0,False,GPS unvisited / e-tally reported,True,,2026-07-31 19:30:19.408706+00:00
S00615,Ekkoyi,W007,Bayoyi,Idi-Oro,ambiguous,ambiguous,reported,1,58.0,58.0,False,GPS ambiguous / e-tally reported,False,,2026-07-31 19:30:19.408706+00:00
S00616,Bitsitu-Arewa,W007,Bayoyi,Idi-Oro,unvisited,review,no e-tally report,0,0.0,0.0,False,GPS unvisited / no e-tally report,False,,2026-07-31 19:30:19.408706+00:00
S00617,Basaru,W007,Bayoyi,Idi-Oro,unvisited,review,reported,1,36.0,0.0,True,GPS unvisited / e-tally reported,True,,2026-07-31 19:30:19.408706+00:00
S00618,Irbefa-Arewa,W007,Bayoyi,Idi-Oro,unvisited,review,reported,1,20.0,20.0,False,GPS unvisited / e-tally reported,True,,2026-07-31 19:30:19.408706+00:00
S00619,Doriru,W007,Bayoyi,Idi-Oro,unvisited,review,reported,1,35.0,35.0,False,GPS unvisited / e-tally reported,True,,2026-07-31 19:30:19.408706+00:00
S00620,Nunaja,W007,Bayoyi,Idi-Oro,unvisited,review,reported,1,128.0,128.0,False,GPS unvisited / e-tally reported,True,,2026-07-31 19:30:19.408706+00:00
S00621,Makotu,W007,Bayoyi,Idi-Oro,unvisited,review,reported,1,138.0,0.0,True,GPS unvisited / e-tally reported,True,,2026-07-31 19:30:19.408706+00:00
S00622,Entsishi,W007,Bayoyi,Idi-Oro,unvisited,review,reported,1,61.0,61.0,False,GPS unvisited / e-tally reported,True,,2026-07-31 19:30:19.408706+00:00
S00623,Irngoni,W007, Bayoyi ,Idi-Oro,unvisited,review,reported,1,168.0,168.0,False,GPS unvisited / e-tally reported,True,,2026-07-31 19:30:19.408706+00:00
S00624,Irrishi,W007,Bayoyi,Idi-Oro,unvisited,review,no e-tally report,0,0.0,0.0,False,GPS unvisited / no e-tally report,False,,2026-07-31 19:30:19.408706+00:00
S00625,Suyoru,W007,Bayoyi,Idi-Oro,unvisited,review,no e-tally report,0,0.0,0.0,False,GPS unvisited / no e-tally report,False,,2026-07-31 19:30:19.408706+00:00
S00626,Datitu,W007,Bayoyi,Idi-Oro,unvisited,review,reported,1,35.0,35.0,False,GPS unvisited / e-tally reported,True,,2026-07-31 19:30:19.408706+00:00
S00627,Irluri,W007,Bayoyi,Idi-Oro,unvisited,review,reported,1,124.0,124.0,False,GPS unvisited / e-tally reported,True,,2026-07-31 19:30:19.408706+00:00
S00628,Tanade,W007,Bayoyi,Idi-Oro,unvisited,review,reported,1,10.0,10.0,False,GPS unvisited / e-tally reported,True,,2026-07-31 19:30:19.408706+00:00
S00629,Uztiru,W007,Bayoyi,Idi-Oro,unvisited,review,reported,1,42.0,42.0,False,GPS unvisited / e-tally reported,True,,2026-07-31 19:30:19.408706+00:00
S00630,Enwadu,W007,Bayoyi,Idi-Oro,unvisited,review,reported,1,117.0,117.0,False,GPS unvisited / e-tally reported,True,,2026-07-31 19:30:19.408706+00:00
S00631,Kabale,W007,Bayoyi,Idi-Oro,ambiguous,ambiguous,reported,1,67.0,67.0,False,GPS ambiguous / e-tally reported,False,,2026-07-31 19:30:19.408706+00:00
S00632,Banadu,W007,Bayoyi,Idi-Oro,unvisited,review,reported,1,180.0,180.0,False,GPS unvisited / e-tally reported,True,,2026-07-31 19:30:19.408706+00:00
S00633,Ennawa,W007,Bayoyi,Idi-Oro,unvisited,review,reported,1,36.0,36.0,False,GPS unvisited / e-tally reported,True,,2026-07-31 19:30:19.408706+00:00
S00634,Wadusa,W007,Bayoyi,Idi-Oro,unvisited,review,no e-tally report,0,0.0,0.0,False,GPS unvisited / no e-tally report,False,,2026-07-31 19:30:19.408706+00:00
S00635,Yenani,W007,Bayoyi,Idi-Oro,unvisited,review,reported,1,58.0,58.0,False,GPS unvisited / e-tally reported,True,,2026-07-31 19:30:19.408706+00:00
S00636,Ibwasa,W007,Bayoyi,Idi-Oro,unvisited,review,no e-tally report,0,0.0,0.0,False,GPS unvisited / no e-tally report,False,,2026-07-31 19:30:19.408706+00:00
S00637,Sutita,W007,Bayoyi,Idi-Oro,unvisited,review,reported,1,29.0,29.0,False,GPS unvisited / e-tally reported,True,,2026-07-31 19:30:19.408706+00:00
S00638,Nusashi,W007,Bayoyi,Idi-Oro,unvisited,review,reported,1,17.0,0.0,True,GPS unvisited / e-tally reported,True,,2026-07-31 19:30:19.408706+00:00
S00639,Waratu,W007,Bayoyi,Idi-Oro,unvisited,review,no e-tally report,0,0.0,0.0,False,GPS unvisited / no e-tally report,False,,2026-07-31 19:30:19.408706+00:00
S00640,Sazaja,W007,Bayoyi,Idi-Oro,unvisited,review,no e-tally report,0,0.0,0.0,False,GPS unvisited / no e-tally report,False,,2026-07-31 19:30:19.408706+00:00
S00641,Tanafa-Yamma,W007,Bayoyi,Idi-Oro,unvisited,review,reported,1,157.0,0.0,True,GPS unvisited / e-tally reported,True,,2026-07-31 19:30:19.408706+00:00
S00642,Tayosa,W007,Bayoyi,Idi-Oro,unvisited,review,reported,1,31.0,31.0,False,GPS unvisited / e-tally reported,True,,2026-07-31 19:30:19.408706+00:00
S00643,Ririwa-Sabo,W007,Bayoyi,Idi-Oro,unvisited,review,reported,1,343.0,343.0,False,GPS unvisited / e-tally reported,True,,2026-07-31 19:30:19.408706+00:00
S00644,Dayode,W007,Bayoyi,Idi-Oro,ambiguous,ambiguous,reported,1,88.0,88.0,False,GPS ambiguous / e-tally reported,False,,2026-07-31 19:30:19.408706+00:00
S00645,Yezako-Kofar,W007,Bayoyi,Idi-Oro,unvisited,review,reported,1,63.0,63.0,False,GPS unvisited / e-tally reported,True,,2026-07-31 19:30:19.408706+00:00
S00646,Ekluwa,W007,Bayoyi,Idi-Oro,unvisited,review,no e-tally report,0,0.0,0.0,False,GPS unvisited / no e-tally report,False,,2026-07-31 19:30:19.408706+00:00
S00647,Uztsile-Tudun,W007,Bayoyi,Idi-Oro,unvisited,review,reported,1,303.0,303.0,False,GPS unvisited / e-tally reported,True,,2026-07-31 19:30:19.408706+00:00
S00648,Yewafa,W007,Bayoyi,Idi-Oro,unvisited,review,reported,1,12.0,12.0,False,GPS unvisited / e-tally reported,True,,2026-07-31 19:30:19.408706+00:00
S00649,Ribemi-Tsakiya,W007,Bayoyi,Idi-Oro,unvisited,review,reported,1,37.0,37.0,False,GPS unvisited / e-tally reported,True,,2026-07-31 19:30:19.408706+00:00
S00650,Kuwale,W007,Bayoyi,Idi-Oro,unvisited,review,reported,1,137.0,137.0,False,GPS unvisited / e-tally reported,True,,2026-07-31 19:30:19.408706+00:00
S00651,Sushana-Arewa,W007,Bayoyi,Idi-Oro,visited,high,reported,1,71.0,71.0,False,GPS visited / e-tally reported,False,,2026-07-31 19:30:19.408706+00:00
S00652,Harani,W007,Bayoyi,Idi-Oro,unvisited,review,reported,1,676.0,676.0,False,GPS unvisited / e-tally reported,True,,2026-07-31 19:30:19.408706+00:00
S00653,Oktiri-Gabas,W007,Bayoyi,Idi-Oro,unvisited,review,reported,1,38.0,38.0,False,GPS unvisited / e-tally reported,True,,2026-07-31 19:30:19.408706+00:00
S00654,Doduru,W007,Bayoyi,Idi-Oro,unvisited,review,reported,1,168.0,168.0,False,GPS unvisited / e-tally reported,True,,2026-07-31 19:30:19.408706+00:00
S00655,Basaba,W007,Bayoyi,Idi-Oro,visited,high,reported,1,69.0,69.0,False,GPS visited / e-tally reported,False,,2026-07-31 19:30:19.408706+00:00
S00656,Okbaba-Tsakiya,W007,Bayoyi,Idi-Oro,unvisited,review,reported,1,128.0,128.0,False,GPS unvisited / e-tally reported,True,,2026-07-31 19:30:19.408706+00:00
S00657,Eklade,W007,Bayoyi,Idi-Oro,unvisited,review,no e-tally report,0,0.0,0.0,False,GPS unvisited / no e-tally report,False,,2026-07-31 19:30:19.408706+00:00
S00658,Waduna,W007,Bayoyi,Idi-Oro,ambiguous,ambiguous,reported,1,170.0,170.0,False,GPS ambiguous / e-tally reported,False,,2026-07-31 19:30:19.408706+00:00
S00659,Ektsitu,W007,Bayoyi,Idi-Oro,ambiguous,ambiguous,reported,1,9.0,9.0,False,GPS ambiguous / e-tally reported,False,,2026-07-31 19:30:19.408706+00:00
S00660,Riratu,W008,Umyosa,Idi-Oro,unvisited,review,reported,1,113.0,113.0,False,GPS unvisited / e-tally reported,True,,2026-07-31 19:30:19.408706+00:00
S00661,Oldema,W008,Umyosa,Idi-Oro,unvisited,review,reported,1,78.0,78.0,False,GPS unvisited / e-tally reported,True,,2026-07-31 19:30:19.408706+00:00
S00662,Jibena,W008,Umyosa,Idi-Oro,unvisited,review,reported,1,124.0,124.0,False,GPS unvisited / e-tally reported,True,,2026-07-31 19:30:19.408706+00:00
S00663,Adlari-Kofar,W008,Umyosa,Idi-Oro,unvisited,review,reported,1,15.0,15.0,False,GPS unvisited / e-tally reported,True,,2026-07-31 19:30:19.408706+00:00
S00664,Enlaru,W008,UMYOSA,Idi-Oro,unvisited,review,reported,1,132.0,132.0,False,GPS unvisited / e-tally reported,True,,2026-07-31 19:30:19.408706+00:00
S00665,Irsale,W008,Umyosa,Idi-Oro,unvisited,review,no e-tally report,0,0.0,0.0,False,GPS unvisited / no e-tally report,False,,2026-07-31 19:30:19.408706+00:00
S00666,Datita,W008,Umyosa,Idi-Oro,unvisited,review,reported,1,36.0,36.0,False,GPS unvisited / e-tally reported,True,,2026-07-31 19:30:19.408706+00:00
S00667,Adyole,W008,Umyosa,Idi-Oro,unvisited,review,reported,1,45.0,45.0,False,GPS unvisited / e-tally reported,True,,2026-07-31 19:30:19.408706+00:00
S00668,Gunatu-Gabas,W008,Umyosa,Idi-Oro,unvisited,review,reported,1,78.0,78.0,False,GPS unvisited / e-tally reported,True,,2026-07-31 19:30:19.408706+00:00
S00669,Nushafa,W008,Umyosa,Idi-Oro,unvisited,review,no e-tally report,0,0.0,0.0,False,GPS unvisited / no e-tally report,False,,2026-07-31 19:30:19.408706+00:00
S00670,Lotsina,W008,Umyosa,Idi-Oro,unvisited,review,reported,1,23.0,23.0,False,GPS unvisited / e-tally reported,True,,2026-07-31 19:30:19.408706+00:00
S00671,Mazatu,W008,Umyosa,Idi-Oro,unvisited,review,reported,1,414.0,414.0,False,GPS unvisited / e-tally reported,True,,2026-07-31 19:30:19.408706+00:00
S00672,Hangodu-Kudu,W008,Umyosa,Idi-Oro,unvisited,review,reported,1,369.0,369.0,False,GPS unvisited / e-tally reported,True,,2026-07-31 19:30:19.408706+00:00
S00673,Kawaja,W008,Umyosa,Idi-Oro,unvisited,review,reported,1,113.0,113.0,False,GPS unvisited / e-tally reported,True,,2026-07-31 19:30:19.408706+00:00
S00674,Fasaru,W008,Umyosa,Idi-Oro,unvisited,review,reported,1,752.0,0.0,True,GPS unvisited / e-tally reported,True,,2026-07-31 19:30:19.408706+00:00
S00675,Zabafa,W008,Umyosa,Idi-Oro,unvisited,review,reported,1,66.0,66.0,False,GPS unvisited / e-tally reported,True,,2026-07-31 19:30:19.408706+00:00
S00676,Entsina-Kofar,W008,Umyosa,Idi-Oro,unvisited,review,reported,1,38.0,38.0,False,GPS unvisited / e-tally reported,True,,2026-07-31 19:30:19.408706+00:00
S00677,Falushi,W008,Umyosa,Idi-Oro,unvisited,review,reported,1,36.0,0.0,True,GPS unvisited / e-tally reported,True,,2026-07-31 19:30:19.408706+00:00
S00678,Aglama,W008,Umyosa,Idi-Oro,unvisited,review,reported,1,284.0,0.0,True,GPS unvisited / e-tally reported,True,,2026-07-31 19:30:19.408706+00:00
S00679,Gulawa-Tudun,W008,Umyosa,Idi-Oro,unvisited,review,no e-tally report,0,0.0,0.0,False,GPS unvisited / no e-tally report,False,,2026-07-31 19:30:19.408706+00:00
S00680,Gurata,W008,Umyosa,Idi-Oro,unvisited,review,reported,1,98.0,98.0,False,GPS unvisited / e-tally reported,True,,2026-07-31 19:30:19.408706+00:00
S00681,Jimadu,W008,Umyosa,Idi-Oro,unvisited,review,no e-tally report,0,0.0,0.0,False,GPS unvisited / no e-tally report,False,,2026-07-31 19:30:19.408706+00:00
S00682,Irzari,W008,Umyosa,Idi-Oro,unvisited,review,reported,1,87.0,87.0,False,GPS unvisited / e-tally reported,True,,2026-07-31 19:30:19.408706+00:00
S00683,Agbadu,W008,Umyosa,Idi-Oro,unvisited,review,reported,1,118.0,118.0,False,GPS unvisited / e-tally reported,True,,2026-07-31 19:30:19.408706+00:00
S00684,Dobaja,W008,Umyosa,Idi-Oro,unvisited,review,reported,1,93.0,0.0,True,GPS unvisited / e-tally reported,True,,2026-07-31 19:30:19.408706+00:00
S00685,Fazaja-Sabo,W008,Umyosa,Idi-Oro,unvisited,review,reported,1,55.0,55.0,False,GPS unvisited / e-tally reported,True,,2026-07-31 19:30:19.408706+00:00
S00686,Enyosa,W008,Umyosa,Idi-Oro,unvisited,review,reported,1,26.0,26.0,False,GPS unvisited / e-tally reported,True,,2026-07-31 19:30:19.408706+00:00
S00687,Batsisa,W008,Umyosa,Idi-Oro,unvisited,review,reported,1,19.0,19.0,False,GPS unvisited / e-tally reported,True,,2026-07-31 19:30:19.408706+00:00
S00688,Adjiwo,W008,Umyosa,Idi-Oro,unvisited,review,reported,1,6.0,6.0,False,GPS unvisited / e-tally reported,True,,2026-07-31 19:30:19.408706+00:00
S00689,Olwatu,W008,UMYOSA,Idi-Oro,unvisited,review,reported,1,92.0,92.0,False,GPS unvisited / e-tally reported,True,,2026-07-31 19:30:19.408706+00:00
S00690,Nulade-Sabo,W008,Umyosa,Idi-Oro,unvisited,review,reported,1,41.0,41.0,False,GPS unvisited / e-tally reported,True,,2026-07-31 19:30:19.408706+00:00
S00691,Kuwashi,W008,Umyosa,Idi-Oro,unvisited,review,reported,1,25.0,25.0,False,GPS unvisited / e-tally reported,True,,2026-07-31 19:30:19.408706+00:00
S00692,Kurana,W008,Umyosa,Idi-Oro,unvisited,review,no e-tally report,0,0.0,0.0,False,GPS unvisited / no e-tally report,False,,2026-07-31 19:30:19.408706+00:00
S00693,Tangosa-Tudun,W008,Umyosa,Idi-Oro,unvisited,review,reported,1,57.0,57.0,False,GPS unvisited / e-tally reported,True,,2026-07-31 19:30:19.408706+00:00
S00694,Addudu,W008,Umyosa,Idi-Oro,unvisited,review,reported,1,130.0,130.0,False,GPS unvisited / e-tally reported,True,,2026-07-31 19:30:19.408706+00:00
S00695,Darana,W008,Umyosa,Idi-Oro,unvisited,review,reported,1,16.0,16.0,False,GPS unvisited / e-tally reported,True,,2026-07-31 19:30:19.408706+00:00
S00696,Irngosa,W008,Umyosa,Idi-Oro,unvisited,review,reported,1,61.0,0.0,True,GPS unvisited / e-tally reported,True,,2026-07-31 19:30:19.408706+00:00
S00697,Agngoba,W008,Umyosa,Idi-Oro,unvisited,review,no e-tally report,0,0.0,0.0,False,GPS unvisited / no e-tally report,False,,2026-07-31 19:30:19.408706+00:00
S00698,Hasani,W008,Umyosa,Idi-Oro,unvisited,review,reported,1,87.0,0.0,True,GPS unvisited / e-tally reported,True,,2026-07-31 19:30:19.408706+00:00
S00699,Biriko,W008,Umyosa,Idi-Oro,unvisited,review,reported,1,65.0,65.0,False,GPS unvisited / e-tally reported,True,,2026-07-31 19:30:19.408706+00:00
S00700,Birari,W008,Umyosa,Idi-Oro,unvisited,review,reported,1,18.0,18.0,False,GPS unvisited / e-tally reported,True,,2026-07-31 19:30:19.408706+00:00
S00701,Fajile,W008,Umyosa,Idi-Oro,unvisited,review,reported,1,237.0,0.0,True,GPS unvisited / e-tally reported,True,,2026-07-31 19:30:19.408706+00:00
S00702,Bilaba,W008,Umyosa,Idi-Oro,unvisited,review,reported,1,102.0,102.0,False,GPS unvisited / e-tally reported,True,,2026-07-31 19:30:19.408706+00:00
S00703,Bikota,W008,Umyosa,Idi-Oro,unvisited,review,reported,1,96.0,96.0,False,GPS unvisited / e-tally reported,True,,2026-07-31 19:30:19.408706+00:00
S00704,Walatu,W008,Umyosa,Idi-Oro,unvisited,review,reported,1,553.0,553.0,False,GPS unvisited / e-tally reported,True,,2026-07-31 19:30:19.408706+00:00
S00705,Dajiwa,W008,Umyosa,Idi-Oro,unvisited,review,reported,1,150.0,150.0,False,GPS unvisited / e-tally reported,True,,2026-07-31 19:30:19.408706+00:00
S00706,Faduwa,W008,Umyosa,Idi-Oro,unvisited,review,reported,1,561.0,561.0,False,GPS unvisited / e-tally reported,True,,2026-07-31 19:30:19.408706+00:00
S00707,Umdena,W008,Umyosa,Idi-Oro,unvisited,review,reported,1,514.0,514.0,False,GPS unvisited / e-tally reported,True,,2026-07-31 19:30:19.408706+00:00
S00708,Zaberu,W008,Umyosa,Idi-Oro,unvisited,review,reported,1,478.0,0.0,True,GPS unvisited / e-tally reported,True,,2026-07-31 19:30:19.408706+00:00
S00709,Kayomi,W008,Umyosa,Idi-Oro,unvisited,review,reported,1,22.0,22.0,False,GPS unvisited / e-tally reported,True,,2026-07-31 19:30:19.408706+00:00
S00710,Ekluyi-Kofar,W008,Umyosa,Idi-Oro,unvisited,review,reported,1,31.0,31.0,False,GPS unvisited / e-tally reported,True,,2026-07-31 19:30:19.408706+00:00
S00711,Waduja,W008,Umyosa,Idi-Oro,unvisited,review,reported,1,58.0,58.0,False,GPS unvisited / e-tally reported,True,,2026-07-31 19:30:19.408706+00:00
S00712,Gulako,W008,Umyosa,Idi-Oro,unvisited,review,reported,1,318.0,318.0,False,GPS unvisited / e-tally reported,True,,2026-07-31 19:30:19.408706+00:00
S00713,Dojimi,W008,Umyosa,Idi-Oro,unvisited,review,reported,1,12.0,12.0,False,GPS unvisited / e-tally reported,True,,2026-07-31 19:30:19.408706+00:00
S00714,Bajita,W008,Umyosa,Idi-Oro,unvisited,review,reported,1,39.0,39.0,False,GPS unvisited / e-tally reported,True,,2026-07-31 19:30:19.408706+00:00
S00715,Umnaja,W008,Umyosa,Idi-Oro,unvisited,review,reported,1,76.0,0.0,True,GPS unvisited / e-tally reported,True,,2026-07-31 19:30:19.408706+00:00
S00716,Tasayi-Tudun,W008,Umyosa,Idi-Oro,unvisited,review,reported,1,153.0,153.0,False,GPS unvisited / e-tally reported,True,,2026-07-31 19:30:19.408706+00:00
S00717,Nurari,W008,Umyosa,Idi-Oro,unvisited,review,reported,1,138.0,138.0,False,GPS unvisited / e-tally reported,True,,2026-07-31 19:30:19.408706+00:00
S00718,Yedufa,W008,Umyosa,Idi-Oro,unvisited,review,reported,1,37.0,37.0,False,GPS unvisited / e-tally reported,True,,2026-07-31 19:30:19.408706+00:00
S00719,Entsima,W008,Umyosa,Idi-Oro,unvisited,review,reported,1,28.0,28.0,False,GPS unvisited / e-tally reported,True,,2026-07-31 19:30:19.408706+00:00
S00720,Jiwale,W008,Umyosa,Idi-Oro,unvisited,review,reported,1,30.0,0.0,True,GPS unvisited / e-tally reported,True,,2026-07-31 19:30:19.408706+00:00
S00721,Ibdema,W008,Umyosa,Idi-Oro,unvisited,review,reported,1,499.0,499.0,False,GPS unvisited / e-tally reported,True,,2026-07-31 19:30:19.408706+00:00
S00722,Irjitu-Kofar,W008,Umyosa,Idi-Oro,unvisited,review,reported,1,147.0,147.0,False,GPS unvisited / e-tally reported,True,,2026-07-31 19:30:19.408706+00:00
S00723,Irtsiru,W008,Umyosa,Idi-Oro,unvisited,review,reported,1,94.0,94.0,False,GPS unvisited / e-tally reported,True,,2026-07-31 19:30:19.408706+00:00
S00724,Okwale,W008,Umyosa,Idi-Oro,unvisited,review,reported,1,95.0,95.0,False,GPS unvisited / e-tally reported,True,,2026-07-31 19:30:19.408706+00:00
S00725,Entita,W008,Umyosa,Idi-Oro,unvisited,review,reported,1,102.0,102.0,False,GPS unvisited / e-tally reported,True,,2026-07-31 19:30:19.408706+00:00
S00726,Tasale,W008,Umyosa,Idi-Oro,unvisited,review,reported,1,13.0,13.0,False,GPS unvisited / e-tally reported,True,,2026-07-31 19:30:19.408706+00:00
S00727,Uzmasa,W008,Umyosa,Idi-Oro,unvisited,review,reported,1,37.0,37.0,False,GPS unvisited / e-tally reported,True,,2026-07-31 19:30:19.408706+00:00
S00728,Badesa,W008,Umyosa,Idi-Oro,visited,high,reported,1,664.0,664.0,False,GPS visited / e-tally reported,False,,2026-07-31 19:30:19.408706+00:00
S00729,Hamata,W008,Umyosa,Idi-Oro,unvisited,review,reported,1,21.0,21.0,False,GPS unvisited / e-tally reported,True,,2026-07-31 19:30:19.408706+00:00
S00730,Sasari,W008,Umyosa,Idi-Oro,unvisited,review,reported,1,8.0,8.0,False,GPS unvisited / e-tally reported,True,,2026-07-31 19:30:19.408706+00:00
S00731,Uzshawa,W008,Umyosa,Idi-Oro,unvisited,review,no e-tally report,0,0.0,0.0,False,GPS unvisited / no e-tally report,False,,2026-07-31 19:30:19.408706+00:00
S00732,Zakotu,W008,Umyosa,Idi-Oro,unvisited,review,no e-tally report,0,0.0,0.0,False,GPS unvisited / no e-tally report,False,,2026-07-31 19:30:19.408706+00:00
S00733,Agzari,W008,UMYOSA,Idi-Oro,unvisited,review,reported,1,508.0,508.0,False,GPS unvisited / e-tally reported,True,,2026-07-31 19:30:19.408706+00:00
S00734,Riluko,W008,Umyosa,Idi-Oro,unvisited,review,no e-tally report,0,0.0,0.0,False,GPS unvisited / no e-tally report,False,,2026-07-31 19:30:19.408706+00:00
S00735,Zaduko-Arewa,W008,Umyosa,Idi-Oro,unvisited,review,reported,1,52.0,52.0,False,GPS unvisited / e-tally reported,True,,2026-07-31 19:30:19.408706+00:00
S00736,Fashaba,W008,UMYOSA,Idi-Oro,unvisited,review,no e-tally report,0,0.0,0.0,False,GPS unvisited / no e-tally report,False,,2026-07-31 19:30:19.408706+00:00
S00737,Maludu,W008,Umyosa,Idi-Oro,unvisited,review,reported,1,41.0,41.0,False,GPS unvisited / e-tally reported,True,,2026-07-31 19:30:19.408706+00:00
S00738,Nuzashi,W008, Umyosa ,Idi-Oro,unvisited,review,no e-tally report,0,0.0,0.0,False,GPS unvisited / no e-tally report,False,,2026-07-31 19:30:19.408706+00:00
S00739,Hakoko,W008,Umyosa,Idi-Oro,unvisited,review,reported,1,52.0,52.0,False,GPS unvisited / e-tally reported,True,,2026-07-31 19:30:19.408706+00:00
S00740,Bayomi,W008,Umyosa,Idi-Oro,unvisited,review,reported,1,151.0,151.0,False,GPS unvisited / e-tally reported,True,,2026-07-31 19:30:19.408706+00:00
S00741,Bitsiko,W008,Umyosa,Idi-Oro,unvisited,review,reported,1,360.0,360.0,False,GPS unvisited / e-tally reported,True,,2026-07-31 19:30:19.408706+00:00
S00742,Tawana,W008,Umyosa,Idi-Oro,unvisited,review,reported,1,88.0,88.0,False,GPS unvisited / e-tally reported,True,,2026-07-31 19:30:19.408706+00:00
S00743,Umshade-Sabo,W008,Umyosa,Idi-Oro,unvisited,review,reported,1,419.0,0.0,True,GPS unvisited / e-tally reported,True,,2026-07-31 19:30:19.408706+00:00
S00744,Famatu,W008,Umyosa,Idi-Oro,unvisited,review,reported,1,167.0,167.0,False,GPS unvisited / e-tally reported,True,,2026-07-31 19:30:19.408706+00:00
S00745,Enyoba,W008,Umyosa,Idi-Oro,unvisited,review,reported,1,24.0,24.0,False,GPS unvisited / e-tally reported,True,,2026-07-31 19:30:19.408706+00:00
S00746,Daluru-Arewa,W008,Umyosa,Idi-Oro,unvisited,review,no e-tally report,0,0.0,0.0,False,GPS unvisited / no e-tally report,False,,2026-07-31 19:30:19.408706+00:00
S00747,Sutsiwo-Kudu,W008,Umyosa,Idi-Oro,unvisited,review,no e-tally report,0,0.0,0.0,False,GPS unvisited / no e-tally report,False,,2026-07-31 19:30:19.408706+00:00
S00748,Enngoko,W008,Umyosa,Idi-Oro,unvisited,review,reported,1,29.0,29.0,False,GPS unvisited / e-tally reported,True,,2026-07-31 19:30:19.408706+00:00
S00749,Subadu,W008,Umyosa,Idi-Oro,unvisited,review,reported,1,38.0,38.0,False,GPS unvisited / e-tally reported,True,,2026-07-31 19:30:19.408706+00:00
S00750,Oldede-Yamma,W008,Umyosa,Idi-Oro,unvisited,review,reported,1,341.0,341.0,False,GPS unvisited / e-tally reported,True,,2026-07-31 19:30:19.408706+00:00
S00751,Kusayi,W008,Umyosa,Idi-Oro,unvisited,review,reported,1,364.0,0.0,True,GPS unvisited / e-tally reported,True,,2026-07-31 19:30:19.408706+00:00
S00752,Jitile,W008,Umyosa,Idi-Oro,unvisited,review,no e-tally report,0,0.0,0.0,False,GPS unvisited / no e-tally report,False,,2026-07-31 19:30:19.408706+00:00
S00753,Agwama,W008,Umyosa,Idi-Oro,unvisited,review,reported,1,78.0,78.0,False,GPS unvisited / e-tally reported,True,,2026-07-31 19:30:19.408706+00:00
S00754,Ibduja,W008,Umyosa,Idi-Oro,unvisited,review,no e-tally report,0,0.0,0.0,False,GPS unvisited / no e-tally report,False,,2026-07-31 19:30:19.408706+00:00
S00755,Kutsile,W008,UMYOSA,Idi-Oro,unvisited,review,reported,1,155.0,155.0,False,GPS unvisited / e-tally reported,True,,2026-07-31 19:30:19.408706+00:00
S00756,Tasata,W008,Umyosa,Idi-Oro,unvisited,review,no e-tally report,0,0.0,0.0,False,GPS unvisited / no e-tally report,False,,2026-07-31 19:30:19.408706+00:00
S00757,Ibkodu,W008,Umyosa,Idi-Oro,unvisited,review,no e-tally report,0,0.0,0.0,False,GPS unvisited / no e-tally report,False,,2026-07-31 19:30:19.408706+00:00
S00758,Oktsiyi,W008,Umyosa,Idi-Oro,unvisited,review,reported,1,93.0,93.0,False,GPS unvisited / e-tally reported,True,,2026-07-31 19:30:19.408706+00:00
S00759,Tatsishi,W008,Umyosa,Idi-Oro,unvisited,review,reported,1,386.0,386.0,False,GPS unvisited / e-tally reported,True,,2026-07-31 19:30:19.408706+00:00
S00760,Olluri,W008,Umyosa,Idi-Oro,unvisited,review,reported,1,127.0,127.0,False,GPS unvisited / e-tally reported,True,,2026-07-31 19:30:19.408706+00:00
S00761,Yekota,W008,Umyosa,Idi-Oro,unvisited,review,reported,1,92.0,92.0,False,GPS unvisited / e-tally reported,True,,2026-07-31 19:30:19.408706+00:00
S00762,Enduta,W008,Umyosa,Idi-Oro,unvisited,review,no e-tally report,0,0.0,0.0,False,GPS unvisited / no e-tally report,False,,2026-07-31 19:30:19.408706+00:00
S00763,Dazako,W008,Umyosa,Idi-Oro,unvisited,review,reported,1,259.0,259.0,False,GPS unvisited / e-tally reported,True,,2026-07-31 19:30:19.408706+00:00
S00764,Adshasa,W008,Umyosa,Idi-Oro,unvisited,review,no e-tally report,0,0.0,0.0,False,GPS unvisited / no e-tally report,False,,2026-07-31 19:30:19.408706+00:00
S00765,Lomashi,W008,Umyosa,Idi-Oro,unvisited,review,reported,1,30.0,30.0,False,GPS unvisited / e-tally reported,True,,2026-07-31 19:30:19.408706+00:00
S00766,Umngosa,W008,Umyosa,Idi-Oro,unvisited,review,no e-tally report,0,0.0,0.0,False,GPS unvisited / no e-tally report,False,,2026-07-31 19:30:19.408706+00:00
S00767,Halule,W008,Umyosa,Idi-Oro,unvisited,review,reported,1,73.0,73.0,False,GPS unvisited / e-tally reported,True,,2026-07-31 19:30:19.408706+00:00
S00768,Rilami,W008,Umyosa,Idi-Oro,unvisited,review,reported,1,30.0,0.0,True,GPS unvisited / e-tally reported,True,,2026-07-31 19:30:19.408706+00:00
S00769,Kushata,W008,Umyosa,Idi-Oro,unvisited,review,reported,1,57.0,57.0,False,GPS unvisited / e-tally reported,True,,2026-07-31 19:30:19.408706+00:00
S00770,Olrari,W008,Umyosa,Idi-Oro,unvisited,review,reported,1,44.0,44.0,False,GPS unvisited / e-tally reported,True,,2026-07-31 19:30:19.408706+00:00
S00771,Rideru,W008,Umyosa,Idi-Oro,unvisited,review,reported,1,73.0,73.0,False,GPS unvisited / e-tally reported,True,,2026-07-31 19:30:19.408706+00:00
S00772,Irrako,W008,Umyosa,Idi-Oro,unvisited,review,reported,1,47.0,47.0,False,GPS unvisited / e-tally reported,True,,2026-07-31 19:30:19.408706+00:00
S00773,Mashadu,W008,Umyosa,Idi-Oro,unvisited,review,no e-tally report,0,0.0,0.0,False,GPS unvisited / no e-tally report,False,,2026-07-31 19:30:19.408706+00:00
S00774,Susako,W008,Umyosa,Idi-Oro,unvisited,review,reported,1,68.0,68.0,False,GPS unvisited / e-tally reported,True,,2026-07-31 19:30:19.408706+00:00
S00775,Fabawo,W008,Umyosa,Idi-Oro,unvisited,review,reported,1,52.0,0.0,True,GPS unvisited / e-tally reported,True,,2026-07-31 19:30:19.408706+00:00
S00776,Biluwo-Yamma,W008,Umyosa,Idi-Oro,unvisited,review,reported,1,75.0,0.0,True,GPS unvisited / e-tally reported,True,,2026-07-31 19:30:19.408706+00:00
S00777,Umdule,W008,Umyosa,Idi-Oro,unvisited,review,reported,1,3.0,3.0,False,GPS unvisited / e-tally reported,True,,2026-07-31 19:30:19.408706+00:00
S00778,Umtija,W008,Umyosa,Idi-Oro,unvisited,review,no e-tally report,0,0.0,0.0,False,GPS unvisited / no e-tally report,False,,2026-07-31 19:30:19.408706+00:00
S00779,Katsimi,W008,Umyosa,Idi-Oro,unvisited,review,reported,1,73.0,73.0,False,GPS unvisited / e-tally reported,True,,2026-07-31 19:30:19.408706+00:00
S00780,Oltsini,W008,Umyosa,Idi-Oro,visited,high,reported,1,297.0,297.0,False,GPS visited / e-tally reported,False,,2026-07-31 19:30:19.408706+00:00
S00781,Yetsifa-Kofar,W008,Umyosa,Idi-Oro,unvisited,review,reported,1,71.0,71.0,False,GPS unvisited / e-tally reported,True,,2026-07-31 19:30:19.408706+00:00
S00782,Ringoshi-Arewa,W008,UMYOSA,Idi-Oro,unvisited,review,reported,1,81.0,81.0,False,GPS unvisited / e-tally reported,True,,2026-07-31 19:30:19.408706+00:00
S00783,Nuyoko,W008,Umyosa,Idi-Oro,unvisited,review,reported,1,5.0,5.0,False,GPS unvisited / e-tally reported,True,,2026-07-31 19:30:19.408706+00:00
S00784,Hababa,W008,UMYOSA,Idi-Oro,unvisited,review,reported,1,24.0,24.0,False,GPS unvisited / e-tally reported,True,,2026-07-31 19:30:19.408706+00:00
S00785,Makowo-Kofar,W008,Umyosa,Idi-Oro,unvisited,review,no e-tally report,0,0.0,0.0,False,GPS unvisited / no e-tally report,False,,2026-07-31 19:30:19.408706+00:00
S00786,Enkoru-Yamma,W008,Umyosa,Idi-Oro,unvisited,review,reported,1,75.0,75.0,False,GPS unvisited / e-tally reported,True,,2026-07-31 19:30:19.408706+00:00
S00787,Nudede,W008,Umyosa,Idi-Oro,unvisited,review,reported,1,360.0,360.0,False,GPS unvisited / e-tally reported,True,,2026-07-31 19:30:19.408706+00:00
S00788,Zayoma,W009,Washatu,Gwarin,ambiguous,ambiguous,reported,1,71.0,71.0,False,GPS ambiguous / e-tally reported,False,,2026-07-31 19:30:19.408706+00:00
S00789,Matsima,W009,Washatu,Gwarin,unvisited,review,reported,1,25.0,25.0,False,GPS unvisited / e-tally reported,True,,2026-07-31 19:30:19.408706+00:00
S00790,Uztsimi,W009,Washatu,Gwarin,visited,high,reported,1,105.0,105.0,False,GPS visited / e-tally reported,False,,2026-07-31 19:30:19.408706+00:00
S00791,Kujidu,W009,Washatu,Gwarin,unvisited,review,reported,1,40.0,40.0,False,GPS unvisited / e-tally reported,True,,2026-07-31 19:30:19.408706+00:00
S00792,Rikoma,W009,Washatu,Gwarin,unvisited,review,no e-tally report,0,0.0,0.0,False,GPS unvisited / no e-tally report,False,,2026-07-31 19:30:19.408706+00:00
S00793,Malako,W009,Washatu,Gwarin,unvisited,review,no e-tally report,0,0.0,0.0,False,GPS unvisited / no e-tally report,False,,2026-07-31 19:30:19.408706+00:00
S00794,Mayoru,W009,Washatu,Gwarin,ambiguous,ambiguous,reported,1,63.0,63.0,False,GPS ambiguous / e-tally reported,False,,2026-07-31 19:30:19.408706+00:00
S00795,Mabadu,W009,Washatu,Gwarin,unvisited,review,no e-tally report,0,0.0,0.0,False,GPS unvisited / no e-tally report,False,,2026-07-31 19:30:19.408706+00:00
S00796,Agmade,W009,Washatu,Gwarin,unvisited,review,reported,1,3.0,3.0,False,GPS unvisited / e-tally reported,True,,2026-07-31 19:30:19.408706+00:00
S00797,Ringosa-Gabas,W009,Washatu,Gwarin,visited,high,reported,1,47.0,47.0,False,GPS visited / e-tally reported,False,,2026-07-31 19:30:19.408706+00:00
S00798,Gubako,W009, Washatu ,Gwarin,unvisited,review,reported,1,59.0,59.0,False,GPS unvisited / e-tally reported,True,,2026-07-31 19:30:19.408706+00:00
S00799,Rikotu,W009,Washatu,Gwarin,ambiguous,ambiguous,reported,1,13.0,13.0,False,GPS ambiguous / e-tally reported,False,,2026-07-31 19:30:19.408706+00:00
S00800,Uzdemi,W009,Washatu,Gwarin,unvisited,review,no e-tally report,0,0.0,0.0,False,GPS unvisited / no e-tally report,False,,2026-07-31 19:30:19.408706+00:00
S00801,Tadetu-Gabas,W009,Washatu,Gwarin,unvisited,review,reported,1,54.0,0.0,True,GPS unvisited / e-tally reported,True,,2026-07-31 19:30:19.408706+00:00
S00802,Wayole-Kofar,W009,Washatu,Gwarin,unvisited,review,reported,1,24.0,0.0,True,GPS unvisited / e-tally reported,True,,2026-07-31 19:30:19.408706+00:00
S00803,Fanashi,W009, Washatu ,Gwarin,unvisited,review,no e-tally report,0,0.0,0.0,False,GPS unvisited / no e-tally report,False,,2026-07-31 19:30:19.408706+00:00
S00804,Madena,W009,Washatu,Gwarin,unvisited,review,reported,1,23.0,23.0,False,GPS unvisited / e-tally reported,True,,2026-07-31 19:30:19.408706+00:00
S00805,Dorashi,W009,Washatu,Gwarin,ambiguous,ambiguous,reported,1,12.0,12.0,False,GPS ambiguous / e-tally reported,False,,2026-07-31 19:30:19.408706+00:00
S00806,Ribeta,W009,Washatu,Gwarin,ambiguous,ambiguous,reported,1,22.0,22.0,False,GPS ambiguous / e-tally reported,False,,2026-07-31 19:30:19.408706+00:00
S00807,Domade,W009,Washatu,Gwarin,unvisited,review,reported,1,25.0,0.0,True,GPS unvisited / e-tally reported,True,,2026-07-31 19:30:19.408706+00:00
S00808,Sawawa,W009,WASHATU,Gwarin,unvisited,review,reported,1,5.0,5.0,False,GPS unvisited / e-tally reported,True,,2026-07-31 19:30:19.408706+00:00
S00809,Irngoma-Arewa,W009,Washatu,Gwarin,unvisited,review,reported,1,44.0,44.0,False,GPS unvisited / e-tally reported,True,,2026-07-31 19:30:19.408706+00:00
S00810,Okzaru,W009,Washatu,Gwarin,unvisited,review,reported,1,36.0,36.0,False,GPS unvisited / e-tally reported,True,,2026-07-31 19:30:19.408706+00:00
S00811,Okbani,W009,Washatu,Gwarin,unvisited,review,reported,1,28.0,28.0,False,GPS unvisited / e-tally reported,True,,2026-07-31 19:30:19.408706+00:00
S00812,Rilayi,W009,Washatu,Gwarin,unvisited,review,reported,1,58.0,58.0,False,GPS unvisited / e-tally reported,True,,2026-07-31 19:30:19.408706+00:00
S00813,Uzshaja-Arewa,W009,Washatu,Gwarin,visited,high,reported,1,55.0,55.0,False,GPS visited / e-tally reported,False,,2026-07-31 19:30:19.408706+00:00
S00814,Kasami,W009,Washatu,Gwarin,unvisited,review,reported,1,35.0,35.0,False,GPS unvisited / e-tally reported,True,,2026-07-31 19:30:19.408706+00:00
S00815,Umshade-Yamma,W009,Washatu,Gwarin,ambiguous,ambiguous,reported,1,35.0,0.0,True,GPS ambiguous / e-tally reported,False,,2026-07-31 19:30:19.408706+00:00
S00816,Sawade,W009,Washatu,Gwarin,unvisited,review,reported,1,424.0,424.0,False,GPS unvisited / e-tally reported,True,,2026-07-31 19:30:19.408706+00:00
S00817,Jijiwo,W009,Washatu,Gwarin,unvisited,review,no e-tally report,0,0.0,0.0,False,GPS unvisited / no e-tally report,False,,2026-07-31 19:30:19.408706+00:00
S00818,Agshari,W009,Washatu,Gwarin,unvisited,review,reported,1,18.0,18.0,False,GPS unvisited / e-tally reported,True,,2026-07-31 19:30:19.408706+00:00
S00819,Tatishi-Arewa,W009,Washatu,Gwarin,ambiguous,ambiguous,reported,1,26.0,26.0,False,GPS ambiguous / e-tally reported,False,,2026-07-31 19:30:19.408706+00:00
S00820,Ibzade-Arewa,W009,Washatu,Gwarin,unvisited,review,reported,1,87.0,0.0,True,GPS unvisited / e-tally reported,True,,2026-07-31 19:30:19.408706+00:00
S00821,Oktini,W009,Washatu,Gwarin,visited,high,reported,1,135.0,135.0,False,GPS visited / e-tally reported,False,,2026-07-31 19:30:19.408706+00:00
S00822,Agdeko,W009,Washatu,Gwarin,ambiguous,ambiguous,reported,1,22.0,22.0,False,GPS ambiguous / e-tally reported,False,,2026-07-31 19:30:19.408706+00:00
S00823,Bazawo,W009,Washatu,Gwarin,ambiguous,ambiguous,reported,1,8.0,8.0,False,GPS ambiguous / e-tally reported,False,,2026-07-31 19:30:19.408706+00:00
S00824,Loduma-Tudun,W009,Washatu,Gwarin,ambiguous,ambiguous,reported,1,72.0,72.0,False,GPS ambiguous / e-tally reported,False,,2026-07-31 19:30:19.408706+00:00
S00825,Agsani,W009,Washatu,Gwarin,unvisited,review,reported,1,45.0,45.0,False,GPS unvisited / e-tally reported,True,,2026-07-31 19:30:19.408706+00:00
S00826,Ibyofa,W010,Fazafa,Gwarin,unvisited,review,reported,1,48.0,48.0,False,GPS unvisited / e-tally reported,True,,2026-07-31 19:30:19.408706+00:00
S00827,Watishi,W010,Fazafa,Gwarin,unvisited,review,reported,1,67.0,67.0,False,GPS unvisited / e-tally reported,True,,2026-07-31 19:30:19.408706+00:00
S00828,Okzade,W010,Fazafa,Gwarin,ambiguous,ambiguous,reported,1,41.0,41.0,False,GPS ambiguous / e-tally reported,False,,2026-07-31 19:30:19.408706+00:00
S00829,Kutsiwo,W010,Fazafa,Gwarin,unvisited,review,reported,1,24.0,24.0,False,GPS unvisited / e-tally reported,True,,2026-07-31 19:30:19.408706+00:00
S00830,Tazari,W010,Fazafa,Gwarin,ambiguous,ambiguous,reported,1,65.0,65.0,False,GPS ambiguous / e-tally reported,False,,2026-07-31 19:30:19.408706+00:00
S00831,Enluru,W010,Fazafa,Gwarin,visited,high,reported,1,28.0,28.0,False,GPS visited / e-tally reported,False,,2026-07-31 19:30:19.408706+00:00
S00832,Satsisa-Tudun,W010,Fazafa,Gwarin,unvisited,review,reported,1,35.0,35.0,False,GPS unvisited / e-tally reported,True,,2026-07-31 19:30:19.408706+00:00
S00833,Kasani,W010,FAZAFA,Gwarin,unvisited,review,reported,1,15.0,15.0,False,GPS unvisited / e-tally reported,True,,2026-07-31 19:30:19.408706+00:00
S00834,Susayi,W010,Fazafa,Gwarin,ambiguous,ambiguous,reported,1,19.0,19.0,False,GPS ambiguous / e-tally reported,False,,2026-07-31 19:30:19.408706+00:00
S00835,Zaraja,W010,Fazafa,Gwarin,unvisited,review,reported,1,35.0,35.0,False,GPS unvisited / e-tally reported,True,,2026-07-31 19:30:19.408706+00:00
S00836,Madeko,W010,Fazafa,Gwarin,unvisited,review,reported,1,8.0,8.0,False,GPS unvisited / e-tally reported,True,,2026-07-31 19:30:19.408706+00:00
S00837,Biyomi,W010,Fazafa,Gwarin,unvisited,review,no e-tally report,0,0.0,0.0,False,GPS unvisited / no e-tally report,False,,2026-07-31 19:30:19.408706+00:00
S00838,Yewami,W010,Fazafa,Gwarin,visited,high,reported,1,28.0,28.0,False,GPS visited / e-tally reported,False,,2026-07-31 19:30:19.408706+00:00
S00839,Guluma,W010,Fazafa,Gwarin,unvisited,review,reported,1,82.0,0.0,True,GPS unvisited / e-tally reported,True,,2026-07-31 19:30:19.408706+00:00
S00840,Dajile,W010,Fazafa,Gwarin,unvisited,review,reported,1,112.0,112.0,False,GPS unvisited / e-tally reported,True,,2026-07-31 19:30:19.408706+00:00
S00841,Okkoni,W010,Fazafa,Gwarin,unvisited,review,reported,1,106.0,106.0,False,GPS unvisited / e-tally reported,True,,2026-07-31 19:30:19.408706+00:00
S00842,Zashako,W010,Fazafa,Gwarin,unvisited,review,reported,1,101.0,101.0,False,GPS unvisited / e-tally reported,True,,2026-07-31 19:30:19.408706+00:00
S00843,Bibeyi,W010,Fazafa,Gwarin,unvisited,review,no e-tally report,0,0.0,0.0,False,GPS unvisited / no e-tally report,False,,2026-07-31 19:30:19.408706+00:00
S00844,Umnani,W010,Fazafa,Gwarin,visited,high,reported,1,36.0,36.0,False,GPS visited / e-tally reported,False,,2026-07-31 19:30:19.408706+00:00
S00845,Tawawo,W010,Fazafa,Gwarin,unvisited,review,reported,1,3.0,3.0,False,GPS unvisited / e-tally reported,True,,2026-07-31 19:30:19.408706+00:00
S00846,Okshata,W010,Fazafa,Gwarin,unvisited,review,reported,1,15.0,15.0,False,GPS unvisited / e-tally reported,True,,2026-07-31 19:30:19.408706+00:00
S00847,Fariwa-Tsakiya,W010,Fazafa,Gwarin,ambiguous,ambiguous,reported,1,71.0,71.0,False,GPS ambiguous / e-tally reported,False,,2026-07-31 19:30:19.408706+00:00
S00848,Lodewa,W010,Fazafa,Gwarin,ambiguous,ambiguous,reported,1,13.0,13.0,False,GPS ambiguous / e-tally reported,False,,2026-07-31 19:30:19.408706+00:00
S00849,Ribefa,W010,Fazafa,Gwarin,unvisited,review,reported,1,69.0,69.0,False,GPS unvisited / e-tally reported,True,,2026-07-31 19:30:19.408706+00:00
S00850,Irmana-Sabo,W010,Fazafa,Gwarin,ambiguous,ambiguous,reported,1,35.0,35.0,False,GPS ambiguous / e-tally reported,False,,2026-07-31 19:30:19.408706+00:00
S00851,Okbami,W010,Fazafa,Gwarin,unvisited,review,reported,1,23.0,23.0,False,GPS unvisited / e-tally reported,True,,2026-07-31 19:30:19.408706+00:00
S00852,Susaba-Kofar,W010,Fazafa,Gwarin,unvisited,review,reported,1,19.0,19.0,False,GPS unvisited / e-tally reported,True,,2026-07-31 19:30:19.408706+00:00
S00853,Dobesa,W010,Fazafa,Gwarin,unvisited,review,reported,1,572.0,0.0,True,GPS unvisited / e-tally reported,True,,2026-07-31 19:30:19.408706+00:00
S00854,Tasana,W010,Fazafa,Gwarin,ambiguous,ambiguous,reported,1,34.0,34.0,False,GPS ambiguous / e-tally reported,False,,2026-07-31 19:30:19.408706+00:00
S00855,Entima-Sabo,W010,Fazafa,Gwarin,unvisited,review,reported,1,2.0,2.0,False,GPS unvisited / e-tally reported,True,,2026-07-31 19:30:19.408706+00:00
S00856,Gudeja,W010,Fazafa,Gwarin,unvisited,review,reported,1,4.0,4.0,False,GPS unvisited / e-tally reported,True,,2026-07-31 19:30:19.408706+00:00
S00857,Baludu-Gabas,W010,Fazafa,Gwarin,ambiguous,ambiguous,reported,1,16.0,16.0,False,GPS ambiguous / e-tally reported,False,,2026-07-31 19:30:19.408706+00:00
S00858,Jiyole-Yamma,W010,Fazafa,Gwarin,unvisited,review,no e-tally report,0,0.0,0.0,False,GPS unvisited / no e-tally report,False,,2026-07-31 19:30:19.408706+00:00
S00859,Waludu-Kofar,W010,Fazafa,Gwarin,ambiguous,ambiguous,reported,1,38.0,38.0,False,GPS ambiguous / e-tally reported,False,,2026-07-31 19:30:19.408706+00:00
S00860,Okmami,W010,Fazafa,Gwarin,unvisited,review,reported,1,61.0,61.0,False,GPS unvisited / e-tally reported,True,,2026-07-31 19:30:19.408706+00:00
S00861,Okwaba,W010,Fazafa,Gwarin,ambiguous,ambiguous,reported,1,26.0,26.0,False,GPS ambiguous / e-tally reported,False,,2026-07-31 19:30:19.408706+00:00
S00862,Dolari,W010,Fazafa,Gwarin,unvisited,review,reported,1,77.0,77.0,False,GPS unvisited / e-tally reported,True,,2026-07-31 19:30:19.408706+00:00
S00863,Sarawo,W010,Fazafa,Gwarin,unvisited,review,reported,1,16.0,16.0,False,GPS unvisited / e-tally reported,True,,2026-07-31 19:30:19.408706+00:00
S00864,Agngoja,W010,Fazafa,Gwarin,visited,high,reported,1,38.0,38.0,False,GPS visited / e-tally reported,False,,2026-07-31 19:30:19.408706+00:00
S00865,Tashade-Gabas,W010,Fazafa,Gwarin,unvisited,review,reported,1,293.0,0.0,True,GPS unvisited / e-tally reported,True,,2026-07-31 19:30:19.408706+00:00
S00866,Bilade,W010,Fazafa,Gwarin,unvisited,review,reported,1,21.0,0.0,True,GPS unvisited / e-tally reported,True,,2026-07-31 19:30:19.408706+00:00
S00867,Hamasa-Tudun,W010,Fazafa,Gwarin,visited,high,reported,1,4.0,4.0,False,GPS visited / e-tally reported,False,,2026-07-31 19:30:19.408706+00:00
S00868,Ibbawo,W010,Fazafa,Gwarin,unvisited,review,no e-tally report,0,0.0,0.0,False,GPS unvisited / no e-tally report,False,,2026-07-31 19:30:19.408706+00:00
S00869,Sulushi,W010,Fazafa,Gwarin,unvisited,review,reported,1,83.0,83.0,False,GPS unvisited / e-tally reported,True,,2026-07-31 19:30:19.408706+00:00
S00870,Okyosa,W010,Fazafa,Gwarin,unvisited,review,reported,1,23.0,0.0,True,GPS unvisited / e-tally reported,True,,2026-07-31 19:30:19.408706+00:00
S00871,Zazaba,W010,Fazafa,Gwarin,ambiguous,ambiguous,reported,1,18.0,18.0,False,GPS ambiguous / e-tally reported,False,,2026-07-31 19:30:19.408706+00:00
S00872,Fayowo,W011,Enyoko-Kofar,Gwarin,unvisited,review,reported,1,39.0,39.0,False,GPS unvisited / e-tally reported,True,,2026-07-31 19:30:19.408706+00:00
S00873,Ibsharu,W011,Enyoko-Kofar,Gwarin,unvisited,review,reported,1,21.0,21.0,False,GPS unvisited / e-tally reported,True,,2026-07-31 19:30:19.408706+00:00
S00874,Guderu,W011,Enyoko-Kofar,Gwarin,unvisited,review,reported,1,99.0,99.0,False,GPS unvisited / e-tally reported,True,,2026-07-31 19:30:19.408706+00:00
S00875,Dazaba,W011,Enyoko-Kofar,Gwarin,unvisited,review,reported,1,19.0,19.0,False,GPS unvisited / e-tally reported,True,,2026-07-31 19:30:19.408706+00:00
S00876,Guzafa,W011,Enyoko-Kofar,Gwarin,unvisited,review,reported,1,5.0,5.0,False,GPS unvisited / e-tally reported,True,,2026-07-31 19:30:19.408706+00:00
S00877,Umlawo,W011,Enyoko-Kofar,Gwarin,unvisited,review,reported,1,26.0,26.0,False,GPS unvisited / e-tally reported,True,,2026-07-31 19:30:19.408706+00:00
S00878,Wazami,W011,Enyoko-Kofar,Gwarin,unvisited,review,reported,1,6.0,6.0,False,GPS unvisited / e-tally reported,True,,2026-07-31 19:30:19.408706+00:00
S00879,Enluwa,W011,Enyoko-Kofar,Gwarin,ambiguous,ambiguous,reported,1,171.0,171.0,False,GPS ambiguous / e-tally reported,False,,2026-07-31 19:30:19.408706+00:00
S00880,Farani,W011,Enyoko-Kofar,Gwarin,unvisited,review,reported,1,60.0,60.0,False,GPS unvisited / e-tally reported,True,,2026-07-31 19:30:19.408706+00:00
S00881,Adyowo,W011,Enyoko-Kofar,Gwarin,unvisited,review,reported,1,39.0,39.0,False,GPS unvisited / e-tally reported,True,,2026-07-31 19:30:19.408706+00:00
S00882,Bimaba-Kofar,W011,Enyoko-Kofar,Gwarin,unvisited,review,reported,1,54.0,54.0,False,GPS unvisited / e-tally reported,True,,2026-07-31 19:30:19.408706+00:00
S00883,Ritsiba,W011,Enyoko-Kofar,Gwarin,unvisited,review,reported,1,9.0,9.0,False,GPS unvisited / e-tally reported,True,,2026-07-31 19:30:19.408706+00:00
S00884,Ribawa,W011,Enyoko-Kofar,Gwarin,unvisited,review,reported,1,8.0,8.0,False,GPS unvisited / e-tally reported,True,,2026-07-31 19:30:19.408706+00:00
S00885,Riduko,W011,Enyoko-Kofar,Gwarin,unvisited,review,reported,1,26.0,26.0,False,GPS unvisited / e-tally reported,True,,2026-07-31 19:30:19.408706+00:00
S00886,Lodeja,W011,Enyoko-Kofar,Gwarin,unvisited,review,reported,1,30.0,30.0,False,GPS unvisited / e-tally reported,True,,2026-07-31 19:30:19.408706+00:00
S00887,Biwaba,W011,Enyoko-Kofar,Gwarin,unvisited,review,reported,1,11.0,11.0,False,GPS unvisited / e-tally reported,True,,2026-07-31 19:30:19.408706+00:00
S00888,Bibafa,W011,Enyoko-Kofar,Gwarin,ambiguous,ambiguous,reported,1,50.0,50.0,False,GPS ambiguous / e-tally reported,False,,2026-07-31 19:30:19.408706+00:00
S00889,Oktsini,W011,Enyoko-Kofar,Gwarin,unvisited,review,reported,1,7.0,7.0,False,GPS unvisited / e-tally reported,True,,2026-07-31 19:30:19.408706+00:00
S00890,Entina,W011,Enyoko-Kofar,Gwarin,ambiguous,ambiguous,reported,1,27.0,27.0,False,GPS ambiguous / e-tally reported,False,,2026-07-31 19:30:19.408706+00:00
S00891,Lowatu,W011,Enyoko-Kofar,Gwarin,unvisited,review,reported,1,43.0,43.0,False,GPS unvisited / e-tally reported,True,,2026-07-31 19:30:19.408706+00:00
S00892,Olbeba,W011,Enyoko-Kofar,Gwarin,unvisited,review,reported,1,30.0,30.0,False,GPS unvisited / e-tally reported,True,,2026-07-31 19:30:19.408706+00:00
S00893,Sashaba,W011,Enyoko-Kofar,Gwarin,unvisited,review,reported,1,33.0,33.0,False,GPS unvisited / e-tally reported,True,,2026-07-31 19:30:19.408706+00:00
S00894,Lolade,W011,Enyoko-Kofar,Gwarin,unvisited,review,reported,1,63.0,63.0,False,GPS unvisited / e-tally reported,True,,2026-07-31 19:30:19.408706+00:00
S00895,Aglayi,W011,Enyoko-Kofar,Gwarin,unvisited,review,reported,1,16.0,16.0,False,GPS unvisited / e-tally reported,True,,2026-07-31 19:30:19.408706+00:00
S00896,Kuyoko,W011,Enyoko-Kofar,Gwarin,unvisited,review,reported,1,68.0,68.0,False,GPS unvisited / e-tally reported,True,,2026-07-31 19:30:19.408706+00:00
S00897,Ibdeta,W011,Enyoko-Kofar,Gwarin,unvisited,review,reported,1,83.0,0.0,True,GPS unvisited / e-tally reported,True,,2026-07-31 19:30:19.408706+00:00
S00898,Saduri-Gabas,W011,Enyoko-Kofar,Gwarin,visited,high,reported,1,48.0,48.0,False,GPS visited / e-tally reported,False,,2026-07-31 19:30:19.408706+00:00
S00899,Jinani,W011,Enyoko-Kofar,Gwarin,unvisited,review,reported,1,21.0,21.0,False,GPS unvisited / e-tally reported,True,,2026-07-31 19:30:19.408706+00:00
S00900,Enjiwa,W011,Enyoko-Kofar,Gwarin,unvisited,review,reported,1,23.0,23.0,False,GPS unvisited / e-tally reported,True,,2026-07-31 19:30:19.408706+00:00
S00901,Dayoni-Kudu,W011,Enyoko-Kofar,Gwarin,unvisited,review,reported,1,10.0,10.0,False,GPS unvisited / e-tally reported,True,,2026-07-31 19:30:19.408706+00:00
S00902,Talawo,W011,Enyoko-Kofar,Gwarin,unvisited,review,reported,1,37.0,37.0,False,GPS unvisited / e-tally reported,True,,2026-07-31 19:30:19.408706+00:00
S00903,Halaru,W011,Enyoko-Kofar,Gwarin,unvisited,review,reported,1,11.0,11.0,False,GPS unvisited / e-tally reported,True,,2026-07-31 19:30:19.408706+00:00
S00904,Sadedu,W011,Enyoko-Kofar,Gwarin,unvisited,review,reported,1,4.0,4.0,False,GPS unvisited / e-tally reported,True,,2026-07-31 19:30:19.408706+00:00
S00905,Gurawa,W011,Enyoko-Kofar,Gwarin,unvisited,review,reported,1,51.0,51.0,False,GPS unvisited / e-tally reported,True,,2026-07-31 19:30:19.408706+00:00
S00906,Ennashi,W011,Enyoko-Kofar,Gwarin,unvisited,review,reported,1,19.0,19.0,False,GPS unvisited / e-tally reported,True,,2026-07-31 19:30:19.408706+00:00
S00907,Jibari,W011,Enyoko-Kofar,Gwarin,unvisited,review,reported,1,39.0,39.0,False,GPS unvisited / e-tally reported,True,,2026-07-31 19:30:19.408706+00:00
S00908,Falami,W011,Enyoko-Kofar,Gwarin,ambiguous,ambiguous,reported,1,23.0,23.0,False,GPS ambiguous / e-tally reported,False,,2026-07-31 19:30:19.408706+00:00
S00909,Zabale,W011,Enyoko-Kofar,Gwarin,visited,high,reported,1,39.0,39.0,False,GPS visited / e-tally reported,False,,2026-07-31 19:30:19.408706+00:00
S00910,Bizatu,W011,Enyoko-Kofar,Gwarin,ambiguous,ambiguous,reported,1,78.0,78.0,False,GPS ambiguous / e-tally reported,False,,2026-07-31 19:30:19.408706+00:00
S00911,Kuride,W011,Enyoko-Kofar,Gwarin,unvisited,review,reported,1,21.0,21.0,False,GPS unvisited / e-tally reported,True,,2026-07-31 19:30:19.408706+00:00
S00912,Endefa,W011,Enyoko-Kofar,Gwarin,unvisited,review,no e-tally report,0,0.0,0.0,False,GPS unvisited / no e-tally report,False,,2026-07-31 19:30:19.408706+00:00
S00913,Nuradu,W011,Enyoko-Kofar,Gwarin,unvisited,review,no e-tally report,0,0.0,0.0,False,GPS unvisited / no e-tally report,False,,2026-07-31 19:30:19.408706+00:00
S00914,Doshawo,W011,Enyoko-Kofar,Gwarin,unvisited,review,reported,1,5.0,5.0,False,GPS unvisited / e-tally reported,True,,2026-07-31 19:30:19.408706+00:00
S00915,Gurija,W011,Enyoko-Kofar,Gwarin,unvisited,review,no e-tally report,0,0.0,0.0,False,GPS unvisited / no e-tally report,False,,2026-07-31 19:30:19.408706+00:00
S00916,Suzayi,W011,Enyoko-Kofar,Gwarin,unvisited,review,reported,1,7.0,7.0,False,GPS unvisited / e-tally reported,True,,2026-07-31 19:30:19.408706+00:00
S00917,Olmami,W011,Enyoko-Kofar,Gwarin,unvisited,review,reported,1,81.0,81.0,False,GPS unvisited / e-tally reported,True,,2026-07-31 19:30:19.408706+00:00
S00918,Enwade,W011,Enyoko-Kofar,Gwarin,unvisited,review,reported,1,7.0,7.0,False,GPS unvisited / e-tally reported,True,,2026-07-31 19:30:19.408706+00:00
S00919,Zalasa,W011, Enyoko-Kofar ,Gwarin,ambiguous,ambiguous,reported,1,31.0,31.0,False,GPS ambiguous / e-tally reported,False,,2026-07-31 19:30:19.408706+00:00
S00920,Farasa,W011,Enyoko-Kofar,Gwarin,unvisited,review,no e-tally report,0,0.0,0.0,False,GPS unvisited / no e-tally report,False,,2026-07-31 19:30:19.408706+00:00
S00921,Olbemi-Kudu,W011,Enyoko-Kofar,Gwarin,unvisited,review,reported,1,10.0,10.0,False,GPS unvisited / e-tally reported,True,,2026-07-31 19:30:19.408706+00:00
S00922,Jideri,W011,Enyoko-Kofar,Gwarin,unvisited,review,reported,1,98.0,98.0,False,GPS unvisited / e-tally reported,True,,2026-07-31 19:30:19.408706+00:00
S00923,Nulako,W011,Enyoko-Kofar,Gwarin,unvisited,review,reported,1,95.0,95.0,False,GPS unvisited / e-tally reported,True,,2026-07-31 19:30:19.408706+00:00
S00924,Oktina,W011,Enyoko-Kofar,Gwarin,unvisited,review,reported,1,21.0,21.0,False,GPS unvisited / e-tally reported,True,,2026-07-31 19:30:19.408706+00:00
S00925,Ibtsiwa,W011,Enyoko-Kofar,Gwarin,unvisited,review,reported,1,26.0,26.0,False,GPS unvisited / e-tally reported,True,,2026-07-31 19:30:19.408706+00:00
S00926,Sungodu,W012,Darari,Gwarin,unvisited,review,reported,1,89.0,89.0,False,GPS unvisited / e-tally reported,True,,2026-07-31 19:30:19.408706+00:00
S00927,Kujifa,W012,Darari,Gwarin,visited,high,reported,1,155.0,155.0,False,GPS visited / e-tally reported,False,,2026-07-31 19:30:19.408706+00:00
S00928,Satside,W012,Darari,Gwarin,unvisited,review,reported,1,54.0,54.0,False,GPS unvisited / e-tally reported,True,,2026-07-31 19:30:19.408706+00:00
S00929,Jikoko,W012,Darari,Gwarin,visited,high,reported,1,65.0,65.0,False,GPS visited / e-tally reported,False,,2026-07-31 19:30:19.408706+00:00
S00930,Enngoni-Yamma,W012,Darari,Gwarin,unvisited,review,reported,1,18.0,18.0,False,GPS unvisited / e-tally reported,True,,2026-07-31 19:30:19.408706+00:00
S00931,Rijidu,W012,Darari,Gwarin,unvisited,review,no e-tally report,0,0.0,0.0,False,GPS unvisited / no e-tally report,False,,2026-07-31 19:30:19.408706+00:00
S00932,Habatu,W012,DARARI,Gwarin,unvisited,review,reported,1,7.0,7.0,False,GPS unvisited / e-tally reported,True,,2026-07-31 19:30:19.408706+00:00
S00933,Tawako,W012,Darari,Gwarin,ambiguous,ambiguous,reported,1,132.0,132.0,False,GPS ambiguous / e-tally reported,False,,2026-07-31 19:30:19.408706+00:00
S00934,Kurisa,W012,Darari,Gwarin,unvisited,review,reported,1,31.0,31.0,False,GPS unvisited / e-tally reported,True,,2026-07-31 19:30:19.408706+00:00
S00935,Ensawo,W012,Darari,Gwarin,unvisited,review,reported,1,81.0,81.0,False,GPS unvisited / e-tally reported,True,,2026-07-31 19:30:19.408706+00:00
S00936,Nuderi,W012,Darari,Gwarin,unvisited,review,reported,1,13.0,13.0,False,GPS unvisited / e-tally reported,True,,2026-07-31 19:30:19.408706+00:00
S00937,Umsale,W012,Darari,Gwarin,unvisited,review,reported,1,115.0,115.0,False,GPS unvisited / e-tally reported,True,,2026-07-31 19:30:19.408706+00:00
S00938,Bijiru,W012,Darari,Gwarin,ambiguous,ambiguous,reported,1,78.0,78.0,False,GPS ambiguous / e-tally reported,False,,2026-07-31 19:30:19.408706+00:00
S00939,Okngori,W012,Darari,Gwarin,visited,high,reported,1,52.0,52.0,False,GPS visited / e-tally reported,False,,2026-07-31 19:30:19.408706+00:00
S00940,Kabafa-Yamma,W012,Darari,Gwarin,ambiguous,ambiguous,reported,1,28.0,28.0,False,GPS ambiguous / e-tally reported,False,,2026-07-31 19:30:19.408706+00:00
S00941,Doyoru,W012,Darari,Gwarin,visited,high,reported,1,48.0,48.0,False,GPS visited / e-tally reported,False,,2026-07-31 19:30:19.408706+00:00
S00942,Kushaba,W012,Darari,Gwarin,unvisited,review,reported,1,32.0,32.0,False,GPS unvisited / e-tally reported,True,,2026-07-31 19:30:19.408706+00:00
S00943,Kuriwo,W012,Darari,Gwarin,unvisited,review,reported,1,7.0,7.0,False,GPS unvisited / e-tally reported,True,,2026-07-31 19:30:19.408706+00:00
S00944,Haluta,W012, Darari ,Gwarin,unvisited,review,reported,1,14.0,14.0,False,GPS unvisited / e-tally reported,True,,2026-07-31 19:30:19.408706+00:00
S00945,Umtiwo,W012,Darari,Gwarin,unvisited,review,reported,1,104.0,104.0,False,GPS unvisited / e-tally reported,True,,2026-07-31 19:30:19.408706+00:00
S00946,Ibmawa,W012,Darari,Gwarin,visited,high,reported,1,119.0,119.0,False,GPS visited / e-tally reported,False,,2026-07-31 19:30:19.408706+00:00
S00947,Mazana,W012,Darari,Gwarin,visited,high,reported,1,61.0,0.0,True,GPS visited / e-tally reported,False,,2026-07-31 19:30:19.408706+00:00
S00948,Kamasa,W012,Darari,Gwarin,ambiguous,ambiguous,reported,1,37.0,37.0,False,GPS ambiguous / e-tally reported,False,,2026-07-31 19:30:19.408706+00:00
S00949,Ennale,W012,Darari,Gwarin,unvisited,review,no e-tally report,0,0.0,0.0,False,GPS unvisited / no e-tally report,False,,2026-07-31 19:30:19.408706+00:00
S00950,Zakota,W012,Darari,Gwarin,unvisited,review,reported,1,10.0,10.0,False,GPS unvisited / e-tally reported,True,,2026-07-31 19:30:19.408706+00:00
S00951,Wamama,W012,Darari,Gwarin,unvisited,review,reported,1,48.0,48.0,False,GPS unvisited / e-tally reported,True,,2026-07-31 19:30:19.408706+00:00
S00952,Ibdushi,W012,Darari,Gwarin,ambiguous,ambiguous,reported,1,33.0,33.0,False,GPS ambiguous / e-tally reported,False,,2026-07-31 19:30:19.408706+00:00
S00953,Dolule-Tsakiya,W013,Sashako,Gwarin,unvisited,review,reported,1,24.0,24.0,False,GPS unvisited / e-tally reported,True,,2026-07-31 19:30:19.408706+00:00
S00954,Bibedu,W013,Sashako,Gwarin,unvisited,review,reported,1,21.0,21.0,False,GPS unvisited / e-tally reported,True,,2026-07-31 19:30:19.408706+00:00
S00955,Datina,W013,Sashako,Gwarin,unvisited,review,no e-tally report,0,0.0,0.0,False,GPS unvisited / no e-tally report,False,,2026-07-31 19:30:19.408706+00:00
S00956,Irjiba-Yamma,W013,Sashako,Gwarin,unvisited,review,no e-tally report,0,0.0,0.0,False,GPS unvisited / no e-tally report,False,,2026-07-31 19:30:19.408706+00:00
S00957,Adsako,W013,Sashako,Gwarin,unvisited,review,reported,1,45.0,45.0,False,GPS unvisited / e-tally reported,True,,2026-07-31 19:30:19.408706+00:00
S00958,Fatima-Kudu,W013,Sashako,Gwarin,unvisited,review,reported,1,10.0,10.0,False,GPS unvisited / e-tally reported,True,,2026-07-31 19:30:19.408706+00:00
S00959,Dodetu,W013,Sashako,Gwarin,unvisited,review,reported,1,21.0,21.0,False,GPS unvisited / e-tally reported,True,,2026-07-31 19:30:19.408706+00:00
S00960,Kalama,W013,Sashako,Gwarin,unvisited,review,no e-tally report,0,0.0,0.0,False,GPS unvisited / no e-tally report,False,,2026-07-31 19:30:19.408706+00:00
S00961,Kajita,W013,Sashako,Gwarin,unvisited,review,no e-tally report,0,0.0,0.0,False,GPS unvisited / no e-tally report,False,,2026-07-31 19:30:19.408706+00:00
S00962,Uzsana-Gabas,W013,Sashako,Gwarin,ambiguous,ambiguous,reported,1,14.0,14.0,False,GPS ambiguous / e-tally reported,False,,2026-07-31 19:30:19.408706+00:00
S00963,Enbewa-Tsakiya,W013,Sashako,Gwarin,visited,high,reported,1,27.0,0.0,True,GPS visited / e-tally reported,False,,2026-07-31 19:30:19.408706+00:00
S00964,Uzdusa-Kudu,W013,Sashako,Gwarin,unvisited,review,no e-tally report,0,0.0,0.0,False,GPS unvisited / no e-tally report,False,,2026-07-31 19:30:19.408706+00:00
S00965,Fatsiwa,W013,Sashako,Gwarin,unvisited,review,reported,1,76.0,76.0,False,GPS unvisited / e-tally reported,True,,2026-07-31 19:30:19.408706+00:00
S00966,Adrale,W013,Sashako,Gwarin,unvisited,review,no e-tally report,0,0.0,0.0,False,GPS unvisited / no e-tally report,False,,2026-07-31 19:30:19.408706+00:00
S00967,Ekjimi,W013,Sashako,Gwarin,unvisited,review,no e-tally report,0,0.0,0.0,False,GPS unvisited / no e-tally report,False,,2026-07-31 19:30:19.408706+00:00
S00968,Sayoma,W013,SASHAKO,Gwarin,unvisited,review,reported,1,36.0,36.0,False,GPS unvisited / e-tally reported,True,,2026-07-31 19:30:19.408706+00:00
S00969,Mawana,W013,Sashako,Gwarin,visited,high,reported,1,36.0,36.0,False,GPS visited / e-tally reported,False,,2026-07-31 19:30:19.408706+00:00
S00970,Bangotu,W013,Sashako,Gwarin,unvisited,review,reported,1,20.0,20.0,False,GPS unvisited / e-tally reported,True,,2026-07-31 19:30:19.408706+00:00
S00971,Agtisa,W013,SASHAKO,Gwarin,unvisited,review,no e-tally report,0,0.0,0.0,False,GPS unvisited / no e-tally report,False,,2026-07-31 19:30:19.408706+00:00
S00972,Sushafa,W013,Sashako,Gwarin,unvisited,review,reported,1,63.0,63.0,False,GPS unvisited / e-tally reported,True,,2026-07-31 19:30:19.408706+00:00
S00973,Kushadu,W013,Sashako,Gwarin,unvisited,review,no e-tally report,0,0.0,0.0,False,GPS unvisited / no e-tally report,False,,2026-07-31 19:30:19.408706+00:00
S00974,Dazashi,W013, Sashako ,Gwarin,visited,high,reported,1,18.0,18.0,False,GPS visited / e-tally reported,False,,2026-07-31 19:30:19.408706+00:00
S00975,Kurita,W013,Sashako,Gwarin,unvisited,review,no e-tally report,0,0.0,0.0,False,GPS unvisited / no e-tally report,False,,2026-07-31 19:30:19.408706+00:00
S00976,Ekyoni,W013,Sashako,Gwarin,unvisited,review,reported,1,64.0,64.0,False,GPS unvisited / e-tally reported,True,,2026-07-31 19:30:19.408706+00:00
S00977,Irzawo,W013,Sashako,Gwarin,unvisited,review,no e-tally report,0,0.0,0.0,False,GPS unvisited / no e-tally report,False,,2026-07-31 19:30:19.408706+00:00
S00978,Mangoko,W013,Sashako,Gwarin,unvisited,review,no e-tally report,0,0.0,0.0,False,GPS unvisited / no e-tally report,False,,2026-07-31 19:30:19.408706+00:00
S00979,Talata-Tsakiya,W013,Sashako,Gwarin,ambiguous,ambiguous,reported,1,64.0,64.0,False,GPS ambiguous / e-tally reported,False,,2026-07-31 19:30:19.408706+00:00
S00980,Kudewo-Yamma,W013,Sashako,Gwarin,unvisited,review,no e-tally report,0,0.0,0.0,False,GPS unvisited / no e-tally report,False,,2026-07-31 19:30:19.408706+00:00
S00981,Ringomi,W013,Sashako,Gwarin,ambiguous,ambiguous,reported,1,40.0,40.0,False,GPS ambiguous / e-tally reported,False,,2026-07-31 19:30:19.408706+00:00
S00982,Okmaja,W013,Sashako,Gwarin,unvisited,review,reported,1,24.0,24.0,False,GPS unvisited / e-tally reported,True,,2026-07-31 19:30:19.408706+00:00
S00983,Surima-Gabas,W013,Sashako,Gwarin,unvisited,review,reported,1,43.0,43.0,False,GPS unvisited / e-tally reported,True,,2026-07-31 19:30:19.408706+00:00
S00984,Enlawo-Tudun,W013,Sashako,Gwarin,unvisited,review,no e-tally report,0,0.0,0.0,False,GPS unvisited / no e-tally report,False,,2026-07-31 19:30:19.408706+00:00
S00985,Salako,W013,Sashako,Gwarin,unvisited,review,no e-tally report,0,0.0,0.0,False,GPS unvisited / no e-tally report,False,,2026-07-31 19:30:19.408706+00:00
S00986,Kawadu,W013,Sashako,Gwarin,unvisited,review,reported,1,37.0,37.0,False,GPS unvisited / e-tally reported,True,,2026-07-31 19:30:19.408706+00:00
S00987,Lozayi,W013,Sashako,Gwarin,unvisited,review,reported,1,8.0,8.0,False,GPS unvisited / e-tally reported,True,,2026-07-31 19:30:19.408706+00:00
S00988,Ibtsina,W013,Sashako,Gwarin,visited,high,reported,1,88.0,88.0,False,GPS visited / e-tally reported,False,,2026-07-31 19:30:19.408706+00:00
S00989,Jingona,W013,Sashako,Gwarin,unvisited,review,reported,1,26.0,26.0,False,GPS unvisited / e-tally reported,True,,2026-07-31 19:30:19.408706+00:00
S00990,Salude-Sabo,W013,Sashako,Gwarin,visited,high,reported,1,133.0,0.0,True,GPS visited / e-tally reported,False,,2026-07-31 19:30:19.408706+00:00
S00991,Irduja,W013, Sashako ,Gwarin,unvisited,review,reported,1,90.0,0.0,True,GPS unvisited / e-tally reported,True,,2026-07-31 19:30:19.408706+00:00
S00992,Gutsitu-Kudu,W013,Sashako,Gwarin,unvisited,review,reported,1,13.0,13.0,False,GPS unvisited / e-tally reported,True,,2026-07-31 19:30:19.408706+00:00
S00993,Badudu,W013,Sashako,Gwarin,unvisited,review,no e-tally report,0,0.0,0.0,False,GPS unvisited / no e-tally report,False,,2026-07-31 19:30:19.408706+00:00
S00994,Gushatu,W013,Sashako,Gwarin,unvisited,review,reported,1,58.0,0.0,True,GPS unvisited / e-tally reported,True,,2026-07-31 19:30:19.408706+00:00
S00995,Gubale,W013,Sashako,Gwarin,unvisited,review,no e-tally report,0,0.0,0.0,False,GPS unvisited / no e-tally report,False,,2026-07-31 19:30:19.408706+00:00
S00996,Zashayi,W013,Sashako,Gwarin,ambiguous,ambiguous,reported,1,12.0,12.0,False,GPS ambiguous / e-tally reported,False,,2026-07-31 19:30:19.408706+00:00
S00997,Zasami-Tsakiya,W013,Sashako,Gwarin,ambiguous,ambiguous,reported,1,11.0,11.0,False,GPS ambiguous / e-tally reported,False,,2026-07-31 19:30:19.408706+00:00
S00998,Damade,W014,Bishama,Idi-Oro,unvisited,review,reported,1,35.0,35.0,False,GPS unvisited / e-tally reported,True,,2026-07-31 19:30:19.408706+00:00
S00999,Uzsami-Arewa,W014,Bishama,Idi-Oro,unvisited,review,reported,1,164.0,164.0,False,GPS unvisited / e-tally reported,True,,2026-07-31 19:30:19.408706+00:00
S01000,Nudule,W014,Bishama,Idi-Oro,unvisited,review,no e-tally report,0,0.0,0.0,False,GPS unvisited / no e-tally report,False,,2026-07-31 19:30:19.408706+00:00
S01001,Ibtini-Kofar,W014,Bishama,Idi-Oro,unvisited,review,no e-tally report,0,0.0,0.0,False,GPS unvisited / no e-tally report,False,,2026-07-31 19:30:19.408706+00:00
S01002,Dayoyi-Kofar,W014,Bishama,Idi-Oro,visited,high,reported,1,165.0,165.0,False,GPS visited / e-tally reported,False,,2026-07-31 19:30:19.408706+00:00
S01003,Lokoba-Tudun,W014,Bishama,Idi-Oro,visited,high,reported,1,126.0,126.0,False,GPS visited / e-tally reported,False,,2026-07-31 19:30:19.408706+00:00
S01004,Jiduyi-Sabo,W014,Bishama,Idi-Oro,unvisited,review,reported,1,49.0,49.0,False,GPS unvisited / e-tally reported,True,,2026-07-31 19:30:19.408706+00:00
S01005,Eksani,W014,Bishama,Idi-Oro,unvisited,review,no e-tally report,0,0.0,0.0,False,GPS unvisited / no e-tally report,False,,2026-07-31 19:30:19.408706+00:00
S01006,Donasa,W014,Bishama,Idi-Oro,unvisited,review,reported,1,38.0,38.0,False,GPS unvisited / e-tally reported,True,,2026-07-31 19:30:19.408706+00:00
S01007,Sawashi,W014,Bishama,Idi-Oro,unvisited,review,reported,1,12.0,12.0,False,GPS unvisited / e-tally reported,True,,2026-07-31 19:30:19.408706+00:00
S01008,Bilatu-Tudun,W014,Bishama,Idi-Oro,visited,high,reported,1,375.0,375.0,False,GPS visited / e-tally reported,False,,2026-07-31 19:30:19.408706+00:00
S01009,Addedu,W014,Bishama,Idi-Oro,unvisited,review,reported,1,383.0,0.0,True,GPS unvisited / e-tally reported,True,,2026-07-31 19:30:19.408706+00:00
S01010,Kangona,W014,Bishama,Idi-Oro,unvisited,review,reported,1,62.0,62.0,False,GPS unvisited / e-tally reported,True,,2026-07-31 19:30:19.408706+00:00
S01011,Agjima,W014,Bishama,Idi-Oro,unvisited,review,no e-tally report,0,0.0,0.0,False,GPS unvisited / no e-tally report,False,,2026-07-31 19:30:19.408706+00:00
S01012,Bidude,W014,Bishama,Idi-Oro,unvisited,review,reported,1,300.0,300.0,False,GPS unvisited / e-tally reported,True,,2026-07-31 19:30:19.408706+00:00
S01013,Olngoru,W014,BISHAMA,Idi-Oro,unvisited,review,reported,1,116.0,116.0,False,GPS unvisited / e-tally reported,True,,2026-07-31 19:30:19.408706+00:00
S01014,Yerile,W014,Bishama,Idi-Oro,unvisited,review,reported,1,27.0,27.0,False,GPS unvisited / e-tally reported,True,,2026-07-31 19:30:19.408706+00:00
S01015,Rinaru,W014,Bishama,Idi-Oro,unvisited,review,no e-tally report,0,0.0,0.0,False,GPS unvisited / no e-tally report,False,,2026-07-31 19:30:19.408706+00:00
S01016,Rimadu,W014,Bishama,Idi-Oro,unvisited,review,no e-tally report,0,0.0,0.0,False,GPS unvisited / no e-tally report,False,,2026-07-31 19:30:19.408706+00:00
S01017,Sumari,W014,Bishama,Idi-Oro,visited,high,reported,1,19.0,19.0,False,GPS visited / e-tally reported,False,,2026-07-31 19:30:19.408706+00:00
S01018,Barile,W014,Bishama,Idi-Oro,unvisited,review,reported,1,148.0,148.0,False,GPS unvisited / e-tally reported,True,,2026-07-31 19:30:19.408706+00:00
S01019,Zaderu-Kudu,W014,Bishama,Idi-Oro,unvisited,review,reported,1,101.0,101.0,False,GPS unvisited / e-tally reported,True,,2026-07-31 19:30:19.408706+00:00
S01020,Ekyoni-Sabo,W014,Bishama,Idi-Oro,unvisited,review,reported,1,18.0,18.0,False,GPS unvisited / e-tally reported,True,,2026-07-31 19:30:19.408706+00:00
S01021,Farata,W014,Bishama,Idi-Oro,unvisited,review,reported,1,178.0,178.0,False,GPS unvisited / e-tally reported,True,,2026-07-31 19:30:19.408706+00:00
S01022,Yekoja,W014,Bishama,Idi-Oro,unvisited,review,reported,1,170.0,170.0,False,GPS unvisited / e-tally reported,True,,2026-07-31 19:30:19.408706+00:00
S01023,Guraja,W014,Bishama,Idi-Oro,unvisited,review,no e-tally report,0,0.0,0.0,False,GPS unvisited / no e-tally report,False,,2026-07-31 19:30:19.408706+00:00
S01024,Enlana,W014,Bishama,Idi-Oro,unvisited,review,reported,1,310.0,310.0,False,GPS unvisited / e-tally reported,True,,2026-07-31 19:30:19.408706+00:00
S01025,Irdude,W014,Bishama,Idi-Oro,unvisited,review,reported,1,428.0,428.0,False,GPS unvisited / e-tally reported,True,,2026-07-31 19:30:19.408706+00:00
S01026,Dokoja,W014,Bishama,Idi-Oro,unvisited,review,reported,1,26.0,26.0,False,GPS unvisited / e-tally reported,True,,2026-07-31 19:30:19.408706+00:00
S01027,Suwama,W014,Bishama,Idi-Oro,unvisited,review,reported,1,38.0,0.0,True,GPS unvisited / e-tally reported,True,,2026-07-31 19:30:19.408706+00:00
S01028,Jidetu,W014,Bishama,Idi-Oro,unvisited,review,no e-tally report,0,0.0,0.0,False,GPS unvisited / no e-tally report,False,,2026-07-31 19:30:19.408706+00:00
S01029,Kuyowa,W014,Bishama,Idi-Oro,unvisited,review,reported,1,225.0,225.0,False,GPS unvisited / e-tally reported,True,,2026-07-31 19:30:19.408706+00:00
S01030,Batsiba-Tudun,W014,Bishama,Idi-Oro,ambiguous,ambiguous,reported,1,149.0,149.0,False,GPS ambiguous / e-tally reported,False,,2026-07-31 19:30:19.408706+00:00
S01031,Nurima,W014,Bishama,Idi-Oro,unvisited,review,no e-tally report,0,0.0,0.0,False,GPS unvisited / no e-tally report,False,,2026-07-31 19:30:19.408706+00:00
S01032,Ekwawa,W014,Bishama,Idi-Oro,ambiguous,ambiguous,reported,1,43.0,43.0,False,GPS ambiguous / e-tally reported,False,,2026-07-31 19:30:19.408706+00:00
S01033,Dosani-Tudun,W014,Bishama,Idi-Oro,visited,high,reported,1,172.0,172.0,False,GPS visited / e-tally reported,False,,2026-07-31 19:30:19.408706+00:00
S01034,Wayode,W014,Bishama,Idi-Oro,ambiguous,ambiguous,reported,1,82.0,0.0,True,GPS ambiguous / e-tally reported,False,,2026-07-31 19:30:19.408706+00:00
S01035,Okberi,W014,Bishama,Idi-Oro,unvisited,review,reported,1,58.0,58.0,False,GPS unvisited / e-tally reported,True,,2026-07-31 19:30:19.408706+00:00
S01036,Mazama,W014,Bishama,Idi-Oro,unvisited,review,reported,1,355.0,355.0,False,GPS unvisited / e-tally reported,True,,2026-07-31 19:30:19.408706+00:00
S01037,Kabeyi-Arewa,W014,Bishama,Idi-Oro,unvisited,review,no e-tally report,0,0.0,0.0,False,GPS unvisited / no e-tally report,False,,2026-07-31 19:30:19.408706+00:00
S01038,Dajiyi,W014,Bishama,Idi-Oro,unvisited,review,reported,1,119.0,119.0,False,GPS unvisited / e-tally reported,True,,2026-07-31 19:30:19.408706+00:00
S01039,Guyona-Kofar,W014,Bishama,Idi-Oro,unvisited,review,reported,1,191.0,191.0,False,GPS unvisited / e-tally reported,True,,2026-07-31 19:30:19.408706+00:00
S01040,Enduma-Kofar,W014,Bishama,Idi-Oro,visited,high,reported,1,448.0,448.0,False,GPS visited / e-tally reported,False,,2026-07-31 19:30:19.408706+00:00
S01041,Ibzashi,W014,Bishama,Idi-Oro,ambiguous,ambiguous,reported,1,60.0,0.0,True,GPS ambiguous / e-tally reported,False,,2026-07-31 19:30:19.408706+00:00
S01042,Nungoko-Tudun,W014,Bishama,Idi-Oro,unvisited,review,reported,1,73.0,73.0,False,GPS unvisited / e-tally reported,True,,2026-07-31 19:30:19.408706+00:00
S01043,Fayoba,W014,Bishama,Idi-Oro,unvisited,review,no e-tally report,0,0.0,0.0,False,GPS unvisited / no e-tally report,False,,2026-07-31 19:30:19.408706+00:00
S01044,Suyoshi,W014,Bishama,Idi-Oro,unvisited,review,reported,1,33.0,33.0,False,GPS unvisited / e-tally reported,True,,2026-07-31 19:30:19.408706+00:00
S01045,Rilana,W014,Bishama,Idi-Oro,ambiguous,ambiguous,no e-tally report,0,0.0,0.0,False,GPS ambiguous / no e-tally report,False,,2026-07-31 19:30:19.408706+00:00
S01046,Losami,W014,Bishama,Idi-Oro,unvisited,review,reported,1,69.0,0.0,True,GPS unvisited / e-tally reported,True,,2026-07-31 19:30:19.408706+00:00
S01047,Yetide,W014,Bishama,Idi-Oro,unvisited,review,no e-tally report,0,0.0,0.0,False,GPS unvisited / no e-tally report,False,,2026-07-31 19:30:19.408706+00:00
S01048,Sabeni,W014,Bishama,Idi-Oro,unvisited,review,reported,1,14.0,0.0,True,GPS unvisited / e-tally reported,True,,2026-07-31 19:30:19.408706+00:00
S01049,Talusa,W014,Bishama,Idi-Oro,unvisited,review,no e-tally report,0,0.0,0.0,False,GPS unvisited / no e-tally report,False,,2026-07-31 19:30:19.408706+00:00
S01050,Rishayi,W014, Bishama ,Idi-Oro,unvisited,review,reported,1,70.0,0.0,True,GPS unvisited / e-tally reported,True,,2026-07-31 19:30:19.408706+00:00
S01051,Okshami-Yamma,W014,Bishama,Idi-Oro,unvisited,review,no e-tally report,0,0.0,0.0,False,GPS unvisited / no e-tally report,False,,2026-07-31 19:30:19.408706+00:00
S01052,Enbatu,W014,Bishama,Idi-Oro,unvisited,review,reported,1,44.0,44.0,False,GPS unvisited / e-tally reported,True,,2026-07-31 19:30:19.408706+00:00
S01053,Ennata,W014,Bishama,Idi-Oro,unvisited,review,reported,1,140.0,140.0,False,GPS unvisited / e-tally reported,True,,2026-07-31 19:30:19.408706+00:00
S01054,Jidude,W014,Bishama,Idi-Oro,unvisited,review,reported,1,246.0,246.0,False,GPS unvisited / e-tally reported,True,,2026-07-31 19:30:19.408706+00:00
S01055,Umjidu,W014,Bishama,Idi-Oro,unvisited,review,no e-tally report,0,0.0,0.0,False,GPS unvisited / no e-tally report,False,,2026-07-31 19:30:19.408706+00:00
S01056,Ummafa,W014,Bishama,Idi-Oro,unvisited,review,reported,1,30.0,30.0,False,GPS unvisited / e-tally reported,True,,2026-07-31 19:30:19.408706+00:00
S01057,Gulawa,W014,Bishama,Idi-Oro,unvisited,review,reported,1,107.0,107.0,False,GPS unvisited / e-tally reported,True,,2026-07-31 19:30:19.408706+00:00
S01058,Salatu,W014,BISHAMA,Idi-Oro,unvisited,review,reported,1,45.0,0.0,True,GPS unvisited / e-tally reported,True,,2026-07-31 19:30:19.408706+00:00
S01059,Irwata,W014,Bishama,Idi-Oro,unvisited,review,reported,1,68.0,68.0,False,GPS unvisited / e-tally reported,True,,2026-07-31 19:30:19.408706+00:00
S01060,Okdedu,W014,Bishama,Idi-Oro,unvisited,review,reported,1,25.0,25.0,False,GPS unvisited / e-tally reported,True,,2026-07-31 19:30:19.408706+00:00
S01061,Hanami,W014,Bishama,Idi-Oro,unvisited,review,reported,1,149.0,149.0,False,GPS unvisited / e-tally reported,True,,2026-07-31 19:30:19.408706+00:00
S01062,Dabemi,W014,Bishama,Idi-Oro,unvisited,review,reported,1,73.0,73.0,False,GPS unvisited / e-tally reported,True,,2026-07-31 19:30:19.408706+00:00
S01063,Banafa,W014,Bishama,Idi-Oro,visited,high,reported,1,12.0,12.0,False,GPS visited / e-tally reported,False,,2026-07-31 19:30:19.408706+00:00
S01064,Sanatu,W014,Bishama,Idi-Oro,unvisited,review,reported,1,371.0,371.0,False,GPS unvisited / e-tally reported,True,,2026-07-31 19:30:19.408706+00:00
S01065,Enshana,W014,Bishama,Idi-Oro,unvisited,review,reported,1,132.0,132.0,False,GPS unvisited / e-tally reported,True,,2026-07-31 19:30:19.408706+00:00
S01066,Zabeba-Kudu,W014,Bishama,Idi-Oro,ambiguous,ambiguous,reported,1,61.0,61.0,False,GPS ambiguous / e-tally reported,False,,2026-07-31 19:30:19.408706+00:00
S01067,Tanani,W014,Bishama,Idi-Oro,unvisited,review,reported,1,15.0,15.0,False,GPS unvisited / e-tally reported,True,,2026-07-31 19:30:19.408706+00:00
S01068,Datsiwa,W014,Bishama,Idi-Oro,unvisited,review,reported,1,229.0,229.0,False,GPS unvisited / e-tally reported,True,,2026-07-31 19:30:19.408706+00:00
S01069,Hazayi,W014,Bishama,Idi-Oro,unvisited,review,no e-tally report,0,0.0,0.0,False,GPS unvisited / no e-tally report,False,,2026-07-31 19:30:19.408706+00:00
S01070,Irdeni-Arewa,W014,Bishama,Idi-Oro,unvisited,review,reported,1,74.0,74.0,False,GPS unvisited / e-tally reported,True,,2026-07-31 19:30:19.408706+00:00
S01071,Enrami,W014,Bishama,Idi-Oro,unvisited,review,reported,1,41.0,41.0,False,GPS unvisited / e-tally reported,True,,2026-07-31 19:30:19.408706+00:00
S01072,Sukoyi,W014,Bishama,Idi-Oro,unvisited,review,reported,1,68.0,0.0,True,GPS unvisited / e-tally reported,True,,2026-07-31 19:30:19.408706+00:00
S01073,Eksatu-Gabas,W014,Bishama,Idi-Oro,unvisited,review,reported,1,90.0,90.0,False,GPS unvisited / e-tally reported,True,,2026-07-31 19:30:19.408706+00:00
S01074,Waride-Tsakiya,W014,Bishama,Idi-Oro,unvisited,review,reported,1,66.0,0.0,True,GPS unvisited / e-tally reported,True,,2026-07-31 19:30:19.408706+00:00
S01075,Uzkoba,W014,Bishama,Idi-Oro,ambiguous,ambiguous,reported,1,26.0,26.0,False,GPS ambiguous / e-tally reported,False,,2026-07-31 19:30:19.408706+00:00
S01076,Matsiwo,W014,Bishama,Idi-Oro,unvisited,review,no e-tally report,0,0.0,0.0,False,GPS unvisited / no e-tally report,False,,2026-07-31 19:30:19.408706+00:00
S01077,Zashatu-Kudu,W014,Bishama,Idi-Oro,unvisited,review,reported,1,17.0,17.0,False,GPS unvisited / e-tally reported,True,,2026-07-31 19:30:19.408706+00:00
S01078,Subafa,W014,Bishama,Idi-Oro,ambiguous,ambiguous,reported,1,27.0,27.0,False,GPS ambiguous / e-tally reported,False,,2026-07-31 19:30:19.408706+00:00
S01079,Salude,W014,BISHAMA,Idi-Oro,unvisited,review,reported,1,28.0,28.0,False,GPS unvisited / e-tally reported,True,,2026-07-31 19:30:19.408706+00:00
S01080,Adngodu,W014,Bishama,Idi-Oro,unvisited,review,no e-tally report,0,0.0,0.0,False,GPS unvisited / no e-tally report,False,,2026-07-31 19:30:19.408706+00:00
S01081,Fatsimi,W014,Bishama,Idi-Oro,unvisited,review,reported,1,219.0,219.0,False,GPS unvisited / e-tally reported,True,,2026-07-31 19:30:19.408706+00:00
S01082,Guluyi,W014,Bishama,Idi-Oro,unvisited,review,reported,1,274.0,274.0,False,GPS unvisited / e-tally reported,True,,2026-07-31 19:30:19.408706+00:00
S01083,Agbele,W014,Bishama,Idi-Oro,unvisited,review,no e-tally report,0,0.0,0.0,False,GPS unvisited / no e-tally report,False,,2026-07-31 19:30:19.408706+00:00
S01084,Uzlule,W014,Bishama,Idi-Oro,unvisited,review,reported,1,27.0,27.0,False,GPS unvisited / e-tally reported,True,,2026-07-31 19:30:19.408706+00:00
S01085,Dayoshi,W014,Bishama,Idi-Oro,unvisited,review,reported,1,19.0,19.0,False,GPS unvisited / e-tally reported,True,,2026-07-31 19:30:19.408706+00:00
S01086,Umrina,W014,Bishama,Idi-Oro,visited,high,reported,1,96.0,0.0,True,GPS visited / e-tally reported,False,,2026-07-31 19:30:19.408706+00:00
S01087,Irlushi-Kudu,W014,Bishama,Idi-Oro,ambiguous,ambiguous,reported,1,17.0,17.0,False,GPS ambiguous / e-tally reported,False,,2026-07-31 19:30:19.408706+00:00
S01088,Adlata,W014,Bishama,Idi-Oro,unvisited,review,reported,1,93.0,0.0,True,GPS unvisited / e-tally reported,True,,2026-07-31 19:30:19.408706+00:00
S01089,Agzani,W014,Bishama,Idi-Oro,unvisited,review,reported,1,328.0,0.0,True,GPS unvisited / e-tally reported,True,,2026-07-31 19:30:19.408706+00:00
S01090,Lolani,W014,Bishama,Idi-Oro,unvisited,review,reported,1,46.0,46.0,False,GPS unvisited / e-tally reported,True,,2026-07-31 19:30:19.408706+00:00
S01091,Ritiru,W014,Bishama,Idi-Oro,unvisited,review,no e-tally report,0,0.0,0.0,False,GPS unvisited / no e-tally report,False,,2026-07-31 19:30:19.408706+00:00
S01092,Doyodu,W014,Bishama,Idi-Oro,unvisited,review,reported,1,93.0,93.0,False,GPS unvisited / e-tally reported,True,,2026-07-31 19:30:19.408706+00:00
S01093,Ekyoyi,W014,Bishama,Idi-Oro,visited,high,reported,1,111.0,111.0,False,GPS visited / e-tally reported,False,,2026-07-31 19:30:19.408706+00:00
S01094,Taluba,W014,Bishama,Idi-Oro,visited,high,reported,1,133.0,0.0,True,GPS visited / e-tally reported,False,,2026-07-31 19:30:19.408706+00:00
S01095,Uztija,W015,Baluru,Idi-Oro,unvisited,review,reported,1,50.0,50.0,False,GPS unvisited / e-tally reported,True,,2026-07-31 19:30:19.408706+00:00
S01096,Haberi,W015,Baluru,Idi-Oro,unvisited,review,no e-tally report,0,0.0,0.0,False,GPS unvisited / no e-tally report,False,,2026-07-31 19:30:19.408706+00:00
S01097,Irjina-Kudu,W015,Baluru,Idi-Oro,unvisited,review,reported,1,40.0,40.0,False,GPS unvisited / e-tally reported,True,,2026-07-31 19:30:19.408706+00:00
S01098,Domadu,W015,Baluru,Idi-Oro,unvisited,review,no e-tally report,0,0.0,0.0,False,GPS unvisited / no e-tally report,False,,2026-07-31 19:30:19.408706+00:00
S01099,Entiyi,W015,Baluru,Idi-Oro,unvisited,review,reported,1,20.0,20.0,False,GPS unvisited / e-tally reported,True,,2026-07-31 19:30:19.408706+00:00
S01100,Umtimi,W015,Baluru,Idi-Oro,ambiguous,ambiguous,reported,1,38.0,38.0,False,GPS ambiguous / e-tally reported,False,,2026-07-31 19:30:19.408706+00:00
S01101,Okkowo,W015,Baluru,Idi-Oro,ambiguous,ambiguous,reported,1,227.0,227.0,False,GPS ambiguous / e-tally reported,False,,2026-07-31 19:30:19.408706+00:00
S01102,Wasaja,W015,Baluru,Idi-Oro,unvisited,review,reported,1,246.0,246.0,False,GPS unvisited / e-tally reported,True,,2026-07-31 19:30:19.408706+00:00
S01103,Olnafa,W015,Baluru,Idi-Oro,unvisited,review,reported,1,374.0,374.0,False,GPS unvisited / e-tally reported,True,,2026-07-31 19:30:19.408706+00:00
S01104,Satsiri,W015,Baluru,Idi-Oro,unvisited,review,reported,1,50.0,50.0,False,GPS unvisited / e-tally reported,True,,2026-07-31 19:30:19.408706+00:00
S01105,Yezadu,W015,Baluru,Idi-Oro,visited,high,reported,1,31.0,31.0,False,GPS visited / e-tally reported,False,,2026-07-31 19:30:19.408706+00:00
S01106,Jirashi,W015,Baluru,Idi-Oro,unvisited,review,reported,1,374.0,374.0,False,GPS unvisited / e-tally reported,True,,2026-07-31 19:30:19.408706+00:00
S01107,Wangofa,W015, Baluru ,Idi-Oro,unvisited,review,reported,1,137.0,137.0,False,GPS unvisited / e-tally reported,True,,2026-07-31 19:30:19.408706+00:00
S01108,Iryoko,W015,Baluru,Idi-Oro,unvisited,review,reported,1,34.0,34.0,False,GPS unvisited / e-tally reported,True,,2026-07-31 19:30:19.408706+00:00
S01109,Dosashi,W015,Baluru,Idi-Oro,unvisited,review,reported,1,109.0,109.0,False,GPS unvisited / e-tally reported,True,,2026-07-31 19:30:19.408706+00:00
S01110,Oltsija,W015,Baluru,Idi-Oro,ambiguous,ambiguous,reported,1,41.0,41.0,False,GPS ambiguous / e-tally reported,False,,2026-07-31 19:30:19.408706+00:00
S01111,Bikoja-Tsakiya,W015,Baluru,Idi-Oro,unvisited,review,reported,1,112.0,112.0,False,GPS unvisited / e-tally reported,True,,2026-07-31 19:30:19.408706+00:00
S01112,Yejile,W015,Baluru,Idi-Oro,unvisited,review,reported,1,301.0,301.0,False,GPS unvisited / e-tally reported,True,,2026-07-31 19:30:19.408706+00:00
S01113,Uzdeko,W015,Baluru,Idi-Oro,unvisited,review,reported,1,48.0,0.0,True,GPS unvisited / e-tally reported,True,,2026-07-31 19:30:19.408706+00:00
S01114,Lokota,W015,Baluru,Idi-Oro,unvisited,review,reported,1,255.0,0.0,True,GPS unvisited / e-tally reported,True,,2026-07-31 19:30:19.408706+00:00
S01115,Rinata,W015,Baluru,Idi-Oro,visited,high,reported,1,141.0,141.0,False,GPS visited / e-tally reported,False,,2026-07-31 19:30:19.408706+00:00
S01116,Tanaba,W015,Baluru,Idi-Oro,unvisited,review,no e-tally report,0,0.0,0.0,False,GPS unvisited / no e-tally report,False,,2026-07-31 19:30:19.408706+00:00
S01117,Enngoni,W015,Baluru,Idi-Oro,unvisited,review,reported,1,14.0,14.0,False,GPS unvisited / e-tally reported,True,,2026-07-31 19:30:19.408706+00:00
S01118,Riduma,W015,Baluru,Idi-Oro,ambiguous,ambiguous,reported,1,110.0,110.0,False,GPS ambiguous / e-tally reported,False,,2026-07-31 19:30:19.408706+00:00
S01119,Tatsina,W015,Baluru,Idi-Oro,unvisited,review,no e-tally report,0,0.0,0.0,False,GPS unvisited / no e-tally report,False,,2026-07-31 19:30:19.408706+00:00
S01120,Bitsiyi,W015,Baluru,Idi-Oro,unvisited,review,no e-tally report,0,0.0,0.0,False,GPS unvisited / no e-tally report,False,,2026-07-31 19:30:19.408706+00:00
S01121,Zaduna,W015,Baluru,Idi-Oro,unvisited,review,no e-tally report,0,0.0,0.0,False,GPS unvisited / no e-tally report,False,,2026-07-31 19:30:19.408706+00:00
S01122,Irdeko,W015,Baluru,Idi-Oro,unvisited,review,reported,1,484.0,0.0,True,GPS unvisited / e-tally reported,True,,2026-07-31 19:30:19.408706+00:00
S01123,Wadeko,W015,Baluru,Idi-Oro,ambiguous,ambiguous,reported,1,166.0,0.0,True,GPS ambiguous / e-tally reported,False,,2026-07-31 19:30:19.408706+00:00
S01124,Tajile,W015,Baluru,Idi-Oro,unvisited,review,no e-tally report,0,0.0,0.0,False,GPS unvisited / no e-tally report,False,,2026-07-31 19:30:19.408706+00:00
S01125,Kutiru,W015,Baluru,Idi-Oro,unvisited,review,reported,1,77.0,77.0,False,GPS unvisited / e-tally reported,True,,2026-07-31 19:30:19.408706+00:00
S01126,Manana,W015,Baluru,Idi-Oro,unvisited,review,reported,1,82.0,82.0,False,GPS unvisited / e-tally reported,True,,2026-07-31 19:30:19.408706+00:00
S01127,Ibrasa,W015,Baluru,Idi-Oro,unvisited,review,reported,1,133.0,133.0,False,GPS unvisited / e-tally reported,True,,2026-07-31 19:30:19.408706+00:00
S01128,Agyowa-Tudun,W015,Baluru,Idi-Oro,unvisited,review,reported,1,12.0,12.0,False,GPS unvisited / e-tally reported,True,,2026-07-31 19:30:19.408706+00:00
S01129,Okrawa,W015,Baluru,Idi-Oro,visited,high,reported,1,243.0,243.0,False,GPS visited / e-tally reported,False,,2026-07-31 19:30:19.408706+00:00
S01130,Ensharu,W015,Baluru,Idi-Oro,unvisited,review,reported,1,86.0,86.0,False,GPS unvisited / e-tally reported,True,,2026-07-31 19:30:19.408706+00:00
S01131,Doriba,W015,Baluru,Idi-Oro,unvisited,review,reported,1,541.0,541.0,False,GPS unvisited / e-tally reported,True,,2026-07-31 19:30:19.408706+00:00
S01132,Lojiwo,W015,Baluru,Idi-Oro,unvisited,review,reported,1,56.0,56.0,False,GPS unvisited / e-tally reported,True,,2026-07-31 19:30:19.408706+00:00
S01133,Bisaja,W015,Baluru,Idi-Oro,unvisited,review,reported,1,212.0,212.0,False,GPS unvisited / e-tally reported,True,,2026-07-31 19:30:19.408706+00:00
S01134,Jilari,W015,Baluru,Idi-Oro,unvisited,review,reported,1,191.0,0.0,True,GPS unvisited / e-tally reported,True,,2026-07-31 19:30:19.408706+00:00
S01135,Dobeko,W015,Baluru,Idi-Oro,unvisited,review,reported,1,35.0,35.0,False,GPS unvisited / e-tally reported,True,,2026-07-31 19:30:19.408706+00:00
S01136,Suzade-Tudun,W015,Baluru,Idi-Oro,unvisited,review,reported,1,175.0,175.0,False,GPS unvisited / e-tally reported,True,,2026-07-31 19:30:19.408706+00:00
S01137,Dayoja,W015,Baluru,Idi-Oro,unvisited,review,reported,1,23.0,23.0,False,GPS unvisited / e-tally reported,True,,2026-07-31 19:30:19.408706+00:00
S01138,Lobeyi-Arewa,W015,Baluru,Idi-Oro,unvisited,review,reported,1,490.0,490.0,False,GPS unvisited / e-tally reported,True,,2026-07-31 19:30:19.408706+00:00
S01139,Yeluwa-Tudun,W015,Baluru,Idi-Oro,unvisited,review,reported,1,186.0,186.0,False,GPS unvisited / e-tally reported,True,,2026-07-31 19:30:19.408706+00:00
S01140,Irbetu,W015,Baluru,Idi-Oro,unvisited,review,reported,1,10.0,10.0,False,GPS unvisited / e-tally reported,True,,2026-07-31 19:30:19.408706+00:00
S01141,Ibkole,W015,Baluru,Idi-Oro,unvisited,review,reported,1,11.0,11.0,False,GPS unvisited / e-tally reported,True,,2026-07-31 19:30:19.408706+00:00
S01142,Olwawo-Gabas,W015,Baluru,Idi-Oro,unvisited,review,no e-tally report,0,0.0,0.0,False,GPS unvisited / no e-tally report,False,,2026-07-31 19:30:19.408706+00:00
S01143,Loyoni,W015,Baluru,Idi-Oro,unvisited,review,reported,1,88.0,88.0,False,GPS unvisited / e-tally reported,True,,2026-07-31 19:30:19.408706+00:00
S01144,Ekjiyi-Arewa,W015, Baluru ,Idi-Oro,unvisited,review,reported,1,25.0,25.0,False,GPS unvisited / e-tally reported,True,,2026-07-31 19:30:19.408706+00:00
S01145,Dangode,W015,Baluru,Idi-Oro,unvisited,review,reported,1,84.0,84.0,False,GPS unvisited / e-tally reported,True,,2026-07-31 19:30:19.408706+00:00
S01146,Enmale,W015,Baluru,Idi-Oro,unvisited,review,reported,1,77.0,77.0,False,GPS unvisited / e-tally reported,True,,2026-07-31 19:30:19.408706+00:00
S01147,Kanale,W015,Baluru,Idi-Oro,unvisited,review,reported,1,91.0,91.0,False,GPS unvisited / e-tally reported,True,,2026-07-31 19:30:19.408706+00:00
S01148,Irmako,W015, Baluru ,Idi-Oro,unvisited,review,reported,1,78.0,78.0,False,GPS unvisited / e-tally reported,True,,2026-07-31 19:30:19.408706+00:00
S01149,Uzride,W015,Baluru,Idi-Oro,unvisited,review,reported,1,499.0,499.0,False,GPS unvisited / e-tally reported,True,,2026-07-31 19:30:19.408706+00:00
S01150,Zanaja-Arewa,W015,Baluru,Idi-Oro,unvisited,review,reported,1,39.0,0.0,True,GPS unvisited / e-tally reported,True,,2026-07-31 19:30:19.408706+00:00
S01151,Zayole,W015,BALURU,Idi-Oro,unvisited,review,reported,1,210.0,210.0,False,GPS unvisited / e-tally reported,True,,2026-07-31 19:30:19.408706+00:00
S01152,Olbale-Tsakiya,W015,Baluru,Idi-Oro,unvisited,review,no e-tally report,0,0.0,0.0,False,GPS unvisited / no e-tally report,False,,2026-07-31 19:30:19.408706+00:00
S01153,Karatu-Arewa,W015,Baluru,Idi-Oro,unvisited,review,reported,1,490.0,0.0,True,GPS unvisited / e-tally reported,True,,2026-07-31 19:30:19.408706+00:00
S01154,Yeduyi,W015,Baluru,Idi-Oro,unvisited,review,reported,1,153.0,153.0,False,GPS unvisited / e-tally reported,True,,2026-07-31 19:30:19.408706+00:00
S01155,Olzawo,W015,Baluru,Idi-Oro,unvisited,review,reported,1,246.0,246.0,False,GPS unvisited / e-tally reported,True,,2026-07-31 19:30:19.408706+00:00
S01156,Daluna,W015,Baluru,Idi-Oro,unvisited,review,no e-tally report,0,0.0,0.0,False,GPS unvisited / no e-tally report,False,,2026-07-31 19:30:19.408706+00:00
S01157,Tawale,W015,Baluru,Idi-Oro,visited,high,reported,1,376.0,376.0,False,GPS visited / e-tally reported,False,,2026-07-31 19:30:19.408706+00:00
S01158,Bariyi,W015,Baluru,Idi-Oro,unvisited,review,no e-tally report,0,0.0,0.0,False,GPS unvisited / no e-tally report,False,,2026-07-31 19:30:19.408706+00:00
S01159,Zazayi-Tudun,W015,Baluru,Idi-Oro,unvisited,review,reported,1,68.0,68.0,False,GPS unvisited / e-tally reported,True,,2026-07-31 19:30:19.408706+00:00
S01160,Eklawa,W015,Baluru,Idi-Oro,unvisited,review,reported,1,102.0,102.0,False,GPS unvisited / e-tally reported,True,,2026-07-31 19:30:19.408706+00:00
S01161,Kumako-Sabo,W015,Baluru,Idi-Oro,unvisited,review,no e-tally report,0,0.0,0.0,False,GPS unvisited / no e-tally report,False,,2026-07-31 19:30:19.408706+00:00
S01162,Sarayi-Kofar,W015,Baluru,Idi-Oro,unvisited,review,no e-tally report,0,0.0,0.0,False,GPS unvisited / no e-tally report,False,,2026-07-31 19:30:19.408706+00:00
S01163,Bishale,W015,Baluru,Idi-Oro,unvisited,review,reported,1,262.0,262.0,False,GPS unvisited / e-tally reported,True,,2026-07-31 19:30:19.408706+00:00
S01164,Sashayi,W015,Baluru,Idi-Oro,unvisited,review,reported,1,615.0,615.0,False,GPS unvisited / e-tally reported,True,,2026-07-31 19:30:19.408706+00:00
S01165,Umwama-Arewa,W015,Baluru,Idi-Oro,unvisited,review,reported,1,88.0,88.0,False,GPS unvisited / e-tally reported,True,,2026-07-31 19:30:19.408706+00:00
S01166,Kariba,W015,Baluru,Idi-Oro,unvisited,review,reported,1,39.0,39.0,False,GPS unvisited / e-tally reported,True,,2026-07-31 19:30:19.408706+00:00
S01167,Yelade,W015,Baluru,Idi-Oro,unvisited,review,reported,1,14.0,14.0,False,GPS unvisited / e-tally reported,True,,2026-07-31 19:30:19.408706+00:00
S01168,Dasharu,W015,Baluru,Idi-Oro,unvisited,review,reported,1,121.0,121.0,False,GPS unvisited / e-tally reported,True,,2026-07-31 19:30:19.408706+00:00
S01169,Salushi,W015,Baluru,Idi-Oro,unvisited,review,reported,1,384.0,384.0,False,GPS unvisited / e-tally reported,True,,2026-07-31 19:30:19.408706+00:00
S01170,Tasadu,W015,Baluru,Idi-Oro,unvisited,review,reported,1,74.0,0.0,True,GPS unvisited / e-tally reported,True,,2026-07-31 19:30:19.408706+00:00
S01171,Ummade,W015,Baluru,Idi-Oro,unvisited,review,reported,1,19.0,19.0,False,GPS unvisited / e-tally reported,True,,2026-07-31 19:30:19.408706+00:00
S01172,Fanasa,W015,Baluru,Idi-Oro,unvisited,review,no e-tally report,0,0.0,0.0,False,GPS unvisited / no e-tally report,False,,2026-07-31 19:30:19.408706+00:00
S01173,Saludu,W015,Baluru,Idi-Oro,unvisited,review,reported,1,15.0,15.0,False,GPS unvisited / e-tally reported,True,,2026-07-31 19:30:19.408706+00:00
S01174,Agyowo,W015,Baluru,Idi-Oro,unvisited,review,reported,1,103.0,103.0,False,GPS unvisited / e-tally reported,True,,2026-07-31 19:30:19.408706+00:00
S01175,Jizani,W015,Baluru,Idi-Oro,unvisited,review,reported,1,33.0,33.0,False,GPS unvisited / e-tally reported,True,,2026-07-31 19:30:19.408706+00:00
S01176,Uzraja,W015,Baluru,Idi-Oro,ambiguous,ambiguous,reported,1,21.0,21.0,False,GPS ambiguous / e-tally reported,False,,2026-07-31 19:30:19.408706+00:00
S01177,Adtsina,W015,Baluru,Idi-Oro,unvisited,review,reported,1,20.0,20.0,False,GPS unvisited / e-tally reported,True,,2026-07-31 19:30:19.408706+00:00
S01178,Hajile-Kudu,W015,Baluru,Idi-Oro,unvisited,review,reported,1,81.0,0.0,True,GPS unvisited / e-tally reported,True,,2026-07-31 19:30:19.408706+00:00
S01179,Oljiba,W015,Baluru,Idi-Oro,unvisited,review,reported,1,531.0,531.0,False,GPS unvisited / e-tally reported,True,,2026-07-31 19:30:19.408706+00:00
S01180,Kazani,W015,Baluru,Idi-Oro,unvisited,review,reported,1,95.0,95.0,False,GPS unvisited / e-tally reported,True,,2026-07-31 19:30:19.408706+00:00
S01181,Uzjita-Kudu,W015,Baluru,Idi-Oro,ambiguous,ambiguous,reported,1,45.0,45.0,False,GPS ambiguous / e-tally reported,False,,2026-07-31 19:30:19.408706+00:00
S01182,Umlatu,W015,Baluru,Idi-Oro,unvisited,review,reported,1,90.0,90.0,False,GPS unvisited / e-tally reported,True,,2026-07-31 19:30:19.408706+00:00
S01183,Domari,W015,Baluru,Idi-Oro,unvisited,review,no e-tally report,0,0.0,0.0,False,GPS unvisited / no e-tally report,False,,2026-07-31 19:30:19.408706+00:00
S01184,Yeshasa,W015,Baluru,Idi-Oro,unvisited,review,reported,1,76.0,76.0,False,GPS unvisited / e-tally reported,True,,2026-07-31 19:30:19.408706+00:00
S01185,Marana,W015,Baluru,Idi-Oro,visited,high,reported,1,36.0,36.0,False,GPS visited / e-tally reported,False,,2026-07-31 19:30:19.408706+00:00
S01186,Ekdema,W015,Baluru,Idi-Oro,unvisited,review,no e-tally report,0,0.0,0.0,False,GPS unvisited / no e-tally report,False,,2026-07-31 19:30:19.408706+00:00
S01187,Okyode,W015,Baluru,Idi-Oro,unvisited,review,no e-tally report,0,0.0,0.0,False,GPS unvisited / no e-tally report,False,,2026-07-31 19:30:19.408706+00:00
S01188,Darile-Arewa,W015,Baluru,Idi-Oro,unvisited,review,no e-tally report,0,0.0,0.0,False,GPS unvisited / no e-tally report,False,,2026-07-31 19:30:19.408706+00:00
S01189,Ekratu-Kudu,W015,Baluru,Idi-Oro,unvisited,review,reported,1,103.0,103.0,False,GPS unvisited / e-tally reported,True,,2026-07-31 19:30:19.408706+00:00
S01190,Jikoni,W015,Baluru,Idi-Oro,unvisited,review,reported,1,577.0,577.0,False,GPS unvisited / e-tally reported,True,,2026-07-31 19:30:19.408706+00:00
S01191,Bibako,W015,Baluru,Idi-Oro,unvisited,review,no e-tally report,0,0.0,0.0,False,GPS unvisited / no e-tally report,False,,2026-07-31 19:30:19.408706+00:00
S01192,Doritu,W015,Baluru,Idi-Oro,ambiguous,ambiguous,reported,1,171.0,0.0,True,GPS ambiguous / e-tally reported,False,,2026-07-31 19:30:19.408706+00:00
S01193,Uzwashi,W015,Baluru,Idi-Oro,unvisited,review,reported,1,107.0,107.0,False,GPS unvisited / e-tally reported,True,,2026-07-31 19:30:19.408706+00:00
S01194,Enwama,W015,Baluru,Idi-Oro,unvisited,review,reported,1,431.0,431.0,False,GPS unvisited / e-tally reported,True,,2026-07-31 19:30:19.408706+00:00
S01195,Dorana,W015,Baluru,Idi-Oro,visited,high,reported,1,305.0,305.0,False,GPS visited / e-tally reported,False,,2026-07-31 19:30:19.408706+00:00
S01196,Olshani,W015,Baluru,Idi-Oro,unvisited,review,reported,1,28.0,28.0,False,GPS unvisited / e-tally reported,True,,2026-07-31 19:30:19.408706+00:00
S01197,Rikoyi,W015,Baluru,Idi-Oro,unvisited,review,no e-tally report,0,0.0,0.0,False,GPS unvisited / no e-tally report,False,,2026-07-31 19:30:19.408706+00:00
S01198,Losawo,W015,Baluru,Idi-Oro,ambiguous,ambiguous,reported,1,520.0,0.0,True,GPS ambiguous / e-tally reported,False,,2026-07-31 19:30:19.408706+00:00
S01199,Kuluta,W015,Baluru,Idi-Oro,unvisited,review,reported,1,217.0,217.0,False,GPS unvisited / e-tally reported,True,,2026-07-31 19:30:19.408706+00:00
S01200,Ektina,W015,Baluru,Idi-Oro,unvisited,review,reported,1,592.0,592.0,False,GPS unvisited / e-tally reported,True,,2026-07-31 19:30:19.408706+00:00
S01201,Loyoru-Sabo,W015,Baluru,Idi-Oro,unvisited,review,no e-tally report,0,0.0,0.0,False,GPS unvisited / no e-tally report,False,,2026-07-31 19:30:19.408706+00:00
S01202,Adsana,W015,Baluru,Idi-Oro,unvisited,review,reported,1,125.0,125.0,False,GPS unvisited / e-tally reported,True,,2026-07-31 19:30:19.408706+00:00
S01203,Rideshi,W015,Baluru,Idi-Oro,unvisited,review,reported,1,220.0,220.0,False,GPS unvisited / e-tally reported,True,,2026-07-31 19:30:19.408706+00:00
S01204,Gulawo,W015,Baluru,Idi-Oro,unvisited,review,reported,1,96.0,96.0,False,GPS unvisited / e-tally reported,True,,2026-07-31 19:30:19.408706+00:00
S01205,Tatsiwo,W015,Baluru,Idi-Oro,unvisited,review,reported,1,59.0,59.0,False,GPS unvisited / e-tally reported,True,,2026-07-31 19:30:19.408706+00:00
S01206,Bashashi,W015,Baluru,Idi-Oro,unvisited,review,no e-tally report,0,0.0,0.0,False,GPS unvisited / no e-tally report,False,,2026-07-31 19:30:19.408706+00:00
S01207,Admashi,W015,Baluru,Idi-Oro,unvisited,review,no e-tally report,0,0.0,0.0,False,GPS unvisited / no e-tally report,False,,2026-07-31 19:30:19.408706+00:00
S01208,Gungole,W015,Baluru,Idi-Oro,visited,high,reported,1,29.0,0.0,True,GPS visited / e-tally reported,False,,2026-07-31 19:30:19.408706+00:00
S01209,Sashale,W015,Baluru,Idi-Oro,unvisited,review,reported,1,36.0,0.0,True,GPS unvisited / e-tally reported,True,,2026-07-31 19:30:19.408706+00:00
S01210,Dowawa-Yamma,W015,Baluru,Idi-Oro,unvisited,review,reported,1,330.0,330.0,False,GPS unvisited / e-tally reported,True,,2026-07-31 19:30:19.408706+00:00
S01211,Olduwo,W015,Baluru,Idi-Oro,unvisited,review,reported,1,88.0,88.0,False,GPS unvisited / e-tally reported,True,,2026-07-31 19:30:19.408706+00:00
S01212,Yezari-Kudu,W015,Baluru,Idi-Oro,unvisited,review,reported,1,28.0,28.0,False,GPS unvisited / e-tally reported,True,,2026-07-31 19:30:19.408706+00:00
S01213,Sadewo,W015,Baluru,Idi-Oro,unvisited,review,no e-tally report,0,0.0,0.0,False,GPS unvisited / no e-tally report,False,,2026-07-31 19:30:19.408706+00:00
S01214,Tasaja,W015,Baluru,Idi-Oro,unvisited,review,no e-tally report,0,0.0,0.0,False,GPS unvisited / no e-tally report,False,,2026-07-31 19:30:19.408706+00:00
S01215,Kudumi-Kudu,W015,BALURU,Idi-Oro,unvisited,review,no e-tally report,0,0.0,0.0,False,GPS unvisited / no e-tally report,False,,2026-07-31 19:30:19.408706+00:00
S01216,Wamashi,W015,Baluru,Idi-Oro,unvisited,review,no e-tally report,0,0.0,0.0,False,GPS unvisited / no e-tally report,False,,2026-07-31 19:30:19.408706+00:00
S01217,Umlafa-Kofar,W015,Baluru,Idi-Oro,ambiguous,ambiguous,reported,1,42.0,42.0,False,GPS ambiguous / e-tally reported,False,,2026-07-31 19:30:19.408706+00:00
S01218,Wasako,W015,Baluru,Idi-Oro,unvisited,review,reported,1,294.0,294.0,False,GPS unvisited / e-tally reported,True,,2026-07-31 19:30:19.408706+00:00
S01219,Kuwawa,W015,Baluru,Idi-Oro,unvisited,review,no e-tally report,0,0.0,0.0,False,GPS unvisited / no e-tally report,False,,2026-07-31 19:30:19.408706+00:00
S01220,Fatsiwo-Yamma,W015,Baluru,Idi-Oro,unvisited,review,no e-tally report,0,0.0,0.0,False,GPS unvisited / no e-tally report,False,,2026-07-31 19:30:19.408706+00:00
S01221,Nutide,W015,Baluru,Idi-Oro,unvisited,review,reported,1,887.0,0.0,True,GPS unvisited / e-tally reported,True,,2026-07-31 19:30:19.408706+00:00
S01222,Lodeshi,W015,Baluru,Idi-Oro,visited,high,reported,1,69.0,0.0,True,GPS visited / e-tally reported,False,,2026-07-31 19:30:19.408706+00:00
S01223,Ektide,W015,Baluru,Idi-Oro,unvisited,review,reported,1,156.0,156.0,False,GPS unvisited / e-tally reported,True,,2026-07-31 19:30:19.408706+00:00
S01224,Nurifa,W015,Baluru,Idi-Oro,unvisited,review,reported,1,82.0,82.0,False,GPS unvisited / e-tally reported,True,,2026-07-31 19:30:19.408706+00:00
S01225,Suritu-Gabas,W015,Baluru,Idi-Oro,unvisited,review,no e-tally report,0,0.0,0.0,False,GPS unvisited / no e-tally report,False,,2026-07-31 19:30:19.408706+00:00
S01226,Umduko,W015,Baluru,Idi-Oro,unvisited,review,reported,1,380.0,380.0,False,GPS unvisited / e-tally reported,True,,2026-07-31 19:30:19.408706+00:00
S01227,Irzami,W015,Baluru,Idi-Oro,unvisited,review,reported,1,17.0,17.0,False,GPS unvisited / e-tally reported,True,,2026-07-31 19:30:19.408706+00:00
S01228,Dawako,W015,Baluru,Idi-Oro,unvisited,review,reported,1,75.0,75.0,False,GPS unvisited / e-tally reported,True,,2026-07-31 19:30:19.408706+00:00
S01229,Rikoni-Sabo,W015,Baluru,Idi-Oro,unvisited,review,reported,1,527.0,527.0,False,GPS unvisited / e-tally reported,True,,2026-07-31 19:30:19.408706+00:00
S01230,Bitile,W015,Baluru,Idi-Oro,unvisited,review,reported,1,15.0,15.0,False,GPS unvisited / e-tally reported,True,,2026-07-31 19:30:19.408706+00:00
S01231,Tadefa,W016,Uzritu,Gwarin,ambiguous,ambiguous,reported,1,25.0,25.0,False,GPS ambiguous / e-tally reported,False,,2026-07-31 19:30:19.408706+00:00
S01232,Irraja,W016, Uzritu ,Gwarin,unvisited,review,no e-tally report,0,0.0,0.0,False,GPS unvisited / no e-tally report,False,,2026-07-31 19:30:19.408706+00:00
S01233,Birafa,W016,Uzritu,Gwarin,unvisited,review,no e-tally report,0,0.0,0.0,False,GPS unvisited / no e-tally report,False,,2026-07-31 19:30:19.408706+00:00
S01234,Agngowa,W016,Uzritu,Gwarin,ambiguous,ambiguous,reported,1,19.0,19.0,False,GPS ambiguous / e-tally reported,False,,2026-07-31 19:30:19.408706+00:00
S01235,Uzjiba,W016,Uzritu,Gwarin,unvisited,review,reported,1,13.0,13.0,False,GPS unvisited / e-tally reported,True,,2026-07-31 19:30:19.408706+00:00
S01236,Oljitu,W016,Uzritu,Gwarin,visited,high,reported,1,34.0,34.0,False,GPS visited / e-tally reported,False,,2026-07-31 19:30:19.408706+00:00
S01237,Adtidu,W016,Uzritu,Gwarin,unvisited,review,reported,1,169.0,169.0,False,GPS unvisited / e-tally reported,True,,2026-07-31 19:30:19.408706+00:00
S01238,Agrishi,W016,Uzritu,Gwarin,unvisited,review,reported,1,31.0,31.0,False,GPS unvisited / e-tally reported,True,,2026-07-31 19:30:19.408706+00:00
S01239,Aglashi,W016,Uzritu,Gwarin,unvisited,review,reported,1,12.0,12.0,False,GPS unvisited / e-tally reported,True,,2026-07-31 19:30:19.408706+00:00
S01240,Haraja,W016,Uzritu,Gwarin,ambiguous,ambiguous,reported,1,82.0,82.0,False,GPS ambiguous / e-tally reported,False,,2026-07-31 19:30:19.408706+00:00
S01241,Zaluyi,W016,Uzritu,Gwarin,ambiguous,ambiguous,reported,1,16.0,16.0,False,GPS ambiguous / e-tally reported,False,,2026-07-31 19:30:19.408706+00:00
S01242,Olratu,W016,Uzritu,Gwarin,unvisited,review,no e-tally report,0,0.0,0.0,False,GPS unvisited / no e-tally report,False,,2026-07-31 19:30:19.408706+00:00
S01243,Okyoja,W016,Uzritu,Gwarin,unvisited,review,reported,1,44.0,44.0,False,GPS unvisited / e-tally reported,True,,2026-07-31 19:30:19.408706+00:00
S01244,Wajifa,W016,Uzritu,Gwarin,unvisited,review,no e-tally report,0,0.0,0.0,False,GPS unvisited / no e-tally report,False,,2026-07-31 19:30:19.408706+00:00
S01245,Nuwashi,W016,Uzritu,Gwarin,visited,high,reported,1,67.0,67.0,False,GPS visited / e-tally reported,False,,2026-07-31 19:30:19.408706+00:00
S01246,Doluta,W016,Uzritu,Gwarin,unvisited,review,reported,1,10.0,10.0,False,GPS unvisited / e-tally reported,True,,2026-07-31 19:30:19.408706+00:00
S01247,Fazaru,W016,Uzritu,Gwarin,unvisited,review,reported,1,9.0,9.0,False,GPS unvisited / e-tally reported,True,,2026-07-31 19:30:19.408706+00:00
S01248,Dalawa,W016,Uzritu,Gwarin,ambiguous,ambiguous,reported,1,25.0,25.0,False,GPS ambiguous / e-tally reported,False,,2026-07-31 19:30:19.408706+00:00
S01249,Olbena,W016,Uzritu,Gwarin,ambiguous,ambiguous,reported,1,57.0,57.0,False,GPS ambiguous / e-tally reported,False,,2026-07-31 19:30:19.408706+00:00
S01250,Wadena-Arewa,W016,Uzritu,Gwarin,unvisited,review,reported,1,183.0,183.0,False,GPS unvisited / e-tally reported,True,,2026-07-31 19:30:19.408706+00:00
S01251,Lotsimi,W016,Uzritu,Gwarin,unvisited,review,reported,1,42.0,42.0,False,GPS unvisited / e-tally reported,True,,2026-07-31 19:30:19.408706+00:00
S01252,Dongori,W016,Uzritu,Gwarin,unvisited,review,reported,1,21.0,21.0,False,GPS unvisited / e-tally reported,True,,2026-07-31 19:30:19.408706+00:00
S01253,Habaja,W016,Uzritu,Gwarin,unvisited,review,reported,1,108.0,0.0,True,GPS unvisited / e-tally reported,True,,2026-07-31 19:30:19.408706+00:00
S01254,Okkoma,W016,Uzritu,Gwarin,unvisited,review,reported,1,18.0,18.0,False,GPS unvisited / e-tally reported,True,,2026-07-31 19:30:19.408706+00:00
S01255,Bakoko-Gabas,W016,Uzritu,Gwarin,ambiguous,ambiguous,reported,1,117.0,117.0,False,GPS ambiguous / e-tally reported,False,,2026-07-31 19:30:19.408706+00:00
S01256,Ibngoni,W016,Uzritu,Gwarin,unvisited,review,reported,1,103.0,103.0,False,GPS unvisited / e-tally reported,True,,2026-07-31 19:30:19.408706+00:00
S01257,Suriyi,W016,Uzritu,Gwarin,unvisited,review,reported,1,28.0,28.0,False,GPS unvisited / e-tally reported,True,,2026-07-31 19:30:19.408706+00:00
S01258,Gutide,W016,Uzritu,Gwarin,unvisited,review,no e-tally report,0,0.0,0.0,False,GPS unvisited / no e-tally report,False,,2026-07-31 19:30:19.408706+00:00
S01259,Subeja,W016,Uzritu,Gwarin,unvisited,review,no e-tally report,0,0.0,0.0,False,GPS unvisited / no e-tally report,False,,2026-07-31 19:30:19.408706+00:00
S01260,Hajishi,W016,Uzritu,Gwarin,unvisited,review,reported,1,29.0,29.0,False,GPS unvisited / e-tally reported,True,,2026-07-31 19:30:19.408706+00:00
S01261,Talufa,W016,Uzritu,Gwarin,unvisited,review,reported,1,39.0,39.0,False,GPS unvisited / e-tally reported,True,,2026-07-31 19:30:19.408706+00:00
S01262,Tangoshi,W016,Uzritu,Gwarin,unvisited,review,reported,1,71.0,71.0,False,GPS unvisited / e-tally reported,True,,2026-07-31 19:30:19.408706+00:00
S01263,Nuriri,W016,Uzritu,Gwarin,visited,high,reported,1,53.0,53.0,False,GPS visited / e-tally reported,False,,2026-07-31 19:30:19.408706+00:00
S01264,Aglana,W016,Uzritu,Gwarin,unvisited,review,reported,1,20.0,20.0,False,GPS unvisited / e-tally reported,True,,2026-07-31 19:30:19.408706+00:00
S01265,Kawade,W016,Uzritu,Gwarin,unvisited,review,no e-tally report,0,0.0,0.0,False,GPS unvisited / no e-tally report,False,,2026-07-31 19:30:19.408706+00:00
S01266,Ribata,W016,Uzritu,Gwarin,unvisited,review,reported,1,30.0,30.0,False,GPS unvisited / e-tally reported,True,,2026-07-31 19:30:19.408706+00:00
S01267,Biwako-Sabo,W016,Uzritu,Gwarin,unvisited,review,reported,1,26.0,26.0,False,GPS unvisited / e-tally reported,True,,2026-07-31 19:30:19.408706+00:00
S01268,Bakori,W016,Uzritu,Gwarin,unvisited,review,reported,1,38.0,38.0,False,GPS unvisited / e-tally reported,True,,2026-07-31 19:30:19.408706+00:00
S01269,Umtiyi,W016,Uzritu,Gwarin,ambiguous,ambiguous,reported,1,32.0,32.0,False,GPS ambiguous / e-tally reported,False,,2026-07-31 19:30:19.408706+00:00
S01270,Lotsiko,W016,Uzritu,Gwarin,visited,high,reported,1,11.0,11.0,False,GPS visited / e-tally reported,False,,2026-07-31 19:30:19.408706+00:00
S01271,Nulude,W016,Uzritu,Gwarin,unvisited,review,reported,1,26.0,26.0,False,GPS unvisited / e-tally reported,True,,2026-07-31 19:30:19.408706+00:00
S01272,Gushawa,W016,Uzritu,Gwarin,unvisited,review,no e-tally report,0,0.0,0.0,False,GPS unvisited / no e-tally report,False,,2026-07-31 19:30:19.408706+00:00
S01273,Riyota,W016,Uzritu,Gwarin,unvisited,review,reported,1,16.0,16.0,False,GPS unvisited / e-tally reported,True,,2026-07-31 19:30:19.408706+00:00
S01274,Ibtsiri,W016,Uzritu,Gwarin,ambiguous,ambiguous,reported,1,31.0,31.0,False,GPS ambiguous / e-tally reported,False,,2026-07-31 19:30:19.408706+00:00
S01275,Damawa,W016,Uzritu,Gwarin,unvisited,review,reported,1,31.0,31.0,False,GPS unvisited / e-tally reported,True,,2026-07-31 19:30:19.408706+00:00
S01276,Nujija,W016,Uzritu,Gwarin,visited,high,reported,1,20.0,20.0,False,GPS visited / e-tally reported,False,,2026-07-31 19:30:19.408706+00:00
S01277,Yemasa-Gabas,W016,Uzritu,Gwarin,unvisited,review,reported,1,23.0,23.0,False,GPS unvisited / e-tally reported,True,,2026-07-31 19:30:19.408706+00:00
S01278,Agrimi,W017,Bazasa,Katsuma,ambiguous,ambiguous,reported,1,23.0,23.0,False,GPS ambiguous / e-tally reported,False,,2026-07-31 19:30:19.408706+00:00
S01279,Yebeba-Tudun,W017,Bazasa,Katsuma,visited,high,reported,1,16.0,16.0,False,GPS visited / e-tally reported,False,,2026-07-31 19:30:19.408706+00:00
S01280,Uztide,W017,Bazasa,Katsuma,unvisited,review,no e-tally report,0,0.0,0.0,False,GPS unvisited / no e-tally report,False,,2026-07-31 19:30:19.408706+00:00
S01281,Gudeba,W017,Bazasa,Katsuma,unvisited,review,no e-tally report,0,0.0,0.0,False,GPS unvisited / no e-tally report,False,,2026-07-31 19:30:19.408706+00:00
S01282,Hanatu,W017,Bazasa,Katsuma,ambiguous,ambiguous,reported,1,20.0,20.0,False,GPS ambiguous / e-tally reported,False,,2026-07-31 19:30:19.408706+00:00
S01283,Habeba-Tudun,W017,Bazasa,Katsuma,ambiguous,ambiguous,reported,1,43.0,43.0,False,GPS ambiguous / e-tally reported,False,,2026-07-31 19:30:19.408706+00:00
S01284,Yeyotu,W017,Bazasa,Katsuma,unvisited,review,reported,1,11.0,11.0,False,GPS unvisited / e-tally reported,True,,2026-07-31 19:30:19.408706+00:00
S01285,Adduna,W017,Bazasa,Katsuma,unvisited,review,no e-tally report,0,0.0,0.0,False,GPS unvisited / no e-tally report,False,,2026-07-31 19:30:19.408706+00:00
S01286,Saluba,W017,Bazasa,Katsuma,unvisited,review,no e-tally report,0,0.0,0.0,False,GPS unvisited / no e-tally report,False,,2026-07-31 19:30:19.408706+00:00
S01287,Dotsile,W017,Bazasa,Katsuma,unvisited,review,reported,1,8.0,8.0,False,GPS unvisited / e-tally reported,True,,2026-07-31 19:30:19.408706+00:00
S01288,Lotiru-Tsakiya,W017,Bazasa,Katsuma,ambiguous,ambiguous,reported,1,122.0,122.0,False,GPS ambiguous / e-tally reported,False,,2026-07-31 19:30:19.408706+00:00
S01289,Umdudu-Sabo,W017,Bazasa,Katsuma,unvisited,review,reported,1,9.0,9.0,False,GPS unvisited / e-tally reported,True,,2026-07-31 19:30:19.408706+00:00
S01290,Fariwo-Gabas,W017,Bazasa,Katsuma,ambiguous,ambiguous,reported,1,9.0,9.0,False,GPS ambiguous / e-tally reported,False,,2026-07-31 19:30:19.408706+00:00
S01291,Umjima-Arewa,W017,Bazasa,Katsuma,unvisited,review,reported,1,28.0,28.0,False,GPS unvisited / e-tally reported,True,,2026-07-31 19:30:19.408706+00:00
S01292,Irduma-Gabas,W017,Bazasa,Katsuma,unvisited,review,no e-tally report,0,0.0,0.0,False,GPS unvisited / no e-tally report,False,,2026-07-31 19:30:19.408706+00:00
S01293,Zawama,W017,Bazasa,Katsuma,unvisited,review,reported,1,15.0,15.0,False,GPS unvisited / e-tally reported,True,,2026-07-31 19:30:19.408706+00:00
S01294,Habayi,W017,Bazasa,Katsuma,unvisited,review,reported,1,138.0,138.0,False,GPS unvisited / e-tally reported,True,,2026-07-31 19:30:19.408706+00:00
S01295,Maberu,W017,Bazasa,Katsuma,visited,high,reported,1,27.0,27.0,False,GPS visited / e-tally reported,False,,2026-07-31 19:30:19.408706+00:00
S01296,Sariwa,W017,Bazasa,Katsuma,unvisited,review,reported,1,62.0,62.0,False,GPS unvisited / e-tally reported,True,,2026-07-31 19:30:19.408706+00:00
S01297,Uztsisa-Kudu,W017,Bazasa,Katsuma,unvisited,review,no e-tally report,0,0.0,0.0,False,GPS unvisited / no e-tally report,False,,2026-07-31 19:30:19.408706+00:00
S01298,Wasadu,W017,Bazasa,Katsuma,unvisited,review,reported,1,6.0,6.0,False,GPS unvisited / e-tally reported,True,,2026-07-31 19:30:19.408706+00:00
S01299,Doshasa,W017,Bazasa,Katsuma,unvisited,review,reported,1,66.0,66.0,False,GPS unvisited / e-tally reported,True,,2026-07-31 19:30:19.408706+00:00
S01300,Lokofa-Yamma,W017,Bazasa,Katsuma,unvisited,review,no e-tally report,0,0.0,0.0,False,GPS unvisited / no e-tally report,False,,2026-07-31 19:30:19.408706+00:00
S01301,Walade,W017,Bazasa,Katsuma,unvisited,review,reported,1,49.0,49.0,False,GPS unvisited / e-tally reported,True,,2026-07-31 19:30:19.408706+00:00
S01302,Lojiwa,W017,Bazasa,Katsuma,ambiguous,ambiguous,reported,1,36.0,36.0,False,GPS ambiguous / e-tally reported,False,,2026-07-31 19:30:19.408706+00:00
S01303,Kutiko,W017,Bazasa,Katsuma,unvisited,review,no e-tally report,0,0.0,0.0,False,GPS unvisited / no e-tally report,False,,2026-07-31 19:30:19.408706+00:00
S01304,Mamasa,W017,Bazasa,Katsuma,ambiguous,ambiguous,reported,1,55.0,55.0,False,GPS ambiguous / e-tally reported,False,,2026-07-31 19:30:19.408706+00:00
S01305,Wangori,W017,Bazasa,Katsuma,visited,high,reported,1,4.0,4.0,False,GPS visited / e-tally reported,False,,2026-07-31 19:30:19.408706+00:00
S01306,Hatsima-Tudun,W017,Bazasa,Katsuma,unvisited,review,no e-tally report,0,0.0,0.0,False,GPS unvisited / no e-tally report,False,,2026-07-31 19:30:19.408706+00:00
S01307,Lotina-Tudun,W017,Bazasa,Katsuma,unvisited,review,reported,1,35.0,35.0,False,GPS unvisited / e-tally reported,True,,2026-07-31 19:30:19.408706+00:00
S01308,Olsani,W017, Bazasa ,Katsuma,unvisited,review,no e-tally report,0,0.0,0.0,False,GPS unvisited / no e-tally report,False,,2026-07-31 19:30:19.408706+00:00
S01309,Zakona,W017,BAZASA,Katsuma,visited,high,reported,1,97.0,97.0,False,GPS visited / e-tally reported,False,,2026-07-31 19:30:19.408706+00:00
S01310,Hasani-Kofar,W017,Bazasa,Katsuma,unvisited,review,reported,1,14.0,14.0,False,GPS unvisited / e-tally reported,True,,2026-07-31 19:30:19.408706+00:00
S01311,Makoni,W017,Bazasa,Katsuma,unvisited,review,reported,1,59.0,59.0,False,GPS unvisited / e-tally reported,True,,2026-07-31 19:30:19.408706+00:00
S01312,Sakoja-Arewa,W017,Bazasa,Katsuma,ambiguous,ambiguous,reported,1,76.0,0.0,True,GPS ambiguous / e-tally reported,False,,2026-07-31 19:30:19.408706+00:00
S01313,Kangode,W017,Bazasa,Katsuma,unvisited,review,reported,1,134.0,134.0,False,GPS unvisited / e-tally reported,True,,2026-07-31 19:30:19.408706+00:00
S01314,Yedeyi,W017,Bazasa,Katsuma,unvisited,review,reported,1,96.0,96.0,False,GPS unvisited / e-tally reported,True,,2026-07-31 19:30:19.408706+00:00
S01315,Uzrama-Arewa,W017,Bazasa,Katsuma,unvisited,review,reported,1,36.0,36.0,False,GPS unvisited / e-tally reported,True,,2026-07-31 19:30:19.408706+00:00
S01316,Saluna,W017,Bazasa,Katsuma,unvisited,review,no e-tally report,0,0.0,0.0,False,GPS unvisited / no e-tally report,False,,2026-07-31 19:30:19.408706+00:00
S01317,Umrafa,W017,Bazasa,Katsuma,unvisited,review,reported,1,288.0,0.0,True,GPS unvisited / e-tally reported,True,,2026-07-31 19:30:19.408706+00:00
S01318,Irmami,W017,Bazasa,Katsuma,ambiguous,ambiguous,reported,1,14.0,14.0,False,GPS ambiguous / e-tally reported,False,,2026-07-31 19:30:19.408706+00:00
S01319,Kajiba,W017,Bazasa,Katsuma,unvisited,review,no e-tally report,0,0.0,0.0,False,GPS unvisited / no e-tally report,False,,2026-07-31 19:30:19.408706+00:00
S01320,Adberi,W017,Bazasa,Katsuma,ambiguous,ambiguous,reported,1,69.0,69.0,False,GPS ambiguous / e-tally reported,False,,2026-07-31 19:30:19.408706+00:00
S01321,Agkoja,W017,Bazasa,Katsuma,unvisited,review,no e-tally report,0,0.0,0.0,False,GPS unvisited / no e-tally report,False,,2026-07-31 19:30:19.408706+00:00
S01322,Umluri,W018,Adwana,Gwarin,unvisited,review,reported,1,9.0,9.0,False,GPS unvisited / e-tally reported,True,,2026-07-31 19:30:19.408706+00:00
S01323,Majita,W018,Adwana,Gwarin,ambiguous,ambiguous,reported,1,60.0,60.0,False,GPS ambiguous / e-tally reported,False,,2026-07-31 19:30:19.408706+00:00
S01324,Adwade,W018,Adwana,Gwarin,unvisited,review,reported,1,10.0,10.0,False,GPS unvisited / e-tally reported,True,,2026-07-31 19:30:19.408706+00:00
S01325,Fadeba,W018,ADWANA,Gwarin,unvisited,review,no e-tally report,0,0.0,0.0,False,GPS unvisited / no e-tally report,False,,2026-07-31 19:30:19.408706+00:00
S01326,Biduru,W018,Adwana,Gwarin,visited,high,reported,1,28.0,28.0,False,GPS visited / e-tally reported,False,,2026-07-31 19:30:19.408706+00:00
S01327,Faluna,W018,Adwana,Gwarin,unvisited,review,reported,1,110.0,110.0,False,GPS unvisited / e-tally reported,True,,2026-07-31 19:30:19.408706+00:00
S01328,Ummale,W018,Adwana,Gwarin,unvisited,review,reported,1,18.0,18.0,False,GPS unvisited / e-tally reported,True,,2026-07-31 19:30:19.408706+00:00
S01329,Enluri,W018,Adwana,Gwarin,unvisited,review,reported,1,10.0,10.0,False,GPS unvisited / e-tally reported,True,,2026-07-31 19:30:19.408706+00:00
S01330,Daduna,W018,Adwana,Gwarin,unvisited,review,reported,1,16.0,16.0,False,GPS unvisited / e-tally reported,True,,2026-07-31 19:30:19.408706+00:00
S01331,Zawaru,W018,Adwana,Gwarin,unvisited,review,reported,1,34.0,34.0,False,GPS unvisited / e-tally reported,True,,2026-07-31 19:30:19.408706+00:00
S01332,Kubema,W018,Adwana,Gwarin,ambiguous,ambiguous,reported,1,11.0,11.0,False,GPS ambiguous / e-tally reported,False,,2026-07-31 19:30:19.408706+00:00
S01333,Nudude,W018,Adwana,Gwarin,unvisited,review,no e-tally report,0,0.0,0.0,False,GPS unvisited / no e-tally report,False,,2026-07-31 19:30:19.408706+00:00
S01334,Tariba,W018,Adwana,Gwarin,ambiguous,ambiguous,reported,1,21.0,0.0,True,GPS ambiguous / e-tally reported,False,,2026-07-31 19:30:19.408706+00:00
S01335,Jiritu,W018,Adwana,Gwarin,ambiguous,ambiguous,reported,1,9.0,9.0,False,GPS ambiguous / e-tally reported,False,,2026-07-31 19:30:19.408706+00:00
S01336,Jikotu-Kudu,W018,Adwana,Gwarin,unvisited,review,reported,1,16.0,16.0,False,GPS unvisited / e-tally reported,True,,2026-07-31 19:30:19.408706+00:00
S01337,Iryoru,W018,Adwana,Gwarin,visited,high,reported,1,58.0,58.0,False,GPS visited / e-tally reported,False,,2026-07-31 19:30:19.408706+00:00
S01338,Bangofa-Kudu,W018,Adwana,Gwarin,unvisited,review,reported,1,47.0,47.0,False,GPS unvisited / e-tally reported,True,,2026-07-31 19:30:19.408706+00:00
S01339,Kuwawo,W018,Adwana,Gwarin,unvisited,review,reported,1,17.0,17.0,False,GPS unvisited / e-tally reported,True,,2026-07-31 19:30:19.408706+00:00
S01340,Biwadu-Gabas,W018,Adwana,Gwarin,unvisited,review,reported,1,56.0,56.0,False,GPS unvisited / e-tally reported,True,,2026-07-31 19:30:19.408706+00:00
S01341,Gungode,W018,Adwana,Gwarin,unvisited,review,reported,1,9.0,9.0,False,GPS unvisited / e-tally reported,True,,2026-07-31 19:30:19.408706+00:00
S01342,Yebafa,W018,Adwana,Gwarin,ambiguous,ambiguous,reported,1,34.0,34.0,False,GPS ambiguous / e-tally reported,False,,2026-07-31 19:30:19.408706+00:00
S01343,Enyoko,W018,Adwana,Gwarin,unvisited,review,reported,1,86.0,0.0,True,GPS unvisited / e-tally reported,True,,2026-07-31 19:30:19.408706+00:00
S01344,Ibnani-Kudu,W018,Adwana,Gwarin,ambiguous,ambiguous,reported,1,16.0,16.0,False,GPS ambiguous / e-tally reported,False,,2026-07-31 19:30:19.408706+00:00
S01345,Nuwawa,W018,Adwana,Gwarin,ambiguous,ambiguous,reported,1,14.0,14.0,False,GPS ambiguous / e-tally reported,False,,2026-07-31 19:30:19.408706+00:00
S01346,Lowama-Gabas,W018,ADWANA,Gwarin,unvisited,review,reported,1,35.0,35.0,False,GPS unvisited / e-tally reported,True,,2026-07-31 19:30:19.408706+00:00
S01347,Ennadu,W018,Adwana,Gwarin,unvisited,review,reported,1,36.0,36.0,False,GPS unvisited / e-tally reported,True,,2026-07-31 19:30:19.408706+00:00
S01348,Ibbeja,W018,Adwana,Gwarin,unvisited,review,reported,1,30.0,30.0,False,GPS unvisited / e-tally reported,True,,2026-07-31 19:30:19.408706+00:00
S01349,Irnata-Yamma,W018,Adwana,Gwarin,unvisited,review,reported,1,11.0,11.0,False,GPS unvisited / e-tally reported,True,,2026-07-31 19:30:19.408706+00:00
S01350,Enwatu,W018,Adwana,Gwarin,unvisited,review,reported,1,14.0,14.0,False,GPS unvisited / e-tally reported,True,,2026-07-31 19:30:19.408706+00:00
S01351,Tatsiru,W018,Adwana,Gwarin,visited,high,reported,1,8.0,8.0,False,GPS visited / e-tally reported,False,,2026-07-31 19:30:19.408706+00:00
S01352,Kangoko,W018,Adwana,Gwarin,unvisited,review,reported,1,51.0,51.0,False,GPS unvisited / e-tally reported,True,,2026-07-31 19:30:19.408706+00:00
S01353,Gungofa,W018,Adwana,Gwarin,ambiguous,ambiguous,reported,1,70.0,70.0,False,GPS ambiguous / e-tally reported,False,,2026-07-31 19:30:19.408706+00:00
S01354,Bidefa,W018,Adwana,Gwarin,unvisited,review,reported,1,22.0,22.0,False,GPS unvisited / e-tally reported,True,,2026-07-31 19:30:19.408706+00:00
S01355,Zanawa,W018,Adwana,Gwarin,unvisited,review,reported,1,20.0,20.0,False,GPS unvisited / e-tally reported,True,,2026-07-31 19:30:19.408706+00:00
S01356,Risawa-Gabas,W018,Adwana,Gwarin,unvisited,review,reported,1,27.0,27.0,False,GPS unvisited / e-tally reported,True,,2026-07-31 19:30:19.408706+00:00
S01357,Olmafa-Tsakiya,W018,Adwana,Gwarin,unvisited,review,reported,1,7.0,7.0,False,GPS unvisited / e-tally reported,True,,2026-07-31 19:30:19.408706+00:00
S01358,Jidusa,W018,Adwana,Gwarin,unvisited,review,reported,1,13.0,13.0,False,GPS unvisited / e-tally reported,True,,2026-07-31 19:30:19.408706+00:00
S01359,Nuyotu-Gabas,W018,Adwana,Gwarin,unvisited,review,reported,1,16.0,16.0,False,GPS unvisited / e-tally reported,True,,2026-07-31 19:30:19.408706+00:00
S01360,Kukota-Yamma,W018,Adwana,Gwarin,unvisited,review,no e-tally report,0,0.0,0.0,False,GPS unvisited / no e-tally report,False,,2026-07-31 19:30:19.408706+00:00
S01361,Agludu,W018,Adwana,Gwarin,unvisited,review,reported,1,29.0,29.0,False,GPS unvisited / e-tally reported,True,,2026-07-31 19:30:19.408706+00:00
S01362,Irkowo,W018, Adwana ,Gwarin,ambiguous,ambiguous,reported,1,31.0,31.0,False,GPS ambiguous / e-tally reported,False,,2026-07-31 19:30:19.408706+00:00
S01363,Bitina,W018,Adwana,Gwarin,unvisited,review,reported,1,106.0,106.0,False,GPS unvisited / e-tally reported,True,,2026-07-31 19:30:19.408706+00:00
S01364,Bitija,W018,Adwana,Gwarin,unvisited,review,reported,1,16.0,16.0,False,GPS unvisited / e-tally reported,True,,2026-07-31 19:30:19.408706+00:00
S01365,Nubeshi,W018,Adwana,Gwarin,unvisited,review,reported,1,2.0,2.0,False,GPS unvisited / e-tally reported,True,,2026-07-31 19:30:19.408706+00:00
S01366,Mangona,W018,Adwana,Gwarin,unvisited,review,reported,1,15.0,15.0,False,GPS unvisited / e-tally reported,True,,2026-07-31 19:30:19.408706+00:00
S01367,Doluko,W018,Adwana,Gwarin,unvisited,review,reported,1,41.0,41.0,False,GPS unvisited / e-tally reported,True,,2026-07-31 19:30:19.408706+00:00
S01368,Wajitu-Arewa,W018,Adwana,Gwarin,ambiguous,ambiguous,reported,1,36.0,36.0,False,GPS ambiguous / e-tally reported,False,,2026-07-31 19:30:19.408706+00:00
S01369,Umriba,W018,Adwana,Gwarin,visited,high,reported,1,53.0,53.0,False,GPS visited / e-tally reported,False,,2026-07-31 19:30:19.408706+00:00
S01370,Marawo,W018,Adwana,Gwarin,unvisited,review,reported,1,18.0,18.0,False,GPS unvisited / e-tally reported,True,,2026-07-31 19:30:19.408706+00:00
S01371,Umriko-Kofar,W019,Umzaba-Kofar,Ilela,unvisited,review,reported,1,29.0,29.0,False,GPS unvisited / e-tally reported,True,,2026-07-31 19:30:19.408706+00:00
S01372,Haduta,W019,Umzaba-Kofar,Ilela,unvisited,review,reported,1,5.0,5.0,False,GPS unvisited / e-tally reported,True,,2026-07-31 19:30:19.408706+00:00
S01373,Nuyoru,W019,Umzaba-Kofar,Ilela,unvisited,review,reported,1,25.0,25.0,False,GPS unvisited / e-tally reported,True,,2026-07-31 19:30:19.408706+00:00
S01374,Bazaru,W019,Umzaba-Kofar,Ilela,unvisited,review,reported,1,36.0,36.0,False,GPS unvisited / e-tally reported,True,,2026-07-31 19:30:19.408706+00:00
S01375,Lotifa-Sabo,W019,Umzaba-Kofar,Ilela,unvisited,review,reported,1,17.0,17.0,False,GPS unvisited / e-tally reported,True,,2026-07-31 19:30:19.408706+00:00
S01376,Yewaba,W019,Umzaba-Kofar,Ilela,unvisited,review,reported,1,22.0,22.0,False,GPS unvisited / e-tally reported,True,,2026-07-31 19:30:19.408706+00:00
S01377,Adrishi,W019,UMZABA-KOFAR,Ilela,unvisited,review,no e-tally report,0,0.0,0.0,False,GPS unvisited / no e-tally report,False,,2026-07-31 19:30:19.408706+00:00
S01378,Dazasa,W019,Umzaba-Kofar,Ilela,unvisited,review,reported,1,8.0,8.0,False,GPS unvisited / e-tally reported,True,,2026-07-31 19:30:19.408706+00:00
S01379,Oldena,W019,Umzaba-Kofar,Ilela,unvisited,review,reported,1,40.0,40.0,False,GPS unvisited / e-tally reported,True,,2026-07-31 19:30:19.408706+00:00
S01380,Dalade,W019,Umzaba-Kofar,Ilela,unvisited,review,reported,1,155.0,155.0,False,GPS unvisited / e-tally reported,True,,2026-07-31 19:30:19.408706+00:00
S01381,Endeta,W019,Umzaba-Kofar,Ilela,unvisited,review,reported,1,7.0,7.0,False,GPS unvisited / e-tally reported,True,,2026-07-31 19:30:19.408706+00:00
S01382,Kazayi-Kudu,W019,Umzaba-Kofar,Ilela,ambiguous,ambiguous,reported,1,52.0,52.0,False,GPS ambiguous / e-tally reported,False,,2026-07-31 19:30:19.408706+00:00
S01383,Bikotu,W019,Umzaba-Kofar,Ilela,unvisited,review,reported,1,138.0,138.0,False,GPS unvisited / e-tally reported,True,,2026-07-31 19:30:19.408706+00:00
S01384,Bidudu,W019,Umzaba-Kofar,Ilela,unvisited,review,reported,1,82.0,82.0,False,GPS unvisited / e-tally reported,True,,2026-07-31 19:30:19.408706+00:00
S01385,Hajiru,W019,Umzaba-Kofar,Ilela,unvisited,review,reported,1,34.0,34.0,False,GPS unvisited / e-tally reported,True,,2026-07-31 19:30:19.408706+00:00
S01386,Ektsija,W019,Umzaba-Kofar,Ilela,ambiguous,ambiguous,reported,1,30.0,30.0,False,GPS ambiguous / e-tally reported,False,,2026-07-31 19:30:19.408706+00:00
S01387,Ritsima,W019,Umzaba-Kofar,Ilela,unvisited,review,no e-tally report,0,0.0,0.0,False,GPS unvisited / no e-tally report,False,,2026-07-31 19:30:19.408706+00:00
S01388,Yetsita,W019,Umzaba-Kofar,Ilela,unvisited,review,reported,1,23.0,0.0,True,GPS unvisited / e-tally reported,True,,2026-07-31 19:30:19.408706+00:00
S01389,Doradu,W019,Umzaba-Kofar,Ilela,unvisited,review,reported,1,17.0,17.0,False,GPS unvisited / e-tally reported,True,,2026-07-31 19:30:19.408706+00:00
S01390,Ibbewo,W019,Umzaba-Kofar,Ilela,unvisited,review,reported,1,90.0,90.0,False,GPS unvisited / e-tally reported,True,,2026-07-31 19:30:19.408706+00:00
S01391,Kuyoja-Tudun,W019,Umzaba-Kofar,Ilela,unvisited,review,reported,1,10.0,10.0,False,GPS unvisited / e-tally reported,True,,2026-07-31 19:30:19.408706+00:00
S01392,Uzjima,W019,Umzaba-Kofar,Ilela,ambiguous,ambiguous,reported,1,54.0,54.0,False,GPS ambiguous / e-tally reported,False,,2026-07-31 19:30:19.408706+00:00
S01393,Eksawa,W019,Umzaba-Kofar,Ilela,unvisited,review,reported,1,9.0,9.0,False,GPS unvisited / e-tally reported,True,,2026-07-31 19:30:19.408706+00:00
S01394,Waduwo,W019,Umzaba-Kofar,Ilela,unvisited,review,reported,1,14.0,14.0,False,GPS unvisited / e-tally reported,True,,2026-07-31 19:30:19.408706+00:00
S01395,Tangodu-Gabas,W019,Umzaba-Kofar,Ilela,unvisited,review,reported,1,4.0,4.0,False,GPS unvisited / e-tally reported,True,,2026-07-31 19:30:19.408706+00:00
S01396,Bayowa-Kudu,W019,Umzaba-Kofar,Ilela,unvisited,review,reported,1,32.0,32.0,False,GPS unvisited / e-tally reported,True,,2026-07-31 19:30:19.408706+00:00
S01397,Doderu,W019,Umzaba-Kofar,Ilela,ambiguous,ambiguous,reported,1,38.0,38.0,False,GPS ambiguous / e-tally reported,False,,2026-07-31 19:30:19.408706+00:00
S01398,Irbetu-Tsakiya,W019,Umzaba-Kofar,Ilela,unvisited,review,reported,1,36.0,36.0,False,GPS unvisited / e-tally reported,True,,2026-07-31 19:30:19.408706+00:00
S01399,Umshashi,W019,Umzaba-Kofar,Ilela,unvisited,review,reported,1,10.0,10.0,False,GPS unvisited / e-tally reported,True,,2026-07-31 19:30:19.408706+00:00
S01400,Danayi,W019,Umzaba-Kofar,Ilela,unvisited,review,reported,1,8.0,8.0,False,GPS unvisited / e-tally reported,True,,2026-07-31 19:30:19.408706+00:00
S01401,Suzani-Kudu,W019,Umzaba-Kofar,Ilela,unvisited,review,reported,1,18.0,18.0,False,GPS unvisited / e-tally reported,True,,2026-07-31 19:30:19.408706+00:00
S01402,Taluyi,W019,Umzaba-Kofar,Ilela,unvisited,review,reported,1,6.0,6.0,False,GPS unvisited / e-tally reported,True,,2026-07-31 19:30:19.408706+00:00
S01403,Nunawa-Kofar,W019,Umzaba-Kofar,Ilela,unvisited,review,reported,1,20.0,20.0,False,GPS unvisited / e-tally reported,True,,2026-07-31 19:30:19.408706+00:00
S01404,Zamani,W019,Umzaba-Kofar,Ilela,unvisited,review,reported,1,2.0,2.0,False,GPS unvisited / e-tally reported,True,,2026-07-31 19:30:19.408706+00:00
S01405,Batishi,W019,Umzaba-Kofar,Ilela,unvisited,review,reported,1,15.0,15.0,False,GPS unvisited / e-tally reported,True,,2026-07-31 19:30:19.408706+00:00
S01406,Adshako,W019,Umzaba-Kofar,Ilela,unvisited,review,reported,1,18.0,18.0,False,GPS unvisited / e-tally reported,True,,2026-07-31 19:30:19.408706+00:00
S01407,Sasadu,W019,Umzaba-Kofar,Ilela,visited,high,reported,1,40.0,40.0,False,GPS visited / e-tally reported,False,,2026-07-31 19:30:19.408706+00:00
S01408,Nurimi-Tudun,W019,Umzaba-Kofar,Ilela,unvisited,review,reported,1,36.0,36.0,False,GPS unvisited / e-tally reported,True,,2026-07-31 19:30:19.408706+00:00
S01409,Olshaba,W019,Umzaba-Kofar,Ilela,unvisited,review,reported,1,25.0,25.0,False,GPS unvisited / e-tally reported,True,,2026-07-31 19:30:19.408706+00:00
S01410,Watsina,W019,Umzaba-Kofar,Ilela,unvisited,review,reported,1,15.0,15.0,False,GPS unvisited / e-tally reported,True,,2026-07-31 19:30:19.408706+00:00
S01411,Gutini,W019,Umzaba-Kofar,Ilela,unvisited,review,no e-tally report,0,0.0,0.0,False,GPS unvisited / no e-tally report,False,,2026-07-31 19:30:19.408706+00:00
S01412,Rinasa,W019,Umzaba-Kofar,Ilela,unvisited,review,reported,1,19.0,19.0,False,GPS unvisited / e-tally reported,True,,2026-07-31 19:30:19.408706+00:00
S01413,Agyona,W019,Umzaba-Kofar,Ilela,unvisited,review,reported,1,11.0,11.0,False,GPS unvisited / e-tally reported,True,,2026-07-31 19:30:19.408706+00:00
S01414,Fatsina-Kofar,W019,UMZABA-KOFAR,Ilela,unvisited,review,reported,1,45.0,45.0,False,GPS unvisited / e-tally reported,True,,2026-07-31 19:30:19.408706+00:00
S01415,Nuluwa,W019,Umzaba-Kofar,Ilela,unvisited,review,no e-tally report,0,0.0,0.0,False,GPS unvisited / no e-tally report,False,,2026-07-31 19:30:19.408706+00:00
S01416,Ibtifa-Sabo,W019,Umzaba-Kofar,Ilela,unvisited,review,reported,1,8.0,8.0,False,GPS unvisited / e-tally reported,True,,2026-07-31 19:30:19.408706+00:00
S01417,Baride,W019,Umzaba-Kofar,Ilela,ambiguous,ambiguous,reported,1,12.0,12.0,False,GPS ambiguous / e-tally reported,False,,2026-07-31 19:30:19.408706+00:00
S01418,Wazaja,W019,Umzaba-Kofar,Ilela,unvisited,review,reported,1,73.0,0.0,True,GPS unvisited / e-tally reported,True,,2026-07-31 19:30:19.408706+00:00
S01419,Ibjiwo,W019,Umzaba-Kofar,Ilela,unvisited,review,reported,1,12.0,12.0,False,GPS unvisited / e-tally reported,True,,2026-07-31 19:30:19.408706+00:00
S01420,Biluru,W019,Umzaba-Kofar,Ilela,unvisited,review,reported,1,14.0,14.0,False,GPS unvisited / e-tally reported,True,,2026-07-31 19:30:19.408706+00:00
S01421,Lolari-Sabo,W019,Umzaba-Kofar,Ilela,visited,high,reported,1,81.0,81.0,False,GPS visited / e-tally reported,False,,2026-07-31 19:30:19.408706+00:00
S01422,Ekbaja,W019,Umzaba-Kofar,Ilela,unvisited,review,reported,1,17.0,17.0,False,GPS unvisited / e-tally reported,True,,2026-07-31 19:30:19.408706+00:00
S01423,Olbashi,W019,Umzaba-Kofar,Ilela,unvisited,review,reported,1,7.0,7.0,False,GPS unvisited / e-tally reported,True,,2026-07-31 19:30:19.408706+00:00
S01424,Ibbasa,W020,Famade,Idi-Oro,unvisited,review,reported,1,88.0,88.0,False,GPS unvisited / e-tally reported,True,,2026-07-31 19:30:19.408706+00:00
S01425,Ensaba,W020,Famade,Idi-Oro,ambiguous,ambiguous,reported,1,115.0,115.0,False,GPS ambiguous / e-tally reported,False,,2026-07-31 19:30:19.408706+00:00
S01426,Warashi,W020,Famade,Idi-Oro,visited,high,reported,1,24.0,24.0,False,GPS visited / e-tally reported,False,,2026-07-31 19:30:19.408706+00:00
S01427,Ummasa-Tudun,W020,Famade,Idi-Oro,unvisited,review,reported,1,212.0,212.0,False,GPS unvisited / e-tally reported,True,,2026-07-31 19:30:19.408706+00:00
S01428,Mabema,W020,Famade,Idi-Oro,unvisited,review,reported,1,13.0,13.0,False,GPS unvisited / e-tally reported,True,,2026-07-31 19:30:19.408706+00:00
S01429,Darana-Arewa,W020,Famade,Idi-Oro,ambiguous,ambiguous,reported,1,15.0,15.0,False,GPS ambiguous / e-tally reported,False,,2026-07-31 19:30:19.408706+00:00
S01430,Taberu,W020,Famade,Idi-Oro,ambiguous,ambiguous,reported,1,9.0,9.0,False,GPS ambiguous / e-tally reported,False,,2026-07-31 19:30:19.408706+00:00
S01431,Agzaba,W020,Famade,Idi-Oro,unvisited,review,reported,1,32.0,32.0,False,GPS unvisited / e-tally reported,True,,2026-07-31 19:30:19.408706+00:00
S01432,Jiradu,W020,Famade,Idi-Oro,unvisited,review,reported,1,621.0,0.0,True,GPS unvisited / e-tally reported,True,,2026-07-31 19:30:19.408706+00:00
S01433,Jiwatu,W020,Famade,Idi-Oro,ambiguous,ambiguous,reported,1,101.0,0.0,True,GPS ambiguous / e-tally reported,False,,2026-07-31 19:30:19.408706+00:00
S01434,Sudeja-Tsakiya,W020,Famade,Idi-Oro,ambiguous,ambiguous,reported,1,336.0,0.0,True,GPS ambiguous / e-tally reported,False,,2026-07-31 19:30:19.408706+00:00
S01435,Kudena,W020,Famade,Idi-Oro,unvisited,review,reported,1,56.0,56.0,False,GPS unvisited / e-tally reported,True,,2026-07-31 19:30:19.408706+00:00
S01436,Ibyosa,W020,Famade,Idi-Oro,unvisited,review,reported,1,59.0,59.0,False,GPS unvisited / e-tally reported,True,,2026-07-31 19:30:19.408706+00:00
S01437,Sanami,W020,Famade,Idi-Oro,unvisited,review,reported,1,8.0,8.0,False,GPS unvisited / e-tally reported,True,,2026-07-31 19:30:19.408706+00:00
S01438,Ibwadu,W020,Famade,Idi-Oro,ambiguous,ambiguous,reported,1,67.0,67.0,False,GPS ambiguous / e-tally reported,False,,2026-07-31 19:30:19.408706+00:00
S01439,Suduri,W020,Famade,Idi-Oro,unvisited,review,reported,1,344.0,344.0,False,GPS unvisited / e-tally reported,True,,2026-07-31 19:30:19.408706+00:00
S01440,Jidudu,W020,Famade,Idi-Oro,ambiguous,ambiguous,no e-tally report,0,0.0,0.0,False,GPS ambiguous / no e-tally report,False,,2026-07-31 19:30:19.408706+00:00
S01441,Lolako,W020,Famade,Idi-Oro,unvisited,review,reported,1,166.0,166.0,False,GPS unvisited / e-tally reported,True,,2026-07-31 19:30:19.408706+00:00
S01442,Kaluyi,W020,Famade,Idi-Oro,visited,high,reported,1,42.0,42.0,False,GPS visited / e-tally reported,False,,2026-07-31 19:30:19.408706+00:00
S01443,Gusade-Kofar,W020,Famade,Idi-Oro,unvisited,review,reported,1,268.0,268.0,False,GPS unvisited / e-tally reported,True,,2026-07-31 19:30:19.408706+00:00
S01444,Yenatu,W020,Famade,Idi-Oro,unvisited,review,reported,1,726.0,0.0,True,GPS unvisited / e-tally reported,True,,2026-07-31 19:30:19.408706+00:00
S01445,Wakoba,W020,Famade,Idi-Oro,unvisited,review,reported,1,48.0,48.0,False,GPS unvisited / e-tally reported,True,,2026-07-31 19:30:19.408706+00:00
S01446,Tabami,W020,Famade,Idi-Oro,visited,high,reported,1,87.0,87.0,False,GPS visited / e-tally reported,False,,2026-07-31 19:30:19.408706+00:00
S01447,Halata,W020,Famade,Idi-Oro,unvisited,review,reported,1,31.0,31.0,False,GPS unvisited / e-tally reported,True,,2026-07-31 19:30:19.408706+00:00
S01448,Gumawa,W020,Famade,Idi-Oro,unvisited,review,reported,1,19.0,0.0,True,GPS unvisited / e-tally reported,True,,2026-07-31 19:30:19.408706+00:00
S01449,Jiwako,W020,FAMADE,Idi-Oro,visited,high,reported,1,157.0,157.0,False,GPS visited / e-tally reported,False,,2026-07-31 19:30:19.408706+00:00
S01450,Sabewo-Gabas,W020,Famade,Idi-Oro,unvisited,review,reported,1,661.0,661.0,False,GPS unvisited / e-tally reported,True,,2026-07-31 19:30:19.408706+00:00
S01451,Lojini-Tsakiya,W020,FAMADE,Idi-Oro,visited,high,reported,1,217.0,217.0,False,GPS visited / e-tally reported,False,,2026-07-31 19:30:19.408706+00:00
S01452,Mamadu,W020,Famade,Idi-Oro,unvisited,review,reported,1,23.0,23.0,False,GPS unvisited / e-tally reported,True,,2026-07-31 19:30:19.408706+00:00
S01453,Bingoyi,W020,Famade,Idi-Oro,unvisited,review,reported,1,165.0,165.0,False,GPS unvisited / e-tally reported,True,,2026-07-31 19:30:19.408706+00:00
S01454,Uzrani,W020,Famade,Idi-Oro,visited,high,reported,1,500.0,500.0,False,GPS visited / e-tally reported,False,,2026-07-31 19:30:19.408706+00:00
S01455,Zazata,W020,Famade,Idi-Oro,unvisited,review,reported,1,325.0,325.0,False,GPS unvisited / e-tally reported,True,,2026-07-31 19:30:19.408706+00:00
S01456,Kujidu-Kofar,W020,Famade,Idi-Oro,unvisited,review,reported,1,26.0,26.0,False,GPS unvisited / e-tally reported,True,,2026-07-31 19:30:19.408706+00:00
S01457,Yeyode,W020,FAMADE,Idi-Oro,ambiguous,ambiguous,reported,1,103.0,103.0,False,GPS ambiguous / e-tally reported,False,,2026-07-31 19:30:19.408706+00:00
S01458,Irshani,W020,Famade,Idi-Oro,visited,high,reported,1,24.0,24.0,False,GPS visited / e-tally reported,False,,2026-07-31 19:30:19.408706+00:00
S01459,Wabawa,W020,Famade,Idi-Oro,unvisited,review,reported,1,104.0,104.0,False,GPS unvisited / e-tally reported,True,,2026-07-31 19:30:19.408706+00:00
S01460,Adngoba,W020,Famade,Idi-Oro,unvisited,review,reported,1,32.0,32.0,False,GPS unvisited / e-tally reported,True,,2026-07-31 19:30:19.408706+00:00
S01461,Zabetu-Gabas,W020,Famade,Idi-Oro,ambiguous,ambiguous,reported,1,13.0,13.0,False,GPS ambiguous / e-tally reported,False,,2026-07-31 19:30:19.408706+00:00
S01462,Zatsima,W020,Famade,Idi-Oro,ambiguous,ambiguous,reported,1,39.0,39.0,False,GPS ambiguous / e-tally reported,False,,2026-07-31 19:30:19.408706+00:00
S01463,Hayole,W020,Famade,Idi-Oro,unvisited,review,no e-tally report,0,0.0,0.0,False,GPS unvisited / no e-tally report,False,,2026-07-31 19:30:19.408706+00:00
S01464,Hajidu,W020,Famade,Idi-Oro,unvisited,review,reported,1,19.0,19.0,False,GPS unvisited / e-tally reported,True,,2026-07-31 19:30:19.408706+00:00
S01465,Nutiri,W020,Famade,Idi-Oro,unvisited,review,reported,1,33.0,33.0,False,GPS unvisited / e-tally reported,True,,2026-07-31 19:30:19.408706+00:00
S01466,Olmata,W020,Famade,Idi-Oro,unvisited,review,reported,1,79.0,79.0,False,GPS unvisited / e-tally reported,True,,2026-07-31 19:30:19.408706+00:00
S01467,Gukori,W020,Famade,Idi-Oro,unvisited,review,reported,1,40.0,40.0,False,GPS unvisited / e-tally reported,True,,2026-07-31 19:30:19.408706+00:00
S01468,Zamayi,W020,Famade,Idi-Oro,visited,high,reported,1,121.0,121.0,False,GPS visited / e-tally reported,False,,2026-07-31 19:30:19.408706+00:00
S01469,Suluja-Tudun,W020,Famade,Idi-Oro,unvisited,review,reported,1,190.0,190.0,False,GPS unvisited / e-tally reported,True,,2026-07-31 19:30:19.408706+00:00
S01470,Lobale,W020,Famade,Idi-Oro,unvisited,review,reported,1,45.0,0.0,True,GPS unvisited / e-tally reported,True,,2026-07-31 19:30:19.408706+00:00
S01471,Sazami-Yamma,W020,Famade,Idi-Oro,unvisited,review,no e-tally report,0,0.0,0.0,False,GPS unvisited / no e-tally report,False,,2026-07-31 19:30:19.408706+00:00
S01472,Kashashi-Gabas,W020,Famade,Idi-Oro,unvisited,review,no e-tally report,0,0.0,0.0,False,GPS unvisited / no e-tally report,False,,2026-07-31 19:30:19.408706+00:00
S01473,Agmawa,W020,Famade,Idi-Oro,unvisited,review,no e-tally report,0,0.0,0.0,False,GPS unvisited / no e-tally report,False,,2026-07-31 19:30:19.408706+00:00
S01474,Nusale,W020,Famade,Idi-Oro,unvisited,review,no e-tally report,0,0.0,0.0,False,GPS unvisited / no e-tally report,False,,2026-07-31 19:30:19.408706+00:00
S01475,Ibwaja,W020,Famade,Idi-Oro,unvisited,review,reported,1,60.0,60.0,False,GPS unvisited / e-tally reported,True,,2026-07-31 19:30:19.408706+00:00
S01476,Tayoni,W020,Famade,Idi-Oro,unvisited,review,reported,1,41.0,41.0,False,GPS unvisited / e-tally reported,True,,2026-07-31 19:30:19.408706+00:00
S01477,Hamako-Kofar,W020,Famade,Idi-Oro,unvisited,review,reported,1,58.0,58.0,False,GPS unvisited / e-tally reported,True,,2026-07-31 19:30:19.408706+00:00
S01478,Umshako,W020,Famade,Idi-Oro,ambiguous,ambiguous,reported,1,177.0,177.0,False,GPS ambiguous / e-tally reported,False,,2026-07-31 19:30:19.408706+00:00
S01479,Risani-Gabas,W020,Famade,Idi-Oro,unvisited,review,reported,1,458.0,458.0,False,GPS unvisited / e-tally reported,True,,2026-07-31 19:30:19.408706+00:00
S01480,Hasale,W020,Famade,Idi-Oro,unvisited,review,reported,1,342.0,342.0,False,GPS unvisited / e-tally reported,True,,2026-07-31 19:30:19.408706+00:00
S01481,Domade-Yamma,W020,Famade,Idi-Oro,unvisited,review,reported,1,52.0,52.0,False,GPS unvisited / e-tally reported,True,,2026-07-31 19:30:19.408706+00:00
S01482,Saduma,W020,Famade,Idi-Oro,unvisited,review,no e-tally report,0,0.0,0.0,False,GPS unvisited / no e-tally report,False,,2026-07-31 19:30:19.408706+00:00
S01483,Irtsishi,W020,Famade,Idi-Oro,unvisited,review,reported,1,187.0,0.0,True,GPS unvisited / e-tally reported,True,,2026-07-31 19:30:19.408706+00:00
S01484,Wajiri,W020,Famade,Idi-Oro,unvisited,review,reported,1,876.0,0.0,True,GPS unvisited / e-tally reported,True,,2026-07-31 19:30:19.408706+00:00
S01485,Nushaja,W020,Famade,Idi-Oro,unvisited,review,no e-tally report,0,0.0,0.0,False,GPS unvisited / no e-tally report,False,,2026-07-31 19:30:19.408706+00:00
S01486,Jirale,W020,Famade,Idi-Oro,unvisited,review,no e-tally report,0,0.0,0.0,False,GPS unvisited / no e-tally report,False,,2026-07-31 19:30:19.408706+00:00
S01487,Sayoba-Kofar,W020,Famade,Idi-Oro,unvisited,review,reported,1,86.0,0.0,True,GPS unvisited / e-tally reported,True,,2026-07-31 19:30:19.408706+00:00
S01488,Sabawo,W020,Famade,Idi-Oro,unvisited,review,reported,1,119.0,119.0,False,GPS unvisited / e-tally reported,True,,2026-07-31 19:30:19.408706+00:00
S01489,Kaludu-Sabo,W020,Famade,Idi-Oro,unvisited,review,reported,1,86.0,86.0,False,GPS unvisited / e-tally reported,True,,2026-07-31 19:30:19.408706+00:00
S01490,Biyoba,W020,Famade,Idi-Oro,unvisited,review,reported,1,286.0,286.0,False,GPS unvisited / e-tally reported,True,,2026-07-31 19:30:19.408706+00:00
S01491,Uzngoni-Kofar,W020,Famade,Idi-Oro,ambiguous,ambiguous,reported,1,103.0,103.0,False,GPS ambiguous / e-tally reported,False,,2026-07-31 19:30:19.408706+00:00
S01492,Umdumi-Tudun,W020,Famade,Idi-Oro,ambiguous,ambiguous,reported,1,16.0,16.0,False,GPS ambiguous / e-tally reported,False,,2026-07-31 19:30:19.408706+00:00
S01493,Kukoru,W020,Famade,Idi-Oro,unvisited,review,reported,1,134.0,134.0,False,GPS unvisited / e-tally reported,True,,2026-07-31 19:30:19.408706+00:00
S01494,Bikoyi,W020,Famade,Idi-Oro,unvisited,review,reported,1,47.0,47.0,False,GPS unvisited / e-tally reported,True,,2026-07-31 19:30:19.408706+00:00
S01495,Okmayi,W020,Famade,Idi-Oro,unvisited,review,no e-tally report,0,0.0,0.0,False,GPS unvisited / no e-tally report,False,,2026-07-31 19:30:19.408706+00:00
S01496,Sabeyi,W020,Famade,Idi-Oro,unvisited,review,no e-tally report,0,0.0,0.0,False,GPS unvisited / no e-tally report,False,,2026-07-31 19:30:19.408706+00:00
S01497,Jisafa,W020,Famade,Idi-Oro,ambiguous,ambiguous,reported,1,80.0,80.0,False,GPS ambiguous / e-tally reported,False,,2026-07-31 19:30:19.408706+00:00
S01498,Zabeni,W020,Famade,Idi-Oro,unvisited,review,reported,1,109.0,109.0,False,GPS unvisited / e-tally reported,True,,2026-07-31 19:30:19.408706+00:00
S01499,Yerifa-Arewa,W020,Famade,Idi-Oro,visited,high,reported,1,443.0,0.0,True,GPS visited / e-tally reported,False,,2026-07-31 19:30:19.408706+00:00
S01500,Umsade,W020,Famade,Idi-Oro,unvisited,review,reported,1,29.0,29.0,False,GPS unvisited / e-tally reported,True,,2026-07-31 19:30:19.408706+00:00
S01501,Dabeba,W020,Famade,Idi-Oro,unvisited,review,reported,1,46.0,46.0,False,GPS unvisited / e-tally reported,True,,2026-07-31 19:30:19.408706+00:00
S01502,Nusade,W020,Famade,Idi-Oro,unvisited,review,no e-tally report,0,0.0,0.0,False,GPS unvisited / no e-tally report,False,,2026-07-31 19:30:19.408706+00:00
S01503,Umbaba,W020,Famade,Idi-Oro,unvisited,review,reported,1,16.0,16.0,False,GPS unvisited / e-tally reported,True,,2026-07-31 19:30:19.408706+00:00
S01504,Nurima-Yamma,W020,Famade,Idi-Oro,ambiguous,ambiguous,reported,1,44.0,44.0,False,GPS ambiguous / e-tally reported,False,,2026-07-31 19:30:19.408706+00:00
S01505,Matsiko,W020,Famade,Idi-Oro,ambiguous,ambiguous,reported,1,119.0,119.0,False,GPS ambiguous / e-tally reported,False,,2026-07-31 19:30:19.408706+00:00
S01506,Enjisa,W020,Famade,Idi-Oro,unvisited,review,reported,1,69.0,0.0,True,GPS unvisited / e-tally reported,True,,2026-07-31 19:30:19.408706+00:00
S01507,Susade-Tudun,W020,Famade,Idi-Oro,ambiguous,ambiguous,reported,1,362.0,0.0,True,GPS ambiguous / e-tally reported,False,,2026-07-31 19:30:19.408706+00:00
S01508,Irjitu,W020,Famade,Idi-Oro,unvisited,review,reported,1,16.0,16.0,False,GPS unvisited / e-tally reported,True,,2026-07-31 19:30:19.408706+00:00
S01509,Agmasa,W020,Famade,Idi-Oro,unvisited,review,no e-tally report,0,0.0,0.0,False,GPS unvisited / no e-tally report,False,,2026-07-31 19:30:19.408706+00:00
S01510,Lodushi,W020,Famade,Idi-Oro,unvisited,review,reported,1,261.0,261.0,False,GPS unvisited / e-tally reported,True,,2026-07-31 19:30:19.408706+00:00
S01511,Oknani,W020,Famade,Idi-Oro,unvisited,review,no e-tally report,0,0.0,0.0,False,GPS unvisited / no e-tally report,False,,2026-07-31 19:30:19.408706+00:00
S01512,Bisaru,W020,Famade,Idi-Oro,ambiguous,ambiguous,reported,1,267.0,267.0,False,GPS ambiguous / e-tally reported,False,,2026-07-31 19:30:19.408706+00:00
S01513,Zakoja,W020,Famade,Idi-Oro,unvisited,review,reported,1,56.0,56.0,False,GPS unvisited / e-tally reported,True,,2026-07-31 19:30:19.408706+00:00
S01514,Daradu-Kudu,W021,Yezata,Gwarin,ambiguous,ambiguous,reported,1,38.0,38.0,False,GPS ambiguous / e-tally reported,False,,2026-07-31 19:30:19.408706+00:00
S01515,Irbaja,W021,Yezata,Gwarin,unvisited,review,reported,1,17.0,17.0,False,GPS unvisited / e-tally reported,True,,2026-07-31 19:30:19.408706+00:00
S01516,Yebeba,W021,Yezata,Gwarin,ambiguous,ambiguous,reported,1,18.0,18.0,False,GPS ambiguous / e-tally reported,False,,2026-07-31 19:30:19.408706+00:00
S01517,Jisami,W021,Yezata,Gwarin,unvisited,review,no e-tally report,0,0.0,0.0,False,GPS unvisited / no e-tally report,False,,2026-07-31 19:30:19.408706+00:00
S01518,Ekshadu,W021,Yezata,Gwarin,unvisited,review,reported,1,23.0,23.0,False,GPS unvisited / e-tally reported,True,,2026-07-31 19:30:19.408706+00:00
S01519,Zasale,W021,Yezata,Gwarin,ambiguous,ambiguous,reported,1,62.0,62.0,False,GPS ambiguous / e-tally reported,False,,2026-07-31 19:30:19.408706+00:00
S01520,Maberi-Kofar,W021,Yezata,Gwarin,ambiguous,ambiguous,reported,1,12.0,12.0,False,GPS ambiguous / e-tally reported,False,,2026-07-31 19:30:19.408706+00:00
S01521,Majija-Gabas,W021,Yezata,Gwarin,ambiguous,ambiguous,reported,1,5.0,5.0,False,GPS ambiguous / e-tally reported,False,,2026-07-31 19:30:19.408706+00:00
S01522,Fangota,W021,Yezata,Gwarin,unvisited,review,no e-tally report,0,0.0,0.0,False,GPS unvisited / no e-tally report,False,,2026-07-31 19:30:19.408706+00:00
S01523,Adlufa,W021,Yezata,Gwarin,unvisited,review,no e-tally report,0,0.0,0.0,False,GPS unvisited / no e-tally report,False,,2026-07-31 19:30:19.408706+00:00
S01524,Nuzaba,W021,Yezata,Gwarin,unvisited,review,reported,1,48.0,48.0,False,GPS unvisited / e-tally reported,True,,2026-07-31 19:30:19.408706+00:00
S01525,Yengode,W021,Yezata,Gwarin,ambiguous,ambiguous,reported,1,25.0,25.0,False,GPS ambiguous / e-tally reported,False,,2026-07-31 19:30:19.408706+00:00
S01526,Jiriyi,W021,Yezata,Gwarin,ambiguous,ambiguous,reported,1,20.0,20.0,False,GPS ambiguous / e-tally reported,False,,2026-07-31 19:30:19.408706+00:00
S01527,Sungode,W021,Yezata,Gwarin,ambiguous,ambiguous,reported,1,31.0,0.0,True,GPS ambiguous / e-tally reported,False,,2026-07-31 19:30:19.408706+00:00
S01528,Kujija,W021,Yezata,Gwarin,unvisited,review,reported,1,25.0,25.0,False,GPS unvisited / e-tally reported,True,,2026-07-31 19:30:19.408706+00:00
S01529,Hakoma,W021,Yezata,Gwarin,unvisited,review,reported,1,73.0,73.0,False,GPS unvisited / e-tally reported,True,,2026-07-31 19:30:19.408706+00:00
S01530,Mawani,W021,Yezata,Gwarin,ambiguous,ambiguous,no e-tally report,0,0.0,0.0,False,GPS ambiguous / no e-tally report,False,,2026-07-31 19:30:19.408706+00:00
S01531,Wasale,W021,Yezata,Gwarin,unvisited,review,reported,1,131.0,0.0,True,GPS unvisited / e-tally reported,True,,2026-07-31 19:30:19.408706+00:00
S01532,Watiyi,W021,Yezata,Gwarin,unvisited,review,reported,1,167.0,0.0,True,GPS unvisited / e-tally reported,True,,2026-07-31 19:30:19.408706+00:00
S01533,Irtide,W021,Yezata,Gwarin,unvisited,review,reported,1,18.0,18.0,False,GPS unvisited / e-tally reported,True,,2026-07-31 19:30:19.408706+00:00
S01534,Irngode,W021,Yezata,Gwarin,unvisited,review,reported,1,31.0,31.0,False,GPS unvisited / e-tally reported,True,,2026-07-31 19:30:19.408706+00:00
S01535,Sazale,W021,Yezata,Gwarin,unvisited,review,no e-tally report,0,0.0,0.0,False,GPS unvisited / no e-tally report,False,,2026-07-31 19:30:19.408706+00:00
S01536,Irraba,W021,Yezata,Gwarin,unvisited,review,reported,1,16.0,16.0,False,GPS unvisited / e-tally reported,True,,2026-07-31 19:30:19.408706+00:00
S01537,Yengona,W021, Yezata ,Gwarin,unvisited,review,reported,1,33.0,33.0,False,GPS unvisited / e-tally reported,True,,2026-07-31 19:30:19.408706+00:00
S01538,Ibshami,W021, Yezata ,Gwarin,unvisited,review,no e-tally report,0,0.0,0.0,False,GPS unvisited / no e-tally report,False,,2026-07-31 19:30:19.408706+00:00
S01539,Hakosa,W021,Yezata,Gwarin,ambiguous,ambiguous,reported,1,13.0,13.0,False,GPS ambiguous / e-tally reported,False,,2026-07-31 19:30:19.408706+00:00
S01540,Ekshashi,W021,Yezata,Gwarin,visited,high,reported,1,182.0,182.0,False,GPS visited / e-tally reported,False,,2026-07-31 19:30:19.408706+00:00
S01541,Sayofa,W021,Yezata,Gwarin,unvisited,review,reported,1,61.0,0.0,True,GPS unvisited / e-tally reported,True,,2026-07-31 19:30:19.408706+00:00
S01542,Daluta,W021,Yezata,Gwarin,unvisited,review,no e-tally report,0,0.0,0.0,False,GPS unvisited / no e-tally report,False,,2026-07-31 19:30:19.408706+00:00
S01543,Lolashi,W021,Yezata,Gwarin,unvisited,review,no e-tally report,0,0.0,0.0,False,GPS unvisited / no e-tally report,False,,2026-07-31 19:30:19.408706+00:00
S01544,Hadele-Arewa,W021,Yezata,Gwarin,ambiguous,ambiguous,reported,1,45.0,45.0,False,GPS ambiguous / e-tally reported,False,,2026-07-31 19:30:19.408706+00:00
S01545,Ibtide-Tudun,W021,Yezata,Gwarin,unvisited,review,no e-tally report,0,0.0,0.0,False,GPS unvisited / no e-tally report,False,,2026-07-31 19:30:19.408706+00:00
S01546,Okshatu,W021,Yezata,Gwarin,unvisited,review,reported,1,35.0,35.0,False,GPS unvisited / e-tally reported,True,,2026-07-31 19:30:19.408706+00:00
S01547,Ibbayi,W021,Yezata,Gwarin,unvisited,review,reported,1,29.0,29.0,False,GPS unvisited / e-tally reported,True,,2026-07-31 19:30:19.408706+00:00
S01548,Salaja,W021,Yezata,Gwarin,unvisited,review,reported,1,20.0,20.0,False,GPS unvisited / e-tally reported,True,,2026-07-31 19:30:19.408706+00:00
S01549,Iblumi,W021,Yezata,Gwarin,visited,high,reported,1,13.0,13.0,False,GPS visited / e-tally reported,False,,2026-07-31 19:30:19.408706+00:00
S01550,Kungosa-Arewa,W021,YEZATA,Gwarin,unvisited,review,reported,1,34.0,34.0,False,GPS unvisited / e-tally reported,True,,2026-07-31 19:30:19.408706+00:00
S01551,Zazako,W021,Yezata,Gwarin,ambiguous,ambiguous,reported,1,26.0,26.0,False,GPS ambiguous / e-tally reported,False,,2026-07-31 19:30:19.408706+00:00
S01552,Agsawo,W021,Yezata,Gwarin,unvisited,review,reported,1,5.0,5.0,False,GPS unvisited / e-tally reported,True,,2026-07-31 19:30:19.408706+00:00
S01553,Zadewo,W021,Yezata,Gwarin,unvisited,review,reported,1,9.0,9.0,False,GPS unvisited / e-tally reported,True,,2026-07-31 19:30:19.408706+00:00
S01554,Kamawo,W021,Yezata,Gwarin,ambiguous,ambiguous,reported,1,91.0,0.0,True,GPS ambiguous / e-tally reported,False,,2026-07-31 19:30:19.408706+00:00
S01555,Haradu,W022,Sudefa,Katsuma,unvisited,review,no e-tally report,0,0.0,0.0,False,GPS unvisited / no e-tally report,False,,2026-07-31 19:30:19.408706+00:00
S01556,Jikoru,W022,Sudefa,Katsuma,unvisited,review,no e-tally report,0,0.0,0.0,False,GPS unvisited / no e-tally report,False,,2026-07-31 19:30:19.408706+00:00
S01557,Bashani,W022,Sudefa,Katsuma,visited,high,reported,1,23.0,23.0,False,GPS visited / e-tally reported,False,,2026-07-31 19:30:19.408706+00:00
S01558,Umshari,W022,Sudefa,Katsuma,unvisited,review,reported,1,10.0,10.0,False,GPS unvisited / e-tally reported,True,,2026-07-31 19:30:19.408706+00:00
S01559,Bibaru,W022,Sudefa,Katsuma,ambiguous,ambiguous,reported,1,24.0,24.0,False,GPS ambiguous / e-tally reported,False,,2026-07-31 19:30:19.408706+00:00
S01560,Sujiyi-Yamma,W022,Sudefa,Katsuma,unvisited,review,reported,1,24.0,24.0,False,GPS unvisited / e-tally reported,True,,2026-07-31 19:30:19.408706+00:00
S01561,Uzjide,W022,Sudefa,Katsuma,ambiguous,ambiguous,reported,1,49.0,49.0,False,GPS ambiguous / e-tally reported,False,,2026-07-31 19:30:19.408706+00:00
S01562,Okyoshi,W022,Sudefa,Katsuma,unvisited,review,no e-tally report,0,0.0,0.0,False,GPS unvisited / no e-tally report,False,,2026-07-31 19:30:19.408706+00:00
S01563,Kuluna,W022,Sudefa,Katsuma,ambiguous,ambiguous,reported,1,39.0,39.0,False,GPS ambiguous / e-tally reported,False,,2026-07-31 19:30:19.408706+00:00
S01564,Okngotu,W022,Sudefa,Katsuma,ambiguous,ambiguous,reported,1,102.0,102.0,False,GPS ambiguous / e-tally reported,False,,2026-07-31 19:30:19.408706+00:00
S01565,Adlutu,W022,Sudefa,Katsuma,visited,high,reported,1,77.0,77.0,False,GPS visited / e-tally reported,False,,2026-07-31 19:30:19.408706+00:00
S01566,Karimi-Kudu,W022,Sudefa,Katsuma,unvisited,review,no e-tally report,0,0.0,0.0,False,GPS unvisited / no e-tally report,False,,2026-07-31 19:30:19.408706+00:00
S01567,Jitiko-Kofar,W022,Sudefa,Katsuma,unvisited,review,no e-tally report,0,0.0,0.0,False,GPS unvisited / no e-tally report,False,,2026-07-31 19:30:19.408706+00:00
S01568,Oktishi,W022,Sudefa,Katsuma,visited,high,reported,1,36.0,36.0,False,GPS visited / e-tally reported,False,,2026-07-31 19:30:19.408706+00:00
S01569,Saluwo,W022,Sudefa,Katsuma,unvisited,review,reported,1,22.0,22.0,False,GPS unvisited / e-tally reported,True,,2026-07-31 19:30:19.408706+00:00
S01570,Ekrishi,W022,SUDEFA,Katsuma,unvisited,review,no e-tally report,0,0.0,0.0,False,GPS unvisited / no e-tally report,False,,2026-07-31 19:30:19.408706+00:00
S01571,Enraja,W022,Sudefa,Katsuma,unvisited,review,no e-tally report,0,0.0,0.0,False,GPS unvisited / no e-tally report,False,,2026-07-31 19:30:19.408706+00:00
S01572,Kungona,W022,Sudefa,Katsuma,unvisited,review,no e-tally report,0,0.0,0.0,False,GPS unvisited / no e-tally report,False,,2026-07-31 19:30:19.408706+00:00
S01573,Habami,W022,Sudefa,Katsuma,unvisited,review,no e-tally report,0,0.0,0.0,False,GPS unvisited / no e-tally report,False,,2026-07-31 19:30:19.408706+00:00
S01574,Tawasa,W022,Sudefa,Katsuma,visited,high,reported,1,81.0,81.0,False,GPS visited / e-tally reported,False,,2026-07-31 19:30:19.408706+00:00
S01575,Tatsiri,W022,Sudefa,Katsuma,unvisited,review,no e-tally report,0,0.0,0.0,False,GPS unvisited / no e-tally report,False,,2026-07-31 19:30:19.408706+00:00
S01576,Adkona,W022,Sudefa,Katsuma,unvisited,review,no e-tally report,0,0.0,0.0,False,GPS unvisited / no e-tally report,False,,2026-07-31 19:30:19.408706+00:00
S01577,Dobaru,W022,Sudefa,Katsuma,unvisited,review,no e-tally report,0,0.0,0.0,False,GPS unvisited / no e-tally report,False,,2026-07-31 19:30:19.408706+00:00
S01578,Lomaba,W022,Sudefa,Katsuma,unvisited,review,reported,1,34.0,34.0,False,GPS unvisited / e-tally reported,True,,2026-07-31 19:30:19.408706+00:00
S01579,Kuzade-Sabo,W022,Sudefa,Katsuma,ambiguous,ambiguous,reported,1,169.0,169.0,False,GPS ambiguous / e-tally reported,False,,2026-07-31 19:30:19.408706+00:00
S01580,Ringoni,W022,Sudefa,Katsuma,unvisited,review,no e-tally report,0,0.0,0.0,False,GPS unvisited / no e-tally report,False,,2026-07-31 19:30:19.408706+00:00
S01581,Irlani-Gabas,W022,Sudefa,Katsuma,ambiguous,ambiguous,reported,1,35.0,35.0,False,GPS ambiguous / e-tally reported,False,,2026-07-31 19:30:19.408706+00:00
S01582,Bikoru,W022,Sudefa,Katsuma,unvisited,review,reported,1,6.0,6.0,False,GPS unvisited / e-tally reported,True,,2026-07-31 19:30:19.408706+00:00
S01583,Suwaja,W022,Sudefa,Katsuma,ambiguous,ambiguous,reported,1,11.0,11.0,False,GPS ambiguous / e-tally reported,False,,2026-07-31 19:30:19.408706+00:00
S01584,Rizana,W022,Sudefa,Katsuma,unvisited,review,no e-tally report,0,0.0,0.0,False,GPS unvisited / no e-tally report,False,,2026-07-31 19:30:19.408706+00:00
S01585,Dazama-Tsakiya,W022,Sudefa,Katsuma,unvisited,review,reported,1,96.0,0.0,True,GPS unvisited / e-tally reported,True,,2026-07-31 19:30:19.408706+00:00
S01586,Walashi-Kudu,W022,Sudefa,Katsuma,unvisited,review,reported,1,22.0,22.0,False,GPS unvisited / e-tally reported,True,,2026-07-31 19:30:19.408706+00:00
S01587,Ibnasa,W022,Sudefa,Katsuma,unvisited,review,no e-tally report,0,0.0,0.0,False,GPS unvisited / no e-tally report,False,,2026-07-31 19:30:19.408706+00:00
S01588,Umtsidu,W022,Sudefa,Katsuma,unvisited,review,no e-tally report,0,0.0,0.0,False,GPS unvisited / no e-tally report,False,,2026-07-31 19:30:19.408706+00:00
S01589,Wabami,W022,Sudefa,Katsuma,unvisited,review,no e-tally report,0,0.0,0.0,False,GPS unvisited / no e-tally report,False,,2026-07-31 19:30:19.408706+00:00
S01590,Yetsile-Sabo,W023,Suwade,Katsuma,unvisited,review,reported,1,44.0,44.0,False,GPS unvisited / e-tally reported,True,,2026-07-31 19:30:19.408706+00:00
S01591,Fangona,W023,Suwade,Katsuma,unvisited,review,reported,1,26.0,26.0,False,GPS unvisited / e-tally reported,True,,2026-07-31 19:30:19.408706+00:00
S01592,Ibdeko,W023,Suwade,Katsuma,unvisited,review,reported,1,13.0,13.0,False,GPS unvisited / e-tally reported,True,,2026-07-31 19:30:19.408706+00:00
S01593,Agshaja,W023,Suwade,Katsuma,unvisited,review,reported,1,30.0,30.0,False,GPS unvisited / e-tally reported,True,,2026-07-31 19:30:19.408706+00:00
S01594,Agsatu,W023,Suwade,Katsuma,unvisited,review,reported,1,49.0,49.0,False,GPS unvisited / e-tally reported,True,,2026-07-31 19:30:19.408706+00:00
S01595,Wariru,W023,Suwade,Katsuma,unvisited,review,no e-tally report,0,0.0,0.0,False,GPS unvisited / no e-tally report,False,,2026-07-31 19:30:19.408706+00:00
S01596,Umladu,W023,Suwade,Katsuma,ambiguous,ambiguous,reported,1,43.0,43.0,False,GPS ambiguous / e-tally reported,False,,2026-07-31 19:30:19.408706+00:00
S01597,Agshashi,W023,Suwade,Katsuma,unvisited,review,no e-tally report,0,0.0,0.0,False,GPS unvisited / no e-tally report,False,,2026-07-31 19:30:19.408706+00:00
S01598,Mazani-Gabas,W023,SUWADE,Katsuma,unvisited,review,no e-tally report,0,0.0,0.0,False,GPS unvisited / no e-tally report,False,,2026-07-31 19:30:19.408706+00:00
S01599,Umnasa,W023,Suwade,Katsuma,unvisited,review,reported,1,33.0,33.0,False,GPS unvisited / e-tally reported,True,,2026-07-31 19:30:19.408706+00:00
S01600,Dashami,W023,Suwade,Katsuma,unvisited,review,no e-tally report,0,0.0,0.0,False,GPS unvisited / no e-tally report,False,,2026-07-31 19:30:19.408706+00:00
S01601,Dotima-Kofar,W023,Suwade,Katsuma,unvisited,review,no e-tally report,0,0.0,0.0,False,GPS unvisited / no e-tally report,False,,2026-07-31 19:30:19.408706+00:00
S01602,Adluna,W023,Suwade,Katsuma,unvisited,review,reported,1,121.0,121.0,False,GPS unvisited / e-tally reported,True,,2026-07-31 19:30:19.408706+00:00
S01603,Karawo,W023,Suwade,Katsuma,visited,high,reported,1,8.0,8.0,False,GPS visited / e-tally reported,False,,2026-07-31 19:30:19.408706+00:00
S01604,Lozatu-Tudun,W023,Suwade,Katsuma,unvisited,review,reported,1,8.0,8.0,False,GPS unvisited / e-tally reported,True,,2026-07-31 19:30:19.408706+00:00
S01605,Dabale-Arewa,W023,Suwade,Katsuma,unvisited,review,reported,1,3.0,3.0,False,GPS unvisited / e-tally reported,True,,2026-07-31 19:30:19.408706+00:00
S01606,Ekrimi,W023,Suwade,Katsuma,unvisited,review,reported,1,224.0,224.0,False,GPS unvisited / e-tally reported,True,,2026-07-31 19:30:19.408706+00:00
S01607,Fanatu,W023,Suwade,Katsuma,unvisited,review,reported,1,27.0,27.0,False,GPS unvisited / e-tally reported,True,,2026-07-31 19:30:19.408706+00:00
S01608,Matita,W023,Suwade,Katsuma,unvisited,review,reported,1,5.0,5.0,False,GPS unvisited / e-tally reported,True,,2026-07-31 19:30:19.408706+00:00
S01609,Fatsima,W023,Suwade,Katsuma,unvisited,review,reported,1,28.0,28.0,False,GPS unvisited / e-tally reported,True,,2026-07-31 19:30:19.408706+00:00
S01610,Marari,W023,Suwade,Katsuma,unvisited,review,reported,1,36.0,36.0,False,GPS unvisited / e-tally reported,True,,2026-07-31 19:30:19.408706+00:00
S01611,Aglushi,W023,Suwade,Katsuma,unvisited,review,no e-tally report,0,0.0,0.0,False,GPS unvisited / no e-tally report,False,,2026-07-31 19:30:19.408706+00:00
S01612,Nungoma,W023,Suwade,Katsuma,unvisited,review,reported,1,55.0,55.0,False,GPS unvisited / e-tally reported,True,,2026-07-31 19:30:19.408706+00:00
S01613,Marashi,W023,Suwade,Katsuma,ambiguous,ambiguous,reported,1,31.0,31.0,False,GPS ambiguous / e-tally reported,False,,2026-07-31 19:30:19.408706+00:00
S01614,Jilani-Gabas,W023,Suwade,Katsuma,unvisited,review,no e-tally report,0,0.0,0.0,False,GPS unvisited / no e-tally report,False,,2026-07-31 19:30:19.408706+00:00
S01615,Tazawa,W023, Suwade ,Katsuma,unvisited,review,reported,1,38.0,38.0,False,GPS unvisited / e-tally reported,True,,2026-07-31 19:30:19.408706+00:00
S01616,Uznaba,W023,Suwade,Katsuma,visited,high,reported,1,19.0,19.0,False,GPS visited / e-tally reported,False,,2026-07-31 19:30:19.408706+00:00
S01617,Tajifa,W023,Suwade,Katsuma,ambiguous,ambiguous,no e-tally report,0,0.0,0.0,False,GPS ambiguous / no e-tally report,False,,2026-07-31 19:30:19.408706+00:00
S01618,Fadeni,W023,Suwade,Katsuma,unvisited,review,reported,1,17.0,17.0,False,GPS unvisited / e-tally reported,True,,2026-07-31 19:30:19.408706+00:00
S01619,Guriwa,W023,Suwade,Katsuma,unvisited,review,reported,1,41.0,41.0,False,GPS unvisited / e-tally reported,True,,2026-07-31 19:30:19.408706+00:00
S01620,Ibnami,W023,Suwade,Katsuma,unvisited,review,no e-tally report,0,0.0,0.0,False,GPS unvisited / no e-tally report,False,,2026-07-31 19:30:19.408706+00:00
S01621,Adbeyi,W023,Suwade,Katsuma,unvisited,review,reported,1,12.0,12.0,False,GPS unvisited / e-tally reported,True,,2026-07-31 19:30:19.408706+00:00
S01622,Gubasa,W023,Suwade,Katsuma,unvisited,review,no e-tally report,0,0.0,0.0,False,GPS unvisited / no e-tally report,False,,2026-07-31 19:30:19.408706+00:00
S01623,Risatu,W023,Suwade,Katsuma,unvisited,review,reported,1,14.0,0.0,True,GPS unvisited / e-tally reported,True,,2026-07-31 19:30:19.408706+00:00
S01624,Irnako,W023,Suwade,Katsuma,ambiguous,ambiguous,reported,1,15.0,15.0,False,GPS ambiguous / e-tally reported,False,,2026-07-31 19:30:19.408706+00:00
S01625,Marari-Kofar,W023,Suwade,Katsuma,unvisited,review,reported,1,64.0,0.0,True,GPS unvisited / e-tally reported,True,,2026-07-31 19:30:19.408706+00:00
S01626,Dosani,W023,Suwade,Katsuma,unvisited,review,no e-tally report,0,0.0,0.0,False,GPS unvisited / no e-tally report,False,,2026-07-31 19:30:19.408706+00:00
S01627,Yeshako-Arewa,W023,Suwade,Katsuma,unvisited,review,no e-tally report,0,0.0,0.0,False,GPS unvisited / no e-tally report,False,,2026-07-31 19:30:19.408706+00:00
S01628,Kurasa,W023,Suwade,Katsuma,ambiguous,ambiguous,reported,1,64.0,0.0,True,GPS ambiguous / e-tally reported,False,,2026-07-31 19:30:19.408706+00:00
S01629,Lorina,W023,Suwade,Katsuma,ambiguous,ambiguous,reported,1,81.0,0.0,True,GPS ambiguous / e-tally reported,False,,2026-07-31 19:30:19.408706+00:00
S01630,Uzdudu,W023,Suwade,Katsuma,unvisited,review,no e-tally report,0,0.0,0.0,False,GPS unvisited / no e-tally report,False,,2026-07-31 19:30:19.408706+00:00
S01631,Nuritu,W023,Suwade,Katsuma,unvisited,review,no e-tally report,0,0.0,0.0,False,GPS unvisited / no e-tally report,False,,2026-07-31 19:30:19.408706+00:00
S01632,Numatu,W023,Suwade,Katsuma,unvisited,review,no e-tally report,0,0.0,0.0,False,GPS unvisited / no e-tally report,False,,2026-07-31 19:30:19.408706+00:00
S01633,Hangona,W023,Suwade,Katsuma,unvisited,review,reported,1,7.0,7.0,False,GPS unvisited / e-tally reported,True,,2026-07-31 19:30:19.408706+00:00
S01634,Kujiyi,W023,Suwade,Katsuma,unvisited,review,reported,1,12.0,12.0,False,GPS unvisited / e-tally reported,True,,2026-07-31 19:30:19.408706+00:00
S01635,Halana,W023,Suwade,Katsuma,ambiguous,ambiguous,reported,1,171.0,171.0,False,GPS ambiguous / e-tally reported,False,,2026-07-31 19:30:19.408706+00:00
S01636,Tazasa,W024,Kuraba-Kofar,Ilela,unvisited,review,reported,1,51.0,51.0,False,GPS unvisited / e-tally reported,True,,2026-07-31 19:30:19.408706+00:00
S01637,Fatsisa,W024,Kuraba-Kofar,Ilela,visited,high,reported,1,31.0,0.0,True,GPS visited / e-tally reported,False,,2026-07-31 19:30:19.408706+00:00
S01638,Dadeta,W024,Kuraba-Kofar,Ilela,unvisited,review,no e-tally report,0,0.0,0.0,False,GPS unvisited / no e-tally report,False,,2026-07-31 19:30:19.408706+00:00
S01639,Irtiwo,W024,Kuraba-Kofar,Ilela,visited,high,reported,1,74.0,74.0,False,GPS visited / e-tally reported,False,,2026-07-31 19:30:19.408706+00:00
S01640,Kabema,W024,Kuraba-Kofar,Ilela,visited,high,reported,1,28.0,28.0,False,GPS visited / e-tally reported,False,,2026-07-31 19:30:19.408706+00:00
S01641,Uzkodu-Sabo,W024,Kuraba-Kofar,Ilela,unvisited,review,reported,1,81.0,81.0,False,GPS unvisited / e-tally reported,True,,2026-07-31 19:30:19.408706+00:00
S01642,Lotsiwo,W024,Kuraba-Kofar,Ilela,unvisited,review,reported,1,15.0,15.0,False,GPS unvisited / e-tally reported,True,,2026-07-31 19:30:19.408706+00:00
S01643,Yengori,W024,Kuraba-Kofar,Ilela,unvisited,review,no e-tally report,0,0.0,0.0,False,GPS unvisited / no e-tally report,False,,2026-07-31 19:30:19.408706+00:00
S01644,Irwaja,W024,Kuraba-Kofar,Ilela,unvisited,review,reported,1,9.0,9.0,False,GPS unvisited / e-tally reported,True,,2026-07-31 19:30:19.408706+00:00
S01645,Fazale,W024,Kuraba-Kofar,Ilela,ambiguous,ambiguous,reported,1,53.0,53.0,False,GPS ambiguous / e-tally reported,False,,2026-07-31 19:30:19.408706+00:00
S01646,Umduta,W024,Kuraba-Kofar,Ilela,unvisited,review,reported,1,110.0,110.0,False,GPS unvisited / e-tally reported,True,,2026-07-31 19:30:19.408706+00:00
S01647,Umluba,W024,Kuraba-Kofar,Ilela,visited,high,reported,1,40.0,40.0,False,GPS visited / e-tally reported,False,,2026-07-31 19:30:19.408706+00:00
S01648,Kamaru,W024,Kuraba-Kofar,Ilela,ambiguous,ambiguous,reported,1,65.0,65.0,False,GPS ambiguous / e-tally reported,False,,2026-07-31 19:30:19.408706+00:00
S01649,Faduta,W024,Kuraba-Kofar,Ilela,unvisited,review,reported,1,133.0,133.0,False,GPS unvisited / e-tally reported,True,,2026-07-31 19:30:19.408706+00:00
S01650,Suwaru,W024,Kuraba-Kofar,Ilela,ambiguous,ambiguous,reported,1,16.0,16.0,False,GPS ambiguous / e-tally reported,False,,2026-07-31 19:30:19.408706+00:00
S01651,Umngona,W024,Kuraba-Kofar,Ilela,unvisited,review,reported,1,48.0,48.0,False,GPS unvisited / e-tally reported,True,,2026-07-31 19:30:19.408706+00:00
S01652,Sungota,W024,Kuraba-Kofar,Ilela,unvisited,review,reported,1,62.0,62.0,False,GPS unvisited / e-tally reported,True,,2026-07-31 19:30:19.408706+00:00
S01653,Warile,W024,Kuraba-Kofar,Ilela,unvisited,review,reported,1,45.0,45.0,False,GPS unvisited / e-tally reported,True,,2026-07-31 19:30:19.408706+00:00
S01654,Olmaba,W024,Kuraba-Kofar,Ilela,unvisited,review,reported,1,66.0,66.0,False,GPS unvisited / e-tally reported,True,,2026-07-31 19:30:19.408706+00:00
S01655,Enwawa-Sabo,W024,Kuraba-Kofar,Ilela,unvisited,review,reported,1,119.0,119.0,False,GPS unvisited / e-tally reported,True,,2026-07-31 19:30:19.408706+00:00
S01656,Satsishi-Kudu,W024,Kuraba-Kofar,Ilela,unvisited,review,reported,1,40.0,40.0,False,GPS unvisited / e-tally reported,True,,2026-07-31 19:30:19.408706+00:00
S01657,Risashi,W024,Kuraba-Kofar,Ilela,unvisited,review,no e-tally report,0,0.0,0.0,False,GPS unvisited / no e-tally report,False,,2026-07-31 19:30:19.408706+00:00
S01658,Rinashi,W024,Kuraba-Kofar,Ilela,unvisited,review,reported,1,67.0,67.0,False,GPS unvisited / e-tally reported,True,,2026-07-31 19:30:19.408706+00:00
S01659,Kutsiba,W024,Kuraba-Kofar,Ilela,unvisited,review,reported,1,13.0,13.0,False,GPS unvisited / e-tally reported,True,,2026-07-31 19:30:19.408706+00:00
S01660,Doduta,W024,Kuraba-Kofar,Ilela,ambiguous,ambiguous,reported,1,84.0,0.0,True,GPS ambiguous / e-tally reported,False,,2026-07-31 19:30:19.408706+00:00
S01661,Taride,W024,Kuraba-Kofar,Ilela,unvisited,review,reported,1,25.0,25.0,False,GPS unvisited / e-tally reported,True,,2026-07-31 19:30:19.408706+00:00
S01662,Longoba,W024,Kuraba-Kofar,Ilela,visited,high,reported,1,29.0,29.0,False,GPS visited / e-tally reported,False,,2026-07-31 19:30:19.408706+00:00
S01663,Bishani,W024,Kuraba-Kofar,Ilela,unvisited,review,reported,1,18.0,18.0,False,GPS unvisited / e-tally reported,True,,2026-07-31 19:30:19.408706+00:00
S01664,Yetiri,W024,Kuraba-Kofar,Ilela,visited,high,reported,1,11.0,11.0,False,GPS visited / e-tally reported,False,,2026-07-31 19:30:19.408706+00:00
S01665,Uzyoba,W024,Kuraba-Kofar,Ilela,unvisited,review,reported,1,32.0,32.0,False,GPS unvisited / e-tally reported,True,,2026-07-31 19:30:19.408706+00:00
S01666,Irrayi,W024,KURABA-KOFAR,Ilela,ambiguous,ambiguous,reported,1,3.0,3.0,False,GPS ambiguous / e-tally reported,False,,2026-07-31 19:30:19.408706+00:00
S01667,Kuyoyi,W024,Kuraba-Kofar,Ilela,unvisited,review,reported,1,19.0,19.0,False,GPS unvisited / e-tally reported,True,,2026-07-31 19:30:19.408706+00:00
S01668,Uzngomi,W024,Kuraba-Kofar,Ilela,unvisited,review,no e-tally report,0,0.0,0.0,False,GPS unvisited / no e-tally report,False,,2026-07-31 19:30:19.408706+00:00
S01669,Ibshana,W024,Kuraba-Kofar,Ilela,ambiguous,ambiguous,reported,1,6.0,6.0,False,GPS ambiguous / e-tally reported,False,,2026-07-31 19:30:19.408706+00:00
S01670,Jiluna,W024,Kuraba-Kofar,Ilela,unvisited,review,reported,1,42.0,0.0,True,GPS unvisited / e-tally reported,True,,2026-07-31 19:30:19.408706+00:00
S01671,Zakode,W025,Okriba,Ilela,unvisited,review,no e-tally report,0,0.0,0.0,False,GPS unvisited / no e-tally report,False,,2026-07-31 19:30:19.408706+00:00
S01672,Oklafa,W025,Okriba,Ilela,visited,high,no e-tally report,0,0.0,0.0,False,GPS visited / no e-tally report,True,,2026-07-31 19:30:19.408706+00:00
S01673,Uzlaja,W025,Okriba,Ilela,unvisited,review,no e-tally report,0,0.0,0.0,False,GPS unvisited / no e-tally report,False,,2026-07-31 19:30:19.408706+00:00
S01674,Kulani,W025,Okriba,Ilela,ambiguous,ambiguous,no e-tally report,0,0.0,0.0,False,GPS ambiguous / no e-tally report,False,,2026-07-31 19:30:19.408706+00:00
S01675,Dangowo-Gabas,W025,Okriba,Ilela,unvisited,review,no e-tally report,0,0.0,0.0,False,GPS unvisited / no e-tally report,False,,2026-07-31 19:30:19.408706+00:00
S01676,Riwadu,W025,Okriba,Ilela,unvisited,review,no e-tally report,0,0.0,0.0,False,GPS unvisited / no e-tally report,False,,2026-07-31 19:30:19.408706+00:00
S01677,Jibeyi-Arewa,W025,Okriba,Ilela,unvisited,review,no e-tally report,0,0.0,0.0,False,GPS unvisited / no e-tally report,False,,2026-07-31 19:30:19.408706+00:00
S01678,Longotu,W025,Okriba,Ilela,unvisited,review,no e-tally report,0,0.0,0.0,False,GPS unvisited / no e-tally report,False,,2026-07-31 19:30:19.408706+00:00
S01679,Hawaru,W025,Okriba,Ilela,ambiguous,ambiguous,no e-tally report,0,0.0,0.0,False,GPS ambiguous / no e-tally report,False,,2026-07-31 19:30:19.408706+00:00
S01680,Jishari,W025,Okriba,Ilela,ambiguous,ambiguous,no e-tally report,0,0.0,0.0,False,GPS ambiguous / no e-tally report,False,,2026-07-31 19:30:19.408706+00:00
S01681,Ritsisa,W025,Okriba,Ilela,ambiguous,ambiguous,no e-tally report,0,0.0,0.0,False,GPS ambiguous / no e-tally report,False,,2026-07-31 19:30:19.408706+00:00
S01682,Yedewo,W025,Okriba,Ilela,unvisited,review,no e-tally report,0,0.0,0.0,False,GPS unvisited / no e-tally report,False,,2026-07-31 19:30:19.408706+00:00
S01683,Doduba,W025,Okriba,Ilela,ambiguous,ambiguous,no e-tally report,0,0.0,0.0,False,GPS ambiguous / no e-tally report,False,,2026-07-31 19:30:19.408706+00:00
S01684,Uzsani-Tudun,W025,Okriba,Ilela,unvisited,review,no e-tally report,0,0.0,0.0,False,GPS unvisited / no e-tally report,False,,2026-07-31 19:30:19.408706+00:00
S01685,Majima,W025,Okriba,Ilela,ambiguous,ambiguous,no e-tally report,0,0.0,0.0,False,GPS ambiguous / no e-tally report,False,,2026-07-31 19:30:19.408706+00:00
S01686,Ibmayi,W025,Okriba,Ilela,unvisited,review,no e-tally report,0,0.0,0.0,False,GPS unvisited / no e-tally report,False,,2026-07-31 19:30:19.408706+00:00
S01687,Agriko,W025, Okriba ,Ilela,unvisited,review,no e-tally report,0,0.0,0.0,False,GPS unvisited / no e-tally report,False,,2026-07-31 19:30:19.408706+00:00
S01688,Enkowa-Kudu,W025,Okriba,Ilela,ambiguous,ambiguous,no e-tally report,0,0.0,0.0,False,GPS ambiguous / no e-tally report,False,,2026-07-31 19:30:19.408706+00:00
S01689,Suzama,W025,Okriba,Ilela,ambiguous,ambiguous,no e-tally report,0,0.0,0.0,False,GPS ambiguous / no e-tally report,False,,2026-07-31 19:30:19.408706+00:00
S01690,Ekjidu,W025,Okriba,Ilela,unvisited,review,no e-tally report,0,0.0,0.0,False,GPS unvisited / no e-tally report,False,,2026-07-31 19:30:19.408706+00:00
S01691,Uzshatu,W025,Okriba,Ilela,ambiguous,ambiguous,no e-tally report,0,0.0,0.0,False,GPS ambiguous / no e-tally report,False,,2026-07-31 19:30:19.408706+00:00
S01692,Irngona,W025,Okriba,Ilela,unvisited,review,no e-tally report,0,0.0,0.0,False,GPS unvisited / no e-tally report,False,,2026-07-31 19:30:19.408706+00:00
S01693,Irbewa-Yamma,W025,Okriba,Ilela,ambiguous,ambiguous,no e-tally report,0,0.0,0.0,False,GPS ambiguous / no e-tally report,False,,2026-07-31 19:30:19.408706+00:00
S01694,Kulana,W025,Okriba,Ilela,ambiguous,ambiguous,no e-tally report,0,0.0,0.0,False,GPS ambiguous / no e-tally report,False,,2026-07-31 19:30:19.408706+00:00
S01695,Tatiri,W025,Okriba,Ilela,unvisited,review,no e-tally report,0,0.0,0.0,False,GPS unvisited / no e-tally report,False,,2026-07-31 19:30:19.408706+00:00
S01696,Dawawo,W025,Okriba,Ilela,unvisited,review,no e-tally report,0,0.0,0.0,False,GPS unvisited / no e-tally report,False,,2026-07-31 19:30:19.408706+00:00
S01697,Birasa,W025,Okriba,Ilela,ambiguous,ambiguous,no e-tally report,0,0.0,0.0,False,GPS ambiguous / no e-tally report,False,,2026-07-31 19:30:19.408706+00:00
S01698,Bitsini,W025,Okriba,Ilela,unvisited,review,no e-tally report,0,0.0,0.0,False,GPS unvisited / no e-tally report,False,,2026-07-31 19:30:19.408706+00:00
S01699,Sajiba-Tudun,W025,Okriba,Ilela,unvisited,review,no e-tally report,0,0.0,0.0,False,GPS unvisited / no e-tally report,False,,2026-07-31 19:30:19.408706+00:00
S01700,Wasayi-Kofar,W025,Okriba,Ilela,unvisited,review,no e-tally report,0,0.0,0.0,False,GPS unvisited / no e-tally report,False,,2026-07-31 19:30:19.408706+00:00
S01701,Dowami,W025,Okriba,Ilela,visited,high,no e-tally report,0,0.0,0.0,False,GPS visited / no e-tally report,True,,2026-07-31 19:30:19.408706+00:00
S01702,Wakomi,W025,Okriba,Ilela,unvisited,review,no e-tally report,0,0.0,0.0,False,GPS unvisited / no e-tally report,False,,2026-07-31 19:30:19.408706+00:00
S01703,Sushayi,W025,Okriba,Ilela,visited,high,no e-tally report,0,0.0,0.0,False,GPS visited / no e-tally report,True,,2026-07-31 19:30:19.408706+00:00
S01704,Ibzana,W025,Okriba,Ilela,ambiguous,ambiguous,no e-tally report,0,0.0,0.0,False,GPS ambiguous / no e-tally report,False,,2026-07-31 19:30:19.408706+00:00
S01705,Iryoma,W025,Okriba,Ilela,unvisited,review,no e-tally report,0,0.0,0.0,False,GPS unvisited / no e-tally report,False,,2026-07-31 19:30:19.408706+00:00
S01706,Zamale,W025,Okriba,Ilela,unvisited,review,no e-tally report,0,0.0,0.0,False,GPS unvisited / no e-tally report,False,,2026-07-31 19:30:19.408706+00:00
S01707,Jibasa,W026,Kungomi,Katsuma,ambiguous,ambiguous,reported,1,11.0,11.0,False,GPS ambiguous / e-tally reported,False,,2026-07-31 19:30:19.408706+00:00
S01708,Irnani,W026,KUNGOMI,Katsuma,unvisited,review,reported,1,123.0,123.0,False,GPS unvisited / e-tally reported,True,,2026-07-31 19:30:19.408706+00:00
S01709,Balayi,W026,Kungomi,Katsuma,unvisited,review,reported,1,49.0,49.0,False,GPS unvisited / e-tally reported,True,,2026-07-31 19:30:19.408706+00:00
S01710,Tasawo,W026,Kungomi,Katsuma,unvisited,review,reported,1,77.0,77.0,False,GPS unvisited / e-tally reported,True,,2026-07-31 19:30:19.408706+00:00
S01711,Bibewa,W026,Kungomi,Katsuma,unvisited,review,no e-tally report,0,0.0,0.0,False,GPS unvisited / no e-tally report,False,,2026-07-31 19:30:19.408706+00:00
S01712,Wajile,W026,Kungomi,Katsuma,unvisited,review,no e-tally report,0,0.0,0.0,False,GPS unvisited / no e-tally report,False,,2026-07-31 19:30:19.408706+00:00
S01713,Adtsima,W026,Kungomi,Katsuma,unvisited,review,reported,1,83.0,83.0,False,GPS unvisited / e-tally reported,True,,2026-07-31 19:30:19.408706+00:00
S01714,Ibraja,W026,Kungomi,Katsuma,unvisited,review,reported,1,18.0,18.0,False,GPS unvisited / e-tally reported,True,,2026-07-31 19:30:19.408706+00:00
S01715,Jitsiri,W026,Kungomi,Katsuma,unvisited,review,no e-tally report,0,0.0,0.0,False,GPS unvisited / no e-tally report,False,,2026-07-31 19:30:19.408706+00:00
S01716,Wadeyi,W026,Kungomi,Katsuma,unvisited,review,reported,1,47.0,47.0,False,GPS unvisited / e-tally reported,True,,2026-07-31 19:30:19.408706+00:00
S01717,Adrari,W026,Kungomi,Katsuma,unvisited,review,reported,1,8.0,8.0,False,GPS unvisited / e-tally reported,True,,2026-07-31 19:30:19.408706+00:00
S01718,Saberi,W026,Kungomi,Katsuma,unvisited,review,reported,1,47.0,47.0,False,GPS unvisited / e-tally reported,True,,2026-07-31 19:30:19.408706+00:00
S01719,Uzwafa,W026,Kungomi,Katsuma,ambiguous,ambiguous,reported,1,12.0,12.0,False,GPS ambiguous / e-tally reported,False,,2026-07-31 19:30:19.408706+00:00
S01720,Tawatu,W026,Kungomi,Katsuma,unvisited,review,reported,1,11.0,11.0,False,GPS unvisited / e-tally reported,True,,2026-07-31 19:30:19.408706+00:00
S01721,Longota,W026,Kungomi,Katsuma,unvisited,review,reported,1,84.0,0.0,True,GPS unvisited / e-tally reported,True,,2026-07-31 19:30:19.408706+00:00
S01722,Wawana,W026,Kungomi,Katsuma,unvisited,review,reported,1,54.0,0.0,True,GPS unvisited / e-tally reported,True,,2026-07-31 19:30:19.408706+00:00
S01723,Ibjidu,W026,Kungomi,Katsuma,unvisited,review,no e-tally report,0,0.0,0.0,False,GPS unvisited / no e-tally report,False,,2026-07-31 19:30:19.408706+00:00
S01724,Baberu-Tsakiya,W026,Kungomi,Katsuma,unvisited,review,reported,1,33.0,33.0,False,GPS unvisited / e-tally reported,True,,2026-07-31 19:30:19.408706+00:00
S01725,Risale,W026,Kungomi,Katsuma,unvisited,review,reported,1,18.0,18.0,False,GPS unvisited / e-tally reported,True,,2026-07-31 19:30:19.408706+00:00
S01726,Manama,W026,Kungomi,Katsuma,unvisited,review,reported,1,13.0,13.0,False,GPS unvisited / e-tally reported,True,,2026-07-31 19:30:19.408706+00:00
S01727,Fajiru,W026,Kungomi,Katsuma,unvisited,review,no e-tally report,0,0.0,0.0,False,GPS unvisited / no e-tally report,False,,2026-07-31 19:30:19.408706+00:00
S01728,Agdesa,W026,Kungomi,Katsuma,unvisited,review,reported,1,4.0,4.0,False,GPS unvisited / e-tally reported,True,,2026-07-31 19:30:19.408706+00:00
S01729,Jiriwa,W026,Kungomi,Katsuma,unvisited,review,reported,1,39.0,39.0,False,GPS unvisited / e-tally reported,True,,2026-07-31 19:30:19.408706+00:00
S01730,Adzaba,W026,Kungomi,Katsuma,ambiguous,ambiguous,reported,1,79.0,0.0,True,GPS ambiguous / e-tally reported,False,,2026-07-31 19:30:19.408706+00:00
S01731,Kurama,W026,Kungomi,Katsuma,unvisited,review,reported,1,28.0,28.0,False,GPS unvisited / e-tally reported,True,,2026-07-31 19:30:19.408706+00:00
S01732,Addudu-Kudu,W026,Kungomi,Katsuma,ambiguous,ambiguous,reported,1,26.0,26.0,False,GPS ambiguous / e-tally reported,False,,2026-07-31 19:30:19.408706+00:00
S01733,Olzadu-Kofar,W026,Kungomi,Katsuma,unvisited,review,reported,1,75.0,75.0,False,GPS unvisited / e-tally reported,True,,2026-07-31 19:30:19.408706+00:00
S01734,Yemafa,W026,Kungomi,Katsuma,unvisited,review,reported,1,36.0,36.0,False,GPS unvisited / e-tally reported,True,,2026-07-31 19:30:19.408706+00:00
S01735,Bikowo,W026,Kungomi,Katsuma,unvisited,review,no e-tally report,0,0.0,0.0,False,GPS unvisited / no e-tally report,False,,2026-07-31 19:30:19.408706+00:00
S01736,Adduwo,W026,Kungomi,Katsuma,unvisited,review,no e-tally report,0,0.0,0.0,False,GPS unvisited / no e-tally report,False,,2026-07-31 19:30:19.408706+00:00
S01737,Adkowa,W026,Kungomi,Katsuma,unvisited,review,reported,1,29.0,29.0,False,GPS unvisited / e-tally reported,True,,2026-07-31 19:30:19.408706+00:00
S01738,Irrani,W026,Kungomi,Katsuma,unvisited,review,reported,1,89.0,89.0,False,GPS unvisited / e-tally reported,True,,2026-07-31 19:30:19.408706+00:00
S01739,Olzawa,W026,Kungomi,Katsuma,unvisited,review,no e-tally report,0,0.0,0.0,False,GPS unvisited / no e-tally report,False,,2026-07-31 19:30:19.408706+00:00
S01740,Uzkori,W026,Kungomi,Katsuma,unvisited,review,reported,1,21.0,21.0,False,GPS unvisited / e-tally reported,True,,2026-07-31 19:30:19.408706+00:00
S01741,Bamani,W026,Kungomi,Katsuma,visited,high,reported,1,69.0,69.0,False,GPS visited / e-tally reported,False,,2026-07-31 19:30:19.408706+00:00
S01742,Sutisa,W026,Kungomi,Katsuma,unvisited,review,reported,1,9.0,9.0,False,GPS unvisited / e-tally reported,True,,2026-07-31 19:30:19.408706+00:00
S01743,Bamawo,W026,Kungomi,Katsuma,unvisited,review,reported,1,6.0,6.0,False,GPS unvisited / e-tally reported,True,,2026-07-31 19:30:19.408706+00:00
S01744,Guyoshi,W026,Kungomi,Katsuma,ambiguous,ambiguous,reported,1,41.0,41.0,False,GPS ambiguous / e-tally reported,False,,2026-07-31 19:30:19.408706+00:00
S01745,Donama,W026,Kungomi,Katsuma,unvisited,review,reported,1,14.0,14.0,False,GPS unvisited / e-tally reported,True,,2026-07-31 19:30:19.408706+00:00
S01746,Suriwo,W026,Kungomi,Katsuma,unvisited,review,reported,1,37.0,37.0,False,GPS unvisited / e-tally reported,True,,2026-07-31 19:30:19.408706+00:00
S01747,Guwami,W026,Kungomi,Katsuma,unvisited,review,reported,1,36.0,36.0,False,GPS unvisited / e-tally reported,True,,2026-07-31 19:30:19.408706+00:00
S01748,Bangofa,W026,Kungomi,Katsuma,unvisited,review,reported,1,34.0,34.0,False,GPS unvisited / e-tally reported,True,,2026-07-31 19:30:19.408706+00:00
S01749,Sajiri,W026,Kungomi,Katsuma,ambiguous,ambiguous,reported,1,27.0,27.0,False,GPS ambiguous / e-tally reported,False,,2026-07-31 19:30:19.408706+00:00
S01750,Kalari,W026,Kungomi,Katsuma,unvisited,review,no e-tally report,0,0.0,0.0,False,GPS unvisited / no e-tally report,False,,2026-07-31 19:30:19.408706+00:00
S01751,Enngoba,W026,Kungomi,Katsuma,unvisited,review,reported,1,17.0,17.0,False,GPS unvisited / e-tally reported,True,,2026-07-31 19:30:19.408706+00:00
S01752,Yengoko,W026,Kungomi,Katsuma,ambiguous,ambiguous,reported,1,24.0,24.0,False,GPS ambiguous / e-tally reported,False,,2026-07-31 19:30:19.408706+00:00
S01753,Kabewa,W026,Kungomi,Katsuma,visited,high,reported,1,11.0,11.0,False,GPS visited / e-tally reported,False,,2026-07-31 19:30:19.408706+00:00
S01754,Jikoshi,W026,Kungomi,Katsuma,unvisited,review,no e-tally report,0,0.0,0.0,False,GPS unvisited / no e-tally report,False,,2026-07-31 19:30:19.408706+00:00
S01755,Bakodu,W027,Daberi,Katsuma,ambiguous,ambiguous,reported,1,21.0,21.0,False,GPS ambiguous / e-tally reported,False,,2026-07-31 19:30:19.408706+00:00
S01756,Bangoni,W027,Daberi,Katsuma,unvisited,review,reported,1,56.0,56.0,False,GPS unvisited / e-tally reported,True,,2026-07-31 19:30:19.408706+00:00
S01757,Ibsaru,W027,Daberi,Katsuma,unvisited,review,no e-tally report,0,0.0,0.0,False,GPS unvisited / no e-tally report,False,,2026-07-31 19:30:19.408706+00:00
S01758,Ridudu,W027,Daberi,Katsuma,ambiguous,ambiguous,reported,1,8.0,8.0,False,GPS ambiguous / e-tally reported,False,,2026-07-31 19:30:19.408706+00:00
S01759,Uzluru,W027,Daberi,Katsuma,unvisited,review,reported,1,52.0,52.0,False,GPS unvisited / e-tally reported,True,,2026-07-31 19:30:19.408706+00:00
S01760,Rilana-Kudu,W027,Daberi,Katsuma,unvisited,review,no e-tally report,0,0.0,0.0,False,GPS unvisited / no e-tally report,False,,2026-07-31 19:30:19.408706+00:00
S01761,Hariko-Yamma,W027,Daberi,Katsuma,unvisited,review,no e-tally report,0,0.0,0.0,False,GPS unvisited / no e-tally report,False,,2026-07-31 19:30:19.408706+00:00
S01762,Umyota,W027,Daberi,Katsuma,unvisited,review,reported,1,18.0,18.0,False,GPS unvisited / e-tally reported,True,,2026-07-31 19:30:19.408706+00:00
S01763,Tangodu,W027,Daberi,Katsuma,visited,high,reported,1,70.0,70.0,False,GPS visited / e-tally reported,False,,2026-07-31 19:30:19.408706+00:00
S01764,Irdushi-Kudu,W027,Daberi,Katsuma,visited,high,reported,1,101.0,101.0,False,GPS visited / e-tally reported,False,,2026-07-31 19:30:19.408706+00:00
S01765,Okshawo,W027,Daberi,Katsuma,visited,high,reported,1,65.0,65.0,False,GPS visited / e-tally reported,False,,2026-07-31 19:30:19.408706+00:00
S01766,Olngori,W027,Daberi,Katsuma,unvisited,review,reported,1,114.0,114.0,False,GPS unvisited / e-tally reported,True,,2026-07-31 19:30:19.408706+00:00
S01767,Eklafa,W027,Daberi,Katsuma,unvisited,review,reported,1,85.0,85.0,False,GPS unvisited / e-tally reported,True,,2026-07-31 19:30:19.408706+00:00
S01768,Rinana,W027,Daberi,Katsuma,unvisited,review,no e-tally report,0,0.0,0.0,False,GPS unvisited / no e-tally report,False,,2026-07-31 19:30:19.408706+00:00
S01769,Irshaja-Sabo,W027,Daberi,Katsuma,unvisited,review,no e-tally report,0,0.0,0.0,False,GPS unvisited / no e-tally report,False,,2026-07-31 19:30:19.408706+00:00
S01770,Oldedu,W027,Daberi,Katsuma,ambiguous,ambiguous,reported,1,12.0,12.0,False,GPS ambiguous / e-tally reported,False,,2026-07-31 19:30:19.408706+00:00
S01771,Yengodu,W027,Daberi,Katsuma,visited,high,reported,1,55.0,55.0,False,GPS visited / e-tally reported,False,,2026-07-31 19:30:19.408706+00:00
S01772,Lodeyi,W027, Daberi ,Katsuma,unvisited,review,reported,1,22.0,22.0,False,GPS unvisited / e-tally reported,True,,2026-07-31 19:30:19.408706+00:00
S01773,Haluni,W027,Daberi,Katsuma,unvisited,review,reported,1,36.0,0.0,True,GPS unvisited / e-tally reported,True,,2026-07-31 19:30:19.408706+00:00
S01774,Damafa,W027,DABERI,Katsuma,visited,high,reported,1,51.0,51.0,False,GPS visited / e-tally reported,False,,2026-07-31 19:30:19.408706+00:00
S01775,Yeyori-Arewa,W027,Daberi,Katsuma,ambiguous,ambiguous,reported,1,6.0,6.0,False,GPS ambiguous / e-tally reported,False,,2026-07-31 19:30:19.408706+00:00
S01776,Kabaja,W027,Daberi,Katsuma,unvisited,review,reported,1,37.0,0.0,True,GPS unvisited / e-tally reported,True,,2026-07-31 19:30:19.408706+00:00
S01777,Zashaba,W027,Daberi,Katsuma,unvisited,review,reported,1,22.0,22.0,False,GPS unvisited / e-tally reported,True,,2026-07-31 19:30:19.408706+00:00
S01778,Ibwama,W027,Daberi,Katsuma,ambiguous,ambiguous,reported,1,3.0,3.0,False,GPS ambiguous / e-tally reported,False,,2026-07-31 19:30:19.408706+00:00
S01779,Oltidu,W027,Daberi,Katsuma,unvisited,review,reported,1,51.0,51.0,False,GPS unvisited / e-tally reported,True,,2026-07-31 19:30:19.408706+00:00
S01780,Sakowo,W027,Daberi,Katsuma,unvisited,review,reported,1,63.0,63.0,False,GPS unvisited / e-tally reported,True,,2026-07-31 19:30:19.408706+00:00
S01781,Agmana,W027,Daberi,Katsuma,visited,high,reported,1,13.0,13.0,False,GPS visited / e-tally reported,False,,2026-07-31 19:30:19.408706+00:00
S01782,Ensadu,W027,Daberi,Katsuma,unvisited,review,no e-tally report,0,0.0,0.0,False,GPS unvisited / no e-tally report,False,,2026-07-31 19:30:19.408706+00:00
S01783,Badeko,W027,Daberi,Katsuma,unvisited,review,reported,1,36.0,0.0,True,GPS unvisited / e-tally reported,True,,2026-07-31 19:30:19.408706+00:00
S01784,Dongoyi,W027,Daberi,Katsuma,ambiguous,ambiguous,reported,1,42.0,42.0,False,GPS ambiguous / e-tally reported,False,,2026-07-31 19:30:19.408706+00:00
S01785,Baluko,W027,Daberi,Katsuma,ambiguous,ambiguous,reported,1,9.0,9.0,False,GPS ambiguous / e-tally reported,False,,2026-07-31 19:30:19.408706+00:00
S01786,Harana,W027,Daberi,Katsuma,unvisited,review,no e-tally report,0,0.0,0.0,False,GPS unvisited / no e-tally report,False,,2026-07-31 19:30:19.408706+00:00
S01787,Ekkota-Sabo,W027,Daberi,Katsuma,unvisited,review,reported,1,5.0,5.0,False,GPS unvisited / e-tally reported,True,,2026-07-31 19:30:19.408706+00:00
S01788,Irtitu,W027,Daberi,Katsuma,visited,high,reported,1,17.0,17.0,False,GPS visited / e-tally reported,False,,2026-07-31 19:30:19.408706+00:00
S01789,Sunari-Tsakiya,W027,Daberi,Katsuma,unvisited,review,reported,1,18.0,18.0,False,GPS unvisited / e-tally reported,True,,2026-07-31 19:30:19.408706+00:00
S01790,Irkona,W027,Daberi,Katsuma,unvisited,review,reported,1,6.0,6.0,False,GPS unvisited / e-tally reported,True,,2026-07-31 19:30:19.408706+00:00
S01791,Wakoma-Yamma,W027,Daberi,Katsuma,ambiguous,ambiguous,reported,1,62.0,62.0,False,GPS ambiguous / e-tally reported,False,,2026-07-31 19:30:19.408706+00:00
S01792,Guwawo,W028,Wangoja,Ilela,ambiguous,ambiguous,reported,1,107.0,107.0,False,GPS ambiguous / e-tally reported,False,,2026-07-31 19:30:19.408706+00:00
S01793,Jirafa,W028,Wangoja,Ilela,ambiguous,ambiguous,reported,1,65.0,65.0,False,GPS ambiguous / e-tally reported,False,,2026-07-31 19:30:19.408706+00:00
S01794,Yetsiri,W028,Wangoja,Ilela,unvisited,review,reported,1,31.0,31.0,False,GPS unvisited / e-tally reported,True,,2026-07-31 19:30:19.408706+00:00
S01795,Ennaba,W028,Wangoja,Ilela,unvisited,review,reported,1,10.0,10.0,False,GPS unvisited / e-tally reported,True,,2026-07-31 19:30:19.408706+00:00
S01796,Harini-Kudu,W028,Wangoja,Ilela,unvisited,review,reported,1,81.0,81.0,False,GPS unvisited / e-tally reported,True,,2026-07-31 19:30:19.408706+00:00
S01797,Zabeja,W028,Wangoja,Ilela,ambiguous,ambiguous,reported,1,97.0,0.0,True,GPS ambiguous / e-tally reported,False,,2026-07-31 19:30:19.408706+00:00
S01798,Zazami,W028,Wangoja,Ilela,unvisited,review,reported,1,72.0,72.0,False,GPS unvisited / e-tally reported,True,,2026-07-31 19:30:19.408706+00:00
S01799,Bajile,W028,Wangoja,Ilela,unvisited,review,reported,1,166.0,0.0,True,GPS unvisited / e-tally reported,True,,2026-07-31 19:30:19.408706+00:00
S01800,Bijiwo,W028,Wangoja,Ilela,unvisited,review,reported,1,36.0,36.0,False,GPS unvisited / e-tally reported,True,,2026-07-31 19:30:19.408706+00:00
S01801,Uzkodu,W028,Wangoja,Ilela,unvisited,review,reported,1,26.0,26.0,False,GPS unvisited / e-tally reported,True,,2026-07-31 19:30:19.408706+00:00
S01802,Tajisa-Tsakiya,W028,Wangoja,Ilela,unvisited,review,no e-tally report,0,0.0,0.0,False,GPS unvisited / no e-tally report,False,,2026-07-31 19:30:19.408706+00:00
S01803,Zasani-Yamma,W028,Wangoja,Ilela,unvisited,review,reported,1,185.0,185.0,False,GPS unvisited / e-tally reported,True,,2026-07-31 19:30:19.408706+00:00
S01804,Bitsita-Kudu,W028,Wangoja,Ilela,visited,high,reported,1,10.0,10.0,False,GPS visited / e-tally reported,False,,2026-07-31 19:30:19.408706+00:00
S01805,Satsina,W028,Wangoja,Ilela,ambiguous,ambiguous,reported,1,15.0,15.0,False,GPS ambiguous / e-tally reported,False,,2026-07-31 19:30:19.408706+00:00
S01806,Okmana,W028,Wangoja,Ilela,unvisited,review,reported,1,10.0,10.0,False,GPS unvisited / e-tally reported,True,,2026-07-31 19:30:19.408706+00:00
S01807,Talayi,W028,Wangoja,Ilela,unvisited,review,reported,1,66.0,66.0,False,GPS unvisited / e-tally reported,True,,2026-07-31 19:30:19.408706+00:00
S01808,Oljita,W028,Wangoja,Ilela,unvisited,review,reported,1,10.0,10.0,False,GPS unvisited / e-tally reported,True,,2026-07-31 19:30:19.408706+00:00
S01809,Enradu,W028,Wangoja,Ilela,unvisited,review,reported,1,38.0,0.0,True,GPS unvisited / e-tally reported,True,,2026-07-31 19:30:19.408706+00:00
S01810,Okjishi,W028,Wangoja,Ilela,unvisited,review,reported,1,9.0,9.0,False,GPS unvisited / e-tally reported,True,,2026-07-31 19:30:19.408706+00:00
S01811,Hamani,W028,Wangoja,Ilela,unvisited,review,reported,1,72.0,72.0,False,GPS unvisited / e-tally reported,True,,2026-07-31 19:30:19.408706+00:00
S01812,Iryoja,W028,Wangoja,Ilela,unvisited,review,reported,1,15.0,15.0,False,GPS unvisited / e-tally reported,True,,2026-07-31 19:30:19.408706+00:00
S01813,Umyoni,W028,Wangoja,Ilela,unvisited,review,reported,1,18.0,18.0,False,GPS unvisited / e-tally reported,True,,2026-07-31 19:30:19.408706+00:00
S01814,Yezashi,W028,Wangoja,Ilela,unvisited,review,no e-tally report,0,0.0,0.0,False,GPS unvisited / no e-tally report,False,,2026-07-31 19:30:19.408706+00:00
S01815,Jiwashi,W028,Wangoja,Ilela,unvisited,review,reported,1,41.0,41.0,False,GPS unvisited / e-tally reported,True,,2026-07-31 19:30:19.408706+00:00
S01816,Mariba,W028,Wangoja,Ilela,unvisited,review,reported,1,4.0,4.0,False,GPS unvisited / e-tally reported,True,,2026-07-31 19:30:19.408706+00:00
S01817,Nuduwo,W028,Wangoja,Ilela,unvisited,review,reported,1,34.0,34.0,False,GPS unvisited / e-tally reported,True,,2026-07-31 19:30:19.408706+00:00
S01818,Kashadu,W028,Wangoja,Ilela,unvisited,review,reported,1,20.0,20.0,False,GPS unvisited / e-tally reported,True,,2026-07-31 19:30:19.408706+00:00
S01819,Bibema,W028,Wangoja,Ilela,ambiguous,ambiguous,reported,1,76.0,76.0,False,GPS ambiguous / e-tally reported,False,,2026-07-31 19:30:19.408706+00:00
S01820,Agyoja,W028,Wangoja,Ilela,unvisited,review,reported,1,17.0,17.0,False,GPS unvisited / e-tally reported,True,,2026-07-31 19:30:19.408706+00:00
S01821,Gukoshi,W028,Wangoja,Ilela,unvisited,review,reported,1,22.0,22.0,False,GPS unvisited / e-tally reported,True,,2026-07-31 19:30:19.408706+00:00
S01822,Ibduwo,W028,Wangoja,Ilela,ambiguous,ambiguous,reported,1,30.0,30.0,False,GPS ambiguous / e-tally reported,False,,2026-07-31 19:30:19.408706+00:00
S01823,Ekkoshi,W028,Wangoja,Ilela,ambiguous,ambiguous,reported,1,48.0,48.0,False,GPS ambiguous / e-tally reported,False,,2026-07-31 19:30:19.408706+00:00
S01824,Jizaba,W028,Wangoja,Ilela,unvisited,review,reported,1,27.0,27.0,False,GPS unvisited / e-tally reported,True,,2026-07-31 19:30:19.408706+00:00
S01825,Sukodu-Kofar,W028,Wangoja,Ilela,unvisited,review,reported,1,55.0,55.0,False,GPS unvisited / e-tally reported,True,,2026-07-31 19:30:19.408706+00:00
S01826,Dotsiba-Kudu,W028,Wangoja,Ilela,unvisited,review,reported,1,113.0,0.0,True,GPS unvisited / e-tally reported,True,,2026-07-31 19:30:19.408706+00:00
S01827,Jimale,W028,Wangoja,Ilela,unvisited,review,reported,1,64.0,64.0,False,GPS unvisited / e-tally reported,True,,2026-07-31 19:30:19.408706+00:00
S01828,Wabewo,W028,Wangoja,Ilela,unvisited,review,reported,1,97.0,97.0,False,GPS unvisited / e-tally reported,True,,2026-07-31 19:30:19.408706+00:00
S01829,Olsharu,W028,Wangoja,Ilela,unvisited,review,reported,1,89.0,89.0,False,GPS unvisited / e-tally reported,True,,2026-07-31 19:30:19.408706+00:00
S01830,Nutifa-Tudun,W028,Wangoja,Ilela,unvisited,review,reported,1,24.0,24.0,False,GPS unvisited / e-tally reported,True,,2026-07-31 19:30:19.408706+00:00
S01831,Bishashi,W028,Wangoja,Ilela,ambiguous,ambiguous,reported,1,14.0,14.0,False,GPS ambiguous / e-tally reported,False,,2026-07-31 19:30:19.408706+00:00
S01832,Watina,W028,Wangoja,Ilela,unvisited,review,reported,1,43.0,43.0,False,GPS unvisited / e-tally reported,True,,2026-07-31 19:30:19.408706+00:00
S01833,Kasaru,W028,Wangoja,Ilela,unvisited,review,reported,1,47.0,0.0,True,GPS unvisited / e-tally reported,True,,2026-07-31 19:30:19.408706+00:00
S01834,Kajitu,W028,Wangoja,Ilela,unvisited,review,reported,1,23.0,23.0,False,GPS unvisited / e-tally reported,True,,2026-07-31 19:30:19.408706+00:00
S01835,Mayole,W028,Wangoja,Ilela,unvisited,review,reported,1,39.0,39.0,False,GPS unvisited / e-tally reported,True,,2026-07-31 19:30:19.408706+00:00
S01836,Famayi,W028,Wangoja,Ilela,unvisited,review,reported,1,41.0,0.0,True,GPS unvisited / e-tally reported,True,,2026-07-31 19:30:19.408706+00:00
S01837,Agngoko,W028,Wangoja,Ilela,visited,high,reported,1,8.0,8.0,False,GPS visited / e-tally reported,False,,2026-07-31 19:30:19.408706+00:00
S01838,Umtsisa,W028,Wangoja,Ilela,unvisited,review,no e-tally report,0,0.0,0.0,False,GPS unvisited / no e-tally report,False,,2026-07-31 19:30:19.408706+00:00
S01839,Gutsile,W028,Wangoja,Ilela,unvisited,review,reported,1,31.0,31.0,False,GPS unvisited / e-tally reported,True,,2026-07-31 19:30:19.408706+00:00
S01840,Okdudu,W028,Wangoja,Ilela,unvisited,review,reported,1,25.0,25.0,False,GPS unvisited / e-tally reported,True,,2026-07-31 19:30:19.408706+00:00
S01841,Barashi,W028,Wangoja,Ilela,ambiguous,ambiguous,reported,1,71.0,71.0,False,GPS ambiguous / e-tally reported,False,,2026-07-31 19:30:19.408706+00:00
S01842,Ibdemi,W028,Wangoja,Ilela,ambiguous,ambiguous,reported,1,2.0,2.0,False,GPS ambiguous / e-tally reported,False,,2026-07-31 19:30:19.408706+00:00
S01843,Biberi,W028,Wangoja,Ilela,unvisited,review,reported,1,16.0,16.0,False,GPS unvisited / e-tally reported,True,,2026-07-31 19:30:19.408706+00:00
S01844,Dozasa,W029,Wangoni,Ilela,unvisited,review,reported,1,123.0,123.0,False,GPS unvisited / e-tally reported,True,,2026-07-31 19:30:19.408706+00:00
S01845,Okshasa,W029,Wangoni,Ilela,unvisited,review,reported,1,47.0,47.0,False,GPS unvisited / e-tally reported,True,,2026-07-31 19:30:19.408706+00:00
S01846,Sawadu,W029,Wangoni,Ilela,unvisited,review,reported,1,11.0,11.0,False,GPS unvisited / e-tally reported,True,,2026-07-31 19:30:19.408706+00:00
S01847,Dajitu-Yamma,W029,Wangoni,Ilela,unvisited,review,reported,1,61.0,61.0,False,GPS unvisited / e-tally reported,True,,2026-07-31 19:30:19.408706+00:00
S01848,Wariyi,W029,Wangoni,Ilela,unvisited,review,reported,1,40.0,40.0,False,GPS unvisited / e-tally reported,True,,2026-07-31 19:30:19.408706+00:00
S01849,Ritide,W029,Wangoni,Ilela,unvisited,review,no e-tally report,0,0.0,0.0,False,GPS unvisited / no e-tally report,False,,2026-07-31 19:30:19.408706+00:00
S01850,Kazari,W029,Wangoni,Ilela,unvisited,review,reported,1,37.0,37.0,False,GPS unvisited / e-tally reported,True,,2026-07-31 19:30:19.408706+00:00
S01851,Saduwo-Tsakiya,W029,Wangoni,Ilela,unvisited,review,reported,1,31.0,31.0,False,GPS unvisited / e-tally reported,True,,2026-07-31 19:30:19.408706+00:00
S01852,Hawani,W029,Wangoni,Ilela,ambiguous,ambiguous,reported,1,141.0,141.0,False,GPS ambiguous / e-tally reported,False,,2026-07-31 19:30:19.408706+00:00
S01853,Yeraba,W029,Wangoni,Ilela,unvisited,review,reported,1,45.0,45.0,False,GPS unvisited / e-tally reported,True,,2026-07-31 19:30:19.408706+00:00
S01854,Wabama,W029,Wangoni,Ilela,unvisited,review,no e-tally report,0,0.0,0.0,False,GPS unvisited / no e-tally report,False,,2026-07-31 19:30:19.408706+00:00
S01855,Nukoma,W029,Wangoni,Ilela,ambiguous,ambiguous,reported,1,105.0,105.0,False,GPS ambiguous / e-tally reported,False,,2026-07-31 19:30:19.408706+00:00
S01856,Olduni,W029,Wangoni,Ilela,unvisited,review,no e-tally report,0,0.0,0.0,False,GPS unvisited / no e-tally report,False,,2026-07-31 19:30:19.408706+00:00
S01857,Zawana,W029,Wangoni,Ilela,unvisited,review,no e-tally report,0,0.0,0.0,False,GPS unvisited / no e-tally report,False,,2026-07-31 19:30:19.408706+00:00
S01858,Umrima-Tsakiya,W029,Wangoni,Ilela,visited,high,reported,1,17.0,17.0,False,GPS visited / e-tally reported,False,,2026-07-31 19:30:19.408706+00:00
S01859,Matsifa,W029,Wangoni,Ilela,unvisited,review,reported,1,142.0,142.0,False,GPS unvisited / e-tally reported,True,,2026-07-31 19:30:19.408706+00:00
S01860,Haduwa,W029,Wangoni,Ilela,unvisited,review,reported,1,35.0,35.0,False,GPS unvisited / e-tally reported,True,,2026-07-31 19:30:19.408706+00:00
S01861,Famata,W029,Wangoni,Ilela,unvisited,review,reported,1,5.0,5.0,False,GPS unvisited / e-tally reported,True,,2026-07-31 19:30:19.408706+00:00
S01862,Kayoma-Gabas,W029,Wangoni,Ilela,unvisited,review,reported,1,47.0,47.0,False,GPS unvisited / e-tally reported,True,,2026-07-31 19:30:19.408706+00:00
S01863,Balaba,W029,Wangoni,Ilela,unvisited,review,reported,1,9.0,9.0,False,GPS unvisited / e-tally reported,True,,2026-07-31 19:30:19.408706+00:00
S01864,Ibbana,W029,Wangoni,Ilela,unvisited,review,reported,1,85.0,85.0,False,GPS unvisited / e-tally reported,True,,2026-07-31 19:30:19.408706+00:00
S01865,Kumale,W029,Wangoni,Ilela,ambiguous,ambiguous,reported,1,4.0,4.0,False,GPS ambiguous / e-tally reported,False,,2026-07-31 19:30:19.408706+00:00
S01866,Jideyi,W029,Wangoni,Ilela,unvisited,review,reported,1,10.0,10.0,False,GPS unvisited / e-tally reported,True,,2026-07-31 19:30:19.408706+00:00
S01867,Agwaja,W029,Wangoni,Ilela,unvisited,review,reported,1,26.0,0.0,True,GPS unvisited / e-tally reported,True,,2026-07-31 19:30:19.408706+00:00
S01868,Dadeshi,W029,Wangoni,Ilela,unvisited,review,reported,1,135.0,135.0,False,GPS unvisited / e-tally reported,True,,2026-07-31 19:30:19.408706+00:00
S01869,Bijija,W029,Wangoni,Ilela,ambiguous,ambiguous,reported,1,48.0,48.0,False,GPS ambiguous / e-tally reported,False,,2026-07-31 19:30:19.408706+00:00
S01870,Uzduta,W029,Wangoni,Ilela,unvisited,review,reported,1,60.0,60.0,False,GPS unvisited / e-tally reported,True,,2026-07-31 19:30:19.408706+00:00
S01871,Irriko,W029,Wangoni,Ilela,unvisited,review,reported,1,6.0,6.0,False,GPS unvisited / e-tally reported,True,,2026-07-31 19:30:19.408706+00:00
S01872,Agberi,W029, Wangoni ,Ilela,unvisited,review,reported,1,21.0,0.0,True,GPS unvisited / e-tally reported,True,,2026-07-31 19:30:19.408706+00:00
S01873,Okluma-Tudun,W029,Wangoni,Ilela,unvisited,review,reported,1,81.0,81.0,False,GPS unvisited / e-tally reported,True,,2026-07-31 19:30:19.408706+00:00
S01874,Wawayi-Kofar,W029,Wangoni,Ilela,unvisited,review,reported,1,4.0,4.0,False,GPS unvisited / e-tally reported,True,,2026-07-31 19:30:19.408706+00:00
S01875,Kazaba,W029,Wangoni,Ilela,ambiguous,ambiguous,reported,1,46.0,46.0,False,GPS ambiguous / e-tally reported,False,,2026-07-31 19:30:19.408706+00:00
S01876,Malaru,W029,Wangoni,Ilela,unvisited,review,reported,1,28.0,28.0,False,GPS unvisited / e-tally reported,True,,2026-07-31 19:30:19.408706+00:00
S01877,Dajifa,W029,Wangoni,Ilela,unvisited,review,reported,1,10.0,10.0,False,GPS unvisited / e-tally reported,True,,2026-07-31 19:30:19.408706+00:00
S01878,Loduwo-Kofar,W029,Wangoni,Ilela,unvisited,review,reported,1,36.0,36.0,False,GPS unvisited / e-tally reported,True,,2026-07-31 19:30:19.408706+00:00
S01879,Banawo,W029,Wangoni,Ilela,unvisited,review,reported,1,11.0,11.0,False,GPS unvisited / e-tally reported,True,,2026-07-31 19:30:19.408706+00:00
S01880,Batsidu,W029,Wangoni,Ilela,unvisited,review,reported,1,39.0,39.0,False,GPS unvisited / e-tally reported,True,,2026-07-31 19:30:19.408706+00:00
S01881,Sulale,W029,Wangoni,Ilela,unvisited,review,reported,1,92.0,92.0,False,GPS unvisited / e-tally reported,True,,2026-07-31 19:30:19.408706+00:00
S01882,Jikowa,W029,Wangoni,Ilela,ambiguous,ambiguous,reported,1,6.0,6.0,False,GPS ambiguous / e-tally reported,False,,2026-07-31 19:30:19.408706+00:00
S01883,Kutiba-Kudu,W029,Wangoni,Ilela,unvisited,review,reported,1,53.0,0.0,True,GPS unvisited / e-tally reported,True,,2026-07-31 19:30:19.408706+00:00
S01884,Dodude,W029,Wangoni,Ilela,unvisited,review,reported,1,32.0,32.0,False,GPS unvisited / e-tally reported,True,,2026-07-31 19:30:19.408706+00:00
S01885,Kaduna,W029,Wangoni,Ilela,unvisited,review,reported,1,36.0,36.0,False,GPS unvisited / e-tally reported,True,,2026-07-31 19:30:19.408706+00:00
S01886,Batsiwa,W029,Wangoni,Ilela,unvisited,review,reported,1,38.0,38.0,False,GPS unvisited / e-tally reported,True,,2026-07-31 19:30:19.408706+00:00
S01887,Gubata,W029,Wangoni,Ilela,unvisited,review,reported,1,2.0,2.0,False,GPS unvisited / e-tally reported,True,,2026-07-31 19:30:19.408706+00:00
S01888,Ollule-Gabas,W029,Wangoni,Ilela,unvisited,review,reported,1,15.0,15.0,False,GPS unvisited / e-tally reported,True,,2026-07-31 19:30:19.408706+00:00
S01889,Watsima-Tudun,W029,Wangoni,Ilela,unvisited,review,reported,1,18.0,18.0,False,GPS unvisited / e-tally reported,True,,2026-07-31 19:30:19.408706+00:00
S01890,Ekdutu,W029,Wangoni,Ilela,ambiguous,ambiguous,reported,1,144.0,144.0,False,GPS ambiguous / e-tally reported,False,,2026-07-31 19:30:19.408706+00:00
S01891,Loshashi,W029,Wangoni,Ilela,unvisited,review,reported,1,56.0,56.0,False,GPS unvisited / e-tally reported,True,,2026-07-31 19:30:19.408706+00:00
S01892,Gubewo,W029,Wangoni,Ilela,unvisited,review,reported,1,36.0,36.0,False,GPS unvisited / e-tally reported,True,,2026-07-31 19:30:19.408706+00:00
S01893,Tasashi,W029,Wangoni,Ilela,unvisited,review,reported,1,10.0,10.0,False,GPS unvisited / e-tally reported,True,,2026-07-31 19:30:19.408706+00:00
S01894,Jikode,W029,Wangoni,Ilela,unvisited,review,reported,1,68.0,68.0,False,GPS unvisited / e-tally reported,True,,2026-07-31 19:30:19.408706+00:00
S01895,Entsifa,W029,Wangoni,Ilela,ambiguous,ambiguous,reported,1,47.0,47.0,False,GPS ambiguous / e-tally reported,False,,2026-07-31 19:30:19.408706+00:00
S01896,Uzmata,W029,Wangoni,Ilela,unvisited,review,reported,1,14.0,14.0,False,GPS unvisited / e-tally reported,True,,2026-07-31 19:30:19.408706+00:00
S01897,Fadusa,W029,Wangoni,Ilela,unvisited,review,reported,1,7.0,7.0,False,GPS unvisited / e-tally reported,True,,2026-07-31 19:30:19.408706+00:00
S01898,Ekmama,W029,Wangoni,Ilela,ambiguous,ambiguous,reported,1,19.0,19.0,False,GPS ambiguous / e-tally reported,False,,2026-07-31 19:30:19.408706+00:00
S01899,Batsina,W029,Wangoni,Ilela,unvisited,review,reported,1,46.0,46.0,False,GPS unvisited / e-tally reported,True,,2026-07-31 19:30:19.408706+00:00
S01900,Kabade,W029,Wangoni,Ilela,visited,high,reported,1,16.0,16.0,False,GPS visited / e-tally reported,False,,2026-07-31 19:30:19.408706+00:00
S01901,Fabawa,W029,Wangoni,Ilela,unvisited,review,reported,1,45.0,45.0,False,GPS unvisited / e-tally reported,True,,2026-07-31 19:30:19.408706+00:00
S01902,Losaja-Yamma,W029,Wangoni,Ilela,unvisited,review,reported,1,10.0,10.0,False,GPS unvisited / e-tally reported,True,,2026-07-31 19:30:19.408706+00:00
S01903,Adshayi,W029,Wangoni,Ilela,unvisited,review,reported,1,54.0,54.0,False,GPS unvisited / e-tally reported,True,,2026-07-31 19:30:19.408706+00:00
S01904,Fayoma,W029,Wangoni,Ilela,unvisited,review,reported,1,84.0,84.0,False,GPS unvisited / e-tally reported,True,,2026-07-31 19:30:19.408706+00:00
S01905,Okbeta,W029,Wangoni,Ilela,unvisited,review,reported,1,42.0,42.0,False,GPS unvisited / e-tally reported,True,,2026-07-31 19:30:19.408706+00:00
S01906,Sabeja,W029,Wangoni,Ilela,unvisited,review,reported,1,50.0,50.0,False,GPS unvisited / e-tally reported,True,,2026-07-31 19:30:19.408706+00:00
S01907,Jingota,W029,Wangoni,Ilela,unvisited,review,no e-tally report,0,0.0,0.0,False,GPS unvisited / no e-tally report,False,,2026-07-31 19:30:19.408706+00:00
S01908,Yeluru,W029,Wangoni,Ilela,unvisited,review,reported,1,66.0,66.0,False,GPS unvisited / e-tally reported,True,,2026-07-31 19:30:19.408706+00:00
S01909,Nuduri,W029,Wangoni,Ilela,ambiguous,ambiguous,reported,1,106.0,106.0,False,GPS ambiguous / e-tally reported,False,,2026-07-31 19:30:19.408706+00:00
S01910,Rilama,W029,Wangoni,Ilela,unvisited,review,reported,1,185.0,0.0,True,GPS unvisited / e-tally reported,True,,2026-07-31 19:30:19.408706+00:00
S01911,Harimi,W029,Wangoni,Ilela,unvisited,review,reported,1,39.0,39.0,False,GPS unvisited / e-tally reported,True,,2026-07-31 19:30:19.408706+00:00
S01912,Tasami,W029,Wangoni,Ilela,unvisited,review,reported,1,16.0,16.0,False,GPS unvisited / e-tally reported,True,,2026-07-31 19:30:19.408706+00:00
S01913,Irnari-Kudu,W029,Wangoni,Ilela,unvisited,review,reported,1,98.0,98.0,False,GPS unvisited / e-tally reported,True,,2026-07-31 19:30:19.408706+00:00
S01914,Admaja,W029,Wangoni,Ilela,unvisited,review,reported,1,12.0,12.0,False,GPS unvisited / e-tally reported,True,,2026-07-31 19:30:19.408706+00:00
S01915,Nuberu,W029,Wangoni,Ilela,unvisited,review,reported,1,78.0,78.0,False,GPS unvisited / e-tally reported,True,,2026-07-31 19:30:19.408706+00:00
S01916,Umsani-Kofar,W029,Wangoni,Ilela,unvisited,review,reported,1,94.0,94.0,False,GPS unvisited / e-tally reported,True,,2026-07-31 19:30:19.408706+00:00
S01917,Haraja-Kudu,W029,Wangoni,Ilela,unvisited,review,reported,1,35.0,35.0,False,GPS unvisited / e-tally reported,True,,2026-07-31 19:30:19.408706+00:00
S01918,Dongofa-Yamma,W029,Wangoni,Ilela,unvisited,review,reported,1,28.0,28.0,False,GPS unvisited / e-tally reported,True,,2026-07-31 19:30:19.408706+00:00
S01919,Kasale,W029,Wangoni,Ilela,unvisited,review,no e-tally report,0,0.0,0.0,False,GPS unvisited / no e-tally report,False,,2026-07-31 19:30:19.408706+00:00
S01920,Wanawa,W029,Wangoni,Ilela,unvisited,review,reported,1,21.0,21.0,False,GPS unvisited / e-tally reported,True,,2026-07-31 19:30:19.408706+00:00
S01921,Mabawa,W029,Wangoni,Ilela,unvisited,review,reported,1,25.0,25.0,False,GPS unvisited / e-tally reported,True,,2026-07-31 19:30:19.408706+00:00
S01922,Enwani-Arewa,W029,Wangoni,Ilela,unvisited,review,reported,1,8.0,8.0,False,GPS unvisited / e-tally reported,True,,2026-07-31 19:30:19.408706+00:00
S01923,Dabashi,W029,Wangoni,Ilela,unvisited,review,reported,1,18.0,18.0,False,GPS unvisited / e-tally reported,True,,2026-07-31 19:30:19.408706+00:00
S01924,Umngode,W029,Wangoni,Ilela,unvisited,review,reported,1,23.0,23.0,False,GPS unvisited / e-tally reported,True,,2026-07-31 19:30:19.408706+00:00
S01925,Fakotu,W030,Yeride,Ilela,unvisited,review,no e-tally report,0,0.0,0.0,False,GPS unvisited / no e-tally report,False,,2026-07-31 19:30:19.408706+00:00
S01926,Umbafa,W030,Yeride,Ilela,unvisited,review,reported,1,25.0,25.0,False,GPS unvisited / e-tally reported,True,,2026-07-31 19:30:19.408706+00:00
S01927,Ringoru,W030,Yeride,Ilela,unvisited,review,reported,1,14.0,14.0,False,GPS unvisited / e-tally reported,True,,2026-07-31 19:30:19.408706+00:00
S01928,Addude,W030,Yeride,Ilela,unvisited,review,reported,1,45.0,45.0,False,GPS unvisited / e-tally reported,True,,2026-07-31 19:30:19.408706+00:00
S01929,Riyoyi,W030,Yeride,Ilela,unvisited,review,reported,1,100.0,100.0,False,GPS unvisited / e-tally reported,True,,2026-07-31 19:30:19.408706+00:00
S01930,Eklutu,W030,Yeride,Ilela,ambiguous,ambiguous,reported,1,12.0,12.0,False,GPS ambiguous / e-tally reported,False,,2026-07-31 19:30:19.408706+00:00
S01931,Umrifa,W030,Yeride,Ilela,unvisited,review,reported,1,130.0,130.0,False,GPS unvisited / e-tally reported,True,,2026-07-31 19:30:19.408706+00:00
S01932,Salawo,W030,Yeride,Ilela,unvisited,review,no e-tally report,0,0.0,0.0,False,GPS unvisited / no e-tally report,False,,2026-07-31 19:30:19.408706+00:00
S01933,Ibngofa-Gabas,W030,YERIDE,Ilela,unvisited,review,reported,1,45.0,45.0,False,GPS unvisited / e-tally reported,True,,2026-07-31 19:30:19.408706+00:00
S01934,Karata,W030,Yeride,Ilela,unvisited,review,reported,1,48.0,48.0,False,GPS unvisited / e-tally reported,True,,2026-07-31 19:30:19.408706+00:00
S01935,Adberu,W030,Yeride,Ilela,unvisited,review,reported,1,12.0,12.0,False,GPS unvisited / e-tally reported,True,,2026-07-31 19:30:19.408706+00:00
S01936,Uzzashi,W030,Yeride,Ilela,unvisited,review,reported,1,59.0,59.0,False,GPS unvisited / e-tally reported,True,,2026-07-31 19:30:19.408706+00:00
S01937,Yelafa,W030,Yeride,Ilela,unvisited,review,reported,1,14.0,14.0,False,GPS unvisited / e-tally reported,True,,2026-07-31 19:30:19.408706+00:00
S01938,Jinadu,W030,Yeride,Ilela,unvisited,review,reported,1,18.0,18.0,False,GPS unvisited / e-tally reported,True,,2026-07-31 19:30:19.408706+00:00
S01939,Bizadu,W030,Yeride,Ilela,unvisited,review,reported,1,7.0,7.0,False,GPS unvisited / e-tally reported,True,,2026-07-31 19:30:19.408706+00:00
S01940,Ummatu,W030,Yeride,Ilela,ambiguous,ambiguous,reported,1,77.0,77.0,False,GPS ambiguous / e-tally reported,False,,2026-07-31 19:30:19.408706+00:00
S01941,Biluja,W030,Yeride,Ilela,unvisited,review,reported,1,4.0,4.0,False,GPS unvisited / e-tally reported,True,,2026-07-31 19:30:19.408706+00:00
S01942,Zangori-Sabo,W030,Yeride,Ilela,unvisited,review,reported,1,67.0,67.0,False,GPS unvisited / e-tally reported,True,,2026-07-31 19:30:19.408706+00:00
S01943,Suriri,W030,Yeride,Ilela,unvisited,review,no e-tally report,0,0.0,0.0,False,GPS unvisited / no e-tally report,False,,2026-07-31 19:30:19.408706+00:00
S01944,Satsiyi-Gabas,W030,Yeride,Ilela,unvisited,review,no e-tally report,0,0.0,0.0,False,GPS unvisited / no e-tally report,False,,2026-07-31 19:30:19.408706+00:00
S01945,Haritu,W030,YERIDE,Ilela,ambiguous,ambiguous,reported,1,14.0,14.0,False,GPS ambiguous / e-tally reported,False,,2026-07-31 19:30:19.408706+00:00
S01946,Halumi,W030,Yeride,Ilela,unvisited,review,reported,1,25.0,25.0,False,GPS unvisited / e-tally reported,True,,2026-07-31 19:30:19.408706+00:00
S01947,Irdemi,W030,Yeride,Ilela,unvisited,review,reported,1,39.0,39.0,False,GPS unvisited / e-tally reported,True,,2026-07-31 19:30:19.408706+00:00
S01948,Lokoma,W030,Yeride,Ilela,unvisited,review,reported,1,53.0,53.0,False,GPS unvisited / e-tally reported,True,,2026-07-31 19:30:19.408706+00:00
S01949,Uzdude,W030,Yeride,Ilela,unvisited,review,reported,1,71.0,71.0,False,GPS unvisited / e-tally reported,True,,2026-07-31 19:30:19.408706+00:00
S01950,Biduja,W030,Yeride,Ilela,unvisited,review,no e-tally report,0,0.0,0.0,False,GPS unvisited / no e-tally report,False,,2026-07-31 19:30:19.408706+00:00
S01951,Yewatu,W030,Yeride,Ilela,unvisited,review,reported,1,13.0,13.0,False,GPS unvisited / e-tally reported,True,,2026-07-31 19:30:19.408706+00:00
S01952,Fangowo,W030,Yeride,Ilela,unvisited,review,reported,1,19.0,19.0,False,GPS unvisited / e-tally reported,True,,2026-07-31 19:30:19.408706+00:00
S01953,Walumi,W030,Yeride,Ilela,unvisited,review,reported,1,18.0,18.0,False,GPS unvisited / e-tally reported,True,,2026-07-31 19:30:19.408706+00:00
S01954,Gukodu,W030,Yeride,Ilela,unvisited,review,reported,1,37.0,37.0,False,GPS unvisited / e-tally reported,True,,2026-07-31 19:30:19.408706+00:00
S01955,Ibyode,W030,Yeride,Ilela,unvisited,review,reported,1,69.0,69.0,False,GPS unvisited / e-tally reported,True,,2026-07-31 19:30:19.408706+00:00
S01956,Oltsiwa,W030,Yeride,Ilela,unvisited,review,reported,1,16.0,16.0,False,GPS unvisited / e-tally reported,True,,2026-07-31 19:30:19.408706+00:00
S01957,Jingosa,W030,Yeride,Ilela,unvisited,review,reported,1,277.0,277.0,False,GPS unvisited / e-tally reported,True,,2026-07-31 19:30:19.408706+00:00
S01958,Doberi,W030,Yeride,Ilela,visited,high,reported,1,15.0,15.0,False,GPS visited / e-tally reported,False,,2026-07-31 19:30:19.408706+00:00
S01959,Riyodu,W030,Yeride,Ilela,unvisited,review,reported,1,44.0,44.0,False,GPS unvisited / e-tally reported,True,,2026-07-31 19:30:19.408706+00:00
S01960,Taladu,W030,Yeride,Ilela,unvisited,review,reported,1,74.0,74.0,False,GPS unvisited / e-tally reported,True,,2026-07-31 19:30:19.408706+00:00
S01961,Hajita,W030,Yeride,Ilela,unvisited,review,reported,1,38.0,38.0,False,GPS unvisited / e-tally reported,True,,2026-07-31 19:30:19.408706+00:00
S01962,Ibtija,W030,Yeride,Ilela,unvisited,review,reported,1,13.0,13.0,False,GPS unvisited / e-tally reported,True,,2026-07-31 19:30:19.408706+00:00
S01963,Fadena,W030,Yeride,Ilela,ambiguous,ambiguous,reported,1,57.0,57.0,False,GPS ambiguous / e-tally reported,False,,2026-07-31 19:30:19.408706+00:00
S01964,Bashasa-Sabo,W030,Yeride,Ilela,unvisited,review,reported,1,11.0,11.0,False,GPS unvisited / e-tally reported,True,,2026-07-31 19:30:19.408706+00:00
S01965,Umjiru,W030,Yeride,Ilela,unvisited,review,reported,1,28.0,28.0,False,GPS unvisited / e-tally reported,True,,2026-07-31 19:30:19.408706+00:00
S01966,Umluri-Sabo,W030,Yeride,Ilela,unvisited,review,reported,1,60.0,60.0,False,GPS unvisited / e-tally reported,True,,2026-07-31 19:30:19.408706+00:00
S01967,Watside,W030,Yeride,Ilela,unvisited,review,reported,1,37.0,37.0,False,GPS unvisited / e-tally reported,True,,2026-07-31 19:30:19.408706+00:00
S01968,Nukona,W030,Yeride,Ilela,unvisited,review,reported,1,8.0,8.0,False,GPS unvisited / e-tally reported,True,,2026-07-31 19:30:19.408706+00:00
S01969,Ibsaba,W030,Yeride,Ilela,ambiguous,ambiguous,reported,1,11.0,11.0,False,GPS ambiguous / e-tally reported,False,,2026-07-31 19:30:19.408706+00:00
S01970,Yengoru,W030,Yeride,Ilela,ambiguous,ambiguous,reported,1,98.0,0.0,True,GPS ambiguous / e-tally reported,False,,2026-07-31 19:30:19.408706+00:00
S01971,Fabani,W030,Yeride,Ilela,unvisited,review,reported,1,10.0,10.0,False,GPS unvisited / e-tally reported,True,,2026-07-31 19:30:19.408706+00:00
S01972,Subewo,W030,Yeride,Ilela,unvisited,review,reported,1,12.0,12.0,False,GPS unvisited / e-tally reported,True,,2026-07-31 19:30:19.408706+00:00
S01973,Umdedu,W030,Yeride,Ilela,unvisited,review,reported,1,33.0,33.0,False,GPS unvisited / e-tally reported,True,,2026-07-31 19:30:19.408706+00:00
S01974,Kaluba,W030,Yeride,Ilela,unvisited,review,reported,1,281.0,281.0,False,GPS unvisited / e-tally reported,True,,2026-07-31 19:30:19.408706+00:00
S01975,Jirana,W030,Yeride,Ilela,unvisited,review,reported,1,33.0,0.0,True,GPS unvisited / e-tally reported,True,,2026-07-31 19:30:19.408706+00:00
S01976,Nubedu,W030,Yeride,Ilela,unvisited,review,no e-tally report,0,0.0,0.0,False,GPS unvisited / no e-tally report,False,,2026-07-31 19:30:19.408706+00:00
S01977,Kushama,W030,Yeride,Ilela,unvisited,review,no e-tally report,0,0.0,0.0,False,GPS unvisited / no e-tally report,False,,2026-07-31 19:30:19.408706+00:00
S01978,Nuzari,W030,Yeride,Ilela,ambiguous,ambiguous,reported,1,57.0,57.0,False,GPS ambiguous / e-tally reported,False,,2026-07-31 19:30:19.408706+00:00
S01979,Irluna,W030,Yeride,Ilela,unvisited,review,no e-tally report,0,0.0,0.0,False,GPS unvisited / no e-tally report,False,,2026-07-31 19:30:19.408706+00:00
S01980,Umwade,W030,Yeride,Ilela,unvisited,review,reported,1,63.0,63.0,False,GPS unvisited / e-tally reported,True,,2026-07-31 19:30:19.408706+00:00
S01981,Dolako,W030,Yeride,Ilela,unvisited,review,reported,1,13.0,13.0,False,GPS unvisited / e-tally reported,True,,2026-07-31 19:30:19.408706+00:00
S01982,Wamawa,W030,Yeride,Ilela,unvisited,review,reported,1,18.0,18.0,False,GPS unvisited / e-tally reported,True,,2026-07-31 19:30:19.408706+00:00
S01983,Kudeko,W030,Yeride,Ilela,ambiguous,ambiguous,reported,1,45.0,45.0,False,GPS ambiguous / e-tally reported,False,,2026-07-31 19:30:19.408706+00:00
S01984,Umrade,W030,Yeride,Ilela,unvisited,review,no e-tally report,0,0.0,0.0,False,GPS unvisited / no e-tally report,False,,2026-07-31 19:30:19.408706+00:00
S01985,Nulule,W030,Yeride,Ilela,unvisited,review,no e-tally report,0,0.0,0.0,False,GPS unvisited / no e-tally report,False,,2026-07-31 19:30:19.408706+00:00
S01986,Hayoshi,W030,YERIDE,Ilela,unvisited,review,reported,1,82.0,82.0,False,GPS unvisited / e-tally reported,True,,2026-07-31 19:30:19.408706+00:00
S01987,Sawayi,W030,Yeride,Ilela,unvisited,review,reported,1,17.0,17.0,False,GPS unvisited / e-tally reported,True,,2026-07-31 19:30:19.408706+00:00
S01988,Tamawa,W030,Yeride,Ilela,unvisited,review,reported,1,25.0,25.0,False,GPS unvisited / e-tally reported,True,,2026-07-31 19:30:19.408706+00:00
S01989,Ollawa,W030,Yeride,Ilela,unvisited,review,reported,1,182.0,182.0,False,GPS unvisited / e-tally reported,True,,2026-07-31 19:30:19.408706+00:00
S01990,Kalawa,W031,Satide,Katsuma,unvisited,review,no e-tally report,0,0.0,0.0,False,GPS unvisited / no e-tally report,False,,2026-07-31 19:30:19.408706+00:00
S01991,Zayole-Kofar,W031,Satide,Katsuma,unvisited,review,no e-tally report,0,0.0,0.0,False,GPS unvisited / no e-tally report,False,,2026-07-31 19:30:19.408706+00:00
S01992,Ibriwo,W031,Satide,Katsuma,unvisited,review,no e-tally report,0,0.0,0.0,False,GPS unvisited / no e-tally report,False,,2026-07-31 19:30:19.408706+00:00
S01993,Adsharu,W031,Satide,Katsuma,visited,high,reported,1,286.0,286.0,False,GPS visited / e-tally reported,False,,2026-07-31 19:30:19.408706+00:00
S01994,Agbaba,W031,Satide,Katsuma,unvisited,review,no e-tally report,0,0.0,0.0,False,GPS unvisited / no e-tally report,False,,2026-07-31 19:30:19.408706+00:00
S01995,Uzraba,W031,Satide,Katsuma,unvisited,review,no e-tally report,0,0.0,0.0,False,GPS unvisited / no e-tally report,False,,2026-07-31 19:30:19.408706+00:00
S01996,Dararu,W031,Satide,Katsuma,unvisited,review,no e-tally report,0,0.0,0.0,False,GPS unvisited / no e-tally report,False,,2026-07-31 19:30:19.408706+00:00
S01997,Zademi,W031,Satide,Katsuma,unvisited,review,no e-tally report,0,0.0,0.0,False,GPS unvisited / no e-tally report,False,,2026-07-31 19:30:19.408706+00:00
S01998,Hadele,W031,Satide,Katsuma,unvisited,review,no e-tally report,0,0.0,0.0,False,GPS unvisited / no e-tally report,False,,2026-07-31 19:30:19.408706+00:00
S01999,Irbari,W031,Satide,Katsuma,ambiguous,ambiguous,reported,1,14.0,14.0,False,GPS ambiguous / e-tally reported,False,,2026-07-31 19:30:19.408706+00:00
S02000,Wangoyi,W031,Satide,Katsuma,unvisited,review,no e-tally report,0,0.0,0.0,False,GPS unvisited / no e-tally report,False,,2026-07-31 19:30:19.408706+00:00
S02001,Batsitu-Kudu,W031,Satide,Katsuma,ambiguous,ambiguous,reported,1,36.0,36.0,False,GPS ambiguous / e-tally reported,False,,2026-07-31 19:30:19.408706+00:00
S02002,Hasaru-Kudu,W031,Satide,Katsuma,unvisited,review,reported,1,46.0,46.0,False,GPS unvisited / e-tally reported,True,,2026-07-31 19:30:19.408706+00:00
S02003,Ekradu,W031, Satide ,Katsuma,ambiguous,ambiguous,reported,1,74.0,74.0,False,GPS ambiguous / e-tally reported,False,,2026-07-31 19:30:19.408706+00:00
S02004,Gukoyi,W031,Satide,Katsuma,unvisited,review,no e-tally report,0,0.0,0.0,False,GPS unvisited / no e-tally report,False,,2026-07-31 19:30:19.408706+00:00
S02005,Bitsiba,W031,Satide,Katsuma,unvisited,review,no e-tally report,0,0.0,0.0,False,GPS unvisited / no e-tally report,False,,2026-07-31 19:30:19.408706+00:00
S02006,Zamaja,W031,Satide,Katsuma,unvisited,review,reported,1,24.0,24.0,False,GPS unvisited / e-tally reported,True,,2026-07-31 19:30:19.408706+00:00
S02007,Ekngoshi,W031,Satide,Katsuma,unvisited,review,no e-tally report,0,0.0,0.0,False,GPS unvisited / no e-tally report,False,,2026-07-31 19:30:19.408706+00:00
S02008,Enlari,W031,Satide,Katsuma,unvisited,review,no e-tally report,0,0.0,0.0,False,GPS unvisited / no e-tally report,False,,2026-07-31 19:30:19.408706+00:00
S02009,Yeladu,W031,Satide,Katsuma,unvisited,review,no e-tally report,0,0.0,0.0,False,GPS unvisited / no e-tally report,False,,2026-07-31 19:30:19.408706+00:00
S02010,Nuluri,W031,Satide,Katsuma,unvisited,review,reported,1,18.0,18.0,False,GPS unvisited / e-tally reported,True,,2026-07-31 19:30:19.408706+00:00
S02011,Adluba-Tsakiya,W031,Satide,Katsuma,unvisited,review,no e-tally report,0,0.0,0.0,False,GPS unvisited / no e-tally report,False,,2026-07-31 19:30:19.408706+00:00
S02012,Adyodu,W031,Satide,Katsuma,unvisited,review,reported,1,16.0,16.0,False,GPS unvisited / e-tally reported,True,,2026-07-31 19:30:19.408706+00:00
S02013,Kulako-Yamma,W031,Satide,Katsuma,ambiguous,ambiguous,reported,1,38.0,38.0,False,GPS ambiguous / e-tally reported,False,,2026-07-31 19:30:19.408706+00:00
S02014,Mangona-Gabas,W031,Satide,Katsuma,visited,high,reported,1,10.0,10.0,False,GPS visited / e-tally reported,False,,2026-07-31 19:30:19.408706+00:00
S02015,Oksale,W031,Satide,Katsuma,unvisited,review,reported,1,49.0,49.0,False,GPS unvisited / e-tally reported,True,,2026-07-31 19:30:19.408706+00:00
S02016,Faladu-Yamma,W031,Satide,Katsuma,unvisited,review,no e-tally report,0,0.0,0.0,False,GPS unvisited / no e-tally report,False,,2026-07-31 19:30:19.408706+00:00
S02017,Sujide,W031,Satide,Katsuma,unvisited,review,reported,1,120.0,0.0,True,GPS unvisited / e-tally reported,True,,2026-07-31 19:30:19.408706+00:00
S02018,Kabashi,W031,Satide,Katsuma,unvisited,review,reported,1,36.0,36.0,False,GPS unvisited / e-tally reported,True,,2026-07-31 19:30:19.408706+00:00
S02019,Dobawo,W031,Satide,Katsuma,unvisited,review,no e-tally report,0,0.0,0.0,False,GPS unvisited / no e-tally report,False,,2026-07-31 19:30:19.408706+00:00
S02020,Ekdewa,W031,Satide,Katsuma,visited,high,reported,1,48.0,48.0,False,GPS visited / e-tally reported,False,,2026-07-31 19:30:19.408706+00:00
S02021,Dongodu,W031,Satide,Katsuma,visited,high,reported,1,92.0,92.0,False,GPS visited / e-tally reported,False,,2026-07-31 19:30:19.408706+00:00
S02022,Dorisa,W031,Satide,Katsuma,unvisited,review,reported,1,10.0,10.0,False,GPS unvisited / e-tally reported,True,,2026-07-31 19:30:19.408706+00:00
S02023,Umnayi-Kofar,W031,Satide,Katsuma,ambiguous,ambiguous,reported,1,13.0,13.0,False,GPS ambiguous / e-tally reported,False,,2026-07-31 19:30:19.408706+00:00
S02024,Irtiru,W031,Satide,Katsuma,unvisited,review,no e-tally report,0,0.0,0.0,False,GPS unvisited / no e-tally report,False,,2026-07-31 19:30:19.408706+00:00
S02025,Masayi,W031,Satide,Katsuma,unvisited,review,reported,1,28.0,28.0,False,GPS unvisited / e-tally reported,True,,2026-07-31 19:30:19.408706+00:00
S02026,Wazata,W031,Satide,Katsuma,unvisited,review,reported,1,7.0,7.0,False,GPS unvisited / e-tally reported,True,,2026-07-31 19:30:19.408706+00:00
S02027,Zarisa,W031,Satide,Katsuma,unvisited,review,no e-tally report,0,0.0,0.0,False,GPS unvisited / no e-tally report,False,,2026-07-31 19:30:19.408706+00:00
S02028,Ennami-Sabo,W031,Satide,Katsuma,unvisited,review,no e-tally report,0,0.0,0.0,False,GPS unvisited / no e-tally report,False,,2026-07-31 19:30:19.408706+00:00
S02029,Rikosa,W031,Satide,Katsuma,unvisited,review,reported,1,6.0,6.0,False,GPS unvisited / e-tally reported,True,,2026-07-31 19:30:19.408706+00:00
S02030,Uzwawo,W031,Satide,Katsuma,unvisited,review,no e-tally report,0,0.0,0.0,False,GPS unvisited / no e-tally report,False,,2026-07-31 19:30:19.408706+00:00
S02031,Ekjishi-Sabo,W031,Satide,Katsuma,unvisited,review,no e-tally report,0,0.0,0.0,False,GPS unvisited / no e-tally report,False,,2026-07-31 19:30:19.408706+00:00
S02032,Babena,W031,Satide,Katsuma,unvisited,review,no e-tally report,0,0.0,0.0,False,GPS unvisited / no e-tally report,False,,2026-07-31 19:30:19.408706+00:00
S02033,Tashata,W031,Satide,Katsuma,unvisited,review,no e-tally report,0,0.0,0.0,False,GPS unvisited / no e-tally report,False,,2026-07-31 19:30:19.408706+00:00
S02034,Bishari,W031,Satide,Katsuma,unvisited,review,reported,1,20.0,20.0,False,GPS unvisited / e-tally reported,True,,2026-07-31 19:30:19.408706+00:00
S02035,Oldeshi,W031,Satide,Katsuma,unvisited,review,no e-tally report,0,0.0,0.0,False,GPS unvisited / no e-tally report,False,,2026-07-31 19:30:19.408706+00:00
S02036,Nurija,W031,Satide,Katsuma,ambiguous,ambiguous,reported,1,14.0,14.0,False,GPS ambiguous / e-tally reported,False,,2026-07-31 19:30:19.408706+00:00
S02037,Yemata,W031,Satide,Katsuma,ambiguous,ambiguous,reported,1,76.0,76.0,False,GPS ambiguous / e-tally reported,False,,2026-07-31 19:30:19.408706+00:00
S02038,Ribesa,W031,Satide,Katsuma,ambiguous,ambiguous,reported,1,15.0,15.0,False,GPS ambiguous / e-tally reported,False,,2026-07-31 19:30:19.408706+00:00
S02039,Yengoni,W031,Satide,Katsuma,unvisited,review,no e-tally report,0,0.0,0.0,False,GPS unvisited / no e-tally report,False,,2026-07-31 19:30:19.408706+00:00
S02040,Bawawo-Kofar,W031,Satide,Katsuma,unvisited,review,reported,1,36.0,36.0,False,GPS unvisited / e-tally reported,True,,2026-07-31 19:30:19.408706+00:00
S02041,Sumama,W031,Satide,Katsuma,unvisited,review,no e-tally report,0,0.0,0.0,False,GPS unvisited / no e-tally report,False,,2026-07-31 19:30:19.408706+00:00
S02042,Lonata-Kudu,W031,Satide,Katsuma,unvisited,review,no e-tally report,0,0.0,0.0,False,GPS unvisited / no e-tally report,False,,2026-07-31 19:30:19.408706+00:00
S02043,Sujide-Gabas,W031,Satide,Katsuma,unvisited,review,no e-tally report,0,0.0,0.0,False,GPS unvisited / no e-tally report,False,,2026-07-31 19:30:19.408706+00:00
S02044,Enkota-Kudu,W031,Satide,Katsuma,unvisited,review,no e-tally report,0,0.0,0.0,False,GPS unvisited / no e-tally report,False,,2026-07-31 19:30:19.408706+00:00
S02045,Kubaja,W031,Satide,Katsuma,ambiguous,ambiguous,reported,1,79.0,0.0,True,GPS ambiguous / e-tally reported,False,,2026-07-31 19:30:19.408706+00:00
S02046,Gurami,W031,Satide,Katsuma,unvisited,review,no e-tally report,0,0.0,0.0,False,GPS unvisited / no e-tally report,False,,2026-07-31 19:30:19.408706+00:00
S02047,Nurashi,W031,Satide,Katsuma,unvisited,review,reported,1,120.0,0.0,True,GPS unvisited / e-tally reported,True,,2026-07-31 19:30:19.408706+00:00
S02048,Sariri,W031, Satide ,Katsuma,unvisited,review,no e-tally report,0,0.0,0.0,False,GPS unvisited / no e-tally report,False,,2026-07-31 19:30:19.408706+00:00
S02049,Habefa-Tudun,W032,Bisani-Gabas,Ilela,unvisited,review,reported,1,11.0,11.0,False,GPS unvisited / e-tally reported,True,,2026-07-31 19:30:19.408706+00:00
S02050,Suwale-Yamma,W032,BISANI-GABAS,Ilela,unvisited,review,no e-tally report,0,0.0,0.0,False,GPS unvisited / no e-tally report,False,,2026-07-31 19:30:19.408706+00:00
S02051,Tashako,W032,Bisani-Gabas,Ilela,unvisited,review,reported,1,23.0,23.0,False,GPS unvisited / e-tally reported,True,,2026-07-31 19:30:19.408706+00:00
S02052,Oktsiru,W032,Bisani-Gabas,Ilela,unvisited,review,reported,1,6.0,6.0,False,GPS unvisited / e-tally reported,True,,2026-07-31 19:30:19.408706+00:00
S02053,Fajiyi,W032,BISANI-GABAS,Ilela,unvisited,review,reported,1,21.0,21.0,False,GPS unvisited / e-tally reported,True,,2026-07-31 19:30:19.408706+00:00
S02054,Biwasa,W032,Bisani-Gabas,Ilela,unvisited,review,reported,1,49.0,49.0,False,GPS unvisited / e-tally reported,True,,2026-07-31 19:30:19.408706+00:00
S02055,Ibkole-Sabo,W032,Bisani-Gabas,Ilela,unvisited,review,reported,1,36.0,36.0,False,GPS unvisited / e-tally reported,True,,2026-07-31 19:30:19.408706+00:00
S02056,Yejija,W032,Bisani-Gabas,Ilela,unvisited,review,reported,1,25.0,25.0,False,GPS unvisited / e-tally reported,True,,2026-07-31 19:30:19.408706+00:00
S02057,Kushafa,W032,Bisani-Gabas,Ilela,unvisited,review,reported,1,44.0,44.0,False,GPS unvisited / e-tally reported,True,,2026-07-31 19:30:19.408706+00:00
S02058,Kuyoshi,W032,Bisani-Gabas,Ilela,unvisited,review,reported,1,25.0,25.0,False,GPS unvisited / e-tally reported,True,,2026-07-31 19:30:19.408706+00:00
S02059,Ritimi,W032,Bisani-Gabas,Ilela,unvisited,review,no e-tally report,0,0.0,0.0,False,GPS unvisited / no e-tally report,False,,2026-07-31 19:30:19.408706+00:00
S02060,Okshawa,W032,BISANI-GABAS,Ilela,unvisited,review,reported,1,32.0,32.0,False,GPS unvisited / e-tally reported,True,,2026-07-31 19:30:19.408706+00:00
S02061,Yebami,W032,Bisani-Gabas,Ilela,visited,high,reported,1,65.0,0.0,True,GPS visited / e-tally reported,False,,2026-07-31 19:30:19.408706+00:00
S02062,Longosa,W032,Bisani-Gabas,Ilela,unvisited,review,reported,1,54.0,54.0,False,GPS unvisited / e-tally reported,True,,2026-07-31 19:30:19.408706+00:00
S02063,Oldeni,W032,Bisani-Gabas,Ilela,ambiguous,ambiguous,reported,1,94.0,94.0,False,GPS ambiguous / e-tally reported,False,,2026-07-31 19:30:19.408706+00:00
S02064,Agdena,W032,Bisani-Gabas,Ilela,unvisited,review,reported,1,168.0,168.0,False,GPS unvisited / e-tally reported,True,,2026-07-31 19:30:19.408706+00:00
S02065,Zadedu,W032,Bisani-Gabas,Ilela,unvisited,review,reported,1,61.0,61.0,False,GPS unvisited / e-tally reported,True,,2026-07-31 19:30:19.408706+00:00
S02066,Mabeko,W032,Bisani-Gabas,Ilela,unvisited,review,reported,1,73.0,73.0,False,GPS unvisited / e-tally reported,True,,2026-07-31 19:30:19.408706+00:00
S02067,Haluma-Yamma,W032,Bisani-Gabas,Ilela,ambiguous,ambiguous,reported,1,17.0,17.0,False,GPS ambiguous / e-tally reported,False,,2026-07-31 19:30:19.408706+00:00
S02068,Nuraba-Yamma,W032,Bisani-Gabas,Ilela,visited,high,reported,1,35.0,35.0,False,GPS visited / e-tally reported,False,,2026-07-31 19:30:19.408706+00:00
S02069,Umlaja,W032,Bisani-Gabas,Ilela,unvisited,review,reported,1,96.0,96.0,False,GPS unvisited / e-tally reported,True,,2026-07-31 19:30:19.408706+00:00
S02070,Dokoshi,W032,Bisani-Gabas,Ilela,unvisited,review,reported,1,91.0,0.0,True,GPS unvisited / e-tally reported,True,,2026-07-31 19:30:19.408706+00:00
S02071,Kawako,W032,Bisani-Gabas,Ilela,ambiguous,ambiguous,reported,1,40.0,40.0,False,GPS ambiguous / e-tally reported,False,,2026-07-31 19:30:19.408706+00:00
S02072,Kutisa,W032,Bisani-Gabas,Ilela,unvisited,review,reported,1,18.0,18.0,False,GPS unvisited / e-tally reported,True,,2026-07-31 19:30:19.408706+00:00
S02073,Losaru,W032,Bisani-Gabas,Ilela,visited,high,reported,1,19.0,19.0,False,GPS visited / e-tally reported,False,,2026-07-31 19:30:19.408706+00:00
S02074,Jingode,W032,Bisani-Gabas,Ilela,unvisited,review,reported,1,17.0,17.0,False,GPS unvisited / e-tally reported,True,,2026-07-31 19:30:19.408706+00:00
S02075,Uzzaru,W032, Bisani-Gabas ,Ilela,unvisited,review,reported,1,108.0,108.0,False,GPS unvisited / e-tally reported,True,,2026-07-31 19:30:19.408706+00:00
S02076,Ekdeba,W032,Bisani-Gabas,Ilela,unvisited,review,reported,1,53.0,53.0,False,GPS unvisited / e-tally reported,True,,2026-07-31 19:30:19.408706+00:00
S02077,Adyoko-Sabo,W032,Bisani-Gabas,Ilela,ambiguous,ambiguous,reported,1,34.0,34.0,False,GPS ambiguous / e-tally reported,False,,2026-07-31 19:30:19.408706+00:00
S02078,Adzaja,W032,Bisani-Gabas,Ilela,unvisited,review,reported,1,80.0,80.0,False,GPS unvisited / e-tally reported,True,,2026-07-31 19:30:19.408706+00:00
S02079,Gukowo,W032,Bisani-Gabas,Ilela,ambiguous,ambiguous,reported,1,26.0,26.0,False,GPS ambiguous / e-tally reported,False,,2026-07-31 19:30:19.408706+00:00
S02080,Ibjisa-Tudun,W032,Bisani-Gabas,Ilela,visited,high,reported,1,4.0,4.0,False,GPS visited / e-tally reported,False,,2026-07-31 19:30:19.408706+00:00
S02081,Halale,W032,Bisani-Gabas,Ilela,unvisited,review,reported,1,40.0,40.0,False,GPS unvisited / e-tally reported,True,,2026-07-31 19:30:19.408706+00:00
S02082,Enbana,W032,Bisani-Gabas,Ilela,ambiguous,ambiguous,reported,1,22.0,22.0,False,GPS ambiguous / e-tally reported,False,,2026-07-31 19:30:19.408706+00:00
S02083,Olshadu,W032,BISANI-GABAS,Ilela,unvisited,review,reported,1,61.0,61.0,False,GPS unvisited / e-tally reported,True,,2026-07-31 19:30:19.408706+00:00
S02084,Bijitu,W032,Bisani-Gabas,Ilela,unvisited,review,reported,1,17.0,17.0,False,GPS unvisited / e-tally reported,True,,2026-07-31 19:30:19.408706+00:00
S02085,Agngotu,W032,Bisani-Gabas,Ilela,unvisited,review,reported,1,48.0,48.0,False,GPS unvisited / e-tally reported,True,,2026-07-31 19:30:19.408706+00:00
S02086,Agsayi,W032,Bisani-Gabas,Ilela,ambiguous,ambiguous,reported,1,23.0,23.0,False,GPS ambiguous / e-tally reported,False,,2026-07-31 19:30:19.408706+00:00
S02087,Agbami,W032,Bisani-Gabas,Ilela,unvisited,review,reported,1,67.0,0.0,True,GPS unvisited / e-tally reported,True,,2026-07-31 19:30:19.408706+00:00
S02088,Kurawa,W032,Bisani-Gabas,Ilela,ambiguous,ambiguous,reported,1,69.0,69.0,False,GPS ambiguous / e-tally reported,False,,2026-07-31 19:30:19.408706+00:00
S02089,Kuzasa,W032,Bisani-Gabas,Ilela,unvisited,review,reported,1,8.0,8.0,False,GPS unvisited / e-tally reported,True,,2026-07-31 19:30:19.408706+00:00
S02090,Oltimi,W032,Bisani-Gabas,Ilela,unvisited,review,reported,1,28.0,28.0,False,GPS unvisited / e-tally reported,True,,2026-07-31 19:30:19.408706+00:00
S02091,Balari,W032,Bisani-Gabas,Ilela,unvisited,review,reported,1,24.0,24.0,False,GPS unvisited / e-tally reported,True,,2026-07-31 19:30:19.408706+00:00
S02092,Matsitu,W032,Bisani-Gabas,Ilela,ambiguous,ambiguous,reported,1,9.0,9.0,False,GPS ambiguous / e-tally reported,False,,2026-07-31 19:30:19.408706+00:00
S02093,Guzayi,W032,Bisani-Gabas,Ilela,unvisited,review,reported,1,28.0,28.0,False,GPS unvisited / e-tally reported,True,,2026-07-31 19:30:19.408706+00:00
S02094,Ibkoko,W032,Bisani-Gabas,Ilela,unvisited,review,reported,1,10.0,10.0,False,GPS unvisited / e-tally reported,True,,2026-07-31 19:30:19.408706+00:00
S02095,Umbena-Kofar,W032,Bisani-Gabas,Ilela,unvisited,review,reported,1,9.0,9.0,False,GPS unvisited / e-tally reported,True,,2026-07-31 19:30:19.408706+00:00
S02096,Ekjisa,W032,Bisani-Gabas,Ilela,ambiguous,ambiguous,reported,1,30.0,30.0,False,GPS ambiguous / e-tally reported,False,,2026-07-31 19:30:19.408706+00:00
S02097,Agsale,W032,Bisani-Gabas,Ilela,visited,high,reported,1,13.0,13.0,False,GPS visited / e-tally reported,False,,2026-07-31 19:30:19.408706+00:00
S02098,Sangole,W032,Bisani-Gabas,Ilela,unvisited,review,reported,1,14.0,14.0,False,GPS unvisited / e-tally reported,True,,2026-07-31 19:30:19.408706+00:00
S02099,Dozama,W032,Bisani-Gabas,Ilela,unvisited,review,reported,1,36.0,36.0,False,GPS unvisited / e-tally reported,True,,2026-07-31 19:30:19.408706+00:00
S02100,Katsini,W033,Tasayi,Katsuma,unvisited,review,reported,1,68.0,68.0,False,GPS unvisited / e-tally reported,True,,2026-07-31 19:30:19.408706+00:00
S02101,Nutita,W033,Tasayi,Katsuma,unvisited,review,no e-tally report,0,0.0,0.0,False,GPS unvisited / no e-tally report,False,,2026-07-31 19:30:19.408706+00:00
S02102,Yenade,W033,Tasayi,Katsuma,unvisited,review,reported,1,30.0,30.0,False,GPS unvisited / e-tally reported,True,,2026-07-31 19:30:19.408706+00:00
S02103,Kanawa,W033,Tasayi,Katsuma,unvisited,review,reported,1,32.0,32.0,False,GPS unvisited / e-tally reported,True,,2026-07-31 19:30:19.408706+00:00
S02104,Kariri,W033,Tasayi,Katsuma,unvisited,review,reported,1,23.0,23.0,False,GPS unvisited / e-tally reported,True,,2026-07-31 19:30:19.408706+00:00
S02105,Ibbemi,W033,Tasayi,Katsuma,unvisited,review,reported,1,27.0,27.0,False,GPS unvisited / e-tally reported,True,,2026-07-31 19:30:19.408706+00:00
S02106,Dabewa-Yamma,W033,Tasayi,Katsuma,unvisited,review,reported,1,63.0,63.0,False,GPS unvisited / e-tally reported,True,,2026-07-31 19:30:19.408706+00:00
S02107,Ibkoru,W033,Tasayi,Katsuma,unvisited,review,reported,1,52.0,52.0,False,GPS unvisited / e-tally reported,True,,2026-07-31 19:30:19.408706+00:00
S02108,Nulale,W033, Tasayi ,Katsuma,unvisited,review,no e-tally report,0,0.0,0.0,False,GPS unvisited / no e-tally report,False,,2026-07-31 19:30:19.408706+00:00
S02109,Risale-Sabo,W033,Tasayi,Katsuma,unvisited,review,reported,1,46.0,46.0,False,GPS unvisited / e-tally reported,True,,2026-07-31 19:30:19.408706+00:00
S02110,Fangodu,W033,Tasayi,Katsuma,unvisited,review,reported,1,22.0,22.0,False,GPS unvisited / e-tally reported,True,,2026-07-31 19:30:19.408706+00:00
S02111,Rijiri,W033,Tasayi,Katsuma,unvisited,review,reported,1,13.0,13.0,False,GPS unvisited / e-tally reported,True,,2026-07-31 19:30:19.408706+00:00
S02112,Lozaru-Sabo,W033,Tasayi,Katsuma,unvisited,review,reported,1,28.0,28.0,False,GPS unvisited / e-tally reported,True,,2026-07-31 19:30:19.408706+00:00
S02113,Adkoba,W033,Tasayi,Katsuma,unvisited,review,reported,1,17.0,17.0,False,GPS unvisited / e-tally reported,True,,2026-07-31 19:30:19.408706+00:00
S02114,Dorasa,W033,Tasayi,Katsuma,unvisited,review,reported,1,44.0,44.0,False,GPS unvisited / e-tally reported,True,,2026-07-31 19:30:19.408706+00:00
S02115,Haberi-Yamma,W033,Tasayi,Katsuma,unvisited,review,reported,1,242.0,242.0,False,GPS unvisited / e-tally reported,True,,2026-07-31 19:30:19.408706+00:00
S02116,Adshami,W033,Tasayi,Katsuma,unvisited,review,reported,1,14.0,14.0,False,GPS unvisited / e-tally reported,True,,2026-07-31 19:30:19.408706+00:00
S02117,Nulusa,W033,Tasayi,Katsuma,unvisited,review,reported,1,42.0,42.0,False,GPS unvisited / e-tally reported,True,,2026-07-31 19:30:19.408706+00:00
S02118,Irshasa,W033,TASAYI,Katsuma,unvisited,review,reported,1,11.0,11.0,False,GPS unvisited / e-tally reported,True,,2026-07-31 19:30:19.408706+00:00
S02119,Dodeta,W033,Tasayi,Katsuma,unvisited,review,no e-tally report,0,0.0,0.0,False,GPS unvisited / no e-tally report,False,,2026-07-31 19:30:19.408706+00:00
S02120,Subewa-Kudu,W033,Tasayi,Katsuma,unvisited,review,no e-tally report,0,0.0,0.0,False,GPS unvisited / no e-tally report,False,,2026-07-31 19:30:19.408706+00:00
S02121,Ekbashi,W033,Tasayi,Katsuma,unvisited,review,reported,1,66.0,66.0,False,GPS unvisited / e-tally reported,True,,2026-07-31 19:30:19.408706+00:00
S02122,Zangoma,W033,Tasayi,Katsuma,unvisited,review,reported,1,26.0,26.0,False,GPS unvisited / e-tally reported,True,,2026-07-31 19:30:19.408706+00:00
S02123,Kadeta,W033,Tasayi,Katsuma,unvisited,review,reported,1,42.0,42.0,False,GPS unvisited / e-tally reported,True,,2026-07-31 19:30:19.408706+00:00
S02124,Ekrama,W033,Tasayi,Katsuma,unvisited,review,reported,1,73.0,73.0,False,GPS unvisited / e-tally reported,True,,2026-07-31 19:30:19.408706+00:00
S02125,Rijimi,W033,Tasayi,Katsuma,unvisited,review,reported,1,70.0,70.0,False,GPS unvisited / e-tally reported,True,,2026-07-31 19:30:19.408706+00:00
S02126,Kajiwo,W033,Tasayi,Katsuma,unvisited,review,reported,1,66.0,66.0,False,GPS unvisited / e-tally reported,True,,2026-07-31 19:30:19.408706+00:00
S02127,Adtini,W033,Tasayi,Katsuma,unvisited,review,reported,1,171.0,0.0,True,GPS unvisited / e-tally reported,True,,2026-07-31 19:30:19.408706+00:00
S02128,Oldede,W033,Tasayi,Katsuma,unvisited,review,reported,1,10.0,10.0,False,GPS unvisited / e-tally reported,True,,2026-07-31 19:30:19.408706+00:00
S02129,Nuluwo,W033,Tasayi,Katsuma,unvisited,review,reported,1,2.0,2.0,False,GPS unvisited / e-tally reported,True,,2026-07-31 19:30:19.408706+00:00
S02130,Batiru,W033,Tasayi,Katsuma,unvisited,review,reported,1,14.0,14.0,False,GPS unvisited / e-tally reported,True,,2026-07-31 19:30:19.408706+00:00
S02131,Lorami,W033,Tasayi,Katsuma,unvisited,review,reported,1,38.0,38.0,False,GPS unvisited / e-tally reported,True,,2026-07-31 19:30:19.408706+00:00
S02132,Ektsina,W033,Tasayi,Katsuma,unvisited,review,no e-tally report,0,0.0,0.0,False,GPS unvisited / no e-tally report,False,,2026-07-31 19:30:19.408706+00:00
S02133,Kazashi,W033,TASAYI,Katsuma,unvisited,review,reported,1,12.0,12.0,False,GPS unvisited / e-tally reported,True,,2026-07-31 19:30:19.408706+00:00
S02134,Zarari,W033,Tasayi,Katsuma,unvisited,review,reported,1,79.0,0.0,True,GPS unvisited / e-tally reported,True,,2026-07-31 19:30:19.408706+00:00
S02135,Irdufa,W033,Tasayi,Katsuma,unvisited,review,reported,1,43.0,43.0,False,GPS unvisited / e-tally reported,True,,2026-07-31 19:30:19.408706+00:00
S02136,Enrashi-Kudu,W033,Tasayi,Katsuma,unvisited,review,reported,1,7.0,7.0,False,GPS unvisited / e-tally reported,True,,2026-07-31 19:30:19.408706+00:00
S02137,Ekluma,W033,Tasayi,Katsuma,unvisited,review,reported,1,25.0,25.0,False,GPS unvisited / e-tally reported,True,,2026-07-31 19:30:19.408706+00:00
S02138,Umduma,W033,Tasayi,Katsuma,unvisited,review,no e-tally report,0,0.0,0.0,False,GPS unvisited / no e-tally report,False,,2026-07-31 19:30:19.408706+00:00
S02139,Tademi,W033,Tasayi,Katsuma,unvisited,review,reported,1,4.0,4.0,False,GPS unvisited / e-tally reported,True,,2026-07-31 19:30:19.408706+00:00
S02140,Olsami,W033,Tasayi,Katsuma,unvisited,review,reported,1,39.0,39.0,False,GPS unvisited / e-tally reported,True,,2026-07-31 19:30:19.408706+00:00
S02141,Umlari,W033,Tasayi,Katsuma,unvisited,review,no e-tally report,0,0.0,0.0,False,GPS unvisited / no e-tally report,False,,2026-07-31 19:30:19.408706+00:00
S02142,Balawo-Kofar,W033,Tasayi,Katsuma,unvisited,review,no e-tally report,0,0.0,0.0,False,GPS unvisited / no e-tally report,False,,2026-07-31 19:30:19.408706+00:00
S02143,Ibkomi,W033,Tasayi,Katsuma,unvisited,review,no e-tally report,0,0.0,0.0,False,GPS unvisited / no e-tally report,False,,2026-07-31 19:30:19.408706+00:00
S02144,Kudeja,W033,Tasayi,Katsuma,unvisited,review,reported,1,23.0,23.0,False,GPS unvisited / e-tally reported,True,,2026-07-31 19:30:19.408706+00:00
S02145,Enshaja,W033,Tasayi,Katsuma,unvisited,review,no e-tally report,0,0.0,0.0,False,GPS unvisited / no e-tally report,False,,2026-07-31 19:30:19.408706+00:00
S02146,Gutimi,W033,Tasayi,Katsuma,unvisited,review,reported,1,53.0,0.0,True,GPS unvisited / e-tally reported,True,,2026-07-31 19:30:19.408706+00:00
S02147,Adluja,W033,Tasayi,Katsuma,unvisited,review,reported,1,20.0,20.0,False,GPS unvisited / e-tally reported,True,,2026-07-31 19:30:19.408706+00:00
S02148,Hasana,W033,Tasayi,Katsuma,unvisited,review,reported,1,101.0,0.0,True,GPS unvisited / e-tally reported,True,,2026-07-31 19:30:19.408706+00:00
S02149,Kujide,W033,Tasayi,Katsuma,unvisited,review,reported,1,30.0,30.0,False,GPS unvisited / e-tally reported,True,,2026-07-31 19:30:19.408706+00:00
S02150,Uzdede,W033,Tasayi,Katsuma,unvisited,review,reported,1,12.0,12.0,False,GPS unvisited / e-tally reported,True,,2026-07-31 19:30:19.408706+00:00
S02151,Adshata,W033,Tasayi,Katsuma,unvisited,review,reported,1,61.0,61.0,False,GPS unvisited / e-tally reported,True,,2026-07-31 19:30:19.408706+00:00
S02152,Yezawa-Gabas,W033,Tasayi,Katsuma,unvisited,review,reported,1,483.0,483.0,False,GPS unvisited / e-tally reported,True,,2026-07-31 19:30:19.408706+00:00
S02153,Umnade,W033,Tasayi,Katsuma,unvisited,review,no e-tally report,0,0.0,0.0,False,GPS unvisited / no e-tally report,False,,2026-07-31 19:30:19.408706+00:00
S02154,Zayoba,W033,TASAYI,Katsuma,unvisited,review,reported,1,74.0,74.0,False,GPS unvisited / e-tally reported,True,,2026-07-31 19:30:19.408706+00:00
S02155,Lobeba-Kofar,W033,Tasayi,Katsuma,unvisited,review,reported,1,132.0,0.0,True,GPS unvisited / e-tally reported,True,,2026-07-31 19:30:19.408706+00:00
S02156,Faluwa-Sabo,W033,Tasayi,Katsuma,unvisited,review,reported,1,29.0,0.0,True,GPS unvisited / e-tally reported,True,,2026-07-31 19:30:19.408706+00:00
S02157,Falako,W033,Tasayi,Katsuma,visited,high,reported,1,21.0,21.0,False,GPS visited / e-tally reported,False,,2026-07-31 19:30:19.408706+00:00
S02158,Oljimi,W033,Tasayi,Katsuma,unvisited,review,reported,1,46.0,46.0,False,GPS unvisited / e-tally reported,True,,2026-07-31 19:30:19.408706+00:00
S02159,Baluri,W033,Tasayi,Katsuma,unvisited,review,no e-tally report,0,0.0,0.0,False,GPS unvisited / no e-tally report,False,,2026-07-31 19:30:19.408706+00:00
S02160,Ribaba,W033,Tasayi,Katsuma,unvisited,review,reported,1,8.0,8.0,False,GPS unvisited / e-tally reported,True,,2026-07-31 19:30:19.408706+00:00
S02161,Ribawo,W033,Tasayi,Katsuma,unvisited,review,reported,1,50.0,50.0,False,GPS unvisited / e-tally reported,True,,2026-07-31 19:30:19.408706+00:00
S02162,Dayoni,W033,Tasayi,Katsuma,unvisited,review,reported,1,10.0,10.0,False,GPS unvisited / e-tally reported,True,,2026-07-31 19:30:19.408706+00:00
S02163,Zamaru,W033,Tasayi,Katsuma,unvisited,review,no e-tally report,0,0.0,0.0,False,GPS unvisited / no e-tally report,False,,2026-07-31 19:30:19.408706+00:00
S02164,Umtsiko-Tudun,W034,Dodeta,Katsuma,unvisited,review,reported,1,8.0,8.0,False,GPS unvisited / e-tally reported,True,,2026-07-31 19:30:19.408706+00:00
S02165,Uztiwa,W034,Dodeta,Katsuma,unvisited,review,reported,1,15.0,15.0,False,GPS unvisited / e-tally reported,True,,2026-07-31 19:30:19.408706+00:00
S02166,Halayi,W034,Dodeta,Katsuma,unvisited,review,reported,1,9.0,9.0,False,GPS unvisited / e-tally reported,True,,2026-07-31 19:30:19.408706+00:00
S02167,Lolaba,W034,Dodeta,Katsuma,unvisited,review,reported,1,41.0,41.0,False,GPS unvisited / e-tally reported,True,,2026-07-31 19:30:19.408706+00:00
S02168,Olnaba,W034,Dodeta,Katsuma,unvisited,review,reported,1,42.0,0.0,True,GPS unvisited / e-tally reported,True,,2026-07-31 19:30:19.408706+00:00
S02169,Ibrifa,W034,Dodeta,Katsuma,unvisited,review,reported,1,15.0,15.0,False,GPS unvisited / e-tally reported,True,,2026-07-31 19:30:19.408706+00:00
S02170,Biradu,W034,Dodeta,Katsuma,unvisited,review,reported,1,33.0,33.0,False,GPS unvisited / e-tally reported,True,,2026-07-31 19:30:19.408706+00:00
S02171,Umngota-Kudu,W034,Dodeta,Katsuma,unvisited,review,reported,1,52.0,52.0,False,GPS unvisited / e-tally reported,True,,2026-07-31 19:30:19.408706+00:00
S02172,Sukotu,W034,Dodeta,Katsuma,unvisited,review,reported,1,58.0,58.0,False,GPS unvisited / e-tally reported,True,,2026-07-31 19:30:19.408706+00:00
S02173,Yekosa,W034,Dodeta,Katsuma,unvisited,review,reported,1,17.0,17.0,False,GPS unvisited / e-tally reported,True,,2026-07-31 19:30:19.408706+00:00
S02174,Guzana,W034,Dodeta,Katsuma,unvisited,review,reported,1,9.0,9.0,False,GPS unvisited / e-tally reported,True,,2026-07-31 19:30:19.408706+00:00
S02175,Irdutu-Kofar,W034,Dodeta,Katsuma,unvisited,review,reported,1,48.0,48.0,False,GPS unvisited / e-tally reported,True,,2026-07-31 19:30:19.408706+00:00
S02176,Bitsina,W034,Dodeta,Katsuma,unvisited,review,reported,1,9.0,9.0,False,GPS unvisited / e-tally reported,True,,2026-07-31 19:30:19.408706+00:00
S02177,Ekraru,W034,Dodeta,Katsuma,unvisited,review,reported,1,51.0,51.0,False,GPS unvisited / e-tally reported,True,,2026-07-31 19:30:19.408706+00:00
S02178,Ekzaru,W034,Dodeta,Katsuma,unvisited,review,no e-tally report,0,0.0,0.0,False,GPS unvisited / no e-tally report,False,,2026-07-31 19:30:19.408706+00:00
S02179,Hatiwo,W034,Dodeta,Katsuma,unvisited,review,reported,1,22.0,22.0,False,GPS unvisited / e-tally reported,True,,2026-07-31 19:30:19.408706+00:00
S02180,Sadeko-Gabas,W034,Dodeta,Katsuma,unvisited,review,reported,1,14.0,14.0,False,GPS unvisited / e-tally reported,True,,2026-07-31 19:30:19.408706+00:00
S02181,Sabayi,W034,Dodeta,Katsuma,unvisited,review,no e-tally report,0,0.0,0.0,False,GPS unvisited / no e-tally report,False,,2026-07-31 19:30:19.408706+00:00
S02182,Oltishi,W034,Dodeta,Katsuma,unvisited,review,reported,1,46.0,46.0,False,GPS unvisited / e-tally reported,True,,2026-07-31 19:30:19.408706+00:00
S02183,Irmawo-Kofar,W034,Dodeta,Katsuma,unvisited,review,reported,1,33.0,33.0,False,GPS unvisited / e-tally reported,True,,2026-07-31 19:30:19.408706+00:00
S02184,Adngota,W034,Dodeta,Katsuma,unvisited,review,no e-tally report,0,0.0,0.0,False,GPS unvisited / no e-tally report,False,,2026-07-31 19:30:19.408706+00:00
S02185,Watsima,W034,Dodeta,Katsuma,unvisited,review,reported,1,15.0,15.0,False,GPS unvisited / e-tally reported,True,,2026-07-31 19:30:19.408706+00:00
S02186,Wazana-Tudun,W034,Dodeta,Katsuma,unvisited,review,no e-tally report,0,0.0,0.0,False,GPS unvisited / no e-tally report,False,,2026-07-31 19:30:19.408706+00:00
S02187,Gujimi,W034,Dodeta,Katsuma,unvisited,review,reported,1,38.0,38.0,False,GPS unvisited / e-tally reported,True,,2026-07-31 19:30:19.408706+00:00
S02188,Agshama,W034,Dodeta,Katsuma,unvisited,review,reported,1,15.0,15.0,False,GPS unvisited / e-tally reported,True,,2026-07-31 19:30:19.408706+00:00
S02189,Famaba,W034, Dodeta ,Katsuma,unvisited,review,reported,1,23.0,23.0,False,GPS unvisited / e-tally reported,True,,2026-07-31 19:30:19.408706+00:00
S02190,Uztiko,W034,Dodeta,Katsuma,unvisited,review,reported,1,6.0,6.0,False,GPS unvisited / e-tally reported,True,,2026-07-31 19:30:19.408706+00:00
S02191,Agyosa-Yamma,W034,Dodeta,Katsuma,unvisited,review,reported,1,8.0,8.0,False,GPS unvisited / e-tally reported,True,,2026-07-31 19:30:19.408706+00:00
S02192,Gunari,W034,Dodeta,Katsuma,unvisited,review,reported,1,12.0,12.0,False,GPS unvisited / e-tally reported,True,,2026-07-31 19:30:19.408706+00:00
S02193,Nujishi,W034,Dodeta,Katsuma,unvisited,review,no e-tally report,0,0.0,0.0,False,GPS unvisited / no e-tally report,False,,2026-07-31 19:30:19.408706+00:00
S02194,Yekoma,W034,Dodeta,Katsuma,unvisited,review,reported,1,100.0,0.0,True,GPS unvisited / e-tally reported,True,,2026-07-31 19:30:19.408706+00:00
S02195,Biyode,W034,Dodeta,Katsuma,unvisited,review,reported,1,3.0,3.0,False,GPS unvisited / e-tally reported,True,,2026-07-31 19:30:19.408706+00:00
S02196,Baberi-Kudu,W034,Dodeta,Katsuma,unvisited,review,reported,1,84.0,84.0,False,GPS unvisited / e-tally reported,True,,2026-07-31 19:30:19.408706+00:00
S02197,Olderu,W034,Dodeta,Katsuma,unvisited,review,reported,1,3.0,3.0,False,GPS unvisited / e-tally reported,True,,2026-07-31 19:30:19.408706+00:00
S02198,Enbani,W034,Dodeta,Katsuma,unvisited,review,reported,1,60.0,60.0,False,GPS unvisited / e-tally reported,True,,2026-07-31 19:30:19.408706+00:00
S02199,Adshale,W034,Dodeta,Katsuma,unvisited,review,reported,1,22.0,22.0,False,GPS unvisited / e-tally reported,True,,2026-07-31 19:30:19.408706+00:00
S02200,Umshayi,W034,Dodeta,Katsuma,unvisited,review,reported,1,35.0,35.0,False,GPS unvisited / e-tally reported,True,,2026-07-31 19:30:19.408706+00:00
S02201,Wabayi,W034,Dodeta,Katsuma,unvisited,review,reported,1,21.0,21.0,False,GPS unvisited / e-tally reported,True,,2026-07-31 19:30:19.408706+00:00
S02202,Hajiko,W034,Dodeta,Katsuma,unvisited,review,reported,1,85.0,85.0,False,GPS unvisited / e-tally reported,True,,2026-07-31 19:30:19.408706+00:00
S02203,Adzawa,W034,Dodeta,Katsuma,unvisited,review,reported,1,35.0,35.0,False,GPS unvisited / e-tally reported,True,,2026-07-31 19:30:19.408706+00:00
S02204,Ekjiba,W034,Dodeta,Katsuma,ambiguous,ambiguous,reported,1,44.0,44.0,False,GPS ambiguous / e-tally reported,False,,2026-07-31 19:30:19.408706+00:00
S02205,Ekluwo,W034,Dodeta,Katsuma,unvisited,review,reported,1,53.0,53.0,False,GPS unvisited / e-tally reported,True,,2026-07-31 19:30:19.408706+00:00
S02206,Enshadu,W034,Dodeta,Katsuma,unvisited,review,reported,1,52.0,0.0,True,GPS unvisited / e-tally reported,True,,2026-07-31 19:30:19.408706+00:00
S02207,Kuberi,W034,Dodeta,Katsuma,unvisited,review,reported,1,34.0,34.0,False,GPS unvisited / e-tally reported,True,,2026-07-31 19:30:19.408706+00:00
S02208,Enwafa-Gabas,W034,Dodeta,Katsuma,unvisited,review,no e-tally report,0,0.0,0.0,False,GPS unvisited / no e-tally report,False,,2026-07-31 19:30:19.408706+00:00
S02209,Losashi,W034,Dodeta,Katsuma,unvisited,review,no e-tally report,0,0.0,0.0,False,GPS unvisited / no e-tally report,False,,2026-07-31 19:30:19.408706+00:00
S02210,Loratu-Arewa,W034,Dodeta,Katsuma,unvisited,review,reported,1,57.0,57.0,False,GPS unvisited / e-tally reported,True,,2026-07-31 19:30:19.408706+00:00
S02211,Okngodu,W034,Dodeta,Katsuma,unvisited,review,reported,1,5.0,5.0,False,GPS unvisited / e-tally reported,True,,2026-07-31 19:30:19.408706+00:00
S02212,Ekrile,W034,Dodeta,Katsuma,unvisited,review,reported,1,31.0,31.0,False,GPS unvisited / e-tally reported,True,,2026-07-31 19:30:19.408706+00:00
S02213,Zangowo,W034,Dodeta,Katsuma,unvisited,review,reported,1,72.0,72.0,False,GPS unvisited / e-tally reported,True,,2026-07-31 19:30:19.408706+00:00
S02214,Uzyotu,W034,Dodeta,Katsuma,unvisited,review,reported,1,25.0,25.0,False,GPS unvisited / e-tally reported,True,,2026-07-31 19:30:19.408706+00:00
S02215,Jibeja-Sabo,W034,Dodeta,Katsuma,unvisited,review,reported,1,31.0,31.0,False,GPS unvisited / e-tally reported,True,,2026-07-31 19:30:19.408706+00:00
S02216,Enshade,W034,Dodeta,Katsuma,unvisited,review,reported,1,46.0,0.0,True,GPS unvisited / e-tally reported,True,,2026-07-31 19:30:19.408706+00:00
S02217,Washashi,W035,Dazata,Ilela,unvisited,review,reported,1,46.0,0.0,True,GPS unvisited / e-tally reported,True,,2026-07-31 19:30:19.408706+00:00
S02218,Agkoni,W035,Dazata,Ilela,unvisited,review,reported,1,102.0,0.0,True,GPS unvisited / e-tally reported,True,,2026-07-31 19:30:19.408706+00:00
S02219,Adbaru-Gabas,W035,Dazata,Ilela,unvisited,review,reported,1,56.0,56.0,False,GPS unvisited / e-tally reported,True,,2026-07-31 19:30:19.408706+00:00
S02220,Dawayi,W035, Dazata ,Ilela,unvisited,review,reported,1,23.0,23.0,False,GPS unvisited / e-tally reported,True,,2026-07-31 19:30:19.408706+00:00
S02221,Olyotu,W035,Dazata,Ilela,unvisited,review,reported,1,11.0,11.0,False,GPS unvisited / e-tally reported,True,,2026-07-31 19:30:19.408706+00:00
S02222,Suzatu,W035,Dazata,Ilela,unvisited,review,reported,1,28.0,28.0,False,GPS unvisited / e-tally reported,True,,2026-07-31 19:30:19.408706+00:00
S02223,Uzshami,W035,Dazata,Ilela,unvisited,review,reported,1,60.0,60.0,False,GPS unvisited / e-tally reported,True,,2026-07-31 19:30:19.408706+00:00
S02224,Tasata-Sabo,W035,Dazata,Ilela,unvisited,review,reported,1,77.0,77.0,False,GPS unvisited / e-tally reported,True,,2026-07-31 19:30:19.408706+00:00
S02225,Loduni,W035,Dazata,Ilela,unvisited,review,reported,1,14.0,14.0,False,GPS unvisited / e-tally reported,True,,2026-07-31 19:30:19.408706+00:00
S02226,Gurawo-Kofar,W035,Dazata,Ilela,unvisited,review,reported,1,15.0,15.0,False,GPS unvisited / e-tally reported,True,,2026-07-31 19:30:19.408706+00:00
S02227,Talafa,W035,Dazata,Ilela,unvisited,review,no e-tally report,0,0.0,0.0,False,GPS unvisited / no e-tally report,False,,2026-07-31 19:30:19.408706+00:00
S02228,Zatsiri-Sabo,W035,Dazata,Ilela,unvisited,review,reported,1,24.0,0.0,True,GPS unvisited / e-tally reported,True,,2026-07-31 19:30:19.408706+00:00
S02229,Dotiru,W035,Dazata,Ilela,unvisited,review,reported,1,73.0,73.0,False,GPS unvisited / e-tally reported,True,,2026-07-31 19:30:19.408706+00:00
S02230,Uznari,W035,Dazata,Ilela,unvisited,review,no e-tally report,0,0.0,0.0,False,GPS unvisited / no e-tally report,False,,2026-07-31 19:30:19.408706+00:00
S02231,Kaderi,W035, Dazata ,Ilela,unvisited,review,reported,1,97.0,97.0,False,GPS unvisited / e-tally reported,True,,2026-07-31 19:30:19.408706+00:00
S02232,Suyoko-Tudun,W035,Dazata,Ilela,unvisited,review,reported,1,18.0,18.0,False,GPS unvisited / e-tally reported,True,,2026-07-31 19:30:19.408706+00:00
S02233,Uzjiko-Kudu,W035,Dazata,Ilela,unvisited,review,no e-tally report,0,0.0,0.0,False,GPS unvisited / no e-tally report,False,,2026-07-31 19:30:19.408706+00:00
S02234,Fashami,W035,Dazata,Ilela,unvisited,review,reported,1,181.0,181.0,False,GPS unvisited / e-tally reported,True,,2026-07-31 19:30:19.408706+00:00
S02235,Ekzako,W035,Dazata,Ilela,unvisited,review,reported,1,11.0,11.0,False,GPS unvisited / e-tally reported,True,,2026-07-31 19:30:19.408706+00:00
S02236,Agmata,W035,DAZATA,Ilela,unvisited,review,reported,1,68.0,68.0,False,GPS unvisited / e-tally reported,True,,2026-07-31 19:30:19.408706+00:00
S02237,Irlaba,W035, Dazata ,Ilela,unvisited,review,reported,1,75.0,75.0,False,GPS unvisited / e-tally reported,True,,2026-07-31 19:30:19.408706+00:00
S02238,Zashatu,W035,Dazata,Ilela,unvisited,review,reported,1,53.0,53.0,False,GPS unvisited / e-tally reported,True,,2026-07-31 19:30:19.408706+00:00
S02239,Bilule,W035,Dazata,Ilela,unvisited,review,reported,1,49.0,49.0,False,GPS unvisited / e-tally reported,True,,2026-07-31 19:30:19.408706+00:00
S02240,Kalani,W035,Dazata,Ilela,unvisited,review,reported,1,32.0,0.0,True,GPS unvisited / e-tally reported,True,,2026-07-31 19:30:19.408706+00:00
S02241,Fariwo,W035,Dazata,Ilela,unvisited,review,reported,1,14.0,14.0,False,GPS unvisited / e-tally reported,True,,2026-07-31 19:30:19.408706+00:00
S02242,Binaba,W035,Dazata,Ilela,unvisited,review,reported,1,25.0,25.0,False,GPS unvisited / e-tally reported,True,,2026-07-31 19:30:19.408706+00:00
S02243,Kunadu,W035,Dazata,Ilela,unvisited,review,reported,1,95.0,95.0,False,GPS unvisited / e-tally reported,True,,2026-07-31 19:30:19.408706+00:00
S02244,Tarimi,W035,Dazata,Ilela,unvisited,review,reported,1,44.0,44.0,False,GPS unvisited / e-tally reported,True,,2026-07-31 19:30:19.408706+00:00
S02245,Nuduma-Tsakiya,W035,Dazata,Ilela,unvisited,review,no e-tally report,0,0.0,0.0,False,GPS unvisited / no e-tally report,False,,2026-07-31 19:30:19.408706+00:00
S02246,Ibngoru,W035,Dazata,Ilela,unvisited,review,reported,1,15.0,15.0,False,GPS unvisited / e-tally reported,True,,2026-07-31 19:30:19.408706+00:00
S02247,Enmayi,W035,Dazata,Ilela,unvisited,review,reported,1,28.0,0.0,True,GPS unvisited / e-tally reported,True,,2026-07-31 19:30:19.408706+00:00
S02248,Famaja-Kudu,W035,Dazata,Ilela,unvisited,review,reported,1,240.0,0.0,True,GPS unvisited / e-tally reported,True,,2026-07-31 19:30:19.408706+00:00
S02249,Zangota-Tudun,W035,Dazata,Ilela,unvisited,review,reported,1,69.0,69.0,False,GPS unvisited / e-tally reported,True,,2026-07-31 19:30:19.408706+00:00
S02250,Yerako-Sabo,W035,Dazata,Ilela,unvisited,review,reported,1,58.0,58.0,False,GPS unvisited / e-tally reported,True,,2026-07-31 19:30:19.408706+00:00
S02251,Ekdeta,W035,Dazata,Ilela,unvisited,review,reported,1,47.0,0.0,True,GPS unvisited / e-tally reported,True,,2026-07-31 19:30:19.408706+00:00
S02252,Uzmaja-Kudu,W035,Dazata,Ilela,unvisited,review,reported,1,35.0,35.0,False,GPS unvisited / e-tally reported,True,,2026-07-31 19:30:19.408706+00:00
S02253,Umdesa,W035,Dazata,Ilela,unvisited,review,no e-tally report,0,0.0,0.0,False,GPS unvisited / no e-tally report,False,,2026-07-31 19:30:19.408706+00:00
S02254,Irbale,W035,Dazata,Ilela,unvisited,review,reported,1,42.0,42.0,False,GPS unvisited / e-tally reported,True,,2026-07-31 19:30:19.408706+00:00
S02255,Uzbasa,W035,Dazata,Ilela,unvisited,review,reported,1,27.0,27.0,False,GPS unvisited / e-tally reported,True,,2026-07-31 19:30:19.408706+00:00
S02256,Gukotu,W035,Dazata,Ilela,unvisited,review,reported,1,19.0,19.0,False,GPS unvisited / e-tally reported,True,,2026-07-31 19:30:19.408706+00:00
S02257,Enmaba,W035,Dazata,Ilela,unvisited,review,reported,1,18.0,18.0,False,GPS unvisited / e-tally reported,True,,2026-07-31 19:30:19.408706+00:00
S02258,Takoja-Arewa,W035,Dazata,Ilela,unvisited,review,no e-tally report,0,0.0,0.0,False,GPS unvisited / no e-tally report,False,,2026-07-31 19:30:19.408706+00:00
S02259,Batiko-Kofar,W035,Dazata,Ilela,unvisited,review,reported,1,34.0,34.0,False,GPS unvisited / e-tally reported,True,,2026-07-31 19:30:19.408706+00:00
S02260,Nunana,W035,Dazata,Ilela,unvisited,review,reported,1,65.0,65.0,False,GPS unvisited / e-tally reported,True,,2026-07-31 19:30:19.408706+00:00
S02261,Ekmani,W035,Dazata,Ilela,unvisited,review,reported,1,33.0,33.0,False,GPS unvisited / e-tally reported,True,,2026-07-31 19:30:19.408706+00:00
S02262,Zalana,W035,Dazata,Ilela,unvisited,review,reported,1,19.0,19.0,False,GPS unvisited / e-tally reported,True,,2026-07-31 19:30:19.408706+00:00
S02263,Kukoko,W035,Dazata,Ilela,unvisited,review,reported,1,19.0,19.0,False,GPS unvisited / e-tally reported,True,,2026-07-31 19:30:19.408706+00:00
S02264,Sulayi,W035,Dazata,Ilela,unvisited,review,reported,1,15.0,0.0,True,GPS unvisited / e-tally reported,True,,2026-07-31 19:30:19.408706+00:00
S02265,Hanale,W035,Dazata,Ilela,unvisited,review,no e-tally report,0,0.0,0.0,False,GPS unvisited / no e-tally report,False,,2026-07-31 19:30:19.408706+00:00
S02266,Agdewa,W035,Dazata,Ilela,unvisited,review,reported,1,21.0,21.0,False,GPS unvisited / e-tally reported,True,,2026-07-31 19:30:19.408706+00:00
S02267,Nudushi,W035,Dazata,Ilela,unvisited,review,no e-tally report,0,0.0,0.0,False,GPS unvisited / no e-tally report,False,,2026-07-31 19:30:19.408706+00:00
S02268,Kanako-Gabas,W035,Dazata,Ilela,unvisited,review,reported,1,25.0,25.0,False,GPS unvisited / e-tally reported,True,,2026-07-31 19:30:19.408706+00:00
S02269,Dasayi,W035,Dazata,Ilela,unvisited,review,reported,1,183.0,0.0,True,GPS unvisited / e-tally reported,True,,2026-07-31 19:30:19.408706+00:00
S02270,Nushade,W035,Dazata,Ilela,unvisited,review,reported,1,66.0,66.0,False,GPS unvisited / e-tally reported,True,,2026-07-31 19:30:19.408706+00:00
S02271,Ekwatu-Sabo,W035,Dazata,Ilela,unvisited,review,reported,1,22.0,22.0,False,GPS unvisited / e-tally reported,True,,2026-07-31 19:30:19.408706+00:00
S02272,Bishata,W035,Dazata,Ilela,unvisited,review,reported,1,45.0,45.0,False,GPS unvisited / e-tally reported,True,,2026-07-31 19:30:19.408706+00:00
S02273,Oljidu,W035,Dazata,Ilela,unvisited,review,no e-tally report,0,0.0,0.0,False,GPS unvisited / no e-tally report,False,,2026-07-31 19:30:19.408706+00:00
S02274,Batsiri,W035,Dazata,Ilela,unvisited,review,reported,1,10.0,10.0,False,GPS unvisited / e-tally reported,True,,2026-07-31 19:30:19.408706+00:00
S02275,Kumani,W035,Dazata,Ilela,unvisited,review,reported,1,9.0,9.0,False,GPS unvisited / e-tally reported,True,,2026-07-31 19:30:19.408706+00:00
S02276,Ibsade,W035,Dazata,Ilela,unvisited,review,no e-tally report,0,0.0,0.0,False,GPS unvisited / no e-tally report,False,,2026-07-31 19:30:19.408706+00:00
S02277,Kubade,W035,Dazata,Ilela,unvisited,review,reported,1,7.0,7.0,False,GPS unvisited / e-tally reported,True,,2026-07-31 19:30:19.408706+00:00
S02278,Adduri,W036,Mawako,Ilela,unvisited,review,no e-tally report,0,0.0,0.0,False,GPS unvisited / no e-tally report,False,,2026-07-31 19:30:19.408706+00:00
S02279,Okdefa,W036,Mawako,Ilela,unvisited,review,reported,1,84.0,84.0,False,GPS unvisited / e-tally reported,True,,2026-07-31 19:30:19.408706+00:00
S02280,Olyoru,W036,Mawako,Ilela,unvisited,review,reported,1,32.0,32.0,False,GPS unvisited / e-tally reported,True,,2026-07-31 19:30:19.408706+00:00
S02281,Oktide,W036,Mawako,Ilela,unvisited,review,reported,1,15.0,15.0,False,GPS unvisited / e-tally reported,True,,2026-07-31 19:30:19.408706+00:00
S02282,Bibaba-Kudu,W036,Mawako,Ilela,unvisited,review,reported,1,48.0,48.0,False,GPS unvisited / e-tally reported,True,,2026-07-31 19:30:19.408706+00:00
S02283,Enbedu,W036,Mawako,Ilela,unvisited,review,reported,1,40.0,40.0,False,GPS unvisited / e-tally reported,True,,2026-07-31 19:30:19.408706+00:00
S02284,Malaba,W036,Mawako,Ilela,unvisited,review,reported,1,65.0,65.0,False,GPS unvisited / e-tally reported,True,,2026-07-31 19:30:19.408706+00:00
S02285,Hasatu,W036,Mawako,Ilela,unvisited,review,reported,1,31.0,31.0,False,GPS unvisited / e-tally reported,True,,2026-07-31 19:30:19.408706+00:00
S02286,Riwako,W036,Mawako,Ilela,unvisited,review,reported,1,49.0,49.0,False,GPS unvisited / e-tally reported,True,,2026-07-31 19:30:19.408706+00:00
S02287,Olbede,W036,Mawako,Ilela,unvisited,review,reported,1,7.0,7.0,False,GPS unvisited / e-tally reported,True,,2026-07-31 19:30:19.408706+00:00
S02288,Wanawo,W036,Mawako,Ilela,unvisited,review,reported,1,3.0,3.0,False,GPS unvisited / e-tally reported,True,,2026-07-31 19:30:19.408706+00:00
S02289,Uzrifa,W036,Mawako,Ilela,unvisited,review,reported,1,16.0,16.0,False,GPS unvisited / e-tally reported,True,,2026-07-31 19:30:19.408706+00:00
S02290,Malusa-Arewa,W036,Mawako,Ilela,ambiguous,ambiguous,reported,1,18.0,18.0,False,GPS ambiguous / e-tally reported,False,,2026-07-31 19:30:19.408706+00:00
S02291,Ringofa-Kofar,W036,Mawako,Ilela,unvisited,review,reported,1,32.0,0.0,True,GPS unvisited / e-tally reported,True,,2026-07-31 19:30:19.408706+00:00
S02292,Banatu,W036,Mawako,Ilela,ambiguous,ambiguous,reported,1,45.0,45.0,False,GPS ambiguous / e-tally reported,False,,2026-07-31 19:30:19.408706+00:00
S02293,Ekwata,W036,Mawako,Ilela,unvisited,review,reported,1,14.0,14.0,False,GPS unvisited / e-tally reported,True,,2026-07-31 19:30:19.408706+00:00
S02294,Irjimi,W036,Mawako,Ilela,unvisited,review,no e-tally report,0,0.0,0.0,False,GPS unvisited / no e-tally report,False,,2026-07-31 19:30:19.408706+00:00
S02295,Uzmata-Kofar,W036,Mawako,Ilela,unvisited,review,no e-tally report,0,0.0,0.0,False,GPS unvisited / no e-tally report,False,,2026-07-31 19:30:19.408706+00:00
S02296,Tamadu,W036,Mawako,Ilela,unvisited,review,reported,1,38.0,38.0,False,GPS unvisited / e-tally reported,True,,2026-07-31 19:30:19.408706+00:00
S02297,Domako,W036,Mawako,Ilela,unvisited,review,reported,1,23.0,23.0,False,GPS unvisited / e-tally reported,True,,2026-07-31 19:30:19.408706+00:00
S02298,Biduma,W036,Mawako,Ilela,unvisited,review,reported,1,106.0,106.0,False,GPS unvisited / e-tally reported,True,,2026-07-31 19:30:19.408706+00:00
S02299,Fadesa,W036,Mawako,Ilela,unvisited,review,reported,1,22.0,0.0,True,GPS unvisited / e-tally reported,True,,2026-07-31 19:30:19.408706+00:00
S02300,Kurile-Gabas,W036,Mawako,Ilela,unvisited,review,reported,1,60.0,60.0,False,GPS unvisited / e-tally reported,True,,2026-07-31 19:30:19.408706+00:00
S02301,Lodewo,W036,Mawako,Ilela,unvisited,review,reported,1,100.0,0.0,True,GPS unvisited / e-tally reported,True,,2026-07-31 19:30:19.408706+00:00
S02302,Nuzako,W036,Mawako,Ilela,unvisited,review,reported,1,75.0,75.0,False,GPS unvisited / e-tally reported,True,,2026-07-31 19:30:19.408706+00:00
S02303,Agbashi,W036,Mawako,Ilela,unvisited,review,reported,1,43.0,43.0,False,GPS unvisited / e-tally reported,True,,2026-07-31 19:30:19.408706+00:00
S02304,Zashale-Yamma,W036,Mawako,Ilela,unvisited,review,reported,1,29.0,29.0,False,GPS unvisited / e-tally reported,True,,2026-07-31 19:30:19.408706+00:00
S02305,Ibsharu-Gabas,W036,Mawako,Ilela,unvisited,review,reported,1,12.0,12.0,False,GPS unvisited / e-tally reported,True,,2026-07-31 19:30:19.408706+00:00
S02306,Ekwasa,W036,Mawako,Ilela,unvisited,review,reported,1,67.0,67.0,False,GPS unvisited / e-tally reported,True,,2026-07-31 19:30:19.408706+00:00
S02307,Agtitu-Tudun,W036,Mawako,Ilela,unvisited,review,reported,1,47.0,47.0,False,GPS unvisited / e-tally reported,True,,2026-07-31 19:30:19.408706+00:00
S02308,Sudena,W036,Mawako,Ilela,unvisited,review,reported,1,31.0,31.0,False,GPS unvisited / e-tally reported,True,,2026-07-31 19:30:19.408706+00:00
S02309,Kutima,W036,Mawako,Ilela,unvisited,review,reported,1,9.0,9.0,False,GPS unvisited / e-tally reported,True,,2026-07-31 19:30:19.408706+00:00
S02310,Sarafa,W036,Mawako,Ilela,unvisited,review,reported,1,24.0,0.0,True,GPS unvisited / e-tally reported,True,,2026-07-31 19:30:19.408706+00:00
S02311,Kulaja,W036,Mawako,Ilela,unvisited,review,reported,1,94.0,94.0,False,GPS unvisited / e-tally reported,True,,2026-07-31 19:30:19.408706+00:00
S02312,Olbewa,W036,Mawako,Ilela,unvisited,review,reported,1,10.0,10.0,False,GPS unvisited / e-tally reported,True,,2026-07-31 19:30:19.408706+00:00
S02313,Olluru,W037,Longoma,Katsuma,unvisited,review,no e-tally report,0,0.0,0.0,False,GPS unvisited / no e-tally report,False,,2026-07-31 19:30:19.408706+00:00
S02314,Nutsifa-Gabas,W037,Longoma,Katsuma,unvisited,review,no e-tally report,0,0.0,0.0,False,GPS unvisited / no e-tally report,False,,2026-07-31 19:30:19.408706+00:00
S02315,Nulama-Kofar,W037,Longoma,Katsuma,unvisited,review,reported,1,18.0,18.0,False,GPS unvisited / e-tally reported,True,,2026-07-31 19:30:19.408706+00:00
S02316,Jishawa,W037,Longoma,Katsuma,unvisited,review,reported,1,111.0,111.0,False,GPS unvisited / e-tally reported,True,,2026-07-31 19:30:19.408706+00:00
S02317,Sasade-Tsakiya,W037,Longoma,Katsuma,unvisited,review,reported,1,42.0,42.0,False,GPS unvisited / e-tally reported,True,,2026-07-31 19:30:19.408706+00:00
S02318,Ekzaba,W037,Longoma,Katsuma,unvisited,review,reported,1,28.0,28.0,False,GPS unvisited / e-tally reported,True,,2026-07-31 19:30:19.408706+00:00
S02319,Gutiri,W037,Longoma,Katsuma,unvisited,review,reported,1,47.0,47.0,False,GPS unvisited / e-tally reported,True,,2026-07-31 19:30:19.408706+00:00
S02320,Kutina,W037,Longoma,Katsuma,unvisited,review,reported,1,36.0,36.0,False,GPS unvisited / e-tally reported,True,,2026-07-31 19:30:19.408706+00:00
S02321,Umduja-Kofar,W037,Longoma,Katsuma,unvisited,review,reported,1,43.0,43.0,False,GPS unvisited / e-tally reported,True,,2026-07-31 19:30:19.408706+00:00
S02322,Umbede,W037,Longoma,Katsuma,unvisited,review,no e-tally report,0,0.0,0.0,False,GPS unvisited / no e-tally report,False,,2026-07-31 19:30:19.408706+00:00
S02323,Gutsifa,W037,Longoma,Katsuma,unvisited,review,reported,1,18.0,18.0,False,GPS unvisited / e-tally reported,True,,2026-07-31 19:30:19.408706+00:00
S02324,Agtsimi-Kudu,W037,Longoma,Katsuma,unvisited,review,reported,1,51.0,51.0,False,GPS unvisited / e-tally reported,True,,2026-07-31 19:30:19.408706+00:00
S02325,Kadule,W037,Longoma,Katsuma,unvisited,review,no e-tally report,0,0.0,0.0,False,GPS unvisited / no e-tally report,False,,2026-07-31 19:30:19.408706+00:00
S02326,Faraja,W037,Longoma,Katsuma,ambiguous,ambiguous,reported,1,13.0,13.0,False,GPS ambiguous / e-tally reported,False,,2026-07-31 19:30:19.408706+00:00
S02327,Bizade-Kofar,W037,Longoma,Katsuma,unvisited,review,no e-tally report,0,0.0,0.0,False,GPS unvisited / no e-tally report,False,,2026-07-31 19:30:19.408706+00:00
S02328,Lodeja-Tsakiya,W037,Longoma,Katsuma,unvisited,review,reported,1,116.0,116.0,False,GPS unvisited / e-tally reported,True,,2026-07-31 19:30:19.408706+00:00
S02329,Bishasa,W037,Longoma,Katsuma,unvisited,review,reported,1,47.0,47.0,False,GPS unvisited / e-tally reported,True,,2026-07-31 19:30:19.408706+00:00
S02330,Ibderu,W037,Longoma,Katsuma,unvisited,review,no e-tally report,0,0.0,0.0,False,GPS unvisited / no e-tally report,False,,2026-07-31 19:30:19.408706+00:00
S02331,Warako-Yamma,W037,Longoma,Katsuma,unvisited,review,no e-tally report,0,0.0,0.0,False,GPS unvisited / no e-tally report,False,,2026-07-31 19:30:19.408706+00:00
S02332,Kuyowo-Yamma,W037,Longoma,Katsuma,unvisited,review,no e-tally report,0,0.0,0.0,False,GPS unvisited / no e-tally report,False,,2026-07-31 19:30:19.408706+00:00
S02333,Irzata,W037,Longoma,Katsuma,ambiguous,ambiguous,reported,1,55.0,55.0,False,GPS ambiguous / e-tally reported,False,,2026-07-31 19:30:19.408706+00:00
S02334,Oktsiba,W037,Longoma,Katsuma,unvisited,review,reported,1,32.0,32.0,False,GPS unvisited / e-tally reported,True,,2026-07-31 19:30:19.408706+00:00
S02335,Suridu,W037,Longoma,Katsuma,unvisited,review,no e-tally report,0,0.0,0.0,False,GPS unvisited / no e-tally report,False,,2026-07-31 19:30:19.408706+00:00
S02336,Agnade,W037,Longoma,Katsuma,unvisited,review,no e-tally report,0,0.0,0.0,False,GPS unvisited / no e-tally report,False,,2026-07-31 19:30:19.408706+00:00
S02337,Adzawo,W037,Longoma,Katsuma,unvisited,review,reported,1,86.0,86.0,False,GPS unvisited / e-tally reported,True,,2026-07-31 19:30:19.408706+00:00
S02338,Jijiba,W037,Longoma,Katsuma,unvisited,review,reported,1,53.0,53.0,False,GPS unvisited / e-tally reported,True,,2026-07-31 19:30:19.408706+00:00
S02339,Umluyi,W037,Longoma,Katsuma,unvisited,review,no e-tally report,0,0.0,0.0,False,GPS unvisited / no e-tally report,False,,2026-07-31 19:30:19.408706+00:00
S02340,Lotsishi,W037,Longoma,Katsuma,unvisited,review,no e-tally report,0,0.0,0.0,False,GPS unvisited / no e-tally report,False,,2026-07-31 19:30:19.408706+00:00
S02341,Yerana,W037,Longoma,Katsuma,unvisited,review,no e-tally report,0,0.0,0.0,False,GPS unvisited / no e-tally report,False,,2026-07-31 19:30:19.408706+00:00
S02342,Oktsimi-Gabas,W037,Longoma,Katsuma,unvisited,review,no e-tally report,0,0.0,0.0,False,GPS unvisited / no e-tally report,False,,2026-07-31 19:30:19.408706+00:00
S02343,Olbako,W037,Longoma,Katsuma,unvisited,review,reported,1,27.0,27.0,False,GPS unvisited / e-tally reported,True,,2026-07-31 19:30:19.408706+00:00
S02344,Hatifa,W037,Longoma,Katsuma,unvisited,review,reported,1,8.0,8.0,False,GPS unvisited / e-tally reported,True,,2026-07-31 19:30:19.408706+00:00
S02345,Ekraba,W037,Longoma,Katsuma,unvisited,review,reported,1,64.0,64.0,False,GPS unvisited / e-tally reported,True,,2026-07-31 19:30:19.408706+00:00
S02346,Matidu,W037,Longoma,Katsuma,unvisited,review,no e-tally report,0,0.0,0.0,False,GPS unvisited / no e-tally report,False,,2026-07-31 19:30:19.408706+00:00
S02347,Washari,W037,Longoma,Katsuma,unvisited,review,no e-tally report,0,0.0,0.0,False,GPS unvisited / no e-tally report,False,,2026-07-31 19:30:19.408706+00:00
S02348,Sabafa,W037,Longoma,Katsuma,unvisited,review,reported,1,5.0,5.0,False,GPS unvisited / e-tally reported,True,,2026-07-31 19:30:19.408706+00:00
S02349,Nunani-Kudu,W037,Longoma,Katsuma,unvisited,review,no e-tally report,0,0.0,0.0,False,GPS unvisited / no e-tally report,False,,2026-07-31 19:30:19.408706+00:00
S02350,Dazari,W037,Longoma,Katsuma,unvisited,review,reported,1,20.0,20.0,False,GPS unvisited / e-tally reported,True,,2026-07-31 19:30:19.408706+00:00
S02351,Kakowa,W037,LONGOMA,Katsuma,unvisited,review,reported,1,19.0,0.0,True,GPS unvisited / e-tally reported,True,,2026-07-31 19:30:19.408706+00:00
S02352,Wangoshi,W037,Longoma,Katsuma,unvisited,review,reported,1,14.0,14.0,False,GPS unvisited / e-tally reported,True,,2026-07-31 19:30:19.408706+00:00
S02353,Dozari-Sabo,W037,Longoma,Katsuma,unvisited,review,reported,1,263.0,263.0,False,GPS unvisited / e-tally reported,True,,2026-07-31 19:30:19.408706+00:00
S02354,Hakoyi,W037, Longoma ,Katsuma,unvisited,review,reported,1,18.0,18.0,False,GPS unvisited / e-tally reported,True,,2026-07-31 19:30:19.408706+00:00
S02355,Kamaba-Arewa,W037,Longoma,Katsuma,unvisited,review,reported,1,52.0,52.0,False,GPS unvisited / e-tally reported,True,,2026-07-31 19:30:19.408706+00:00
S02356,Birawo,W037,Longoma,Katsuma,unvisited,review,reported,1,81.0,81.0,False,GPS unvisited / e-tally reported,True,,2026-07-31 19:30:19.408706+00:00
S02357,Wajiwo,W037,Longoma,Katsuma,unvisited,review,reported,1,54.0,54.0,False,GPS unvisited / e-tally reported,True,,2026-07-31 19:30:19.408706+00:00
S02358,Hangoru,W037,Longoma,Katsuma,unvisited,review,reported,1,20.0,20.0,False,GPS unvisited / e-tally reported,True,,2026-07-31 19:30:19.408706+00:00
S02359,Adshade-Sabo,W037,Longoma,Katsuma,unvisited,review,reported,1,71.0,71.0,False,GPS unvisited / e-tally reported,True,,2026-07-31 19:30:19.408706+00:00
S02360,Kademi,W037,Longoma,Katsuma,unvisited,review,reported,1,21.0,21.0,False,GPS unvisited / e-tally reported,True,,2026-07-31 19:30:19.408706+00:00
S02361,Bizaru,W037,Longoma,Katsuma,unvisited,review,no e-tally report,0,0.0,0.0,False,GPS unvisited / no e-tally report,False,,2026-07-31 19:30:19.408706+00:00
S02362,Nushadu,W037,Longoma,Katsuma,unvisited,review,reported,1,14.0,14.0,False,GPS unvisited / e-tally reported,True,,2026-07-31 19:30:19.408706+00:00
S02363,Ibmafa,W038,Sashasa,Katsuma,unvisited,review,reported,1,49.0,49.0,False,GPS unvisited / e-tally reported,True,,2026-07-31 19:30:19.408706+00:00
S02364,Zaluna-Arewa,W038,Sashasa,Katsuma,unvisited,review,no e-tally report,0,0.0,0.0,False,GPS unvisited / no e-tally report,False,,2026-07-31 19:30:19.408706+00:00
S02365,Barifa,W038,Sashasa,Katsuma,ambiguous,ambiguous,reported,1,8.0,8.0,False,GPS ambiguous / e-tally reported,False,,2026-07-31 19:30:19.408706+00:00
S02366,Yesari,W038,Sashasa,Katsuma,unvisited,review,reported,1,67.0,67.0,False,GPS unvisited / e-tally reported,True,,2026-07-31 19:30:19.408706+00:00
S02367,Uzyode,W038,Sashasa,Katsuma,unvisited,review,reported,1,167.0,167.0,False,GPS unvisited / e-tally reported,True,,2026-07-31 19:30:19.408706+00:00
S02368,Zabadu,W038,Sashasa,Katsuma,unvisited,review,no e-tally report,0,0.0,0.0,False,GPS unvisited / no e-tally report,False,,2026-07-31 19:30:19.408706+00:00
S02369,Mayona,W038,Sashasa,Katsuma,unvisited,review,reported,1,25.0,25.0,False,GPS unvisited / e-tally reported,True,,2026-07-31 19:30:19.408706+00:00
S02370,Bizari,W038,Sashasa,Katsuma,unvisited,review,reported,1,64.0,64.0,False,GPS unvisited / e-tally reported,True,,2026-07-31 19:30:19.408706+00:00
S02371,Enduyi,W038,Sashasa,Katsuma,unvisited,review,no e-tally report,0,0.0,0.0,False,GPS unvisited / no e-tally report,False,,2026-07-31 19:30:19.408706+00:00
S02372,Umjide,W038,Sashasa,Katsuma,unvisited,review,reported,1,36.0,0.0,True,GPS unvisited / e-tally reported,True,,2026-07-31 19:30:19.408706+00:00
S02373,Zabashi,W038,Sashasa,Katsuma,unvisited,review,reported,1,82.0,82.0,False,GPS unvisited / e-tally reported,True,,2026-07-31 19:30:19.408706+00:00
S02374,Irriwo,W038,Sashasa,Katsuma,unvisited,review,no e-tally report,0,0.0,0.0,False,GPS unvisited / no e-tally report,False,,2026-07-31 19:30:19.408706+00:00
S02375,Farayi,W038,Sashasa,Katsuma,unvisited,review,reported,1,92.0,0.0,True,GPS unvisited / e-tally reported,True,,2026-07-31 19:30:19.408706+00:00
S02376,Sutile,W038,Sashasa,Katsuma,unvisited,review,reported,1,57.0,57.0,False,GPS unvisited / e-tally reported,True,,2026-07-31 19:30:19.408706+00:00
S02377,Bisawa,W038,Sashasa,Katsuma,unvisited,review,reported,1,59.0,59.0,False,GPS unvisited / e-tally reported,True,,2026-07-31 19:30:19.408706+00:00
S02378,Habeshi,W038,Sashasa,Katsuma,unvisited,review,reported,1,108.0,108.0,False,GPS unvisited / e-tally reported,True,,2026-07-31 19:30:19.408706+00:00
S02379,Sushatu-Arewa,W038,Sashasa,Katsuma,unvisited,review,reported,1,13.0,13.0,False,GPS unvisited / e-tally reported,True,,2026-07-31 19:30:19.408706+00:00
S02380,Hangowo,W038,Sashasa,Katsuma,unvisited,review,no e-tally report,0,0.0,0.0,False,GPS unvisited / no e-tally report,False,,2026-07-31 19:30:19.408706+00:00
S02381,Wangowa,W038,Sashasa,Katsuma,unvisited,review,reported,1,3.0,3.0,False,GPS unvisited / e-tally reported,True,,2026-07-31 19:30:19.408706+00:00
S02382,Adrisa,W038,Sashasa,Katsuma,unvisited,review,reported,1,4.0,4.0,False,GPS unvisited / e-tally reported,True,,2026-07-31 19:30:19.408706+00:00
S02383,Agduyi,W038,Sashasa,Katsuma,unvisited,review,reported,1,95.0,95.0,False,GPS unvisited / e-tally reported,True,,2026-07-31 19:30:19.408706+00:00
S02384,Uzbatu,W038,Sashasa,Katsuma,unvisited,review,reported,1,61.0,61.0,False,GPS unvisited / e-tally reported,True,,2026-07-31 19:30:19.408706+00:00
S02385,Dashatu,W038,Sashasa,Katsuma,unvisited,review,reported,1,26.0,26.0,False,GPS unvisited / e-tally reported,True,,2026-07-31 19:30:19.408706+00:00
S02386,Zakoma,W038,Sashasa,Katsuma,unvisited,review,no e-tally report,0,0.0,0.0,False,GPS unvisited / no e-tally report,False,,2026-07-31 19:30:19.408706+00:00
S02387,Wamani-Yamma,W038,Sashasa,Katsuma,unvisited,review,reported,1,12.0,12.0,False,GPS unvisited / e-tally reported,True,,2026-07-31 19:30:19.408706+00:00
S02388,Jitsija,W038,Sashasa,Katsuma,unvisited,review,reported,1,17.0,17.0,False,GPS unvisited / e-tally reported,True,,2026-07-31 19:30:19.408706+00:00
S02389,Watide,W038,Sashasa,Katsuma,unvisited,review,no e-tally report,0,0.0,0.0,False,GPS unvisited / no e-tally report,False,,2026-07-31 19:30:19.408706+00:00
S02390,Nulatu,W038,Sashasa,Katsuma,unvisited,review,no e-tally report,0,0.0,0.0,False,GPS unvisited / no e-tally report,False,,2026-07-31 19:30:19.408706+00:00
S02391,Uzbeja,W038,Sashasa,Katsuma,unvisited,review,no e-tally report,0,0.0,0.0,False,GPS unvisited / no e-tally report,False,,2026-07-31 19:30:19.408706+00:00
S02392,Olsadu,W038,Sashasa,Katsuma,unvisited,review,reported,1,35.0,35.0,False,GPS unvisited / e-tally reported,True,,2026-07-31 19:30:19.408706+00:00
S02393,Umrawo,W038,Sashasa,Katsuma,unvisited,review,no e-tally report,0,0.0,0.0,False,GPS unvisited / no e-tally report,False,,2026-07-31 19:30:19.408706+00:00
S02394,Domama,W038,Sashasa,Katsuma,unvisited,review,reported,1,34.0,34.0,False,GPS unvisited / e-tally reported,True,,2026-07-31 19:30:19.408706+00:00
S02395,Tabata,W038,Sashasa,Katsuma,unvisited,review,reported,1,110.0,110.0,False,GPS unvisited / e-tally reported,True,,2026-07-31 19:30:19.408706+00:00
S02396,Adluta,W038,Sashasa,Katsuma,unvisited,review,no e-tally report,0,0.0,0.0,False,GPS unvisited / no e-tally report,False,,2026-07-31 19:30:19.408706+00:00
S02397,Dalani-Gabas,W038,Sashasa,Katsuma,unvisited,review,reported,1,22.0,22.0,False,GPS unvisited / e-tally reported,True,,2026-07-31 19:30:19.408706+00:00
S02398,Hazawa,W038,Sashasa,Katsuma,unvisited,review,reported,1,11.0,11.0,False,GPS unvisited / e-tally reported,True,,2026-07-31 19:30:19.408706+00:00
S02399,Ibshata-Kudu,W038,Sashasa,Katsuma,unvisited,review,reported,1,33.0,33.0,False,GPS unvisited / e-tally reported,True,,2026-07-31 19:30:19.408706+00:00
S02400,Haduri,W038,Sashasa,Katsuma,unvisited,review,reported,1,82.0,82.0,False,GPS unvisited / e-tally reported,True,,2026-07-31 19:30:19.408706+00:00
S02401,Uzkoshi,W038,Sashasa,Katsuma,visited,high,reported,1,27.0,0.0,True,GPS visited / e-tally reported,False,,2026-07-31 19:30:19.408706+00:00
S02402,Mangodu,W038,Sashasa,Katsuma,unvisited,review,reported,1,7.0,7.0,False,GPS unvisited / e-tally reported,True,,2026-07-31 19:30:19.408706+00:00
S02403,Agjima-Kudu,W038,Sashasa,Katsuma,unvisited,review,reported,1,11.0,11.0,False,GPS unvisited / e-tally reported,True,,2026-07-31 19:30:19.408706+00:00
S02404,Fawashi,W038,Sashasa,Katsuma,unvisited,review,no e-tally report,0,0.0,0.0,False,GPS unvisited / no e-tally report,False,,2026-07-31 19:30:19.408706+00:00
S02405,Sanawo,W038,Sashasa,Katsuma,unvisited,review,reported,1,48.0,48.0,False,GPS unvisited / e-tally reported,True,,2026-07-31 19:30:19.408706+00:00
S02406,Kabako-Sabo,W038, Sashasa ,Katsuma,unvisited,review,reported,1,26.0,0.0,True,GPS unvisited / e-tally reported,True,,2026-07-31 19:30:19.408706+00:00
S02407,Zajishi,W038,Sashasa,Katsuma,unvisited,review,reported,1,48.0,0.0,True,GPS unvisited / e-tally reported,True,,2026-07-31 19:30:19.408706+00:00
S02408,Nurishi,W038,Sashasa,Katsuma,unvisited,review,no e-tally report,0,0.0,0.0,False,GPS unvisited / no e-tally report,False,,2026-07-31 19:30:19.408706+00:00
S02409,Rirawo,W038, Sashasa ,Katsuma,unvisited,review,reported,1,120.0,120.0,False,GPS unvisited / e-tally reported,True,,2026-07-31 19:30:19.408706+00:00
S02410,Makofa,W038,Sashasa,Katsuma,unvisited,review,no e-tally report,0,0.0,0.0,False,GPS unvisited / no e-tally report,False,,2026-07-31 19:30:19.408706+00:00
S02411,Riyoja,W038,Sashasa,Katsuma,unvisited,review,no e-tally report,0,0.0,0.0,False,GPS unvisited / no e-tally report,False,,2026-07-31 19:30:19.408706+00:00
S02412,Fanale,W038,Sashasa,Katsuma,unvisited,review,no e-tally report,0,0.0,0.0,False,GPS unvisited / no e-tally report,False,,2026-07-31 19:30:19.408706+00:00
S02413,Jidede,W038,Sashasa,Katsuma,unvisited,review,no e-tally report,0,0.0,0.0,False,GPS unvisited / no e-tally report,False,,2026-07-31 19:30:19.408706+00:00
S02414,Nuberu-Yamma,W038,Sashasa,Katsuma,unvisited,review,no e-tally report,0,0.0,0.0,False,GPS unvisited / no e-tally report,False,,2026-07-31 19:30:19.408706+00:00
S02415,Jikoja-Tudun,W038,Sashasa,Katsuma,unvisited,review,reported,1,8.0,8.0,False,GPS unvisited / e-tally reported,True,,2026-07-31 19:30:19.408706+00:00
S02416,Yedeja,W038,Sashasa,Katsuma,unvisited,review,no e-tally report,0,0.0,0.0,False,GPS unvisited / no e-tally report,False,,2026-07-31 19:30:19.408706+00:00
S02417,Ritsiru,W038,Sashasa,Katsuma,visited,high,reported,1,158.0,158.0,False,GPS visited / e-tally reported,False,,2026-07-31 19:30:19.408706+00:00
S02418,Ektiyi,W038,Sashasa,Katsuma,unvisited,review,reported,1,14.0,14.0,False,GPS unvisited / e-tally reported,True,,2026-07-31 19:30:19.408706+00:00
S02419,Mazako,W038,Sashasa,Katsuma,unvisited,review,reported,1,38.0,38.0,False,GPS unvisited / e-tally reported,True,,2026-07-31 19:30:19.408706+00:00
S02420,Oldetu,W038,Sashasa,Katsuma,unvisited,review,reported,1,20.0,20.0,False,GPS unvisited / e-tally reported,True,,2026-07-31 19:30:19.408706+00:00
S02421,Sawatu,W038,Sashasa,Katsuma,unvisited,review,no e-tally report,0,0.0,0.0,False,GPS unvisited / no e-tally report,False,,2026-07-31 19:30:19.408706+00:00
S02422,Ibjifa,W038,Sashasa,Katsuma,unvisited,review,reported,1,98.0,98.0,False,GPS unvisited / e-tally reported,True,,2026-07-31 19:30:19.408706+00:00
S02423,Yezawa,W038,Sashasa,Katsuma,unvisited,review,no e-tally report,0,0.0,0.0,False,GPS unvisited / no e-tally report,False,,2026-07-31 19:30:19.408706+00:00
S02424,Katiyi,W039,Nungoni-Arewa,Ilela,unvisited,review,reported,1,47.0,47.0,False,GPS unvisited / e-tally reported,True,,2026-07-31 19:30:19.408706+00:00
S02425,Fajifa,W039,Nungoni-Arewa,Ilela,unvisited,review,no e-tally report,0,0.0,0.0,False,GPS unvisited / no e-tally report,False,,2026-07-31 19:30:19.408706+00:00
S02426,Kasayi,W039,Nungoni-Arewa,Ilela,unvisited,review,reported,1,10.0,10.0,False,GPS unvisited / e-tally reported,True,,2026-07-31 19:30:19.408706+00:00
S02427,Sazana,W039,Nungoni-Arewa,Ilela,unvisited,review,reported,1,11.0,11.0,False,GPS unvisited / e-tally reported,True,,2026-07-31 19:30:19.408706+00:00
S02428,Kudumi-Kofar,W039,Nungoni-Arewa,Ilela,unvisited,review,reported,1,176.0,0.0,True,GPS unvisited / e-tally reported,True,,2026-07-31 19:30:19.408706+00:00
S02429,Nunani,W039,Nungoni-Arewa,Ilela,unvisited,review,reported,1,137.0,137.0,False,GPS unvisited / e-tally reported,True,,2026-07-31 19:30:19.408706+00:00
S02430,Satiba,W039,Nungoni-Arewa,Ilela,unvisited,review,reported,1,4.0,4.0,False,GPS unvisited / e-tally reported,True,,2026-07-31 19:30:19.408706+00:00
S02431,Guduyi,W039,Nungoni-Arewa,Ilela,unvisited,review,reported,1,24.0,24.0,False,GPS unvisited / e-tally reported,True,,2026-07-31 19:30:19.408706+00:00
S02432,Nujina,W039,Nungoni-Arewa,Ilela,unvisited,review,reported,1,96.0,96.0,False,GPS unvisited / e-tally reported,True,,2026-07-31 19:30:19.408706+00:00
S02433,Warifa-Sabo,W039,Nungoni-Arewa,Ilela,unvisited,review,reported,1,23.0,23.0,False,GPS unvisited / e-tally reported,True,,2026-07-31 19:30:19.408706+00:00
S02434,Kuridu,W039,Nungoni-Arewa,Ilela,unvisited,review,reported,1,26.0,26.0,False,GPS unvisited / e-tally reported,True,,2026-07-31 19:30:19.408706+00:00
S02435,Uzwade,W039,Nungoni-Arewa,Ilela,unvisited,review,reported,1,29.0,29.0,False,GPS unvisited / e-tally reported,True,,2026-07-31 19:30:19.408706+00:00
S02436,Ibberi-Yamma,W039,Nungoni-Arewa,Ilela,unvisited,review,reported,1,10.0,10.0,False,GPS unvisited / e-tally reported,True,,2026-07-31 19:30:19.408706+00:00
S02437,Lowale,W039,Nungoni-Arewa,Ilela,unvisited,review,reported,1,50.0,50.0,False,GPS unvisited / e-tally reported,True,,2026-07-31 19:30:19.408706+00:00
S02438,Wasawo-Sabo,W039,Nungoni-Arewa,Ilela,unvisited,review,reported,1,43.0,43.0,False,GPS unvisited / e-tally reported,True,,2026-07-31 19:30:19.408706+00:00
S02439,Sashadu,W039,Nungoni-Arewa,Ilela,unvisited,review,reported,1,13.0,13.0,False,GPS unvisited / e-tally reported,True,,2026-07-31 19:30:19.408706+00:00
S02440,Dakosa,W039,Nungoni-Arewa,Ilela,unvisited,review,reported,1,56.0,56.0,False,GPS unvisited / e-tally reported,True,,2026-07-31 19:30:19.408706+00:00
S02441,Enjina,W039,Nungoni-Arewa,Ilela,unvisited,review,reported,1,56.0,56.0,False,GPS unvisited / e-tally reported,True,,2026-07-31 19:30:19.408706+00:00
S02442,Watsitu,W039,Nungoni-Arewa,Ilela,unvisited,review,no e-tally report,0,0.0,0.0,False,GPS unvisited / no e-tally report,False,,2026-07-31 19:30:19.408706+00:00
S02443,Guzade,W039,Nungoni-Arewa,Ilela,unvisited,review,reported,1,72.0,72.0,False,GPS unvisited / e-tally reported,True,,2026-07-31 19:30:19.408706+00:00
S02444,Okrani,W039,Nungoni-Arewa,Ilela,unvisited,review,no e-tally report,0,0.0,0.0,False,GPS unvisited / no e-tally report,False,,2026-07-31 19:30:19.408706+00:00
S02445,Risawa-Yamma,W039,Nungoni-Arewa,Ilela,unvisited,review,no e-tally report,0,0.0,0.0,False,GPS unvisited / no e-tally report,False,,2026-07-31 19:30:19.408706+00:00
S02446,Agzashi,W039,Nungoni-Arewa,Ilela,unvisited,review,reported,1,28.0,28.0,False,GPS unvisited / e-tally reported,True,,2026-07-31 19:30:19.408706+00:00
S02447,Sazata,W039,Nungoni-Arewa,Ilela,unvisited,review,reported,1,144.0,144.0,False,GPS unvisited / e-tally reported,True,,2026-07-31 19:30:19.408706+00:00
S02448,Umtsifa-Kofar,W039,Nungoni-Arewa,Ilela,unvisited,review,reported,1,81.0,81.0,False,GPS unvisited / e-tally reported,True,,2026-07-31 19:30:19.408706+00:00
S02449,Uzsayi,W039,Nungoni-Arewa,Ilela,unvisited,review,reported,1,14.0,14.0,False,GPS unvisited / e-tally reported,True,,2026-07-31 19:30:19.408706+00:00
S02450,Sudule,W039,Nungoni-Arewa,Ilela,unvisited,review,reported,1,90.0,0.0,True,GPS unvisited / e-tally reported,True,,2026-07-31 19:30:19.408706+00:00
S02451,Wajidu,W039,Nungoni-Arewa,Ilela,unvisited,review,reported,1,32.0,32.0,False,GPS unvisited / e-tally reported,True,,2026-07-31 19:30:19.408706+00:00
S02452,Kushawa,W039,Nungoni-Arewa,Ilela,unvisited,review,reported,1,4.0,4.0,False,GPS unvisited / e-tally reported,True,,2026-07-31 19:30:19.408706+00:00
S02453,Hanana,W039,Nungoni-Arewa,Ilela,unvisited,review,reported,1,17.0,17.0,False,GPS unvisited / e-tally reported,True,,2026-07-31 19:30:19.408706+00:00
S02454,Mashatu,W039,Nungoni-Arewa,Ilela,unvisited,review,reported,1,19.0,19.0,False,GPS unvisited / e-tally reported,True,,2026-07-31 19:30:19.408706+00:00
S02455,Agsashi,W039,Nungoni-Arewa,Ilela,unvisited,review,reported,1,21.0,21.0,False,GPS unvisited / e-tally reported,True,,2026-07-31 19:30:19.408706+00:00
S02456,Wazawo,W039,Nungoni-Arewa,Ilela,unvisited,review,reported,1,19.0,19.0,False,GPS unvisited / e-tally reported,True,,2026-07-31 19:30:19.408706+00:00
S02457,Takoma,W039,Nungoni-Arewa,Ilela,unvisited,review,reported,1,25.0,25.0,False,GPS unvisited / e-tally reported,True,,2026-07-31 19:30:19.408706+00:00
S02458,Nuzayi,W039,NUNGONI-AREWA,Ilela,unvisited,review,reported,1,37.0,37.0,False,GPS unvisited / e-tally reported,True,,2026-07-31 19:30:19.408706+00:00
S02459,Enyota,W039,Nungoni-Arewa,Ilela,unvisited,review,reported,1,24.0,24.0,False,GPS unvisited / e-tally reported,True,,2026-07-31 19:30:19.408706+00:00
S02460,Umnadu,W039,Nungoni-Arewa,Ilela,unvisited,review,reported,1,15.0,15.0,False,GPS unvisited / e-tally reported,True,,2026-07-31 19:30:19.408706+00:00
S02461,Agyoshi,W039, Nungoni-Arewa ,Ilela,unvisited,review,reported,1,34.0,34.0,False,GPS unvisited / e-tally reported,True,,2026-07-31 19:30:19.408706+00:00
S02462,Dowadu-Kudu,W039,Nungoni-Arewa,Ilela,unvisited,review,reported,1,51.0,51.0,False,GPS unvisited / e-tally reported,True,,2026-07-31 19:30:19.408706+00:00
S02463,Waduni,W039,Nungoni-Arewa,Ilela,unvisited,review,no e-tally report,0,0.0,0.0,False,GPS unvisited / no e-tally report,False,,2026-07-31 19:30:19.408706+00:00
S02464,Dosharu-Kofar,W039,Nungoni-Arewa,Ilela,unvisited,review,reported,1,47.0,47.0,False,GPS unvisited / e-tally reported,True,,2026-07-31 19:30:19.408706+00:00
S02465,Kasafa,W039,Nungoni-Arewa,Ilela,unvisited,review,reported,1,50.0,50.0,False,GPS unvisited / e-tally reported,True,,2026-07-31 19:30:19.408706+00:00
S02466,Tadeko,W039, Nungoni-Arewa ,Ilela,unvisited,review,reported,1,50.0,50.0,False,GPS unvisited / e-tally reported,True,,2026-07-31 19:30:19.408706+00:00
S02467,Agriwo,W039,Nungoni-Arewa,Ilela,unvisited,review,reported,1,78.0,78.0,False,GPS unvisited / e-tally reported,True,,2026-07-31 19:30:19.408706+00:00
S02468,Umbetu-Sabo,W039,Nungoni-Arewa,Ilela,unvisited,review,reported,1,19.0,19.0,False,GPS unvisited / e-tally reported,True,,2026-07-31 19:30:19.408706+00:00
S02469,Guwari,W039,Nungoni-Arewa,Ilela,unvisited,review,reported,1,9.0,9.0,False,GPS unvisited / e-tally reported,True,,2026-07-31 19:30:19.408706+00:00
S02470,Ringodu-Yamma,W039,Nungoni-Arewa,Ilela,unvisited,review,reported,1,10.0,10.0,False,GPS unvisited / e-tally reported,True,,2026-07-31 19:30:19.408706+00:00
S02471,Enyole,W039,Nungoni-Arewa,Ilela,unvisited,review,reported,1,25.0,25.0,False,GPS unvisited / e-tally reported,True,,2026-07-31 19:30:19.408706+00:00
S02472,Uzmaja,W040,Gujiri,Ilela,unvisited,review,reported,1,12.0,12.0,False,GPS unvisited / e-tally reported,True,,2026-07-31 19:30:19.408706+00:00
S02473,Adride-Tudun,W040,Gujiri,Ilela,unvisited,review,reported,1,6.0,6.0,False,GPS unvisited / e-tally reported,True,,2026-07-31 19:30:19.408706+00:00
S02474,Ibbale,W040,GUJIRI,Ilela,visited,high,reported,1,49.0,49.0,False,GPS visited / e-tally reported,False,,2026-07-31 19:30:19.408706+00:00
S02475,Haluko,W040,Gujiri,Ilela,unvisited,review,reported,1,42.0,42.0,False,GPS unvisited / e-tally reported,True,,2026-07-31 19:30:19.408706+00:00
S02476,Olrale,W040,Gujiri,Ilela,unvisited,review,reported,1,76.0,76.0,False,GPS unvisited / e-tally reported,True,,2026-07-31 19:30:19.408706+00:00
S02477,Lodefa-Tsakiya,W040,Gujiri,Ilela,unvisited,review,reported,1,73.0,73.0,False,GPS unvisited / e-tally reported,True,,2026-07-31 19:30:19.408706+00:00
S02478,Darako,W040,Gujiri,Ilela,unvisited,review,reported,1,17.0,0.0,True,GPS unvisited / e-tally reported,True,,2026-07-31 19:30:19.408706+00:00
S02479,Irngodu,W040,Gujiri,Ilela,unvisited,review,reported,1,37.0,37.0,False,GPS unvisited / e-tally reported,True,,2026-07-31 19:30:19.408706+00:00
S02480,Rikodu,W040,Gujiri,Ilela,ambiguous,ambiguous,reported,1,81.0,81.0,False,GPS ambiguous / e-tally reported,False,,2026-07-31 19:30:19.408706+00:00
S02481,Dakoko,W040,Gujiri,Ilela,unvisited,review,reported,1,17.0,17.0,False,GPS unvisited / e-tally reported,True,,2026-07-31 19:30:19.408706+00:00
S02482,Zashata,W040,Gujiri,Ilela,unvisited,review,reported,1,41.0,41.0,False,GPS unvisited / e-tally reported,True,,2026-07-31 19:30:19.408706+00:00
S02483,Eklami-Gabas,W040,Gujiri,Ilela,unvisited,review,reported,1,99.0,99.0,False,GPS unvisited / e-tally reported,True,,2026-07-31 19:30:19.408706+00:00
S02484,Bazako,W040,Gujiri,Ilela,unvisited,review,reported,1,29.0,29.0,False,GPS unvisited / e-tally reported,True,,2026-07-31 19:30:19.408706+00:00
S02485,Enyode,W040,GUJIRI,Ilela,unvisited,review,reported,1,15.0,0.0,True,GPS unvisited / e-tally reported,True,,2026-07-31 19:30:19.408706+00:00
S02486,Dakofa-Yamma,W040,Gujiri,Ilela,unvisited,review,reported,1,41.0,41.0,False,GPS unvisited / e-tally reported,True,,2026-07-31 19:30:19.408706+00:00
S02487,Okkoba,W040,Gujiri,Ilela,unvisited,review,reported,1,34.0,34.0,False,GPS unvisited / e-tally reported,True,,2026-07-31 19:30:19.408706+00:00
S02488,Agzayi-Gabas,W040,Gujiri,Ilela,unvisited,review,reported,1,55.0,55.0,False,GPS unvisited / e-tally reported,True,,2026-07-31 19:30:19.408706+00:00
S02489,Dotisa,W040,Gujiri,Ilela,unvisited,review,reported,1,50.0,50.0,False,GPS unvisited / e-tally reported,True,,2026-07-31 19:30:19.408706+00:00
S02490,Sujidu-Yamma,W040,Gujiri,Ilela,unvisited,review,reported,1,14.0,14.0,False,GPS unvisited / e-tally reported,True,,2026-07-31 19:30:19.408706+00:00
S02491,Zadefa-Kudu,W040,Gujiri,Ilela,unvisited,review,reported,1,71.0,71.0,False,GPS unvisited / e-tally reported,True,,2026-07-31 19:30:19.408706+00:00
S02492,Sawaru,W040,Gujiri,Ilela,unvisited,review,reported,1,43.0,43.0,False,GPS unvisited / e-tally reported,True,,2026-07-31 19:30:19.408706+00:00
S02493,Guyosa,W040,Gujiri,Ilela,unvisited,review,reported,1,68.0,68.0,False,GPS unvisited / e-tally reported,True,,2026-07-31 19:30:19.408706+00:00
S02494,Domale,W040,Gujiri,Ilela,unvisited,review,reported,1,28.0,0.0,True,GPS unvisited / e-tally reported,True,,2026-07-31 19:30:19.408706+00:00
S02495,Sakodu,W040,Gujiri,Ilela,unvisited,review,reported,1,96.0,96.0,False,GPS unvisited / e-tally reported,True,,2026-07-31 19:30:19.408706+00:00
S02496,Dadushi,W040, Gujiri ,Ilela,visited,high,reported,1,11.0,11.0,False,GPS visited / e-tally reported,False,,2026-07-31 19:30:19.408706+00:00
S02497,Watsiko,W040,Gujiri,Ilela,unvisited,review,reported,1,32.0,32.0,False,GPS unvisited / e-tally reported,True,,2026-07-31 19:30:19.408706+00:00
S02498,Bidude-Kudu,W040,Gujiri,Ilela,unvisited,review,reported,1,19.0,19.0,False,GPS unvisited / e-tally reported,True,,2026-07-31 19:30:19.408706+00:00
S02499,Babako,W040,Gujiri,Ilela,unvisited,review,reported,1,61.0,61.0,False,GPS unvisited / e-tally reported,True,,2026-07-31 19:30:19.408706+00:00
S02500,Okduri-Tudun,W040,Gujiri,Ilela,unvisited,review,reported,1,114.0,114.0,False,GPS unvisited / e-tally reported,True,,2026-07-31 19:30:19.408706+00:00
S02501,Sangota-Kofar,W040,Gujiri,Ilela,unvisited,review,no e-tally report,0,0.0,0.0,False,GPS unvisited / no e-tally report,False,,2026-07-31 19:30:19.408706+00:00
S02502,Sasami,W040,Gujiri,Ilela,unvisited,review,reported,1,26.0,26.0,False,GPS unvisited / e-tally reported,True,,2026-07-31 19:30:19.408706+00:00
S02503,Harashi,W040,Gujiri,Ilela,unvisited,review,no e-tally report,0,0.0,0.0,False,GPS unvisited / no e-tally report,False,,2026-07-31 19:30:19.408706+00:00
S02504,Dolade-Tudun,W040,Gujiri,Ilela,visited,high,reported,1,9.0,9.0,False,GPS visited / e-tally reported,False,,2026-07-31 19:30:19.408706+00:00
S02505,Ekngotu-Kudu,W040,Gujiri,Ilela,unvisited,review,reported,1,97.0,97.0,False,GPS unvisited / e-tally reported,True,,2026-07-31 19:30:19.408706+00:00
S02506,Ekrishi-Tudun,W040,Gujiri,Ilela,unvisited,review,reported,1,33.0,33.0,False,GPS unvisited / e-tally reported,True,,2026-07-31 19:30:19.408706+00:00
S02507,Uzjita,W040, Gujiri ,Ilela,unvisited,review,reported,1,62.0,0.0,True,GPS unvisited / e-tally reported,True,,2026-07-31 19:30:19.408706+00:00
S02508,Sutishi,W040,Gujiri,Ilela,unvisited,review,no e-tally report,0,0.0,0.0,False,GPS unvisited / no e-tally report,False,,2026-07-31 19:30:19.408706+00:00
S02509,Sarayi,W040,Gujiri,Ilela,unvisited,review,reported,1,92.0,92.0,False,GPS unvisited / e-tally reported,True,,2026-07-31 19:30:19.408706+00:00
S02510,Adlude,W040,Gujiri,Ilela,unvisited,review,no e-tally report,0,0.0,0.0,False,GPS unvisited / no e-tally report,False,,2026-07-31 19:30:19.408706+00:00
S02511,Riyoma,W040,Gujiri,Ilela,unvisited,review,reported,1,43.0,43.0,False,GPS unvisited / e-tally reported,True,,2026-07-31 19:30:19.408706+00:00
S02512,Suderi,W040,Gujiri,Ilela,unvisited,review,reported,1,155.0,155.0,False,GPS unvisited / e-tally reported,True,,2026-07-31 19:30:19.408706+00:00
S02513,Ekmako,W040,Gujiri,Ilela,unvisited,review,no e-tally report,0,0.0,0.0,False,GPS unvisited / no e-tally report,False,,2026-07-31 19:30:19.408706+00:00
S02514,Gulutu,W040,Gujiri,Ilela,unvisited,review,reported,1,20.0,20.0,False,GPS unvisited / e-tally reported,True,,2026-07-31 19:30:19.408706+00:00
S02515,Uzrisa,W040,Gujiri,Ilela,unvisited,review,reported,1,79.0,79.0,False,GPS unvisited / e-tally reported,True,,2026-07-31 19:30:19.408706+00:00
S02516,Fajimi,W040,Gujiri,Ilela,unvisited,review,no e-tally report,0,0.0,0.0,False,GPS unvisited / no e-tally report,False,,2026-07-31 19:30:19.408706+00:00
S02517,Agduwa,W040,Gujiri,Ilela,unvisited,review,reported,1,21.0,21.0,False,GPS unvisited / e-tally reported,True,,2026-07-31 19:30:19.408706+00:00
S02518,Hanaja,W040,Gujiri,Ilela,unvisited,review,reported,1,36.0,36.0,False,GPS unvisited / e-tally reported,True,,2026-07-31 19:30:19.408706+00:00
S02519,Kazami-Tsakiya,W040,Gujiri,Ilela,unvisited,review,reported,1,12.0,12.0,False,GPS unvisited / e-tally reported,True,,2026-07-31 19:30:19.408706+00:00
S02520,Addutu,W040,Gujiri,Ilela,unvisited,review,reported,1,591.0,591.0,False,GPS unvisited / e-tally reported,True,,2026-07-31 19:30:19.408706+00:00
S02521,Tamama,W040,Gujiri,Ilela,unvisited,review,reported,1,29.0,29.0,False,GPS unvisited / e-tally reported,True,,2026-07-31 19:30:19.408706+00:00
S02522,Marami,W040,Gujiri,Ilela,unvisited,review,reported,1,62.0,0.0,True,GPS unvisited / e-tally reported,True,,2026-07-31 19:30:19.408706+00:00
S02523,Adkowa-Gabas,W040,Gujiri,Ilela,unvisited,review,reported,1,43.0,0.0,True,GPS unvisited / e-tally reported,True,,2026-07-31 19:30:19.408706+00:00
S02524,Ibjiba-Yamma,W040,Gujiri,Ilela,unvisited,review,reported,1,12.0,12.0,False,GPS unvisited / e-tally reported,True,,2026-07-31 19:30:19.408706+00:00
